GW,Team Rank,Formation,Total Score,GK Player,GK Club,GK Score,DEF Player,DEF Club,DEF Score,MID Player,MID Club,MID Score,FWD Player,FWD Club,FWD Score,Extra Player,Extra Club,Extra Position,Extra Score
GW 683,1,Extra MID,462.0,Rui Silva,Sporting Clube de Portugal,69.3,Eduardo Quaresma,Sporting Clube de Portugal,98.3,Fred,Fenerbahçe Spor Kulübü,99.5,Youssef Chermiti,Rangers FC,100.0,Orkun Kökçü,Beşiktaş Jimnastik Kulübü,MID,94.9
GW 683,2,Extra FWD,426.1,Diogo Costa,FC Porto,67.0,Gonçalo Inácio,Sporting Clube de Portugal,85.4,İsmail Yüksek,Fenerbahçe Spor Kulübü,89.8,Kerim-Sam Alajbegović,FC Red Bull Salzburg,92.3,Kerem Aktürkoğlu,Fenerbahçe Spor Kulübü,FWD,91.6
GW 683,3,Extra MID,383.9,Ersin Destanoğlu,Beşiktaş Jimnastik Kulübü,48.9,Jakub Kiwior,FC Porto,85.1,Morten Hjulmand,Sporting Clube de Portugal,84.0,Jota Silva,Beşiktaş Jimnastik Kulübü,86.2,Soumaïla Diabaté,FC Red Bull Salzburg,MID,79.7
GW 683,4,Extra DEF,358.3,Anatolii Trubin,SL Benfica,47.3,Tomás Araújo,SL Benfica,78.3,Junior Olaïtan,Beşiktaş Jimnastik Kulübü,76.4,Luis Suárez,Sporting Clube de Portugal,78.5,Alexander Bah,SL Benfica,DEF,77.8
GW 682,1,Extra MID,325.7,Jack Butland,Rangers FC,39.1,Auston Trusty,Celtic FC,71.7,Connor Barron,Rangers FC,75.5,Benjamin Nygren,Celtic FC,70.4,Thelonious Aasgaard,Rangers FC,MID,69.0
GW 682,2,Extra FWD,245.0,Viljami Sinisalo,Celtic FC,18.0,Kieran Tierney,Celtic FC,51.9,Mohammed Diomandé,Rangers FC,51.0,Kelechi Iheanacho,Celtic FC,62.2,Yang Hyun-Jun,Celtic FC,FWD,61.9
GW 682,3,Extra FWD,198.5,Adem Ağaoğlu,Trabzonspor Kulübü,0.0,Dujon Sterling,Rangers FC,49.9,Reo Hatate,Celtic FC,40.6,Daizen Maeda,Celtic FC,60.0,Mikey Moore,Rangers FC,FWD,48.0
GW 682,4,Extra FWD,176.2,Ahmet Yıldırım,Trabzonspor Kulübü,0.0,Emmanuel Fernandez,Rangers FC,45.7,Callum McGregor,Celtic FC,39.9,Youssef Chermiti,Rangers FC,46.4,Sebastian Tounekti,Celtic FC,FWD,44.2
GW 681,1,Extra MID,418.9,Mert Günok,Fenerbahçe Spor Kulübü,67.2,Yiğit Demir,Fenerbahçe Spor Kulübü,82.9,Fred,Fenerbahçe Spor Kulübü,96.6,Kerem Aktürkoğlu,Fenerbahçe Spor Kulübü,85.9,Oleksandr Zubkov,Trabzonspor Kulübü,MID,86.3
GW 681,2,Extra MID,375.2,Charles,Vitória Guimarães SC,51.4,Jannik Schuster,FC Red Bull Salzburg,81.2,Orkun Kökçü,Beşiktaş Jimnastik Kulübü,79.9,Andreas Schjelderup,SL Benfica,83.6,Rafa,SL Benfica,MID,79.1
GW 681,3,Extra FWD,355.5,Lukáš Horníček,Sporting Braga,48.4,Kieran Tierney,Celtic FC,76.4,Ozan Tufan,Trabzonspor Kulübü,76.0,Pau Víctor,Sporting Braga,78.2,Barış Yılmaz,Galatasaray Spor Kulübü,FWD,76.5
GW 681,4,Extra DEF,342.9,Ersin Destanoğlu,Beşiktaş Jimnastik Kulübü,47.8,Archibald Brown,Fenerbahçe Spor Kulübü,75.5,Maho Dorgeles,Sporting Braga,69.6,Trincão,Sporting Clube de Portugal,75.8,António Silva,SL Benfica,DEF,74.2
GW 680,1,Extra MID,273.9,Lukáš Horníček,Sporting Braga,38.7,Víctor Gómez,Sporting Braga,63.0,João Moutinho,Sporting Braga,50.5,Pau Víctor,Sporting Braga,76.1,Vítor Carvalho,Sporting Braga,MID,45.6
GW 680,2,Extra MID,138.8,Adem Ağaoğlu,Trabzonspor Kulübü,0.0,Gustaf Lagerbielke,Sporting Braga,32.9,Jean-Baptiste Gorby,Sporting Braga,37.5,Gabri Martínez,Sporting Braga,32.7,Ege Tıknaz,Sporting Braga,MID,35.7
GW 680,3,Extra MID,132.8,Ahmet Yıldırım,Trabzonspor Kulübü,0.0,Paulo Oliveira,Sporting Braga,30.8,Rodrigo Zalazar,Sporting Braga,35.2,Fran Navarro,Sporting Braga,32.4,Gabriel Moscardo,Sporting Braga,MID,34.4
GW 680,4,Extra DEF,13.3,Alaa Bellaarouch,Sporting Braga,0.0,Abdülkerim Bardakcı,Galatasaray Spor Kulübü,0.0,Maho Dorgeles,Sporting Braga,13.3,Ada Yüzgeç,Galatasaray Spor Kulübü,0.0,Adam Montgomery,Celtic FC,DEF,0.0
GW 679,1,Extra DEF,462.8,Ersin Destanoğlu,Beşiktaş Jimnastik Kulübü,82.6,Jan Bednarek,FC Porto,100.0,Daniel Bragança,Sporting Clube de Portugal,93.9,Luis Suárez,Sporting Clube de Portugal,86.3,Tiago Djaló,Beşiktaş Jimnastik Kulübü,DEF,100.0
GW 679,2,Extra MID,424.1,Diogo Costa,FC Porto,75.0,Alistair Johnston,Celtic FC,83.9,Kristjan Asllani,Beşiktaş Jimnastik Kulübü,93.5,Andreas Schjelderup,SL Benfica,82.9,Fred,Fenerbahçe Spor Kulübü,MID,88.8
GW 679,3,Extra MID,376.6,Lukáš Horníček,Sporting Braga,51.6,Gonçalo Inácio,Sporting Clube de Portugal,80.4,Talisca,Fenerbahçe Spor Kulübü,87.3,Yunus Akgün,Galatasaray Spor Kulübü,78.0,Maximiliano Araújo,Sporting Clube de Portugal,MID,79.3
GW 679,4,Extra MID,342.8,Rui Silva,Sporting Clube de Portugal,50.7,Mathias Løvik,Trabzonspor Kulübü,68.9,Maho Dorgeles,Sporting Braga,78.7,Jota Silva,Beşiktaş Jimnastik Kulübü,71.0,Pedro Gonçalves,Sporting Clube de Portugal,MID,73.5
GW 678,1,Extra MID,375.7,Rui Silva,Sporting Clube de Portugal,62.1,Víctor Gómez,Sporting Braga,84.2,Ege Tıknaz,Sporting Braga,84.4,Luis Suárez,Sporting Clube de Portugal,72.2,Maho Dorgeles,Sporting Braga,MID,72.8
GW 678,2,Extra MID,256.7,Lukáš Horníček,Sporting Braga,42.4,Gustaf Lagerbielke,Sporting Braga,54.3,Daniel Bragança,Sporting Clube de Portugal,58.3,Pau Víctor,Sporting Braga,47.4,Pedro Gonçalves,Sporting Clube de Portugal,MID,54.3
GW 678,3,Extra MID,191.4,Adem Ağaoğlu,Trabzonspor Kulübü,0.0,Zeno Debast,Sporting Clube de Portugal,42.7,Hidemasa Morita,Sporting Clube de Portugal,53.1,Trincão,Sporting Clube de Portugal,43.7,Maximiliano Araújo,Sporting Clube de Portugal,MID,51.9
GW 678,4,Extra MID,180.3,Ahmet Yıldırım,Trabzonspor Kulübü,0.0,Paulo Oliveira,Sporting Braga,40.7,João Moutinho,Sporting Braga,51.3,Ricardo Horta,Sporting Braga,37.6,Geovany Quenda,Sporting Clube de Portugal,MID,50.7
GW 677,1,Extra MID,439.0,Charles,Vitória Guimarães SC,78.0,Zeno Debast,Sporting Clube de Portugal,85.0,Lucas Torreira,Galatasaray Spor Kulübü,92.8,Oskar Pietuszewski,FC Porto,90.8,Richard Ríos,SL Benfica,MID,92.4
GW 677,2,Extra DEF,421.4,Devis Vásquez,Beşiktaş Jimnastik Kulübü,76.9,António Silva,SL Benfica,83.3,Leandro Barreiro,SL Benfica,89.2,Daizen Maeda,Celtic FC,90.7,Emmanuel Agbadou,Beşiktaş Jimnastik Kulübü,DEF,81.3
GW 677,3,Extra DEF,374.1,Uğurcan Çakır,Galatasaray Spor Kulübü,63.8,Óscar Rivas,Vitória Guimarães SC,79.6,Nicolas Raskin,Rangers FC,76.1,Franjo Ivanović,SL Benfica,75.7,Alberto Costa,FC Porto,DEF,78.9
GW 677,4,Extra MID,346.5,Rui Silva,Sporting Clube de Portugal,48.1,Thiago Silva,FC Porto,74.1,Mario Lemina,Galatasaray Spor Kulübü,75.5,Youssef Chermiti,Rangers FC,73.8,Mohammed Diomandé,Rangers FC,MID,75.0
GW 676,1,Extra DEF,396.2,Lukáš Horníček,Sporting Braga,66.6,Jannik Schuster,FC Red Bull Salzburg,100.0,Ege Tıknaz,Sporting Braga,81.1,Yorbe Vertessen,FC Red Bull Salzburg,73.8,Gustaf Lagerbielke,Sporting Braga,DEF,74.7
GW 676,2,Extra DEF,286.4,Alexander Schlager,FC Red Bull Salzburg,33.4,Frans Krätzig,FC Red Bull Salzburg,67.3,Maurits Kjærgaard,FC Red Bull Salzburg,64.8,Pau Víctor,Sporting Braga,60.0,Tim Drexler,FC Red Bull Salzburg,DEF,60.9
GW 676,3,Extra MID,221.2,Adem Ağaoğlu,Trabzonspor Kulübü,0.0,Víctor Gómez,Sporting Braga,52.5,Mads Bidstrup,FC Red Bull Salzburg,60.1,Ricardo Horta,Sporting Braga,50.1,João Moutinho,Sporting Braga,MID,58.5
GW 676,4,Extra MID,187.0,Ahmet Yıldırım,Trabzonspor Kulübü,0.0,Paulo Oliveira,Sporting Braga,50.6,Jean-Baptiste Gorby,Sporting Braga,48.7,Kerim-Sam Alajbegović,FC Red Bull Salzburg,39.4,Gabriel Moscardo,Sporting Braga,MID,48.3
GW 675,1,Extra DEF,418.1,Anatolii Trubin,SL Benfica,82.7,Emmanuel Agbadou,Beşiktaş Jimnastik Kulübü,88.5,Christ Inao Oulaï,Trabzonspor Kulübü,72.5,Yunus Akgün,Galatasaray Spor Kulübü,86.9,Jan Bednarek,FC Porto,DEF,87.5
GW 675,2,Extra FWD,394.1,Charles,Vitória Guimarães SC,79.9,Gonçalo Inácio,Sporting Clube de Portugal,72.6,Talisca,Fenerbahçe Spor Kulübü,72.3,Kerim-Sam Alajbegović,FC Red Bull Salzburg,86.7,Kerem Aktürkoğlu,Fenerbahçe Spor Kulübü,FWD,82.6
GW 675,3,Extra FWD,364.4,Diogo Costa,FC Porto,70.9,Nelson Semedo,Fenerbahçe Spor Kulübü,69.2,Gabri Veiga,FC Porto,71.6,Mustafa Eskihellaç,Trabzonspor Kulübü,77.8,Sota Kitano,FC Red Bull Salzburg,FWD,74.9
GW 675,4,Extra FWD,328.8,Alexander Schlager,FC Red Bull Salzburg,44.7,João Mendes,Vitória Guimarães SC,69.1,Gabriel Sara,Galatasaray Spor Kulübü,70.0,Ricardo Horta,Sporting Braga,73.4,Gustavo Silva,Vitória Guimarães SC,FWD,71.6
GW 674,1,Extra FWD,345.0,Rui Silva,Sporting Clube de Portugal,67.8,Eduardo Quaresma,Sporting Clube de Portugal,68.2,Ege Tıknaz,Sporting Braga,65.6,Ricardo Horta,Sporting Braga,72.0,Pau Víctor,Sporting Braga,FWD,71.4
GW 674,2,Extra MID,291.6,Diogo Costa,FC Porto,48.4,Jakub Kiwior,FC Porto,64.0,Vítor Carvalho,Sporting Braga,64.6,Gabri Martínez,Sporting Braga,51.4,Morten Hjulmand,Sporting Clube de Portugal,MID,63.2
GW 674,3,Extra DEF,272.0,Lukáš Horníček,Sporting Braga,42.2,Gonçalo Inácio,Sporting Clube de Portugal,61.9,Seko Fofana,FC Porto,57.1,Roger Fernandes,Sporting Braga,50.8,Víctor Gómez,Sporting Braga,DEF,60.0
GW 674,4,Extra DEF,188.0,Adem Ağaoğlu,Trabzonspor Kulübü,0.0,Georgios Vagiannidis,Sporting Clube de Portugal,51.1,João Simões,Sporting Clube de Portugal,47.7,Deniz Gül,FC Porto,39.4,Gustaf Lagerbielke,Sporting Braga,DEF,49.8
GW 673,1,Extra MID,443.8,Anatolii Trubin,SL Benfica,79.6,Nicolás Otamendi,SL Benfica,90.5,Talisca,Fenerbahçe Spor Kulübü,92.9,Gianluca Prestianni,SL Benfica,88.1,Orkun Kökçü,Beşiktaş Jimnastik Kulübü,MID,92.7
GW 673,2,Extra MID,427.6,Lukáš Horníček,Sporting Braga,78.6,Kieran Tierney,Celtic FC,89.7,Nicolas Raskin,Rangers FC,88.6,Hyeongyu Oh,Beşiktaş Jimnastik Kulübü,82.1,Victor Froholdt,FC Porto,MID,88.6
GW 673,3,Extra DEF,395.9,Ederson,Fenerbahçe Spor Kulübü,75.8,Ismail Jakobs,Galatasaray Spor Kulübü,81.5,N'Golo Kanté,Fenerbahçe Spor Kulübü,78.2,Nene Dorgeles,Fenerbahçe Spor Kulübü,80.5,Archibald Brown,Fenerbahçe Spor Kulübü,DEF,79.9
GW 673,4,Extra FWD,387.4,Rui Silva,Sporting Clube de Portugal,75.1,Zaidu,FC Porto,78.1,Junior Olaïtan,Beşiktaş Jimnastik Kulübü,76.3,Youssef Chermiti,Rangers FC,79.6,Bojan Miovski,Rangers FC,FWD,78.3
GW 672,1,Extra MID,354.3,Uğurcan Çakır,Galatasaray Spor Kulübü,56.6,Sacha Boey,Galatasaray Spor Kulübü,68.9,Florian Grillitsch,Sporting Braga,78.6,William,FC Porto,73.1,Gabri Veiga,FC Porto,MID,77.1
GW 672,2,Extra MID,316.5,Lukáš Horníček,Sporting Braga,51.2,Zaidu,FC Porto,58.3,Mario Lemina,Galatasaray Spor Kulübü,75.1,Leroy Sané,Galatasaray Spor Kulübü,66.0,Diego Rodrigues,Sporting Braga,MID,65.9
GW 672,3,Extra DEF,277.9,Rui Silva,Sporting Clube de Portugal,43.2,Thiago Silva,FC Porto,57.4,Gabriel Sara,Galatasaray Spor Kulübü,62.4,Barış Yılmaz,Galatasaray Spor Kulübü,60.0,Jan Bednarek,FC Porto,DEF,54.9
GW 672,4,Extra MID,249.8,Diogo Costa,FC Porto,39.3,Davinson Sánchez,Galatasaray Spor Kulübü,54.3,Seko Fofana,FC Porto,54.6,Pau Víctor,Sporting Braga,51.4,Pablo Rosario,FC Porto,MID,50.2
GW 671,1,Extra DEF,440.2,Lukáš Horníček,Sporting Braga,65.3,Eduardo Quaresma,Sporting Clube de Portugal,100.0,Gonçalo Nogueira,Vitória Guimarães SC,95.2,Yang Hyun-Jun,Celtic FC,86.6,Davinson Sánchez,Galatasaray Spor Kulübü,DEF,93.1
GW 671,2,Extra MID,411.0,Ederson,Fenerbahçe Spor Kulübü,64.3,Archibald Brown,Fenerbahçe Spor Kulübü,88.2,Geny Catamo,Sporting Clube de Portugal,86.9,Sota Kitano,FC Red Bull Salzburg,85.5,Hidemasa Morita,Sporting Clube de Portugal,MID,86.1
GW 671,3,Extra FWD,389.6,Charles,Vitória Guimarães SC,60.0,Chibuike Nwaiwu,Trabzonspor Kulübü,82.6,N'Golo Kanté,Fenerbahçe Spor Kulübü,81.4,Trincão,Sporting Clube de Portugal,82.9,Oumar Camara,Vitória Guimarães SC,FWD,82.7
GW 671,4,Extra DEF,373.6,Ersin Destanoğlu,Beşiktaş Jimnastik Kulübü,48.7,Nelson Semedo,Fenerbahçe Spor Kulübü,82.4,Richard Ríos,SL Benfica,80.9,Djeidi Gassama,Rangers FC,81.1,Wagner Pina,Trabzonspor Kulübü,DEF,80.5
GW 670,1,Extra DEF,396.6,Uğurcan Çakır,Galatasaray Spor Kulübü,65.2,Nicolás Otamendi,SL Benfica,93.4,Orkun Kökçü,Beşiktaş Jimnastik Kulübü,95.8,Trincão,Sporting Clube de Portugal,67.3,John Souttar,Rangers FC,DEF,74.9
GW 670,2,Extra MID,314.0,Liam Kelly,Rangers FC,34.0,Tomás Araújo,SL Benfica,73.4,Leandro Barreiro,SL Benfica,73.0,Dodi Lukébakio,SL Benfica,62.3,İsmail Yüksek,Fenerbahçe Spor Kulübü,MID,71.3
GW 670,3,Extra DEF,267.2,Adem Ağaoğlu,Trabzonspor Kulübü,0.0,Georgios Vagiannidis,Sporting Clube de Portugal,70.0,Morten Hjulmand,Sporting Clube de Portugal,67.8,Benjamin Nygren,Celtic FC,61.7,Amar Dedić,SL Benfica,DEF,67.7
GW 670,4,Extra DEF,244.4,Ahmet Yıldırım,Trabzonspor Kulübü,0.0,Wilfried Singo,Galatasaray Spor Kulübü,66.0,Christ Inao Oulaï,Trabzonspor Kulübü,53.2,Kerem Aktürkoğlu,Fenerbahçe Spor Kulübü,60.0,Kieran Tierney,Celtic FC,DEF,65.2
GW 669,1,Extra FWD,375.9,Rui Silva,Sporting Clube de Portugal,69.9,Zeno Debast,Sporting Clube de Portugal,77.6,Florian Grillitsch,Sporting Braga,72.4,Dodi Lukébakio,SL Benfica,79.6,Andreas Schjelderup,SL Benfica,FWD,76.4
GW 669,2,Extra DEF,300.3,Alexander Schlager,FC Red Bull Salzburg,36.3,Sidny Cabral,SL Benfica,70.2,N'Golo Kanté,Fenerbahçe Spor Kulübü,57.2,Leroy Sané,Galatasaray Spor Kulübü,68.9,Wilfried Singo,Galatasaray Spor Kulübü,DEF,67.7
GW 669,3,Extra DEF,231.3,Adem Ağaoğlu,Trabzonspor Kulübü,0.0,Ismail Jakobs,Galatasaray Spor Kulübü,67.4,Thiago Helguera,Sporting Braga,47.8,Sebastian Tounekti,Celtic FC,60.0,Emmanuel Agbadou,Beşiktaş Jimnastik Kulübü,DEF,56.1
GW 669,4,Extra DEF,178.5,Ahmet Yıldırım,Trabzonspor Kulübü,0.0,Kieran Tierney,Celtic FC,45.6,Seko Fofana,FC Porto,44.8,Daizen Maeda,Celtic FC,45.1,António Silva,SL Benfica,DEF,43.0
GW 668,1,Extra DEF,372.6,Viljami Sinisalo,Celtic FC,69.0,Sidny Cabral,SL Benfica,81.4,İsmail Yüksek,Fenerbahçe Spor Kulübü,72.2,Kerim-Sam Alajbegović,FC Red Bull Salzburg,78.7,Jakub Kiwior,FC Porto,DEF,71.3
GW 668,2,Extra DEF,335.6,Uğurcan Çakır,Galatasaray Spor Kulübü,60.0,Mert Müldür,Fenerbahçe Spor Kulübü,71.0,Victor Froholdt,FC Porto,70.2,Benjamin Nygren,Celtic FC,65.5,Davinson Sánchez,Galatasaray Spor Kulübü,DEF,68.9
GW 668,3,Extra DEF,248.3,Ederson,Fenerbahçe Spor Kulübü,31.9,Alexander Bah,SL Benfica,62.9,Telmo Arcanjo,Vitória Guimarães SC,48.1,Oskar Pietuszewski,FC Porto,46.8,Abdülkerim Bardakcı,Galatasaray Spor Kulübü,DEF,58.6
GW 668,4,Extra MID,191.0,Adem Ağaoğlu,Trabzonspor Kulübü,0.0,Jan Bednarek,FC Porto,57.3,Morten Hjulmand,Sporting Clube de Portugal,47.9,Oliver Antman,Rangers FC,39.8,Kristjan Asllani,Beşiktaş Jimnastik Kulübü,MID,46.0
GW 667,1,Extra MID,429.8,Anatolii Trubin,SL Benfica,71.0,Frans Krätzig,FC Red Bull Salzburg,82.5,Richard Ríos,SL Benfica,98.5,Gianluca Prestianni,SL Benfica,80.9,Morten Hjulmand,Sporting Clube de Portugal,MID,96.9
GW 667,2,Extra MID,372.4,Rui Silva,Sporting Clube de Portugal,47.3,James Tavernier,Rangers FC,82.5,Pedro Gonçalves,Sporting Clube de Portugal,90.0,Yorbe Vertessen,FC Red Bull Salzburg,71.3,Mads Bidstrup,FC Red Bull Salzburg,MID,81.3
GW 667,3,Extra MID,345.1,Viljami Sinisalo,Celtic FC,44.4,Sikou Niakaté,Sporting Braga,77.9,Geny Catamo,Sporting Clube de Portugal,78.7,Mikey Moore,Rangers FC,68.1,Nicolas Raskin,Rangers FC,MID,76.0
GW 667,4,Extra MID,314.8,Lukáš Horníček,Sporting Braga,43.4,Benjamin Arthur,Celtic FC,65.3,Thelonious Aasgaard,Rangers FC,71.3,William,FC Porto,65.2,Florian Grillitsch,Sporting Braga,MID,69.6
GW 666,1,Extra FWD,474.6,Diogo Costa,FC Porto,89.3,Gonçalo Inácio,Sporting Clube de Portugal,100.0,Maximiliano Araújo,Sporting Clube de Portugal,100.0,Ricardo Horta,Sporting Braga,95.3,Nene Dorgeles,Fenerbahçe Spor Kulübü,FWD,90.0
GW 666,2,Extra MID,427.3,Uğurcan Çakır,Galatasaray Spor Kulübü,81.9,Sacha Boey,Galatasaray Spor Kulübü,81.0,Florian Grillitsch,Sporting Braga,89.1,Luis Suárez,Sporting Clube de Portugal,87.0,N'Golo Kanté,Fenerbahçe Spor Kulübü,MID,88.3
GW 666,3,Extra MID,398.8,Lukáš Horníček,Sporting Braga,80.7,Sikou Niakaté,Sporting Braga,70.7,Mattéo Guendouzi,Fenerbahçe Spor Kulübü,81.4,Trincão,Sporting Clube de Portugal,84.7,Orkun Kökçü,Beşiktaş Jimnastik Kulübü,MID,81.3
GW 666,4,Extra MID,379.3,Rui Silva,Sporting Clube de Portugal,77.5,Alberto Costa,FC Porto,68.8,Daniel Bragança,Sporting Clube de Portugal,80.7,Felipe Augusto,Trabzonspor Kulübü,73.6,Borja Sainz,FC Porto,MID,78.7
GW 665,1,Extra DEF,469.8,Ersin Destanoğlu,Beşiktaş Jimnastik Kulübü,86.2,Wilfried Singo,Galatasaray Spor Kulübü,100.0,Orkun Kökçü,Beşiktaş Jimnastik Kulübü,92.2,Yang Hyun-Jun,Celtic FC,92.8,Tuur Rommens,Rangers FC,DEF,98.6
GW 665,2,Extra DEF,425.4,Uğurcan Çakır,Galatasaray Spor Kulübü,78.2,Yiğit Demir,Fenerbahçe Spor Kulübü,87.6,Victor Froholdt,FC Porto,90.5,Andreas Schjelderup,SL Benfica,81.6,James Tavernier,Rangers FC,DEF,87.5
GW 665,3,Extra FWD,396.6,Diogo Costa,FC Porto,69.3,Tiago Djaló,Beşiktaş Jimnastik Kulübü,81.6,Nicolas Raskin,Rangers FC,83.2,Yunus Akgün,Galatasaray Spor Kulübü,81.5,Noa Lang,Galatasaray Spor Kulübü,FWD,81.0
GW 665,4,Extra DEF,368.6,André Onana,Trabzonspor Kulübü,64.9,Stefan Savić,Trabzonspor Kulübü,80.3,Junior Olaïtan,Beşiktaş Jimnastik Kulübü,74.1,Noah Saviolo,Vitória Guimarães SC,72.2,Emmanuel Fernandez,Rangers FC,DEF,77.1
GW 664,1,Extra MID,365.2,Uğurcan Çakır,Galatasaray Spor Kulübü,86.8,Ismail Jakobs,Galatasaray Spor Kulübü,66.9,Morten Hjulmand,Sporting Clube de Portugal,74.2,Terem Moffi,FC Porto,64.3,Mario Lemina,Galatasaray Spor Kulübü,MID,73.0
GW 664,2,Extra DEF,320.3,Diogo Costa,FC Porto,51.1,Bright Arrey-Mbi,Sporting Braga,66.6,Rodrigo Mora,FC Porto,72.3,Victor Osimhen,Galatasaray Spor Kulübü,64.3,Zaidu,FC Porto,DEF,66.0
GW 664,3,Extra DEF,258.9,Rui Silva,Sporting Clube de Portugal,29.5,Abdülkerim Bardakcı,Galatasaray Spor Kulübü,60.4,Borja Sainz,FC Porto,60.0,Noa Lang,Galatasaray Spor Kulübü,52.3,Wilfried Singo,Galatasaray Spor Kulübü,DEF,56.7
GW 664,4,Extra MID,231.5,Lukáš Horníček,Sporting Braga,27.4,Gonçalo Inácio,Sporting Clube de Portugal,48.2,Gabriel Sara,Galatasaray Spor Kulübü,51.8,Nuno Santos,Sporting Clube de Portugal,52.3,Pablo Rosario,FC Porto,MID,51.8
GW 663,1,Extra MID,451.0,Uğurcan Çakır,Galatasaray Spor Kulübü,84.2,Rıdvan Yılmaz,Beşiktaş Jimnastik Kulübü,97.5,Mattéo Guendouzi,Fenerbahçe Spor Kulübü,100.0,Luis Suárez,Sporting Clube de Portugal,79.0,Rodrigo Zalazar,Sporting Braga,MID,90.3
GW 663,2,Extra DEF,367.6,André Onana,Trabzonspor Kulübü,52.8,Felix Uduokhai,Beşiktaş Jimnastik Kulübü,86.2,Gabri Veiga,FC Porto,74.5,Andreas Schjelderup,SL Benfica,74.9,Wagner Pina,Trabzonspor Kulübü,DEF,79.2
GW 663,3,Extra DEF,343.0,Ersin Destanoğlu,Beşiktaş Jimnastik Kulübü,47.8,Abdülkerim Bardakcı,Galatasaray Spor Kulübü,77.6,Pedro Gonçalves,Sporting Clube de Portugal,72.3,Anthony Musaba,Fenerbahçe Spor Kulübü,73.1,Rodrigo Abascal,Vitória Guimarães SC,DEF,72.2
GW 663,4,Extra FWD,317.1,Lukáš Horníček,Sporting Braga,44.5,Stefan Savić,Trabzonspor Kulübü,64.8,Victor Froholdt,FC Porto,68.1,Paul Onuachu,Trabzonspor Kulübü,70.0,Ricardo Horta,Sporting Braga,FWD,69.7
GW 662,1,Extra DEF,322.6,Viljami Sinisalo,Celtic FC,32.5,Kieran Tierney,Celtic FC,84.7,Callum McGregor,Celtic FC,67.1,Benjamin Nygren,Celtic FC,67.4,Benjamin Arthur,Celtic FC,DEF,70.9
GW 662,2,Extra DEF,241.8,Adem Ağaoğlu,Trabzonspor Kulübü,0.0,Julián Araujo,Celtic FC,70.4,James Forrest,Celtic FC,60.0,Sebastian Tounekti,Celtic FC,49.7,Liam Scales,Celtic FC,DEF,61.7
GW 662,3,Extra MID,176.9,Ahmet Yıldırım,Trabzonspor Kulübü,0.0,Saracchi,Celtic FC,53.4,Luke McCowan,Celtic FC,41.3,Tomáš Čvančara,Celtic FC,41.7,Reo Hatate,Celtic FC,MID,40.5
GW 662,4,Extra FWD,100.3,Alaa Bellaarouch,Sporting Braga,0.0,Colby Donovan,Celtic FC,35.9,Abdou Fall,Fenerbahçe Spor Kulübü,0.0,Yang Hyun-Jun,Celtic FC,39.5,Daizen Maeda,Celtic FC,FWD,24.9
GW 661,1,Extra MID,458.5,Rui Silva,Sporting Clube de Portugal,77.1,Emmanuel Agbadou,Beşiktaş Jimnastik Kulübü,99.6,Morten Hjulmand,Sporting Clube de Portugal,100.0,Paul Onuachu,Trabzonspor Kulübü,84.7,Ozan Tufan,Trabzonspor Kulübü,MID,97.1
GW 661,2,Extra MID,432.2,Alexander Schlager,FC Red Bull Salzburg,74.0,Chibuike Nwaiwu,Trabzonspor Kulübü,90.3,Lucas Torreira,Galatasaray Spor Kulübü,94.4,Luis Suárez,Sporting Clube de Portugal,84.0,Rodrigo Zalazar,Sporting Braga,MID,89.5
GW 661,3,Extra FWD,375.0,Jack Butland,Rangers FC,66.5,Gonçalo Inácio,Sporting Clube de Portugal,78.8,Tim Trummer,FC Red Bull Salzburg,70.4,Victor Osimhen,Galatasaray Spor Kulübü,80.6,William,FC Porto,FWD,78.7
GW 661,4,Extra FWD,359.0,Ersin Destanoğlu,Beşiktaş Jimnastik Kulübü,60.0,Ousmane Diomande,Sporting Clube de Portugal,76.6,Seko Fofana,FC Porto,68.1,Benjamin Nygren,Celtic FC,77.9,Kerim-Sam Alajbegović,FC Red Bull Salzburg,FWD,76.4
GW 660,1,Extra DEF,439.2,Viljami Sinisalo,Celtic FC,100.0,Saracchi,Celtic FC,87.8,Luke McCowan,Celtic FC,79.5,Kerem Aktürkoğlu,Fenerbahçe Spor Kulübü,86.2,Dane Murray,Celtic FC,DEF,85.7
GW 660,2,Extra FWD,346.1,Uğurcan Çakır,Galatasaray Spor Kulübü,50.3,Davinson Sánchez,Galatasaray Spor Kulübü,72.2,N'Golo Kanté,Fenerbahçe Spor Kulübü,73.5,Barış Yılmaz,Galatasaray Spor Kulübü,77.7,Victor Osimhen,Galatasaray Spor Kulübü,FWD,72.4
GW 660,3,Extra FWD,311.6,Tarık Çetin,Fenerbahçe Spor Kulübü,50.0,Auston Trusty,Celtic FC,68.9,Rafa,SL Benfica,65.5,Junior Adamu,Celtic FC,65.1,Yang Hyun-Jun,Celtic FC,FWD,62.1
GW 660,4,Extra DEF,276.2,Anatolii Trubin,SL Benfica,32.7,Wilfried Singo,Galatasaray Spor Kulübü,61.9,Mario Lemina,Galatasaray Spor Kulübü,60.3,Sidiki Chérif,Fenerbahçe Spor Kulübü,60.0,Sacha Boey,Galatasaray Spor Kulübü,DEF,61.3
GW 659,1,Extra MID,449.2,Rui Silva,Sporting Clube de Portugal,69.6,James Tavernier,Rangers FC,100.0,Enzo Barrenechea,SL Benfica,90.8,Kerim-Sam Alajbegović,FC Red Bull Salzburg,98.8,Rodrigo Zalazar,Sporting Braga,MID,90.0
GW 659,2,Extra MID,414.0,Diogo Costa,FC Porto,63.3,Tuur Rommens,Rangers FC,89.3,Marco Asensio,Fenerbahçe Spor Kulübü,89.9,Trincão,Sporting Clube de Portugal,85.1,Wilfred Ndidi,Beşiktaş Jimnastik Kulübü,MID,86.4
GW 659,3,Extra DEF,391.6,Anatolii Trubin,SL Benfica,61.6,Frans Krätzig,FC Red Bull Salzburg,85.5,Orkun Kökçü,Beşiktaş Jimnastik Kulübü,77.9,Karim Konaté,FC Red Bull Salzburg,81.9,Michael Murillo,Beşiktaş Jimnastik Kulübü,DEF,84.7
GW 659,4,Extra DEF,384.8,Ersin Destanoğlu,Beşiktaş Jimnastik Kulübü,60.6,Levent Mercan,Fenerbahçe Spor Kulübü,84.1,Maximiliano Araújo,Sporting Clube de Portugal,77.4,Mikey Moore,Rangers FC,80.4,Kieran Tierney,Celtic FC,DEF,82.3
GW 658,1,Extra DEF,399.2,Anatolii Trubin,SL Benfica,58.7,Davinson Sánchez,Galatasaray Spor Kulübü,83.7,Gabriel Sara,Galatasaray Spor Kulübü,100.0,Noa Lang,Galatasaray Spor Kulübü,83.1,Sacha Boey,Galatasaray Spor Kulübü,DEF,73.7
GW 658,2,Extra DEF,305.9,Ederson,Fenerbahçe Spor Kulübü,48.5,Tomás Araújo,SL Benfica,70.9,Lucas Torreira,Galatasaray Spor Kulübü,55.4,Benjamin Nygren,Celtic FC,67.5,Samuel Dahl,SL Benfica,DEF,63.6
GW 658,3,Extra FWD,253.6,Uğurcan Çakır,Galatasaray Spor Kulübü,33.2,Nicolás Otamendi,SL Benfica,50.6,N'Golo Kanté,Fenerbahçe Spor Kulübü,53.6,Barış Yılmaz,Galatasaray Spor Kulübü,59.1,Roger Fernandes,Sporting Braga,FWD,57.1
GW 658,4,Extra DEF,191.9,Adem Ağaoğlu,Trabzonspor Kulübü,0.0,Kieran Tierney,Celtic FC,48.3,Fredrik Aursnes,SL Benfica,49.7,Yunus Akgün,Galatasaray Spor Kulübü,46.6,Auston Trusty,Celtic FC,DEF,47.3
GW 657,1,Extra FWD,449.4,Diogo Costa,FC Porto,67.7,João Mendes,Vitória Guimarães SC,100.0,Orkun Kökçü,Beşiktaş Jimnastik Kulübü,81.7,Mauro Icardi,Galatasaray Spor Kulübü,100.0,Youssef Chermiti,Rangers FC,FWD,100.0
GW 657,2,Extra DEF,398.6,Rui Silva,Sporting Clube de Portugal,62.4,Gonçalo Inácio,Sporting Clube de Portugal,87.1,Ernest Muçi,Trabzonspor Kulübü,81.0,Benjamin Nygren,Celtic FC,81.4,Kieran Tierney,Celtic FC,DEF,86.7
GW 657,3,Extra DEF,376.5,Ederson,Fenerbahçe Spor Kulübü,50.0,Frans Krätzig,FC Red Bull Salzburg,86.4,Maximiliano Araújo,Sporting Clube de Portugal,72.9,Ricardo Horta,Sporting Braga,80.9,Thiago Balieiro,Vitória Guimarães SC,DEF,86.3
GW 657,4,Extra DEF,347.9,Kasper Schmeichel,Celtic FC,43.4,Jan Bednarek,FC Porto,77.1,Enzo Barrenechea,SL Benfica,70.2,Sebastian Tounekti,Celtic FC,80.7,Julián Araujo,Celtic FC,DEF,76.5
GW 656,1,Extra DEF,383.3,Jack Butland,Rangers FC,47.2,James Tavernier,Rangers FC,87.6,Nicolas Raskin,Rangers FC,77.9,Roger Fernandes,Sporting Braga,85.6,Saracchi,Celtic FC,DEF,85.0
GW 656,2,Extra MID,326.8,Kasper Schmeichel,Celtic FC,39.6,Nasser Djiga,Rangers FC,67.1,Mohammed Diomandé,Rangers FC,75.8,Sebastian Tounekti,Celtic FC,76.5,Callum McGregor,Celtic FC,MID,67.8
GW 656,3,Extra DEF,233.5,Adem Ağaoğlu,Trabzonspor Kulübü,0.0,Liam Scales,Celtic FC,60.6,Alex Oxlade-Chamberlain,Celtic FC,60.0,Benjamin Nygren,Celtic FC,55.9,Auston Trusty,Celtic FC,DEF,57.0
GW 656,4,Extra DEF,189.6,Ahmet Yıldırım,Trabzonspor Kulübü,0.0,John Souttar,Rangers FC,46.7,Tochi Chukwuani,Rangers FC,55.9,Daizen Maeda,Celtic FC,42.2,Julián Araujo,Celtic FC,DEF,44.8
GW 655,1,Extra MID,475.5,Uğurcan Çakır,Galatasaray Spor Kulübü,75.8,Jan Bednarek,FC Porto,100.0,Arsenii Batahov,Trabzonspor Kulübü,100.0,Ricardo Horta,Sporting Braga,99.7,Florian Grillitsch,Sporting Braga,MID,100.0
GW 655,2,Extra FWD,426.4,Lukáš Horníček,Sporting Braga,71.3,Joane Gadou,FC Red Bull Salzburg,93.8,João Moutinho,Sporting Braga,84.0,Kerem Aktürkoğlu,Fenerbahçe Spor Kulübü,90.0,Barış Yılmaz,Galatasaray Spor Kulübü,FWD,87.3
GW 655,3,Extra DEF,402.0,André Onana,Trabzonspor Kulübü,66.8,Emmanuel Agbadou,Beşiktaş Jimnastik Kulübü,84.7,Ernest Muçi,Trabzonspor Kulübü,83.5,Hyeongyu Oh,Beşiktaş Jimnastik Kulübü,85.5,Davinson Sánchez,Galatasaray Spor Kulübü,DEF,81.5
GW 655,4,Extra FWD,376.8,Diogo Costa,FC Porto,61.7,Samuel Dahl,SL Benfica,77.2,Orkun Kökçü,Beşiktaş Jimnastik Kulübü,79.1,Paul Onuachu,Trabzonspor Kulübü,80.3,Yunus Akgün,Galatasaray Spor Kulübü,FWD,78.5
GW 654,1,Extra FWD,352.1,Jack Butland,Rangers FC,13.0,James Tavernier,Rangers FC,86.0,Mohammed Diomandé,Rangers FC,83.6,Mikey Moore,Rangers FC,92.0,Oliver Antman,Rangers FC,FWD,77.5
GW 654,2,Extra FWD,275.8,Adem Ağaoğlu,Trabzonspor Kulübü,0.0,Tuur Rommens,Rangers FC,66.6,Nicolas Raskin,Rangers FC,60.8,Andreas Skov Olsen,Rangers FC,74.5,Djeidi Gassama,Rangers FC,FWD,73.9
GW 654,3,Extra DEF,218.0,Ahmet Yıldırım,Trabzonspor Kulübü,0.0,John Souttar,Rangers FC,64.1,Thelonious Aasgaard,Rangers FC,40.2,Bojan Miovski,Rangers FC,61.5,Nasser Djiga,Rangers FC,DEF,52.2
GW 654,4,Extra DEF,126.8,Alaa Bellaarouch,Sporting Braga,0.0,Jayden Meghoma,Rangers FC,50.4,Abdou Fall,Fenerbahçe Spor Kulübü,0.0,Ryan Naderi,Rangers FC,37.9,Max Aarons,Rangers FC,DEF,38.5
GW 653,1,Extra MID,481.2,Kasper Schmeichel,Celtic FC,90.3,Nicolás Otamendi,SL Benfica,95.2,Gabriel Sara,Galatasaray Spor Kulübü,100.0,Ricardo Horta,Sporting Braga,100.0,Callum McGregor,Celtic FC,MID,95.7
GW 653,2,Extra FWD,460.0,Jack Butland,Rangers FC,89.1,Liam Scales,Celtic FC,93.2,Orkun Kökçü,Beşiktaş Jimnastik Kulübü,93.0,Pau Víctor,Sporting Braga,93.6,Victor Osimhen,Galatasaray Spor Kulübü,FWD,91.1
GW 653,3,Extra DEF,417.7,Charles,Vitória Guimarães SC,82.1,Mert Müldür,Fenerbahçe Spor Kulübü,89.0,Arsenii Batahov,Trabzonspor Kulübü,89.6,Václav Černý,Beşiktaş Jimnastik Kulübü,73.0,Emmanuel Agbadou,Beşiktaş Jimnastik Kulübü,DEF,84.0
GW 653,4,Extra DEF,389.1,Uğurcan Çakır,Galatasaray Spor Kulübü,74.3,Kieran Tierney,Celtic FC,82.6,Rodrigo Zalazar,Sporting Braga,81.3,Mauro Icardi,Galatasaray Spor Kulübü,69.7,Nelson Semedo,Fenerbahçe Spor Kulübü,DEF,81.2
GW 652,1,Extra FWD,422.6,Anatolii Trubin,SL Benfica,77.5,Nicolás Otamendi,SL Benfica,73.0,Maximiliano Araújo,Sporting Clube de Portugal,85.8,Vangelis Pavlidis,SL Benfica,97.0,Andreas Schjelderup,SL Benfica,FWD,89.3
GW 652,2,Extra FWD,377.7,Ederson,Fenerbahçe Spor Kulübü,66.6,Ousmane Diomande,Sporting Clube de Portugal,72.1,Arne Engels,Celtic FC,83.9,Trincão,Sporting Clube de Portugal,81.1,Djeidi Gassama,Rangers FC,FWD,74.0
GW 652,3,Extra FWD,341.8,Lukáš Horníček,Sporting Braga,60.0,Gustaf Lagerbielke,Sporting Braga,66.3,Morten Hjulmand,Sporting Clube de Portugal,73.2,Kerim-Sam Alajbegović,FC Red Bull Salzburg,72.0,Kerem Aktürkoğlu,Fenerbahçe Spor Kulübü,FWD,70.3
GW 652,4,Extra MID,317.2,Uğurcan Çakır,Galatasaray Spor Kulübü,47.4,Kieran Tierney,Celtic FC,65.0,Rodrigo Mora,FC Porto,68.5,Benjamin Nygren,Celtic FC,68.1,Fredrik Aursnes,SL Benfica,MID,68.2
GW 651,1,Extra DEF,467.1,Diogo Costa,FC Porto,77.1,James Tavernier,Rangers FC,100.0,Nicolas Raskin,Rangers FC,99.8,Ricardo Horta,Sporting Braga,90.2,Sidny Cabral,SL Benfica,DEF,100.0
GW 651,2,Extra MID,440.5,Jack Butland,Rangers FC,63.7,Bright Arrey-Mbi,Sporting Braga,87.5,Gabriel Sara,Galatasaray Spor Kulübü,99.7,Pau Víctor,Sporting Braga,90.1,Ilkay Gündogan,Galatasaray Spor Kulübü,MID,99.5
GW 651,3,Extra MID,412.1,Lukáš Horníček,Sporting Braga,60.5,António Silva,SL Benfica,81.4,Rodrigo Zalazar,Sporting Braga,98.0,Gabri Martínez,Sporting Braga,86.2,Christ Inao Oulaï,Trabzonspor Kulübü,MID,86.0
GW 651,4,Extra DEF,376.3,Anatolii Trubin,SL Benfica,60.0,Gonçalo Inácio,Sporting Clube de Portugal,80.2,Maximiliano Araújo,Sporting Clube de Portugal,80.5,Vangelis Pavlidis,SL Benfica,76.1,Martim Fernandes,FC Porto,DEF,79.5
GW 650,1,Extra DEF,483.5,Lukáš Horníček,Sporting Braga,90.1,Auston Trusty,Celtic FC,100.0,İsmail Yüksek,Fenerbahçe Spor Kulübü,99.5,Kerim-Sam Alajbegović,FC Red Bull Salzburg,93.9,Frans Krätzig,FC Red Bull Salzburg,DEF,100.0
GW 650,2,Extra DEF,427.3,Jack Butland,Rangers FC,76.6,Gustaf Lagerbielke,Sporting Braga,100.0,Mohammed Diomandé,Rangers FC,80.1,Deniz Gül,FC Porto,70.6,Milan Škriniar,Fenerbahçe Spor Kulübü,DEF,100.0
GW 650,3,Extra DEF,362.8,Rui Silva,Sporting Clube de Portugal,55.7,Amar Dedić,SL Benfica,83.4,Tim Trummer,FC Red Bull Salzburg,75.7,Luis Suárez,Sporting Clube de Portugal,70.0,Abdülkerim Bardakcı,Galatasaray Spor Kulübü,DEF,78.0
GW 650,4,Extra MID,333.3,Uğurcan Çakır,Galatasaray Spor Kulübü,51.0,Nasser Djiga,Rangers FC,74.3,Soumaïla Diabaté,FC Red Bull Salzburg,74.8,Roland Sallai,Galatasaray Spor Kulübü,60.6,Nicolas Raskin,Rangers FC,MID,72.6
GW 649,1,Extra DEF,468.0,Lukáš Horníček,Sporting Braga,81.6,Samuel Dahl,SL Benfica,100.0,Orkun Kökçü,Beşiktaş Jimnastik Kulübü,100.0,Barış Yılmaz,Galatasaray Spor Kulübü,93.0,Emirhan Topçu,Beşiktaş Jimnastik Kulübü,DEF,93.4
GW 649,2,Extra DEF,425.6,Diogo Costa,FC Porto,80.0,Gonçalo Inácio,Sporting Clube de Portugal,88.4,Heorhii Sudakov,SL Benfica,92.9,El Bilal Touré,Beşiktaş Jimnastik Kulübü,76.9,Michael Murillo,Beşiktaş Jimnastik Kulübü,DEF,87.4
GW 649,3,Extra MID,388.2,Ersin Destanoğlu,Beşiktaş Jimnastik Kulübü,75.9,Alberto Costa,FC Porto,77.5,Geny Catamo,Sporting Clube de Portugal,83.9,Trincão,Sporting Clube de Portugal,67.9,Alan Varela,FC Porto,MID,83.0
GW 649,4,Extra MID,368.1,Rui Silva,Sporting Clube de Portugal,67.6,Jakub Kiwior,FC Porto,77.2,Talisca,Fenerbahçe Spor Kulübü,79.0,Leroy Sané,Galatasaray Spor Kulübü,65.8,Leandro Barreiro,SL Benfica,MID,78.5
GW 648,1,Extra DEF,368.4,Kasper Schmeichel,Celtic FC,85.3,Liam Scales,Celtic FC,70.0,Arne Engels,Celtic FC,75.0,Benjamin Nygren,Celtic FC,71.0,Julián Araujo,Celtic FC,DEF,67.1
GW 648,2,Extra DEF,215.6,Adem Ağaoğlu,Trabzonspor Kulübü,0.0,Kieran Tierney,Celtic FC,61.5,Callum McGregor,Celtic FC,48.4,Noa Lang,Galatasaray Spor Kulübü,52.3,Auston Trusty,Celtic FC,DEF,53.4
GW 648,3,Extra FWD,124.7,Ahmet Yıldırım,Trabzonspor Kulübü,0.0,Abdülkerim Bardakcı,Galatasaray Spor Kulübü,0.0,Reo Hatate,Celtic FC,39.0,Yang Hyun-Jun,Celtic FC,46.1,Sebastian Tounekti,Celtic FC,FWD,39.6
GW 648,4,Extra FWD,107.2,Alaa Bellaarouch,Sporting Braga,0.0,Adam Montgomery,Celtic FC,0.0,Luke McCowan,Celtic FC,36.3,Daizen Maeda,Celtic FC,35.9,Paul Onuachu,Trabzonspor Kulübü,FWD,35.0
GW 647,1,Extra DEF,441.6,Jack Butland,Rangers FC,80.4,James Tavernier,Rangers FC,100.0,Arne Engels,Celtic FC,74.4,Victor Osimhen,Galatasaray Spor Kulübü,86.8,Kieran Tierney,Celtic FC,DEF,100.0
GW 647,2,Extra DEF,395.6,Kasper Schmeichel,Celtic FC,65.9,Liam Scales,Celtic FC,100.0,Thelonious Aasgaard,Rangers FC,71.2,Djeidi Gassama,Rangers FC,76.2,Jayden Meghoma,Rangers FC,DEF,82.3
GW 647,3,Extra DEF,282.9,Adem Ağaoğlu,Trabzonspor Kulübü,0.0,John Souttar,Rangers FC,76.9,Callum McGregor,Celtic FC,68.5,Yang Hyun-Jun,Celtic FC,71.3,Auston Trusty,Celtic FC,DEF,66.2
GW 647,4,Extra FWD,246.5,Ahmet Yıldırım,Trabzonspor Kulübü,0.0,Julián Araujo,Celtic FC,60.6,Christ Inao Oulaï,Trabzonspor Kulübü,59.6,Benjamin Nygren,Celtic FC,65.3,Noa Lang,Galatasaray Spor Kulübü,FWD,61.0
GW 646,1,Extra MID,441.0,Jack Butland,Rangers FC,81.6,Emmanuel Fernandez,Rangers FC,88.3,Connor Barron,Rangers FC,100.0,Noa Lang,Galatasaray Spor Kulübü,73.1,Nicolas Raskin,Rangers FC,MID,98.0
GW 646,2,Extra DEF,243.6,Adem Ağaoğlu,Trabzonspor Kulübü,0.0,James Tavernier,Rangers FC,67.5,Christ Inao Oulaï,Trabzonspor Kulübü,77.9,Michel-Ange Balikwisha,Celtic FC,43.0,Jayden Meghoma,Rangers FC,DEF,55.2
GW 646,3,Extra MID,188.4,Ahmet Yıldırım,Trabzonspor Kulübü,0.0,John Souttar,Rangers FC,54.7,Mohammed Diomandé,Rangers FC,46.8,Mikey Moore,Rangers FC,40.3,Thelonious Aasgaard,Rangers FC,MID,46.6
GW 646,4,Extra DEF,152.2,Alaa Bellaarouch,Sporting Braga,0.0,Dujon Sterling,Rangers FC,40.0,Mattéo Guendouzi,Fenerbahçe Spor Kulübü,40.2,Bojan Miovski,Rangers FC,36.9,Max Aarons,Rangers FC,DEF,35.1
GW 645,1,Extra FWD,438.9,Jack Butland,Rangers FC,72.0,Eduardo Quaresma,Sporting Clube de Portugal,100.0,Nicolas Raskin,Rangers FC,82.2,Noah Saviolo,Vitória Guimarães SC,92.4,Vangelis Pavlidis,SL Benfica,FWD,92.3
GW 645,2,Extra FWD,373.9,Rui Silva,Sporting Clube de Portugal,68.8,Jan Bednarek,FC Porto,69.6,Richard Ríos,SL Benfica,76.1,Victor Osimhen,Galatasaray Spor Kulübü,80.5,Youssef Chermiti,Rangers FC,FWD,78.9
GW 645,3,Extra FWD,359.0,Diogo Costa,FC Porto,64.8,Rodrigo Abascal,Vitória Guimarães SC,68.1,João Moutinho,Sporting Braga,74.1,Yang Hyun-Jun,Celtic FC,76.3,Djeidi Gassama,Rangers FC,FWD,75.7
GW 645,4,Extra FWD,321.8,Juan Castillo,Vitória Guimarães SC,42.3,Tomás Araújo,SL Benfica,67.8,Leandro Barreiro,SL Benfica,66.3,Benjamin Nygren,Celtic FC,73.4,Trincão,Sporting Clube de Portugal,FWD,72.0
GW 644,1,Extra DEF,366.7,Jack Butland,Rangers FC,64.4,Auston Trusty,Celtic FC,78.3,Thelonious Aasgaard,Rangers FC,75.8,Youssef Chermiti,Rangers FC,75.4,Jayden Meghoma,Rangers FC,DEF,72.8
GW 644,2,Extra DEF,280.2,Kasper Schmeichel,Celtic FC,20.7,Emmanuel Agbadou,Beşiktaş Jimnastik Kulübü,61.9,Geny Catamo,Sporting Clube de Portugal,72.1,Paul Onuachu,Trabzonspor Kulübü,66.2,John Souttar,Rangers FC,DEF,59.3
GW 644,3,Extra DEF,225.1,Adem Ağaoğlu,Trabzonspor Kulübü,0.0,Ousmane Diomande,Sporting Clube de Portugal,57.1,Christ Inao Oulaï,Trabzonspor Kulübü,56.3,Djeidi Gassama,Rangers FC,55.3,Emmanuel Fernandez,Rangers FC,DEF,56.4
GW 644,4,Extra MID,190.1,Ahmet Yıldırım,Trabzonspor Kulübü,0.0,Colby Donovan,Celtic FC,47.1,Callum McGregor,Celtic FC,48.1,Michel-Ange Balikwisha,Celtic FC,48.8,Nicolas Raskin,Rangers FC,MID,46.1
GW 643,1,Extra MID,482.3,Jack Butland,Rangers FC,93.9,Jan Bednarek,FC Porto,100.0,Wilfred Ndidi,Beşiktaş Jimnastik Kulübü,97.2,Luis Suárez,Sporting Clube de Portugal,100.0,Maximiliano Araújo,Sporting Clube de Portugal,MID,91.2
GW 643,2,Extra MID,400.1,Juan Castillo,Vitória Guimarães SC,65.2,Eduardo Quaresma,Sporting Clube de Portugal,87.0,Connor Barron,Rangers FC,82.2,Benjamin Nygren,Celtic FC,85.6,Arne Engels,Celtic FC,MID,80.1
GW 643,3,Extra FWD,373.1,Rui Silva,Sporting Clube de Portugal,61.7,Nicolás Otamendi,SL Benfica,79.0,Geny Catamo,Sporting Clube de Portugal,76.1,Pepê,FC Porto,78.2,Samu Omorodion,FC Porto,FWD,78.1
GW 643,4,Extra MID,344.6,Lukáš Horníček,Sporting Braga,39.8,Jayden Meghoma,Rangers FC,77.8,Rodrigo Zalazar,Sporting Braga,76.1,Trincão,Sporting Clube de Portugal,77.7,Thelonious Aasgaard,Rangers FC,MID,73.2
GW 642,1,Extra FWD,364.7,Rui Silva,Sporting Clube de Portugal,27.0,Ricardo Mangas,Sporting Clube de Portugal,90.6,Telmo Arcanjo,Vitória Guimarães SC,86.4,Fotis Ioannidis,Sporting Clube de Portugal,84.4,Trincão,Sporting Clube de Portugal,FWD,76.3
GW 642,2,Extra MID,274.5,Adem Ağaoğlu,Trabzonspor Kulübü,0.0,Ismail Jakobs,Galatasaray Spor Kulübü,74.3,Maximiliano Araújo,Sporting Clube de Portugal,66.8,Roger Fernandes,Sporting Braga,68.1,N'Golo Kanté,Fenerbahçe Spor Kulübü,MID,65.3
GW 642,3,Extra DEF,243.6,Ahmet Yıldırım,Trabzonspor Kulübü,0.0,Miguel Maga,Vitória Guimarães SC,60.0,Diogo Sousa,Vitória Guimarães SC,63.6,Hyeongyu Oh,Beşiktaş Jimnastik Kulübü,60.0,Thiago Balieiro,Vitória Guimarães SC,DEF,60.0
GW 642,4,Extra MID,201.2,Alaa Bellaarouch,Sporting Braga,0.0,Gonçalo Inácio,Sporting Clube de Portugal,53.5,Geny Catamo,Sporting Clube de Portugal,54.3,Noah Saviolo,Vitória Guimarães SC,46.0,Wilfred Ndidi,Beşiktaş Jimnastik Kulübü,MID,47.4
GW 641,1,Extra DEF,487.7,Diogo Costa,FC Porto,98.0,Nicolás Otamendi,SL Benfica,100.0,Callum McGregor,Celtic FC,100.0,Yunus Akgün,Galatasaray Spor Kulübü,92.9,Kieran Tierney,Celtic FC,DEF,96.8
GW 641,2,Extra MID,434.1,Ederson,Fenerbahçe Spor Kulübü,78.3,Levent Mercan,Fenerbahçe Spor Kulübü,87.7,Marco Asensio,Fenerbahçe Spor Kulübü,91.6,Barış Yılmaz,Galatasaray Spor Kulübü,86.9,Talisca,Fenerbahçe Spor Kulübü,MID,89.6
GW 641,3,Extra MID,394.3,Ersin Destanoğlu,Beşiktaş Jimnastik Kulübü,65.3,Samuel Dahl,SL Benfica,81.8,Orkun Kökçü,Beşiktaş Jimnastik Kulübü,85.2,Benjamin Nygren,Celtic FC,82.5,Ernest Muçi,Trabzonspor Kulübü,MID,79.5
GW 641,4,Extra DEF,371.4,Anatolii Trubin,SL Benfica,64.8,Jakub Kiwior,FC Porto,78.2,Borja Sainz,FC Porto,77.8,Souleymane Faye,Sporting Clube de Portugal,72.5,Tim Drexler,FC Red Bull Salzburg,DEF,78.1
GW 640,1,Extra DEF,316.6,Kasper Schmeichel,Celtic FC,43.2,Auston Trusty,Celtic FC,76.5,Paulo Bernardo,Celtic FC,56.4,Daizen Maeda,Celtic FC,71.7,Anthony Ralston,Celtic FC,DEF,68.8
GW 640,2,Extra MID,197.6,Adem Ağaoğlu,Trabzonspor Kulübü,0.0,Kieran Tierney,Celtic FC,49.6,Callum McGregor,Celtic FC,55.7,Yang Hyun-Jun,Celtic FC,46.8,Luke McCowan,Celtic FC,MID,45.5
GW 640,3,Extra MID,161.4,Ahmet Yıldırım,Trabzonspor Kulübü,0.0,Zaidu,FC Porto,35.0,James Forrest,Celtic FC,42.1,Oskar Pietuszewski,FC Porto,43.9,Arne Engels,Celtic FC,MID,40.4
GW 640,4,Extra FWD,147.1,Alaa Bellaarouch,Sporting Braga,0.0,Liam Scales,Celtic FC,32.7,Reo Hatate,Celtic FC,37.3,Anthony Musaba,Fenerbahçe Spor Kulübü,38.9,Benjamin Nygren,Celtic FC,FWD,38.2
GW 639,1,Extra DEF,480.7,Ederson,Fenerbahçe Spor Kulübü,86.6,Alberto Costa,FC Porto,100.0,Christ Inao Oulaï,Trabzonspor Kulübü,100.0,Vangelis Pavlidis,SL Benfica,94.1,Georgios Vagiannidis,Sporting Clube de Portugal,DEF,100.0
GW 639,2,Extra MID,460.6,Lukáš Horníček,Sporting Braga,78.3,Dujon Sterling,Rangers FC,95.3,Oleksandr Zubkov,Trabzonspor Kulübü,99.2,Luis Suárez,Sporting Clube de Portugal,92.0,Geny Catamo,Sporting Clube de Portugal,MID,95.8
GW 639,3,Extra MID,433.6,Juan Castillo,Vitória Guimarães SC,75.4,Gustaf Lagerbielke,Sporting Braga,86.8,Ozan Tufan,Trabzonspor Kulübü,91.1,Kerim-Sam Alajbegović,FC Red Bull Salzburg,90.5,Marco Asensio,Fenerbahçe Spor Kulübü,MID,89.8
GW 639,4,Extra FWD,416.4,Rui Silva,Sporting Clube de Portugal,74.8,Óscar Rivas,Vitória Guimarães SC,82.3,Fredrik Aursnes,SL Benfica,85.5,Václav Černý,Beşiktaş Jimnastik Kulübü,87.3,Leroy Sané,Galatasaray Spor Kulübü,FWD,86.5
GW 638,1,Extra MID,441.3,Uğurcan Çakır,Galatasaray Spor Kulübü,87.8,Víctor Gómez,Sporting Braga,81.3,Talisca,Fenerbahçe Spor Kulübü,96.3,Gabri Martínez,Sporting Braga,81.5,Rodrigo Mora,FC Porto,MID,94.4
GW 638,2,Extra MID,411.0,Lukáš Horníček,Sporting Braga,83.3,Milan Škriniar,Fenerbahçe Spor Kulübü,78.3,Richard Ríos,SL Benfica,90.6,Pau Víctor,Sporting Braga,76.4,Borja Sainz,FC Porto,MID,82.4
GW 638,3,Extra DEF,359.9,Ederson,Fenerbahçe Spor Kulübü,65.9,Jayden Oosterwolde,Fenerbahçe Spor Kulübü,77.8,Enzo Barrenechea,SL Benfica,66.0,Samu Omorodion,FC Porto,74.2,Martim Fernandes,FC Porto,DEF,76.0
GW 638,4,Extra FWD,342.1,Anatolii Trubin,SL Benfica,61.3,Samuel Dahl,SL Benfica,72.6,Soumaïla Diabaté,FC Red Bull Salzburg,64.6,Nene Dorgeles,Fenerbahçe Spor Kulübü,74.1,Kerem Aktürkoğlu,Fenerbahçe Spor Kulübü,FWD,69.5
GW 637,1,Extra FWD,445.2,Jack Butland,Rangers FC,79.4,Jan Bednarek,FC Porto,86.8,Ernest Muçi,Trabzonspor Kulübü,88.6,Václav Černý,Beşiktaş Jimnastik Kulübü,99.6,Ricardo Horta,Sporting Braga,FWD,90.8
GW 637,2,Extra FWD,412.7,Diogo Costa,FC Porto,70.3,Kieran Tierney,Celtic FC,86.1,Lucas Torreira,Galatasaray Spor Kulübü,82.5,Leroy Sané,Galatasaray Spor Kulübü,90.2,Edmund Baidoo,FC Red Bull Salzburg,FWD,83.6
GW 637,3,Extra FWD,383.8,Alexander Schlager,FC Red Bull Salzburg,63.1,Auston Trusty,Celtic FC,80.9,Oleksandr Zubkov,Trabzonspor Kulübü,80.4,Souleymane Faye,Sporting Clube de Portugal,79.7,Victor Osimhen,Galatasaray Spor Kulübü,FWD,79.7
GW 637,4,Extra DEF,368.0,Juan Castillo,Vitória Guimarães SC,60.5,Stefan Lainer,FC Red Bull Salzburg,79.1,Heorhii Sudakov,SL Benfica,73.1,Umut Nayir,Trabzonspor Kulübü,77.7,Thiago Silva,FC Porto,DEF,77.6
GW 636,1,Extra DEF,394.5,Kasper Schmeichel,Celtic FC,80.0,Colby Donovan,Celtic FC,83.6,Nedim Bajrami,Rangers FC,96.0,Daizen Maeda,Celtic FC,60.0,Max Aarons,Rangers FC,DEF,74.9
GW 636,2,Extra DEF,292.2,Jack Butland,Rangers FC,35.6,Auston Trusty,Celtic FC,71.0,Reo Hatate,Celtic FC,64.0,Yang Hyun-Jun,Celtic FC,51.8,Jayden Meghoma,Rangers FC,DEF,69.8
GW 636,3,Extra DEF,219.3,Adem Ağaoğlu,Trabzonspor Kulübü,0.0,Liam Scales,Celtic FC,62.2,Tochi Chukwuani,Rangers FC,63.1,Bojan Miovski,Rangers FC,40.4,Emmanuel Fernandez,Rangers FC,DEF,53.6
GW 636,4,Extra DEF,193.0,Ahmet Yıldırım,Trabzonspor Kulübü,0.0,Kieran Tierney,Celtic FC,51.8,Callum McGregor,Celtic FC,53.2,Djeidi Gassama,Rangers FC,38.2,Saracchi,Celtic FC,DEF,49.8
GW 635,1,Extra DEF,468.1,Jack Butland,Rangers FC,77.5,Eduardo Quaresma,Sporting Clube de Portugal,100.0,Beni,Vitória Guimarães SC,100.0,Trincão,Sporting Clube de Portugal,90.6,Rodrigo Abascal,Vitória Guimarães SC,DEF,100.0
GW 635,2,Extra DEF,450.3,Rui Silva,Sporting Clube de Portugal,74.7,Nasser Djiga,Rangers FC,99.8,Orkun Kökçü,Beşiktaş Jimnastik Kulübü,95.5,Vangelis Pavlidis,SL Benfica,82.7,Gustaf Lagerbielke,Sporting Braga,DEF,97.6
GW 635,3,Extra DEF,419.6,Lukáš Horníček,Sporting Braga,72.6,Jan Bednarek,FC Porto,90.9,Ernest Muçi,Trabzonspor Kulübü,84.9,Paul Onuachu,Trabzonspor Kulübü,81.7,Emmanuel Fernandez,Rangers FC,DEF,89.5
GW 635,4,Extra DEF,402.9,Juan Castillo,Vitória Guimarães SC,69.9,Emirhan Topçu,Beşiktaş Jimnastik Kulübü,86.6,Tochi Chukwuani,Rangers FC,81.8,Luis Suárez,Sporting Clube de Portugal,78.1,Víctor Gómez,Sporting Braga,DEF,86.5
GW 634,1,Extra MID,412.5,Anatolii Trubin,SL Benfica,75.4,Samuel Dahl,SL Benfica,87.7,Gabri Veiga,FC Porto,85.4,Luis Suárez,Sporting Clube de Portugal,79.7,Geovany Quenda,Sporting Clube de Portugal,MID,84.3
GW 634,2,Extra DEF,381.2,Rui Silva,Sporting Clube de Portugal,64.6,James Tavernier,Rangers FC,81.2,Talisca,Fenerbahçe Spor Kulübü,81.6,Daizen Maeda,Celtic FC,77.1,Nicolás Otamendi,SL Benfica,DEF,76.7
GW 634,3,Extra FWD,360.3,Diogo Costa,FC Porto,63.6,Yiğit Demir,Fenerbahçe Spor Kulübü,72.3,Victor Froholdt,FC Porto,73.0,Ricardo Horta,Sporting Braga,76.1,Trincão,Sporting Clube de Portugal,FWD,75.3
GW 634,4,Extra FWD,345.1,Alexander Schlager,FC Red Bull Salzburg,54.9,Alberto Costa,FC Porto,71.7,Reo Hatate,Celtic FC,72.7,Gabri Martínez,Sporting Braga,73.9,Samu Omorodion,FC Porto,FWD,71.9
GW 633,1,Extra MID,455.2,Kasper Schmeichel,Celtic FC,71.7,Emmanuel Fernandez,Rangers FC,86.2,Marco Asensio,Fenerbahçe Spor Kulübü,100.0,Barış Yılmaz,Galatasaray Spor Kulübü,100.0,Arsenii Batahov,Trabzonspor Kulübü,MID,97.3
GW 633,2,Extra FWD,399.5,Ersin Destanoğlu,Beşiktaş Jimnastik Kulübü,53.0,Davinson Sánchez,Galatasaray Spor Kulübü,81.7,Callum McGregor,Celtic FC,88.4,Mustafa Eskihellaç,Trabzonspor Kulübü,92.4,Nene Dorgeles,Fenerbahçe Spor Kulübü,FWD,84.0
GW 633,3,Extra MID,352.3,Jack Butland,Rangers FC,39.3,Rıdvan Yılmaz,Beşiktaş Jimnastik Kulübü,79.2,Ernest Muçi,Trabzonspor Kulübü,82.9,Noa Lang,Galatasaray Spor Kulübü,70.3,Mattéo Guendouzi,Fenerbahçe Spor Kulübü,MID,80.6
GW 633,4,Extra MID,333.3,Günay Güvenç,Galatasaray Spor Kulübü,35.4,Nasser Djiga,Rangers FC,77.3,Mohammed Diomandé,Rangers FC,78.2,Bojan Miovski,Rangers FC,67.2,Moussa Yeo,FC Red Bull Salzburg,MID,75.2
GW 632,1,Extra DEF,339.6,Alexander Schlager,FC Red Bull Salzburg,33.4,Davinson Sánchez,Galatasaray Spor Kulübü,96.1,Orkun Kökçü,Beşiktaş Jimnastik Kulübü,80.3,Bojan Miovski,Rangers FC,65.2,Gustaf Lagerbielke,Sporting Braga,DEF,64.6
GW 632,2,Extra DEF,261.1,Kasper Schmeichel,Celtic FC,20.1,Auston Trusty,Celtic FC,61.0,Rodrigo Zalazar,Sporting Braga,60.0,Deniz Gül,FC Porto,60.0,Kieran Tierney,Celtic FC,DEF,60.0
GW 632,3,Extra MID,209.8,Adem Ağaoğlu,Trabzonspor Kulübü,0.0,Mert Müldür,Fenerbahçe Spor Kulübü,42.7,Nicolas Raskin,Rangers FC,58.6,Yáser Asprilla,Galatasaray Spor Kulübü,55.9,Kochorashvili,Sporting Clube de Portugal,MID,52.6
GW 632,4,Extra FWD,159.9,Ahmet Yıldırım,Trabzonspor Kulübü,0.0,Çağlar Söyüncü,Fenerbahçe Spor Kulübü,41.7,Edson Álvarez,Fenerbahçe Spor Kulübü,43.6,Barış Yılmaz,Galatasaray Spor Kulübü,37.7,Kerim-Sam Alajbegović,FC Red Bull Salzburg,FWD,36.9
GW 631,1,Extra FWD,431.7,Anatolii Trubin,SL Benfica,73.4,Nelson Semedo,Fenerbahçe Spor Kulübü,79.7,Nicolas Raskin,Rangers FC,89.9,Leroy Sané,Galatasaray Spor Kulübü,95.4,Oliver Antman,Rangers FC,FWD,93.3
GW 631,2,Extra FWD,321.9,Alexander Schlager,FC Red Bull Salzburg,66.0,Liam Scales,Celtic FC,60.0,Oleksandr Zubkov,Trabzonspor Kulübü,74.5,Benjamin Nygren,Celtic FC,65.1,Oğuz Aydın,Fenerbahçe Spor Kulübü,FWD,56.3
GW 631,3,Extra DEF,255.3,Uğurcan Çakır,Galatasaray Spor Kulübü,64.9,Milan Škriniar,Fenerbahçe Spor Kulübü,47.2,Morten Hjulmand,Sporting Clube de Portugal,51.8,Yáser Asprilla,Galatasaray Spor Kulübü,44.4,Gustaf Lagerbielke,Sporting Braga,DEF,47.0
GW 631,4,Extra MID,243.4,Ederson,Fenerbahçe Spor Kulübü,62.2,Abdülkerim Bardakcı,Galatasaray Spor Kulübü,46.0,Edson Álvarez,Fenerbahçe Spor Kulübü,46.6,Kerim-Sam Alajbegović,FC Red Bull Salzburg,43.0,Thiago Helguera,Sporting Braga,MID,45.6
GW 630,1,Extra MID,377.8,Anatolii Trubin,SL Benfica,36.8,Liam Scales,Celtic FC,79.9,N'Golo Kanté,Fenerbahçe Spor Kulübü,100.0,Victor Osimhen,Galatasaray Spor Kulübü,70.0,Kristjan Asllani,Beşiktaş Jimnastik Kulübü,MID,91.1
GW 630,2,Extra MID,256.2,André Onana,Trabzonspor Kulübü,35.0,Nelson Semedo,Fenerbahçe Spor Kulübü,56.5,Mario Lemina,Galatasaray Spor Kulübü,60.0,Roland Sallai,Galatasaray Spor Kulübü,44.7,Wilfred Ndidi,Beşiktaş Jimnastik Kulübü,MID,60.0
GW 630,3,Extra DEF,187.0,Diogo Costa,FC Porto,30.3,Aleksa Terzić,FC Red Bull Salzburg,38.3,Nedim Bajrami,Rangers FC,41.4,Trincão,Sporting Clube de Portugal,39.4,Gonçalo Inácio,Sporting Clube de Portugal,DEF,37.6
GW 630,4,Extra DEF,142.0,Adem Ağaoğlu,Trabzonspor Kulübü,0.0,David Moreira,Sporting Clube de Portugal,35.0,Telmo Arcanjo,Vitória Guimarães SC,35.0,Sota Kitano,FC Red Bull Salzburg,37.0,Sidny Cabral,SL Benfica,DEF,35.0
GW 629,1,Extra DEF,463.2,Jack Butland,Rangers FC,79.5,Liam Scales,Celtic FC,100.0,Morten Hjulmand,Sporting Clube de Portugal,89.5,Kerem Aktürkoğlu,Fenerbahçe Spor Kulübü,95.4,James Tavernier,Rangers FC,DEF,98.8
GW 629,2,Extra DEF,436.9,Juan Castillo,Vitória Guimarães SC,77.1,Jannik Schuster,FC Red Bull Salzburg,97.8,Reo Hatate,Celtic FC,87.8,Cengiz Ünder,Beşiktaş Jimnastik Kulübü,79.7,Kieran Tierney,Celtic FC,DEF,94.5
GW 629,3,Extra DEF,419.9,Kasper Schmeichel,Celtic FC,70.9,Tiago Djaló,Beşiktaş Jimnastik Kulübü,92.0,Fred,Fenerbahçe Spor Kulübü,85.6,Nene Dorgeles,Fenerbahçe Spor Kulübü,79.6,Auston Trusty,Celtic FC,DEF,91.8
GW 629,4,Extra MID,390.0,Diogo Costa,FC Porto,61.7,Derek Cornelius,Rangers FC,82.2,Nicolas Raskin,Rangers FC,85.3,Vangelis Pavlidis,SL Benfica,79.3,Fredrik Aursnes,SL Benfica,MID,81.5
GW 628,1,Extra DEF,463.5,Ederson,Fenerbahçe Spor Kulübü,85.4,Tomás Araújo,SL Benfica,96.6,Rodrigo Zalazar,Sporting Braga,91.9,Victor Osimhen,Galatasaray Spor Kulübü,94.7,Aleksa Terzić,FC Red Bull Salzburg,DEF,94.9
GW 628,2,Extra DEF,404.1,Christian Zawieschitzky,FC Red Bull Salzburg,65.1,Milan Škriniar,Fenerbahçe Spor Kulübü,91.9,Borja Sainz,FC Porto,81.2,Ricardo Horta,Sporting Braga,85.8,Wilfried Singo,Galatasaray Spor Kulübü,DEF,80.1
GW 628,3,Extra MID,352.5,Uğurcan Çakır,Galatasaray Spor Kulübü,64.9,Ismail Jakobs,Galatasaray Spor Kulübü,68.8,Maurits Kjærgaard,FC Red Bull Salzburg,75.9,Hyeongyu Oh,Beşiktaş Jimnastik Kulübü,68.3,Gabri Veiga,FC Porto,MID,74.6
GW 628,4,Extra DEF,326.3,Rui Silva,Sporting Clube de Portugal,56.9,Davinson Sánchez,Galatasaray Spor Kulübü,68.2,Richard Ríos,SL Benfica,66.9,Roger Fernandes,Sporting Braga,67.8,Archibald Brown,Fenerbahçe Spor Kulübü,DEF,66.5
GW 627,1,Extra DEF,452.0,André Onana,Trabzonspor Kulübü,73.3,Sidny Cabral,SL Benfica,97.3,Pedro Gonçalves,Sporting Clube de Portugal,100.0,Clement Bischoff,FC Red Bull Salzburg,90.7,Tomás Araújo,SL Benfica,DEF,90.7
GW 627,2,Extra FWD,416.1,Uğurcan Çakır,Galatasaray Spor Kulübü,72.2,Gonçalo Inácio,Sporting Clube de Portugal,84.2,Morten Hjulmand,Sporting Clube de Portugal,85.1,Dodi Lukébakio,SL Benfica,88.1,El Bilal Touré,Beşiktaş Jimnastik Kulübü,FWD,86.5
GW 627,3,Extra DEF,387.2,Anatolii Trubin,SL Benfica,68.7,Nicolás Otamendi,SL Benfica,84.0,João Mendes,Vitória Guimarães SC,82.7,Edmund Baidoo,FC Red Bull Salzburg,71.3,Samuel Dahl,SL Benfica,DEF,80.5
GW 627,4,Extra DEF,365.7,Rui Silva,Sporting Clube de Portugal,65.6,Georgios Vagiannidis,Sporting Clube de Portugal,78.7,Marco Asensio,Fenerbahçe Spor Kulübü,75.7,Umut Nayir,Trabzonspor Kulübü,69.9,Ousmane Diomande,Sporting Clube de Portugal,DEF,75.8
GW 626,1,Extra DEF,449.5,Jack Butland,Rangers FC,87.5,Nasser Djiga,Rangers FC,100.0,Luke McCowan,Celtic FC,73.3,Benjamin Nygren,Celtic FC,99.3,Saracchi,Celtic FC,DEF,89.4
GW 626,2,Extra FWD,350.5,Kasper Schmeichel,Celtic FC,75.1,Auston Trusty,Celtic FC,70.0,Joel Mvuka,Celtic FC,60.1,Sebastian Tounekti,Celtic FC,78.2,Sidiki Chérif,Fenerbahçe Spor Kulübü,FWD,67.1
GW 626,3,Extra DEF,240.9,Adem Ağaoğlu,Trabzonspor Kulübü,0.0,Max Aarons,Rangers FC,65.1,Mattéo Guendouzi,Fenerbahçe Spor Kulübü,52.7,Youssef Chermiti,Rangers FC,61.1,John Souttar,Rangers FC,DEF,62.0
GW 626,4,Extra DEF,223.6,Ahmet Yıldırım,Trabzonspor Kulübü,0.0,Adrian Barišić,Sporting Braga,61.1,James Forrest,Celtic FC,51.7,Noa Lang,Galatasaray Spor Kulübü,49.9,Thiago Silva,FC Porto,DEF,60.9
GW 625,1,Extra DEF,476.8,André Onana,Trabzonspor Kulübü,83.4,Chibuike Nwaiwu,Trabzonspor Kulübü,100.0,Gabriel Sara,Galatasaray Spor Kulübü,100.0,Vangelis Pavlidis,SL Benfica,93.4,Gustaf Lagerbielke,Sporting Braga,DEF,100.0
GW 625,2,Extra DEF,457.9,Ederson,Fenerbahçe Spor Kulübü,80.5,Jakub Kiwior,FC Porto,100.0,Pedro Gonçalves,Sporting Clube de Portugal,89.6,Sota Kitano,FC Red Bull Salzburg,87.8,Nicolás Otamendi,SL Benfica,DEF,100.0
GW 625,3,Extra FWD,412.0,Rui Silva,Sporting Clube de Portugal,70.5,Milan Škriniar,Fenerbahçe Spor Kulübü,82.4,Tim Jabol-Folcarelli,Trabzonspor Kulübü,87.2,Trincão,Sporting Clube de Portugal,86.0,Luis Suárez,Sporting Clube de Portugal,FWD,85.9
GW 625,4,Extra FWD,395.1,Lukáš Horníček,Sporting Braga,69.0,Nelson Semedo,Fenerbahçe Spor Kulübü,81.6,Talisca,Fenerbahçe Spor Kulübü,80.1,Gianluca Prestianni,SL Benfica,82.3,Cengiz Ünder,Beşiktaş Jimnastik Kulübü,FWD,82.1
GW 624,1,Extra DEF,436.7,Ersin Destanoğlu,Beşiktaş Jimnastik Kulübü,70.3,Milan Škriniar,Fenerbahçe Spor Kulübü,93.0,Arne Engels,Celtic FC,88.2,Ricardo Horta,Sporting Braga,92.6,Liam Scales,Celtic FC,DEF,92.6
GW 624,2,Extra MID,402.7,Ederson,Fenerbahçe Spor Kulübü,70.1,Colby Donovan,Celtic FC,85.3,Mario Lemina,Galatasaray Spor Kulübü,84.7,Anthony Musaba,Fenerbahçe Spor Kulübü,85.9,Wilfred Ndidi,Beşiktaş Jimnastik Kulübü,MID,76.7
GW 624,3,Extra FWD,366.2,Lukáš Horníček,Sporting Braga,69.1,Bright Arrey-Mbi,Sporting Braga,75.4,Callum McGregor,Celtic FC,72.9,Sota Kitano,FC Red Bull Salzburg,75.4,Kerem Aktürkoğlu,Fenerbahçe Spor Kulübü,FWD,73.4
GW 624,4,Extra MID,340.8,Alexander Schlager,FC Red Bull Salzburg,63.6,Víctor Gómez,Sporting Braga,62.3,Maho Dorgeles,Sporting Braga,72.9,Victor Osimhen,Galatasaray Spor Kulübü,70.7,Moussa Yeo,FC Red Bull Salzburg,MID,71.3
GW 623,1,Extra MID,382.5,Tarık Çetin,Fenerbahçe Spor Kulübü,51.9,Abdülkerim Bardakcı,Galatasaray Spor Kulübü,80.4,Thelonious Aasgaard,Rangers FC,84.9,Felipe Augusto,Trabzonspor Kulübü,82.9,Tochi Chukwuani,Rangers FC,MID,82.4
GW 623,2,Extra MID,366.8,Jack Butland,Rangers FC,45.0,James Tavernier,Rangers FC,78.3,Rafa,SL Benfica,81.7,Umut Nayir,Trabzonspor Kulübü,80.8,Ilkay Gündogan,Galatasaray Spor Kulübü,MID,81.0
GW 623,3,Extra FWD,349.8,André Onana,Trabzonspor Kulübü,44.4,Kieran Tierney,Celtic FC,68.6,Gabriel Sara,Galatasaray Spor Kulübü,78.2,Kerem Aktürkoğlu,Fenerbahçe Spor Kulübü,79.7,Djeidi Gassama,Rangers FC,FWD,78.9
GW 623,4,Extra FWD,329.2,Alexander Schlager,FC Red Bull Salzburg,34.6,Wagner Pina,Trabzonspor Kulübü,63.9,Marco Asensio,Fenerbahçe Spor Kulübü,75.1,Leroy Sané,Galatasaray Spor Kulübü,77.9,Karim Onisiwo,FC Red Bull Salzburg,FWD,77.7
GW 622,1,Extra FWD,344.8,Uğurcan Çakır,Galatasaray Spor Kulübü,35.3,Thiago Silva,FC Porto,82.9,Geny Catamo,Sporting Clube de Portugal,60.0,Andreas Schjelderup,SL Benfica,86.6,Victor Osimhen,Galatasaray Spor Kulübü,FWD,80.0
GW 622,2,Extra DEF,293.3,Diogo Costa,FC Porto,23.6,Abdülkerim Bardakcı,Galatasaray Spor Kulübü,75.2,Kochorashvili,Sporting Clube de Portugal,60.0,Yunus Akgün,Galatasaray Spor Kulübü,62.2,Nelson Semedo,Fenerbahçe Spor Kulübü,DEF,72.3
GW 622,3,Extra DEF,240.3,Adem Ağaoğlu,Trabzonspor Kulübü,0.0,Mert Müldür,Fenerbahçe Spor Kulübü,66.1,Mario Lemina,Galatasaray Spor Kulübü,60.0,Roland Sallai,Galatasaray Spor Kulübü,51.7,Davinson Sánchez,Galatasaray Spor Kulübü,DEF,62.5
GW 622,4,Extra DEF,209.2,Ahmet Yıldırım,Trabzonspor Kulübü,0.0,Derek Cornelius,Rangers FC,61.8,İsmail Yüksek,Fenerbahçe Spor Kulübü,50.1,Kerem Aktürkoğlu,Fenerbahçe Spor Kulübü,36.9,Michael Murillo,Beşiktaş Jimnastik Kulübü,DEF,60.4
GW 621,1,Extra MID,362.7,Diogo Costa,FC Porto,61.7,Jakub Kiwior,FC Porto,81.8,Victor Froholdt,FC Porto,72.3,Oğuz Aydın,Fenerbahçe Spor Kulübü,75.2,Nicolas Raskin,Rangers FC,MID,71.7
GW 621,2,Extra FWD,312.0,André Onana,Trabzonspor Kulübü,60.0,Michael Murillo,Beşiktaş Jimnastik Kulübü,66.4,Kochorashvili,Sporting Clube de Portugal,49.0,Trincão,Sporting Clube de Portugal,70.6,Hyeongyu Oh,Beşiktaş Jimnastik Kulübü,FWD,66.0
GW 621,3,Extra DEF,278.5,Uğurcan Çakır,Galatasaray Spor Kulübü,43.5,Gustaf Lagerbielke,Sporting Braga,62.7,Kristjan Asllani,Beşiktaş Jimnastik Kulübü,48.1,Fotis Ioannidis,Sporting Clube de Portugal,61.9,Zeno Debast,Sporting Clube de Portugal,DEF,62.3
GW 621,4,Extra DEF,273.2,Kasper Schmeichel,Celtic FC,42.8,Jan Bednarek,FC Porto,62.1,Morten Hjulmand,Sporting Clube de Portugal,47.3,Nene Dorgeles,Fenerbahçe Spor Kulübü,60.0,Anthony Ralston,Celtic FC,DEF,61.0
GW 620,1,Extra DEF,358.7,Kasper Schmeichel,Celtic FC,72.8,Emmanuel Agbadou,Beşiktaş Jimnastik Kulübü,70.0,Victor Froholdt,FC Porto,83.6,Oliver Antman,Rangers FC,70.4,Saracchi,Celtic FC,DEF,61.9
GW 620,2,Extra MID,279.8,André Onana,Trabzonspor Kulübü,60.0,Sidny Cabral,SL Benfica,60.0,Florian Grillitsch,Sporting Braga,60.0,Vangelis Pavlidis,SL Benfica,39.8,Geny Catamo,Sporting Clube de Portugal,MID,60.0
GW 620,3,Extra MID,242.6,Viljami Sinisalo,Celtic FC,41.4,John Souttar,Rangers FC,43.0,Telmo Arcanjo,Vitória Guimarães SC,60.0,Hyeongyu Oh,Beşiktaş Jimnastik Kulübü,39.6,Morten Hjulmand,Sporting Clube de Portugal,MID,58.6
GW 620,4,Extra DEF,166.5,Adem Ağaoğlu,Trabzonspor Kulübü,0.0,Jakub Kiwior,FC Porto,42.3,Rodrigo Zalazar,Sporting Braga,42.4,Václav Černý,Beşiktaş Jimnastik Kulübü,39.6,Thiago Silva,FC Porto,DEF,42.2
GW 619,1,Extra FWD,467.8,André Onana,Trabzonspor Kulübü,90.5,Stefan Savić,Trabzonspor Kulübü,100.0,Christ Inao Oulaï,Trabzonspor Kulübü,93.7,Paul Onuachu,Trabzonspor Kulübü,92.4,Souleymane Faye,Sporting Clube de Portugal,FWD,91.2
GW 619,2,Extra MID,419.6,Alexander Schlager,FC Red Bull Salzburg,81.0,Derek Cornelius,Rangers FC,89.4,Soumaïla Diabaté,FC Red Bull Salzburg,88.8,Benjamin Nygren,Celtic FC,74.3,Lucas Torreira,Galatasaray Spor Kulübü,MID,86.1
GW 619,3,Extra DEF,403.0,Tarık Çetin,Fenerbahçe Spor Kulübü,80.4,António Silva,SL Benfica,84.9,Samu,Vitória Guimarães SC,82.1,Kelechi Iheanacho,Celtic FC,72.5,Gustaf Lagerbielke,Sporting Braga,DEF,83.1
GW 619,4,Extra DEF,372.4,Diogo Costa,FC Porto,70.7,Thiago Silva,FC Porto,77.4,Rodrigo Zalazar,Sporting Braga,79.8,Daizen Maeda,Celtic FC,68.8,Adrian Barišić,Sporting Braga,DEF,75.7
GW 618,1,Extra MID,404.1,Uğurcan Çakır,Galatasaray Spor Kulübü,82.7,Ismail Jakobs,Galatasaray Spor Kulübü,78.3,Florian Grillitsch,Sporting Braga,80.6,Kerem Aktürkoğlu,Fenerbahçe Spor Kulübü,84.9,İsmail Yüksek,Fenerbahçe Spor Kulübü,MID,77.6
GW 618,2,Extra DEF,382.2,Lukáš Horníček,Sporting Braga,77.8,Bright Arrey-Mbi,Sporting Braga,76.0,Maximiliano Araújo,Sporting Clube de Portugal,77.3,Djeidi Gassama,Rangers FC,75.2,John Souttar,Rangers FC,DEF,75.9
GW 618,3,Extra FWD,331.4,Ederson,Fenerbahçe Spor Kulübü,43.2,Stefan Lainer,FC Red Bull Salzburg,70.4,Talisca,Fenerbahçe Spor Kulübü,74.9,Barış Yılmaz,Galatasaray Spor Kulübü,72.3,Ricardo Horta,Sporting Braga,FWD,70.6
GW 618,4,Extra FWD,311.9,Diogo Costa,FC Porto,40.3,Wilfried Singo,Galatasaray Spor Kulübü,65.3,Morten Hjulmand,Sporting Clube de Portugal,69.2,Victor Osimhen,Galatasaray Spor Kulübü,69.3,Luis Suárez,Sporting Clube de Portugal,FWD,67.8
GW 617,1,Extra DEF,471.5,Uğurcan Çakır,Galatasaray Spor Kulübü,94.4,Wagner Pina,Trabzonspor Kulübü,100.0,Tim Jabol-Folcarelli,Trabzonspor Kulübü,84.2,Nene Dorgeles,Fenerbahçe Spor Kulübü,100.0,Wilfried Singo,Galatasaray Spor Kulübü,DEF,92.9
GW 617,2,Extra DEF,431.2,Diogo Costa,FC Porto,81.3,Sacha Boey,Galatasaray Spor Kulübü,92.8,İsmail Yüksek,Fenerbahçe Spor Kulübü,80.6,Vangelis Pavlidis,SL Benfica,87.6,Liam Scales,Celtic FC,DEF,88.9
GW 617,3,Extra DEF,408.3,Rui Silva,Sporting Clube de Portugal,69.4,Sidny Cabral,SL Benfica,88.1,Victor Froholdt,FC Porto,78.7,Paul Onuachu,Trabzonspor Kulübü,84.8,Nelson Semedo,Fenerbahçe Spor Kulübü,DEF,87.3
GW 617,4,Extra DEF,376.4,Kasper Schmeichel,Celtic FC,65.1,Gonçalo Inácio,Sporting Clube de Portugal,79.4,Rafa,SL Benfica,75.1,Pepê,FC Porto,78.4,Anthony Ralston,Celtic FC,DEF,78.4
GW 616,1,Extra DEF,457.8,Diogo Costa,FC Porto,75.5,Jakub Kiwior,FC Porto,100.0,Rafa,SL Benfica,100.0,Benjamin Nygren,Celtic FC,82.3,Nicolás Otamendi,SL Benfica,DEF,100.0
GW 616,2,Extra MID,400.3,Jack Butland,Rangers FC,72.1,Leonardo Lelo,Sporting Braga,88.0,Orkun Kökçü,Beşiktaş Jimnastik Kulübü,85.6,Dodi Lukébakio,SL Benfica,69.5,Heorhii Sudakov,SL Benfica,MID,85.1
GW 616,3,Extra MID,355.7,Mert Günok,Fenerbahçe Spor Kulübü,71.1,Adrian Barišić,Sporting Braga,71.8,Milot Rashica,Beşiktaş Jimnastik Kulübü,77.8,Fran Navarro,Sporting Braga,62.6,Soumaïla Diabaté,FC Red Bull Salzburg,MID,72.4
GW 616,4,Extra DEF,329.5,Lukáš Horníček,Sporting Braga,62.7,António Silva,SL Benfica,70.8,Mads Bidstrup,FC Red Bull Salzburg,65.4,Terem Moffi,FC Porto,61.2,Jan Bednarek,FC Porto,DEF,69.4
GW 615,1,Extra FWD,465.0,Diogo Costa,FC Porto,82.6,Nicolás Otamendi,SL Benfica,100.0,Gabri Veiga,FC Porto,92.6,Trincão,Sporting Clube de Portugal,100.0,Yunus Akgün,Galatasaray Spor Kulübü,FWD,89.8
GW 615,2,Extra DEF,410.1,Anatolii Trubin,SL Benfica,67.6,Zeno Debast,Sporting Clube de Portugal,84.4,Pedro Gonçalves,Sporting Clube de Portugal,87.3,Vangelis Pavlidis,SL Benfica,87.3,Gonçalo Inácio,Sporting Clube de Portugal,DEF,83.5
GW 615,3,Extra FWD,386.7,Lukáš Horníček,Sporting Braga,67.0,Jakub Kiwior,FC Porto,82.5,Matija Mitrović,Vitória Guimarães SC,75.5,Junior Adamu,Celtic FC,82.5,Roland Sallai,Galatasaray Spor Kulübü,FWD,79.2
GW 615,4,Extra DEF,369.0,João Virgínia,Sporting Clube de Portugal,65.7,Ismail Jakobs,Galatasaray Spor Kulübü,78.6,Lucas Torreira,Galatasaray Spor Kulübü,72.3,Luis Suárez,Sporting Clube de Portugal,74.7,Amar Dedić,SL Benfica,DEF,77.7
GW 614,1,Extra MID,406.5,João Virgínia,Sporting Clube de Portugal,47.8,Nelson Semedo,Fenerbahçe Spor Kulübü,82.8,Enzo Barrenechea,SL Benfica,92.5,Trincão,Sporting Clube de Portugal,93.6,Geovany Quenda,Sporting Clube de Portugal,MID,89.8
GW 614,2,Extra DEF,323.4,Anatolii Trubin,SL Benfica,35.8,Milan Škriniar,Fenerbahçe Spor Kulübü,71.8,Heorhii Sudakov,SL Benfica,75.5,Vangelis Pavlidis,SL Benfica,69.9,Thiago Silva,FC Porto,DEF,70.4
GW 614,3,Extra MID,273.7,Uğurcan Çakır,Galatasaray Spor Kulübü,24.8,Levent Mercan,Fenerbahçe Spor Kulübü,63.6,Hidemasa Morita,Sporting Clube de Portugal,65.3,Leroy Sané,Galatasaray Spor Kulübü,60.0,Kochorashvili,Sporting Clube de Portugal,MID,60.0
GW 614,4,Extra DEF,212.0,Adem Ağaoğlu,Trabzonspor Kulübü,0.0,Sacha Boey,Galatasaray Spor Kulübü,58.3,İsmail Yüksek,Fenerbahçe Spor Kulübü,54.4,Gianluca Prestianni,SL Benfica,44.3,Amar Dedić,SL Benfica,DEF,55.0
GW 613,1,Extra DEF,433.5,Uğurcan Çakır,Galatasaray Spor Kulübü,76.8,Diogo Spencer,SL Benfica,96.5,Fred,Fenerbahçe Spor Kulübü,83.1,Barış Yılmaz,Galatasaray Spor Kulübü,87.3,Rodrigo Abascal,Vitória Guimarães SC,DEF,89.8
GW 613,2,Extra DEF,394.4,Ederson,Fenerbahçe Spor Kulübü,71.6,Jakub Kiwior,FC Porto,86.6,İsmail Yüksek,Fenerbahçe Spor Kulübü,75.0,Mauro Icardi,Galatasaray Spor Kulübü,78.1,Tuur Rommens,Rangers FC,DEF,83.1
GW 613,3,Extra DEF,380.9,Juan Castillo,Vitória Guimarães SC,70.8,Michael Murillo,Beşiktaş Jimnastik Kulübü,82.5,Borja Sainz,FC Porto,74.8,Václav Černý,Beşiktaş Jimnastik Kulübü,75.6,Milan Škriniar,Fenerbahçe Spor Kulübü,DEF,77.2
GW 613,4,Extra DEF,364.8,Diogo Costa,FC Porto,68.9,Saracchi,Celtic FC,77.2,Pedro Gonçalves,Sporting Clube de Portugal,70.3,Yunus Akgün,Galatasaray Spor Kulübü,72.0,Mert Müldür,Fenerbahçe Spor Kulübü,DEF,76.4
GW 612,1,Extra MID,420.0,Anatolii Trubin,SL Benfica,49.8,Derek Cornelius,Rangers FC,100.0,Kristjan Asllani,Beşiktaş Jimnastik Kulübü,88.2,Luis Suárez,Sporting Clube de Portugal,100.0,Thelonious Aasgaard,Rangers FC,MID,82.0
GW 612,2,Extra MID,308.0,Alexander Schlager,FC Red Bull Salzburg,35.7,Liam Scales,Celtic FC,37.5,Richard Ríos,SL Benfica,80.0,Hyeongyu Oh,Beşiktaş Jimnastik Kulübü,76.6,Oleksandr Zubkov,Trabzonspor Kulübü,MID,78.2
GW 612,3,Extra MID,253.3,André Onana,Trabzonspor Kulübü,35.0,Wilfried Singo,Galatasaray Spor Kulübü,35.0,Junior Olaïtan,Beşiktaş Jimnastik Kulübü,70.0,Daizen Maeda,Celtic FC,47.4,Heorhii Sudakov,SL Benfica,MID,65.9
GW 612,4,Extra MID,185.1,Diogo Costa,FC Porto,25.9,António Silva,SL Benfica,32.8,Nedim Bajrami,Rangers FC,46.3,Kerim-Sam Alajbegović,FC Red Bull Salzburg,40.8,Wilfred Ndidi,Beşiktaş Jimnastik Kulübü,MID,39.3
GW 611,1,Extra FWD,435.4,Alexander Schlager,FC Red Bull Salzburg,74.3,Gonçalo Inácio,Sporting Clube de Portugal,74.1,Nicolas Raskin,Rangers FC,87.0,Kerim-Sam Alajbegović,FC Red Bull Salzburg,100.0,Vangelis Pavlidis,SL Benfica,FWD,100.0
GW 611,2,Extra DEF,363.5,Diogo Costa,FC Porto,69.3,Georgios Vagiannidis,Sporting Clube de Portugal,72.2,Thiago Helguera,Sporting Braga,79.3,Václav Černý,Beşiktaş Jimnastik Kulübü,71.8,John Souttar,Rangers FC,DEF,70.9
GW 611,3,Extra DEF,307.8,Kasper Schmeichel,Celtic FC,67.3,Jakub Kiwior,FC Porto,68.2,Morten Hjulmand,Sporting Clube de Portugal,61.1,Andreas Skov Olsen,Rangers FC,45.7,Zeno Debast,Sporting Clube de Portugal,DEF,65.5
GW 611,4,Extra DEF,267.4,Anatolii Trubin,SL Benfica,51.3,Michael Murillo,Beşiktaş Jimnastik Kulübü,62.2,Kochorashvili,Sporting Clube de Portugal,51.0,Franjo Ivanović,SL Benfica,42.9,Milan Škriniar,Fenerbahçe Spor Kulübü,DEF,60.0
GW 610,1,Extra DEF,384.0,André Onana,Trabzonspor Kulübü,60.0,Zeno Debast,Sporting Clube de Portugal,100.0,Richard Ríos,SL Benfica,57.7,Andreas Schjelderup,SL Benfica,77.1,Nicolás Otamendi,SL Benfica,DEF,89.2
GW 610,2,Extra DEF,318.8,Viljami Sinisalo,Celtic FC,36.5,Mert Müldür,Fenerbahçe Spor Kulübü,84.6,Kochorashvili,Sporting Clube de Portugal,50.4,Kerem Aktürkoğlu,Fenerbahçe Spor Kulübü,73.3,Milan Škriniar,Fenerbahçe Spor Kulübü,DEF,74.0
GW 610,3,Extra DEF,272.1,Uğurcan Çakır,Galatasaray Spor Kulübü,32.3,Davinson Sánchez,Galatasaray Spor Kulübü,69.9,Thelonious Aasgaard,Rangers FC,41.2,Yunus Akgün,Galatasaray Spor Kulübü,68.7,Sidny Cabral,SL Benfica,DEF,60.0
GW 610,4,Extra DEF,198.6,Adem Ağaoğlu,Trabzonspor Kulübü,0.0,Michael Murillo,Beşiktaş Jimnastik Kulübü,57.5,Leandro Barreiro,SL Benfica,38.2,Nene Dorgeles,Fenerbahçe Spor Kulübü,60.0,Jakub Kiwior,FC Porto,DEF,42.9
GW 609,1,Extra DEF,410.1,Jack Butland,Rangers FC,70.3,Abdülkerim Bardakcı,Galatasaray Spor Kulübü,86.9,Oleksandr Zubkov,Trabzonspor Kulübü,90.1,Roger Fernandes,Sporting Braga,78.6,Archibald Brown,Fenerbahçe Spor Kulübü,DEF,84.2
GW 609,2,Extra DEF,384.1,Kasper Schmeichel,Celtic FC,70.3,Cameron Carter-Vickers,Celtic FC,80.4,Gabriel Sara,Galatasaray Spor Kulübü,81.4,Roland Sallai,Galatasaray Spor Kulübü,76.5,Davinson Sánchez,Galatasaray Spor Kulübü,DEF,75.5
GW 609,3,Extra DEF,348.5,Samuel Soares,SL Benfica,57.1,Liam Scales,Celtic FC,75.2,Mattéo Guendouzi,Fenerbahçe Spor Kulübü,71.2,Andreas Schjelderup,SL Benfica,72.4,Stefan Lainer,FC Red Bull Salzburg,DEF,72.6
GW 609,4,Extra DEF,334.0,Diogo Costa,FC Porto,47.2,Adrian Barišić,Sporting Braga,72.2,Leandro Barreiro,SL Benfica,70.4,William,FC Porto,72.1,Paulo Oliveira,Sporting Braga,DEF,72.1
GW 608,1,Extra DEF,367.7,Kasper Schmeichel,Celtic FC,77.4,Liam Scales,Celtic FC,79.0,Orkun Kökçü,Beşiktaş Jimnastik Kulübü,65.9,Kerem Aktürkoğlu,Fenerbahçe Spor Kulübü,72.6,Cameron Carter-Vickers,Celtic FC,DEF,72.8
GW 608,2,Extra FWD,333.6,Anatolii Trubin,SL Benfica,60.0,Chibuike Nwaiwu,Trabzonspor Kulübü,70.6,Ege Tıknaz,Sporting Braga,63.0,Gabri Martínez,Sporting Braga,70.0,Sandro Vidigal,Sporting Braga,FWD,70.0
GW 608,3,Extra DEF,313.8,Mert Günok,Fenerbahçe Spor Kulübü,55.4,Nicolás Otamendi,SL Benfica,69.3,Callum McGregor,Celtic FC,62.4,Daizen Maeda,Celtic FC,61.8,Amar Dedić,SL Benfica,DEF,64.9
GW 608,4,Extra MID,284.6,Jack Butland,Rangers FC,40.7,Milan Škriniar,Fenerbahçe Spor Kulübü,63.9,Leandro Barreiro,SL Benfica,60.0,Amine El Ouazzani,Sporting Braga,60.0,Maho Dorgeles,Sporting Braga,MID,60.0
GW 607,1,Extra DEF,484.0,Uğurcan Çakır,Galatasaray Spor Kulübü,86.1,Dane Murray,Celtic FC,100.0,Pedro Gonçalves,Sporting Clube de Portugal,100.0,Leroy Sané,Galatasaray Spor Kulübü,97.9,Emmanuel Agbadou,Beşiktaş Jimnastik Kulübü,DEF,100.0
GW 607,2,Extra DEF,461.6,Günay Güvenç,Galatasaray Spor Kulübü,79.0,Gonçalo Inácio,Sporting Clube de Portugal,100.0,Fredrik Aursnes,SL Benfica,88.3,Benjamin Nygren,Celtic FC,94.3,Nehuen Pérez,FC Porto,DEF,100.0
GW 607,3,Extra DEF,442.1,Samuel Soares,SL Benfica,76.0,Stefan Lainer,FC Red Bull Salzburg,100.0,Soumaïla Diabaté,FC Red Bull Salzburg,86.4,Oğuz Aydın,Fenerbahçe Spor Kulübü,82.5,Leonardo Lelo,Sporting Braga,DEF,97.2
GW 607,4,Extra DEF,430.1,Kasper Schmeichel,Celtic FC,75.5,Amar Dedić,SL Benfica,95.3,Nicolas Raskin,Rangers FC,83.6,Andreas Skov Olsen,Rangers FC,81.7,Stefan Savić,Trabzonspor Kulübü,DEF,94.0
GW 606,1,Extra MID,386.0,Anatolii Trubin,SL Benfica,83.1,Nelson Semedo,Fenerbahçe Spor Kulübü,77.6,Milot Rashica,Beşiktaş Jimnastik Kulübü,85.3,Gabri Martínez,Sporting Braga,60.0,Rodrigo Zalazar,Sporting Braga,MID,80.0
GW 606,2,Extra DEF,329.0,Kasper Schmeichel,Celtic FC,63.9,Emirhan Topçu,Beşiktaş Jimnastik Kulübü,71.5,Wilfred Ndidi,Beşiktaş Jimnastik Kulübü,66.7,Hyeongyu Oh,Beşiktaş Jimnastik Kulübü,60.0,Amar Dedić,SL Benfica,DEF,66.9
GW 606,3,Extra DEF,309.5,Lukáš Horníček,Sporting Braga,60.0,Cameron Carter-Vickers,Celtic FC,66.4,Callum McGregor,Celtic FC,60.0,Pau Víctor,Sporting Braga,60.0,Milan Škriniar,Fenerbahçe Spor Kulübü,DEF,63.1
GW 606,4,Extra DEF,284.9,Ersin Destanoğlu,Beşiktaş Jimnastik Kulübü,50.6,Liam Scales,Celtic FC,63.0,João Moutinho,Sporting Braga,60.0,Benjamin Nygren,Celtic FC,49.7,Chibuike Nwaiwu,Trabzonspor Kulübü,DEF,61.6
GW 605,1,Extra DEF,463.3,Lukáš Horníček,Sporting Braga,79.4,Gonçalo Inácio,Sporting Clube de Portugal,100.0,Victor Froholdt,FC Porto,99.6,Barış Yılmaz,Galatasaray Spor Kulübü,84.3,Ricardo Mangas,Sporting Clube de Portugal,DEF,100.0
GW 605,2,Extra DEF,424.6,Günay Güvenç,Galatasaray Spor Kulübü,78.7,Zaidu,FC Porto,86.5,Lucas Torreira,Galatasaray Spor Kulübü,92.0,Trincão,Sporting Clube de Portugal,82.6,Leonardo Lelo,Sporting Braga,DEF,84.8
GW 605,3,Extra DEF,393.9,Rui Silva,Sporting Clube de Portugal,71.0,Nehuen Pérez,FC Porto,83.7,Diego Rodrigues,Sporting Braga,81.3,Ricardo Horta,Sporting Braga,75.9,Milan Škriniar,Fenerbahçe Spor Kulübü,DEF,82.0
GW 605,4,Extra DEF,385.8,Uğurcan Çakır,Galatasaray Spor Kulübü,68.0,Davinson Sánchez,Galatasaray Spor Kulübü,81.6,Orkun Kökçü,Beşiktaş Jimnastik Kulübü,80.1,Roger Fernandes,Sporting Braga,75.1,Stefan Lainer,FC Red Bull Salzburg,DEF,81.0
GW 604,1,Extra MID,416.8,Anatolii Trubin,SL Benfica,64.0,Paulo Oliveira,Sporting Braga,91.3,Fredrik Aursnes,SL Benfica,91.2,Andreas Schjelderup,SL Benfica,81.3,Rodrigo Zalazar,Sporting Braga,MID,89.0
GW 604,2,Extra MID,371.8,Lukáš Horníček,Sporting Braga,63.8,Archibald Brown,Fenerbahçe Spor Kulübü,82.9,Rafa,SL Benfica,86.9,Samy Merheg,Sporting Braga,63.8,Ege Tıknaz,Sporting Braga,MID,74.4
GW 604,3,Extra DEF,340.3,Jack Butland,Rangers FC,59.8,Aleksa Terzić,FC Red Bull Salzburg,74.1,Maurits Kjærgaard,FC Red Bull Salzburg,70.0,Edmund Baidoo,FC Red Bull Salzburg,62.8,Nicolás Otamendi,SL Benfica,DEF,73.6
GW 604,4,Extra MID,298.8,Mert Günok,Fenerbahçe Spor Kulübü,36.6,António Silva,SL Benfica,73.4,Fred,Fenerbahçe Spor Kulübü,67.1,Oliver Antman,Rangers FC,54.7,Maho Dorgeles,Sporting Braga,MID,67.0
GW 603,1,Extra FWD,471.5,Lukáš Horníček,Sporting Braga,91.7,Eren Elmalı,Galatasaray Spor Kulübü,95.8,Maurits Kjærgaard,FC Red Bull Salzburg,84.0,Barış Yılmaz,Galatasaray Spor Kulübü,100.0,Benjamin Nygren,Celtic FC,FWD,100.0
GW 603,2,Extra FWD,448.6,Kasper Schmeichel,Celtic FC,75.3,John Souttar,Rangers FC,90.1,Arsenii Batahov,Trabzonspor Kulübü,83.8,Kerim-Sam Alajbegović,FC Red Bull Salzburg,100.0,Trincão,Sporting Clube de Portugal,FWD,99.4
GW 603,3,Extra DEF,427.1,Diogo Costa,FC Porto,73.2,Kieran Tierney,Celtic FC,89.4,Morten Hjulmand,Sporting Clube de Portugal,83.0,Roland Sallai,Galatasaray Spor Kulübü,92.7,Leonardo Lelo,Sporting Braga,DEF,88.8
GW 603,4,Extra DEF,410.7,Uğurcan Çakır,Galatasaray Spor Kulübü,72.0,Cameron Carter-Vickers,Celtic FC,88.5,Nicolas Raskin,Rangers FC,82.9,Yorbe Vertessen,FC Red Bull Salzburg,83.7,Alistair Johnston,Celtic FC,DEF,83.6
GW 602,1,Extra DEF,397.5,Anatolii Trubin,SL Benfica,66.4,Samuel Dahl,SL Benfica,100.0,Fredrik Aursnes,SL Benfica,86.7,Franjo Ivanović,SL Benfica,70.6,Nicolás Otamendi,SL Benfica,DEF,73.8
GW 602,2,Extra MID,348.2,Jack Butland,Rangers FC,60.0,Emirhan Topçu,Beşiktaş Jimnastik Kulübü,72.9,Rafa,SL Benfica,73.4,Djeidi Gassama,Rangers FC,70.0,Enzo Barrenechea,SL Benfica,MID,71.9
GW 602,3,Extra MID,310.0,Alexander Schlager,FC Red Bull Salzburg,51.5,Amar Dedić,SL Benfica,58.6,Jean-Baptiste Gorby,Sporting Braga,70.0,Fran Navarro,Sporting Braga,60.0,Mads Bidstrup,FC Red Bull Salzburg,MID,69.9
GW 602,4,Extra MID,285.0,Mert Günok,Fenerbahçe Spor Kulübü,41.0,António Silva,SL Benfica,55.7,Ege Tıknaz,Sporting Braga,66.1,Oliver Antman,Rangers FC,60.0,Fred,Fenerbahçe Spor Kulübü,MID,62.2
GW 601,1,Extra DEF,418.8,Kasper Schmeichel,Celtic FC,73.4,Alistair Johnston,Celtic FC,100.0,Tochi Chukwuani,Rangers FC,70.0,Yorbe Vertessen,FC Red Bull Salzburg,75.4,Liam Scales,Celtic FC,DEF,100.0
GW 601,2,Extra DEF,333.5,Jack Butland,Rangers FC,45.4,Tuur Rommens,Rangers FC,76.9,Luke McCowan,Celtic FC,63.2,Daizen Maeda,Celtic FC,75.0,Thiago Silva,FC Porto,DEF,73.0
GW 601,3,Extra DEF,311.8,Alexander Schlager,FC Red Bull Salzburg,42.4,James Tavernier,Rangers FC,69.5,Mads Bidstrup,FC Red Bull Salzburg,60.0,Sota Kitano,FC Red Bull Salzburg,71.3,Kieran Tierney,Celtic FC,DEF,68.6
GW 601,4,Extra DEF,248.0,Adem Ağaoğlu,Trabzonspor Kulübü,0.0,Max Aarons,Rangers FC,62.2,Callum McGregor,Celtic FC,55.4,Edmund Baidoo,FC Red Bull Salzburg,68.3,Nasser Djiga,Rangers FC,DEF,62.1
GW 600,1,Extra MID,363.6,Lukáš Horníček,Sporting Braga,60.0,Felix Uduokhai,Beşiktaş Jimnastik Kulübü,63.9,Maurits Kjærgaard,FC Red Bull Salzburg,100.0,Clement Bischoff,FC Red Bull Salzburg,77.3,Mads Bidstrup,FC Red Bull Salzburg,MID,62.4
GW 600,2,Extra FWD,289.8,Jack Butland,Rangers FC,56.5,John Souttar,Rangers FC,60.2,Nicolas Raskin,Rangers FC,53.1,Djeidi Gassama,Rangers FC,60.0,Fran Navarro,Sporting Braga,FWD,60.0
GW 600,3,Extra FWD,267.1,Alexander Schlager,FC Red Bull Salzburg,50.2,Frans Krätzig,FC Red Bull Salzburg,53.8,Kartal Yılmaz,Beşiktaş Jimnastik Kulübü,50.7,Sandro Vidigal,Sporting Braga,60.0,Nene Dorgeles,Fenerbahçe Spor Kulübü,FWD,52.4
GW 600,4,Extra MID,202.8,Mert Günok,Fenerbahçe Spor Kulübü,28.5,Nasser Djiga,Rangers FC,44.8,Heorhii Sudakov,SL Benfica,44.7,Fotis Ioannidis,Sporting Clube de Portugal,40.1,Rafa,SL Benfica,MID,44.7
GW 599,1,Extra FWD,168.5,Adem Ağaoğlu,Trabzonspor Kulübü,0.0,Thiago Silva,FC Porto,47.3,Abdou Fall,Fenerbahçe Spor Kulübü,0.0,Hyeongyu Oh,Beşiktaş Jimnastik Kulübü,61.2,Clement Bischoff,FC Red Bull Salzburg,FWD,60.0
GW 599,2,Extra FWD,113.4,Ahmet Yıldırım,Trabzonspor Kulübü,0.0,Tuur Rommens,Rangers FC,27.6,Adnan Fettahoğlu,Fenerbahçe Spor Kulübü,0.0,Michel-Ange Balikwisha,Celtic FC,53.2,Samy Merheg,Sporting Braga,FWD,32.6
GW 599,3,Extra DEF,22.5,Alaa Bellaarouch,Sporting Braga,0.0,Ricardo Mangas,Sporting Clube de Portugal,22.5,Aiden McCallion,Rangers FC,0.0,Ada Yüzgeç,Galatasaray Spor Kulübü,0.0,Abdülkerim Bardakcı,Galatasaray Spor Kulübü,DEF,0.0
GW 599,4,Extra DEF,0.0,Alexander Schlager,FC Red Bull Salzburg,0.0,Adam Montgomery,Celtic FC,0.0,Alan Varela,FC Porto,0.0,Ahmed Kutucu,Galatasaray Spor Kulübü,0.0,Adrian Barišić,Sporting Braga,DEF,0.0
GW 598,1,Extra DEF,418.6,Jack Butland,Rangers FC,77.7,John Souttar,Rangers FC,95.4,Nicolas Raskin,Rangers FC,79.7,Clement Bischoff,FC Red Bull Salzburg,80.6,Nasser Djiga,Rangers FC,DEF,85.2
GW 598,2,Extra MID,361.1,Lukáš Horníček,Sporting Braga,60.0,Max Aarons,Rangers FC,76.7,Mohammed Diomandé,Rangers FC,78.2,Karim Onisiwo,FC Red Bull Salzburg,75.0,Maurits Kjærgaard,FC Red Bull Salzburg,MID,71.2
GW 598,3,Extra FWD,293.6,Alexander Schlager,FC Red Bull Salzburg,34.7,Stefan Lainer,FC Red Bull Salzburg,66.8,Mads Bidstrup,FC Red Bull Salzburg,56.2,Djeidi Gassama,Rangers FC,68.0,Yorbe Vertessen,FC Red Bull Salzburg,FWD,67.9
GW 598,4,Extra FWD,257.6,Mert Günok,Fenerbahçe Spor Kulübü,20.8,James Tavernier,Rangers FC,60.8,Heorhii Sudakov,SL Benfica,49.2,Nene Dorgeles,Fenerbahçe Spor Kulübü,66.8,Ejike Opara,Vitória Guimarães SC,FWD,60.0
GW 597,1,Extra FWD,206.5,Adem Ağaoğlu,Trabzonspor Kulübü,0.0,Ricardo Mangas,Sporting Clube de Portugal,37.5,Victor Froholdt,FC Porto,57.5,Clement Bischoff,FC Red Bull Salzburg,74.8,Samy Merheg,Sporting Braga,FWD,36.7
GW 597,2,Extra DEF,31.6,Ahmet Yıldırım,Trabzonspor Kulübü,0.0,Thiago Silva,FC Porto,31.5,Abdou Fall,Fenerbahçe Spor Kulübü,0.0,Ada Yüzgeç,Galatasaray Spor Kulübü,0.0,Rômulo,Sporting Clube de Portugal,DEF,0.1
GW 597,3,Extra DEF,0.0,Alaa Bellaarouch,Sporting Braga,0.0,Abdülkerim Bardakcı,Galatasaray Spor Kulübü,0.0,Adnan Fettahoğlu,Fenerbahçe Spor Kulübü,0.0,Ahmed Kutucu,Galatasaray Spor Kulübü,0.0,Adam Montgomery,Celtic FC,DEF,0.0
GW 597,4,Extra DEF,0.0,Alexander Schlager,FC Red Bull Salzburg,0.0,Adrian Barišić,Sporting Braga,0.0,Aiden McCallion,Rangers FC,0.0,Ahmet Bircan,Beşiktaş Jimnastik Kulübü,0.0,Afonso Sousa,Sporting Braga,DEF,0.0
GW 596,1,Extra DEF,184.7,Adem Ağaoğlu,Trabzonspor Kulübü,0.0,Thiago Silva,FC Porto,92.6,Richard Ríos,SL Benfica,45.9,Ada Yüzgeç,Galatasaray Spor Kulübü,0.0,Rômulo,Sporting Clube de Portugal,DEF,46.2
GW 596,2,Extra DEF,35.0,Ahmet Yıldırım,Trabzonspor Kulübü,0.0,Abdülkerim Bardakcı,Galatasaray Spor Kulübü,0.0,Heorhii Sudakov,SL Benfica,35.0,Ahmed Kutucu,Galatasaray Spor Kulübü,0.0,Adam Montgomery,Celtic FC,DEF,0.0
GW 596,3,Extra DEF,0.0,Alaa Bellaarouch,Sporting Braga,0.0,Adrian Barišić,Sporting Braga,0.0,Abdou Fall,Fenerbahçe Spor Kulübü,0.0,Ahmet Bircan,Beşiktaş Jimnastik Kulübü,0.0,Afonso Sousa,Sporting Braga,DEF,0.0
GW 596,4,Extra DEF,0.0,Alexander Schlager,FC Red Bull Salzburg,0.0,Ahmet Tekke,Trabzonspor Kulübü,0.0,Adnan Fettahoğlu,Fenerbahçe Spor Kulübü,0.0,Alaettin Ekici,Fenerbahçe Spor Kulübü,0.0,Alberto Costa,FC Porto,DEF,0.0
GW 595,1,Extra DEF,27.6,Adem Ağaoğlu,Trabzonspor Kulübü,0.0,Abdülkerim Bardakcı,Galatasaray Spor Kulübü,0.0,Abdou Fall,Fenerbahçe Spor Kulübü,0.0,Samy Merheg,Sporting Braga,27.6,Adam Montgomery,Celtic FC,DEF,0.0
GW 595,2,Extra DEF,0.0,Ahmet Yıldırım,Trabzonspor Kulübü,0.0,Adrian Barišić,Sporting Braga,0.0,Adnan Fettahoğlu,Fenerbahçe Spor Kulübü,0.0,Ada Yüzgeç,Galatasaray Spor Kulübü,0.0,Afonso Sousa,Sporting Braga,DEF,0.0
GW 595,3,Extra DEF,0.0,Alaa Bellaarouch,Sporting Braga,0.0,Ahmet Tekke,Trabzonspor Kulübü,0.0,Aiden McCallion,Rangers FC,0.0,Ahmed Kutucu,Galatasaray Spor Kulübü,0.0,Alberto Costa,FC Porto,DEF,0.0
GW 595,4,Extra DEF,0.0,Alexander Schlager,FC Red Bull Salzburg,0.0,Aleksa Terzić,FC Red Bull Salzburg,0.0,Alan Varela,FC Porto,0.0,Ahmet Bircan,Beşiktaş Jimnastik Kulübü,0.0,Alexander Bah,SL Benfica,DEF,0.0
GW 594,1,Extra DEF,109.3,Adem Ağaoğlu,Trabzonspor Kulübü,0.0,Thiago Silva,FC Porto,74.3,Heorhii Sudakov,SL Benfica,35.0,Ada Yüzgeç,Galatasaray Spor Kulübü,0.0,Abdülkerim Bardakcı,Galatasaray Spor Kulübü,DEF,0.0
GW 594,2,Extra DEF,0.0,Ahmet Yıldırım,Trabzonspor Kulübü,0.0,Adam Montgomery,Celtic FC,0.0,Abdou Fall,Fenerbahçe Spor Kulübü,0.0,Ahmed Kutucu,Galatasaray Spor Kulübü,0.0,Adrian Barišić,Sporting Braga,DEF,0.0
GW 594,3,Extra DEF,0.0,Alaa Bellaarouch,Sporting Braga,0.0,Afonso Sousa,Sporting Braga,0.0,Adnan Fettahoğlu,Fenerbahçe Spor Kulübü,0.0,Ahmet Bircan,Beşiktaş Jimnastik Kulübü,0.0,Ahmet Tekke,Trabzonspor Kulübü,DEF,0.0
GW 594,4,Extra DEF,0.0,Alexander Schlager,FC Red Bull Salzburg,0.0,Alberto Costa,FC Porto,0.0,Aiden McCallion,Rangers FC,0.0,Alaettin Ekici,Fenerbahçe Spor Kulübü,0.0,Aleksa Terzić,FC Red Bull Salzburg,DEF,0.0
GW 593,1,Extra MID,223.6,Adem Ağaoğlu,Trabzonspor Kulübü,0.0,Sacha Boey,Galatasaray Spor Kulübü,58.9,Edson Álvarez,Fenerbahçe Spor Kulübü,100.0,Ada Yüzgeç,Galatasaray Spor Kulübü,0.0,Richard Ríos,SL Benfica,MID,64.7
GW 593,2,Extra DEF,38.6,Ahmet Yıldırım,Trabzonspor Kulübü,0.0,Thiago Silva,FC Porto,38.6,Abdou Fall,Fenerbahçe Spor Kulübü,0.0,Ahmed Kutucu,Galatasaray Spor Kulübü,0.0,Abdülkerim Bardakcı,Galatasaray Spor Kulübü,DEF,0.0
GW 593,3,Extra DEF,0.0,Alaa Bellaarouch,Sporting Braga,0.0,Adam Montgomery,Celtic FC,0.0,Adnan Fettahoğlu,Fenerbahçe Spor Kulübü,0.0,Ahmet Bircan,Beşiktaş Jimnastik Kulübü,0.0,Adrian Barišić,Sporting Braga,DEF,0.0
GW 593,4,Extra DEF,0.0,Alexander Schlager,FC Red Bull Salzburg,0.0,Afonso Sousa,Sporting Braga,0.0,Aiden McCallion,Rangers FC,0.0,Alaettin Ekici,Fenerbahçe Spor Kulübü,0.0,Ahmet Tekke,Trabzonspor Kulübü,DEF,0.0
GW 592,1,Extra DEF,323.6,Ederson,Fenerbahçe Spor Kulübü,30.2,António Silva,SL Benfica,97.9,Richard Ríos,SL Benfica,88.3,Leroy Sané,Galatasaray Spor Kulübü,42.5,Thiago Silva,FC Porto,DEF,64.7
GW 592,2,Extra DEF,218.7,Anatolii Trubin,SL Benfica,8.2,Alistair Johnston,Celtic FC,56.2,Ilkay Gündogan,Galatasaray Spor Kulübü,60.1,Andreas Schjelderup,SL Benfica,41.4,Bright Arrey-Mbi,Sporting Braga,DEF,52.8
GW 592,3,Extra DEF,186.8,Adem Ağaoğlu,Trabzonspor Kulübü,0.0,Derek Cornelius,Rangers FC,52.5,Kristjan Asllani,Beşiktaş Jimnastik Kulübü,43.4,Kerem Aktürkoğlu,Fenerbahçe Spor Kulübü,40.1,Nicolás Otamendi,SL Benfica,DEF,50.8
GW 592,4,Extra DEF,174.5,Ahmet Yıldırım,Trabzonspor Kulübü,0.0,Michael Murillo,Beşiktaş Jimnastik Kulübü,50.4,Edson Álvarez,Fenerbahçe Spor Kulübü,43.2,Vangelis Pavlidis,SL Benfica,32.8,Julián Araujo,Celtic FC,DEF,48.1
GW 591,1,Extra FWD,370.9,Anatolii Trubin,SL Benfica,80.9,Nicolás Otamendi,SL Benfica,71.1,Fredrik Aursnes,SL Benfica,71.8,William,FC Porto,78.5,Andreas Schjelderup,SL Benfica,FWD,68.6
GW 591,2,Extra DEF,297.9,Cláudio Ramos,FC Porto,41.2,António Silva,SL Benfica,65.4,Rodrigo Mora,FC Porto,62.7,Pepê,FC Porto,65.6,Samuel Dahl,SL Benfica,DEF,63.0
GW 591,3,Extra DEF,272.2,Ederson,Fenerbahçe Spor Kulübü,31.6,Francisco Moura,FC Porto,60.0,Gabri Veiga,FC Porto,60.6,Samu Omorodion,FC Porto,60.0,Stefan Lainer,FC Red Bull Salzburg,DEF,60.0
GW 591,4,Extra MID,236.6,Christian Zawieschitzky,FC Red Bull Salzburg,26.5,Bright Arrey-Mbi,Sporting Braga,56.1,Leandro Barreiro,SL Benfica,58.3,Nene Dorgeles,Fenerbahçe Spor Kulübü,41.2,Richard Ríos,SL Benfica,MID,54.5
GW 590,1,Extra DEF,477.2,Anatolii Trubin,SL Benfica,82.6,Nicolás Otamendi,SL Benfica,100.0,Ilkay Gündogan,Galatasaray Spor Kulübü,96.7,Clement Bischoff,FC Red Bull Salzburg,100.0,Michael Murillo,Beşiktaş Jimnastik Kulübü,DEF,97.9
GW 590,2,Extra DEF,424.4,Christian Zawieschitzky,FC Red Bull Salzburg,74.9,Bright Arrey-Mbi,Sporting Braga,94.6,Orkun Kökçü,Beşiktaş Jimnastik Kulübü,88.4,Vangelis Pavlidis,SL Benfica,80.2,António Silva,SL Benfica,DEF,86.3
GW 590,3,Extra FWD,349.2,Cláudio Ramos,FC Porto,52.5,Joane Gadou,FC Red Bull Salzburg,71.3,Leandro Barreiro,SL Benfica,82.0,Gianluca Prestianni,SL Benfica,77.4,Samu Omorodion,FC Porto,FWD,66.0
GW 590,4,Extra MID,274.1,Samuel Soares,SL Benfica,35.2,João Muniz,Sporting Clube de Portugal,62.7,Kristjan Asllani,Beşiktaş Jimnastik Kulübü,65.2,Nene Dorgeles,Fenerbahçe Spor Kulübü,50.0,Richard Ríos,SL Benfica,MID,61.0
GW 589,1,Extra MID,457.8,Ederson,Fenerbahçe Spor Kulübü,77.0,Sacha Boey,Galatasaray Spor Kulübü,100.0,Edson Álvarez,Fenerbahçe Spor Kulübü,100.0,Roger Fernandes,Sporting Braga,83.7,Mads Bidstrup,FC Red Bull Salzburg,MID,97.1
GW 589,2,Extra DEF,429.6,Samuel Soares,SL Benfica,73.5,Alberto Costa,FC Porto,95.5,Geovany Quenda,Sporting Clube de Portugal,95.9,Karim Onisiwo,FC Red Bull Salzburg,69.7,Nicolás Otamendi,SL Benfica,DEF,95.0
GW 589,3,Extra DEF,375.5,Cláudio Ramos,FC Porto,70.7,Michael Murillo,Beşiktaş Jimnastik Kulübü,89.7,Arsenii Batahov,Trabzonspor Kulübü,69.8,Clement Bischoff,FC Red Bull Salzburg,64.3,Francisco Moura,FC Porto,DEF,81.0
GW 589,4,Extra MID,319.1,Christian Zawieschitzky,FC Red Bull Salzburg,50.1,Thiago Silva,FC Porto,72.2,Orkun Kökçü,Beşiktaş Jimnastik Kulübü,67.8,Henrique Araújo,SL Benfica,63.8,Paulo Bernardo,Celtic FC,MID,65.2
GW 588,1,Extra DEF,431.4,Kasper Schmeichel,Celtic FC,80.7,Jakub Kiwior,FC Porto,100.0,Pablo Rosario,FC Porto,81.3,Oliver Antman,Rangers FC,69.9,Michael Murillo,Beşiktaş Jimnastik Kulübü,DEF,99.5
GW 588,2,Extra MID,353.9,Samuel Soares,SL Benfica,70.9,Jan Bednarek,FC Porto,62.0,Kristjan Asllani,Beşiktaş Jimnastik Kulübü,80.2,Fotis Ioannidis,Sporting Clube de Portugal,67.3,Maximiliano Araújo,Sporting Clube de Portugal,MID,73.5
GW 588,3,Extra DEF,247.0,Adem Ağaoğlu,Trabzonspor Kulübü,0.0,Mert Müldür,Fenerbahçe Spor Kulübü,59.8,Leandro Barreiro,SL Benfica,63.7,Noa Lang,Galatasaray Spor Kulübü,64.0,Aleksa Terzić,FC Red Bull Salzburg,DEF,59.5
GW 588,4,Extra DEF,213.8,Ahmet Yıldırım,Trabzonspor Kulübü,0.0,Nicolás Otamendi,SL Benfica,58.8,İsmail Yüksek,Fenerbahçe Spor Kulübü,52.6,Roland Sallai,Galatasaray Spor Kulübü,45.7,João Muniz,Sporting Clube de Portugal,DEF,56.7
GW 587,1,Extra DEF,408.1,Ross Doohan,Celtic FC,62.0,John Souttar,Rangers FC,90.4,İsmail Yüksek,Fenerbahçe Spor Kulübü,82.6,Franjo Ivanović,SL Benfica,93.8,Stefan Savić,Trabzonspor Kulübü,DEF,79.3
GW 587,2,Extra FWD,319.3,Diogo Costa,FC Porto,43.8,Amar Dedić,SL Benfica,69.8,Kristjan Asllani,Beşiktaş Jimnastik Kulübü,53.7,Benjamin Nygren,Celtic FC,77.7,Mustafa Eskihellaç,Trabzonspor Kulübü,FWD,74.3
GW 587,3,Extra FWD,277.4,Anatolii Trubin,SL Benfica,22.0,Derek Cornelius,Rangers FC,64.1,Orkun Kökçü,Beşiktaş Jimnastik Kulübü,52.0,Václav Černý,Beşiktaş Jimnastik Kulübü,70.5,Vangelis Pavlidis,SL Benfica,FWD,68.8
GW 587,4,Extra FWD,235.0,Adem Ağaoğlu,Trabzonspor Kulübü,0.0,Aleksa Terzić,FC Red Bull Salzburg,64.0,Oleksandr Zubkov,Trabzonspor Kulübü,45.7,Kerem Aktürkoğlu,Fenerbahçe Spor Kulübü,65.3,Hyeongyu Oh,Beşiktaş Jimnastik Kulübü,FWD,60.0
GW 586,1,Extra FWD,250.7,Diogo Costa,FC Porto,52.0,Gonçalo Inácio,Sporting Clube de Portugal,51.2,Maximiliano Araújo,Sporting Clube de Portugal,40.5,Hyeongyu Oh,Beşiktaş Jimnastik Kulübü,66.7,Leroy Sané,Galatasaray Spor Kulübü,FWD,40.3
GW 586,2,Extra FWD,133.8,Adem Ağaoğlu,Trabzonspor Kulübü,0.0,Nelson Semedo,Fenerbahçe Spor Kulübü,31.3,Rodrigo Zalazar,Sporting Braga,37.8,Trincão,Sporting Clube de Portugal,34.5,Samu Omorodion,FC Porto,FWD,30.2
GW 586,3,Extra DEF,0.0,Ahmet Yıldırım,Trabzonspor Kulübü,0.0,Abdülkerim Bardakcı,Galatasaray Spor Kulübü,0.0,Abdou Fall,Fenerbahçe Spor Kulübü,0.0,Ada Yüzgeç,Galatasaray Spor Kulübü,0.0,Adam Montgomery,Celtic FC,DEF,0.0
GW 586,4,Extra DEF,0.0,Alaa Bellaarouch,Sporting Braga,0.0,Adrian Barišić,Sporting Braga,0.0,Adnan Fettahoğlu,Fenerbahçe Spor Kulübü,0.0,Ahmed Kutucu,Galatasaray Spor Kulübü,0.0,Afonso Sousa,Sporting Braga,DEF,0.0
GW 585,1,Extra DEF,427.5,Mert Günok,Fenerbahçe Spor Kulübü,77.0,Kaan Ayhan,Galatasaray Spor Kulübü,93.8,Oleksandr Zubkov,Trabzonspor Kulübü,97.1,Victor Osimhen,Galatasaray Spor Kulübü,72.4,Ismail Jakobs,Galatasaray Spor Kulübü,DEF,87.2
GW 585,2,Extra FWD,314.2,Günay Güvenç,Galatasaray Spor Kulübü,34.6,Thiago Silva,FC Porto,75.5,Fred,Fenerbahçe Spor Kulübü,64.1,Mustafa Hekimoğlu,Beşiktaş Jimnastik Kulübü,70.0,Sota Kitano,FC Red Bull Salzburg,FWD,70.0
GW 585,3,Extra DEF,220.9,Adem Ağaoğlu,Trabzonspor Kulübü,0.0,Davinson Sánchez,Galatasaray Spor Kulübü,63.6,Tim Jabol-Folcarelli,Trabzonspor Kulübü,53.6,Mustafa Eskihellaç,Trabzonspor Kulübü,46.0,Felix Uduokhai,Beşiktaş Jimnastik Kulübü,DEF,57.7
GW 585,4,Extra DEF,206.6,Ahmet Yıldırım,Trabzonspor Kulübü,0.0,Yasin Özcan,Beşiktaş Jimnastik Kulübü,55.5,İsmail Yüksek,Fenerbahçe Spor Kulübü,53.3,Oğuz Aydın,Fenerbahçe Spor Kulübü,42.5,Milan Škriniar,Fenerbahçe Spor Kulübü,DEF,55.3
GW 584,1,Extra FWD,187.3,Adem Ağaoğlu,Trabzonspor Kulübü,0.0,Thiago Silva,FC Porto,52.1,Richard Ríos,SL Benfica,44.2,Michel-Ange Balikwisha,Celtic FC,52.1,Sota Kitano,FC Red Bull Salzburg,FWD,38.9
GW 584,2,Extra DEF,70.0,Ahmet Yıldırım,Trabzonspor Kulübü,0.0,Abdülkerim Bardakcı,Galatasaray Spor Kulübü,0.0,Wilfred Ndidi,Beşiktaş Jimnastik Kulübü,35.0,Kelechi Iheanacho,Celtic FC,35.0,Adam Montgomery,Celtic FC,DEF,0.0
GW 584,3,Extra DEF,0.0,Alaa Bellaarouch,Sporting Braga,0.0,Adrian Barišić,Sporting Braga,0.0,Abdou Fall,Fenerbahçe Spor Kulübü,0.0,Ada Yüzgeç,Galatasaray Spor Kulübü,0.0,Afonso Sousa,Sporting Braga,DEF,0.0
GW 584,4,Extra DEF,0.0,Alexander Schlager,FC Red Bull Salzburg,0.0,Ahmet Tekke,Trabzonspor Kulübü,0.0,Adnan Fettahoğlu,Fenerbahçe Spor Kulübü,0.0,Ahmed Kutucu,Galatasaray Spor Kulübü,0.0,Alberto Costa,FC Porto,DEF,0.0
GW 583,1,Extra MID,487.9,Ederson,Fenerbahçe Spor Kulübü,87.9,Ismail Jakobs,Galatasaray Spor Kulübü,100.0,Ilkay Gündogan,Galatasaray Spor Kulübü,100.0,Nene Dorgeles,Fenerbahçe Spor Kulübü,100.0,Victor Froholdt,FC Porto,MID,100.0
GW 583,2,Extra DEF,446.2,Günay Güvenç,Galatasaray Spor Kulübü,82.8,Kaan Ayhan,Galatasaray Spor Kulübü,99.7,Gökhan Sazdağı,Beşiktaş Jimnastik Kulübü,81.9,Michel-Ange Balikwisha,Celtic FC,94.4,Kieran Tierney,Celtic FC,DEF,87.4
GW 583,3,Extra FWD,331.5,Mert Günok,Fenerbahçe Spor Kulübü,38.2,Davinson Sánchez,Galatasaray Spor Kulübü,84.3,Talisca,Fenerbahçe Spor Kulübü,66.6,Franjo Ivanović,SL Benfica,72.7,Samy Merheg,Sporting Braga,FWD,69.7
GW 583,4,Extra DEF,296.7,Juan Castillo,Vitória Guimarães SC,33.5,Yasin Özcan,Beşiktaş Jimnastik Kulübü,69.0,Mattéo Guendouzi,Fenerbahçe Spor Kulübü,60.3,Umut Nayir,Trabzonspor Kulübü,66.2,Tuur Rommens,Rangers FC,DEF,67.7
GW 582,1,Extra DEF,233.1,Ederson,Fenerbahçe Spor Kulübü,32.2,Emmanuel Agbadou,Beşiktaş Jimnastik Kulübü,60.0,Ilkay Gündogan,Galatasaray Spor Kulübü,82.5,Ada Yüzgeç,Galatasaray Spor Kulübü,0.0,Frans Krätzig,FC Red Bull Salzburg,DEF,58.4
GW 582,2,Extra DEF,154.8,André Onana,Trabzonspor Kulübü,28.6,Gustaf Lagerbielke,Sporting Braga,40.8,Gabriel Moscardo,Sporting Braga,53.6,Ahmed Kutucu,Galatasaray Spor Kulübü,0.0,Nelson Semedo,Fenerbahçe Spor Kulübü,DEF,31.8
GW 582,3,Extra DEF,57.8,Adem Ağaoğlu,Trabzonspor Kulübü,0.0,Nasser Djiga,Rangers FC,30.6,Abdou Fall,Fenerbahçe Spor Kulübü,0.0,Ahmet Bircan,Beşiktaş Jimnastik Kulübü,0.0,Julián Araujo,Celtic FC,DEF,27.2
GW 582,4,Extra DEF,0.0,Ahmet Yıldırım,Trabzonspor Kulübü,0.0,Abdülkerim Bardakcı,Galatasaray Spor Kulübü,0.0,Adnan Fettahoğlu,Fenerbahçe Spor Kulübü,0.0,Alaettin Ekici,Fenerbahçe Spor Kulübü,0.0,Adam Montgomery,Celtic FC,DEF,0.0
GW 581,1,Extra DEF,463.0,Diogo Costa,FC Porto,99.5,Jakub Kiwior,FC Porto,100.0,Maximiliano Araújo,Sporting Clube de Portugal,86.8,Edmund Baidoo,FC Red Bull Salzburg,82.7,Martim Fernandes,FC Porto,DEF,94.0
GW 581,2,Extra DEF,411.7,Rui Silva,Sporting Clube de Portugal,67.6,Francisco Moura,FC Porto,90.9,Lucas Torreira,Galatasaray Spor Kulübü,85.5,Luuk de Jong,FC Porto,77.2,Ricardo Mangas,Sporting Clube de Portugal,DEF,90.5
GW 581,3,Extra MID,390.8,André Onana,Trabzonspor Kulübü,66.5,Alistair Johnston,Celtic FC,82.7,Nicolas Raskin,Rangers FC,83.2,Victor Osimhen,Galatasaray Spor Kulübü,77.2,Pedro Gonçalves,Sporting Clube de Portugal,MID,81.2
GW 581,4,Extra DEF,369.5,Anatolii Trubin,SL Benfica,63.1,Alberto Costa,FC Porto,76.8,Victor Froholdt,FC Porto,77.1,Benjamin Nygren,Celtic FC,75.7,Eren Elmalı,Galatasaray Spor Kulübü,DEF,76.8
GW 580,1,Extra MID,398.3,Viljami Sinisalo,Celtic FC,54.3,Anthony Ralston,Celtic FC,77.2,Luke McCowan,Celtic FC,98.5,Václav Černý,Beşiktaş Jimnastik Kulübü,80.4,Nicolas Raskin,Rangers FC,MID,87.9
GW 580,2,Extra MID,356.6,Jack Butland,Rangers FC,49.7,John Souttar,Rangers FC,75.5,James Forrest,Celtic FC,80.1,Yang Hyun-Jun,Celtic FC,77.3,Mohammed Diomandé,Rangers FC,MID,74.0
GW 580,3,Extra FWD,261.7,Adem Ağaoğlu,Trabzonspor Kulübü,0.0,Auston Trusty,Celtic FC,51.4,Paulo Bernardo,Celtic FC,66.7,Cengiz Ünder,Beşiktaş Jimnastik Kulübü,72.9,Luuk de Jong,FC Porto,FWD,70.7
GW 580,4,Extra MID,229.1,Ahmet Yıldırım,Trabzonspor Kulübü,0.0,Alistair Johnston,Celtic FC,48.5,Richard Ríos,SL Benfica,55.6,Noa Lang,Galatasaray Spor Kulübü,70.4,Enzo Barrenechea,SL Benfica,MID,54.6
GW 579,1,Extra MID,468.7,Liam Kelly,Rangers FC,83.0,Milan Škriniar,Fenerbahçe Spor Kulübü,91.7,Nicolas Raskin,Rangers FC,100.0,Noa Lang,Galatasaray Spor Kulübü,97.7,Reo Hatate,Celtic FC,MID,96.3
GW 579,2,Extra FWD,431.6,Ederson,Fenerbahçe Spor Kulübü,61.2,Abdülkerim Bardakcı,Galatasaray Spor Kulübü,91.5,Rafa,SL Benfica,95.1,Michel-Ange Balikwisha,Celtic FC,93.9,Umut Nayir,Trabzonspor Kulübü,FWD,89.9
GW 579,3,Extra DEF,389.0,Uğurcan Çakır,Galatasaray Spor Kulübü,49.7,James Tavernier,Rangers FC,87.2,Milot Rashica,Beşiktaş Jimnastik Kulübü,82.0,Václav Černý,Beşiktaş Jimnastik Kulübü,83.2,Anthony Ralston,Celtic FC,DEF,86.9
GW 579,4,Extra DEF,373.8,Diogo Costa,FC Porto,48.1,John Souttar,Rangers FC,86.4,Rodrigo Zalazar,Sporting Braga,79.9,Nene Dorgeles,Fenerbahçe Spor Kulübü,77.1,Derek Cornelius,Rangers FC,DEF,82.3
GW 578,1,Extra FWD,206.2,André Onana,Trabzonspor Kulübü,28.3,Rômulo,Sporting Clube de Portugal,75.0,Richard Ríos,SL Benfica,39.4,Samy Merheg,Sporting Braga,32.4,Pau Víctor,Sporting Braga,FWD,31.1
GW 578,2,Extra DEF,29.7,Adem Ağaoğlu,Trabzonspor Kulübü,0.0,Jakub Kiwior,FC Porto,29.7,Abdou Fall,Fenerbahçe Spor Kulübü,0.0,Ada Yüzgeç,Galatasaray Spor Kulübü,0.0,Abdülkerim Bardakcı,Galatasaray Spor Kulübü,DEF,0.0
GW 578,3,Extra DEF,0.0,Ahmet Yıldırım,Trabzonspor Kulübü,0.0,Adam Montgomery,Celtic FC,0.0,Adnan Fettahoğlu,Fenerbahçe Spor Kulübü,0.0,Ahmed Kutucu,Galatasaray Spor Kulübü,0.0,Adrian Barišić,Sporting Braga,DEF,0.0
GW 578,4,Extra DEF,0.0,Alaa Bellaarouch,Sporting Braga,0.0,Afonso Sousa,Sporting Braga,0.0,Aiden McCallion,Rangers FC,0.0,Ahmet Bircan,Beşiktaş Jimnastik Kulübü,0.0,Ahmet Tekke,Trabzonspor Kulübü,DEF,0.0
GW 577,1,Extra DEF,469.9,Mert Günok,Fenerbahçe Spor Kulübü,83.2,John Mellberg,FC Red Bull Salzburg,100.0,Mohammed Diomandé,Rangers FC,96.4,Leroy Sané,Galatasaray Spor Kulübü,93.7,Eduardo Quaresma,Sporting Clube de Portugal,DEF,96.6
GW 577,2,Extra FWD,435.4,Ederson,Fenerbahçe Spor Kulübü,66.2,Miguel Maga,Vitória Guimarães SC,91.5,Victor Froholdt,FC Porto,96.0,Roland Sallai,Galatasaray Spor Kulübü,92.1,Luis Suárez,Sporting Clube de Portugal,FWD,89.6
GW 577,3,Extra MID,404.3,Alexander Schlager,FC Red Bull Salzburg,60.5,Gonçalo Inácio,Sporting Clube de Portugal,86.8,Junior Olaïtan,Beşiktaş Jimnastik Kulübü,87.6,Ricardo Horta,Sporting Braga,82.6,Kristjan Asllani,Beşiktaş Jimnastik Kulübü,MID,86.8
GW 577,4,Extra MID,393.4,Anatolii Trubin,SL Benfica,60.0,Víctor Gómez,Sporting Braga,83.0,Lucas Torreira,Galatasaray Spor Kulübü,84.8,Victor Osimhen,Galatasaray Spor Kulübü,81.4,Borja Sainz,FC Porto,MID,84.2
GW 576,1,Extra FWD,323.5,André Onana,Trabzonspor Kulübü,70.3,Leonardo Lelo,Sporting Braga,50.2,Gabri Veiga,FC Porto,35.7,Michel-Ange Balikwisha,Celtic FC,85.9,Luis Suárez,Sporting Clube de Portugal,FWD,81.4
GW 576,2,Extra DEF,161.5,Adem Ağaoğlu,Trabzonspor Kulübü,0.0,Archibald Brown,Fenerbahçe Spor Kulübü,48.5,Renato Nhaga,Galatasaray Spor Kulübü,34.9,Jota Silva,Beşiktaş Jimnastik Kulübü,38.0,Jakub Kiwior,FC Porto,DEF,40.1
GW 576,3,Extra DEF,8.6,Ahmet Yıldırım,Trabzonspor Kulübü,0.0,Wagner Pina,Trabzonspor Kulübü,8.6,Abdou Fall,Fenerbahçe Spor Kulübü,0.0,Ada Yüzgeç,Galatasaray Spor Kulübü,0.0,Abdülkerim Bardakcı,Galatasaray Spor Kulübü,DEF,0.0
GW 576,4,Extra DEF,0.0,Alaa Bellaarouch,Sporting Braga,0.0,Adam Montgomery,Celtic FC,0.0,Adnan Fettahoğlu,Fenerbahçe Spor Kulübü,0.0,Ahmed Kutucu,Galatasaray Spor Kulübü,0.0,Adrian Barišić,Sporting Braga,DEF,0.0
GW 575,1,Extra MID,483.7,Viljami Sinisalo,Celtic FC,85.2,Alistair Johnston,Celtic FC,100.0,Rafa,SL Benfica,100.0,Trincão,Sporting Clube de Portugal,100.0,João Mendes,Vitória Guimarães SC,MID,98.5
GW 575,2,Extra DEF,444.7,Anatolii Trubin,SL Benfica,76.5,Cameron Carter-Vickers,Celtic FC,93.3,Maximiliano Araújo,Sporting Clube de Portugal,87.7,Victor Osimhen,Galatasaray Spor Kulübü,94.5,Nicolás Otamendi,SL Benfica,DEF,92.7
GW 575,3,Extra DEF,426.5,João Costa,FC Porto,70.4,Chibuike Nwaiwu,Trabzonspor Kulübü,90.6,Lucas Torreira,Galatasaray Spor Kulübü,85.7,Kerem Aktürkoğlu,Fenerbahçe Spor Kulübü,89.8,Eduardo Quaresma,Sporting Clube de Portugal,DEF,90.0
GW 575,4,Extra FWD,404.7,Rui Silva,Sporting Clube de Portugal,62.5,Samuel Dahl,SL Benfica,88.4,Milot Rashica,Beşiktaş Jimnastik Kulübü,84.3,Daizen Maeda,Celtic FC,85.3,Vangelis Pavlidis,SL Benfica,FWD,84.2
GW 574,1,Extra MID,400.3,Alexander Schlager,FC Red Bull Salzburg,46.4,Jakub Kiwior,FC Porto,92.0,Soumaïla Diabaté,FC Red Bull Salzburg,100.0,Benjamin Nygren,Celtic FC,74.3,Mads Bidstrup,FC Red Bull Salzburg,MID,87.6
GW 574,2,Extra DEF,303.0,Adem Ağaoğlu,Trabzonspor Kulübü,0.0,Chibuike Nwaiwu,Trabzonspor Kulübü,78.1,Maho Dorgeles,Sporting Braga,81.5,Michel-Ange Balikwisha,Celtic FC,72.1,Tuur Rommens,Rangers FC,DEF,71.3
GW 574,3,Extra FWD,259.9,Ahmet Yıldırım,Trabzonspor Kulübü,0.0,Joane Gadou,FC Red Bull Salzburg,68.9,Moussa Yeo,FC Red Bull Salzburg,66.2,Luuk de Jong,FC Porto,62.9,Noa Lang,Galatasaray Spor Kulübü,FWD,61.9
GW 574,4,Extra MID,206.3,Alaa Bellaarouch,Sporting Braga,0.0,Aleksa Terzić,FC Red Bull Salzburg,53.5,Mattéo Guendouzi,Fenerbahçe Spor Kulübü,53.0,Sota Kitano,FC Red Bull Salzburg,50.8,Valentin Sulzbacher,FC Red Bull Salzburg,MID,49.0
GW 573,1,Extra DEF,482.7,Anatolii Trubin,SL Benfica,87.0,Davinson Sánchez,Galatasaray Spor Kulübü,100.0,Gökhan Sazdağı,Beşiktaş Jimnastik Kulübü,100.0,Nene Dorgeles,Fenerbahçe Spor Kulübü,95.7,Michael Murillo,Beşiktaş Jimnastik Kulübü,DEF,100.0
GW 573,2,Extra MID,448.3,Uğurcan Çakır,Galatasaray Spor Kulübü,77.0,Aleksa Terzić,FC Red Bull Salzburg,95.2,Pablo Rosario,FC Porto,97.2,Yunus Akgün,Galatasaray Spor Kulübü,84.0,Rodrigo Mora,FC Porto,MID,94.9
GW 573,3,Extra MID,421.6,João Costa,FC Porto,75.5,Eren Elmalı,Galatasaray Spor Kulübü,84.3,João Moutinho,Sporting Braga,94.1,Vangelis Pavlidis,SL Benfica,75.8,Lucas Torreira,Galatasaray Spor Kulübü,MID,91.9
GW 573,4,Extra DEF,393.2,Lukáš Horníček,Sporting Braga,73.3,Stefan Savić,Trabzonspor Kulübü,84.3,Gabriel Sara,Galatasaray Spor Kulübü,87.3,Andreas Schjelderup,SL Benfica,65.9,Abdülkerim Bardakcı,Galatasaray Spor Kulübü,DEF,82.4
GW 572,1,Extra MID,353.6,André Onana,Trabzonspor Kulübü,43.2,James Tavernier,Rangers FC,67.4,Mattéo Guendouzi,Fenerbahçe Spor Kulübü,98.0,Samy Merheg,Sporting Braga,65.5,Victor Froholdt,FC Porto,MID,79.5
GW 572,2,Extra MID,237.1,Liam Kelly,Rangers FC,34.4,Rıdvan Yılmaz,Beşiktaş Jimnastik Kulübü,42.1,Richard Ríos,SL Benfica,64.7,Václav Černý,Beşiktaş Jimnastik Kulübü,39.3,Mohammed Diomandé,Rangers FC,MID,56.6
GW 572,3,Extra MID,161.5,Adem Ağaoğlu,Trabzonspor Kulübü,0.0,Jakub Kiwior,FC Porto,38.3,Nicolas Raskin,Rangers FC,43.4,Leroy Sané,Galatasaray Spor Kulübü,37.0,Thelonious Aasgaard,Rangers FC,MID,42.8
GW 572,4,Extra MID,138.8,Ahmet Yıldırım,Trabzonspor Kulübü,0.0,Kieran Tierney,Celtic FC,35.0,Nedim Bajrami,Rangers FC,35.5,Oskar Pietuszewski,FC Porto,34.7,Marco Asensio,Fenerbahçe Spor Kulübü,MID,33.6
GW 571,1,Extra FWD,462.2,Uğurcan Çakır,Galatasaray Spor Kulübü,72.4,Cameron Carter-Vickers,Celtic FC,100.0,Orkun Kökçü,Beşiktaş Jimnastik Kulübü,93.2,Noa Lang,Galatasaray Spor Kulübü,98.7,Benjamin Nygren,Celtic FC,FWD,97.9
GW 571,2,Extra DEF,437.4,Diogo Costa,FC Porto,72.1,Davinson Sánchez,Galatasaray Spor Kulübü,96.2,Ege Tıknaz,Sporting Braga,89.1,Yunus Akgün,Galatasaray Spor Kulübü,87.1,Liam Scales,Celtic FC,DEF,92.9
GW 571,3,Extra MID,395.9,Rui Silva,Sporting Clube de Portugal,69.3,Alistair Johnston,Celtic FC,76.6,Reo Hatate,Celtic FC,86.6,Ricardo Horta,Sporting Braga,82.7,Oleksandr Zubkov,Trabzonspor Kulübü,MID,80.7
GW 571,4,Extra FWD,369.9,Ederson,Fenerbahçe Spor Kulübü,60.0,Zeno Debast,Sporting Clube de Portugal,74.6,Lucas Torreira,Galatasaray Spor Kulübü,78.5,Luis Suárez,Sporting Clube de Portugal,79.3,Mustafa Eskihellaç,Trabzonspor Kulübü,FWD,77.5
GW 570,1,Extra MID,357.9,Liam Kelly,Rangers FC,91.0,James Tavernier,Rangers FC,69.0,Richard Ríos,SL Benfica,69.1,Djeidi Gassama,Rangers FC,68.2,Thelonious Aasgaard,Rangers FC,MID,60.6
GW 570,2,Extra DEF,246.2,André Onana,Trabzonspor Kulübü,14.9,Rıdvan Yılmaz,Beşiktaş Jimnastik Kulübü,60.3,Mattéo Guendouzi,Fenerbahçe Spor Kulübü,56.4,Anthony Musaba,Fenerbahçe Spor Kulübü,60.0,Jakub Kiwior,FC Porto,DEF,54.6
GW 570,3,Extra FWD,184.4,Adem Ağaoğlu,Trabzonspor Kulübü,0.0,Dujon Sterling,Rangers FC,43.4,Borja Sainz,FC Porto,47.7,Cengiz Ünder,Beşiktaş Jimnastik Kulübü,49.1,Václav Černý,Beşiktaş Jimnastik Kulübü,FWD,44.2
GW 570,4,Extra MID,148.9,Ahmet Yıldırım,Trabzonspor Kulübü,0.0,Sacha Boey,Galatasaray Spor Kulübü,33.7,Connor Barron,Rangers FC,39.9,Leroy Sané,Galatasaray Spor Kulübü,39.4,Nicolas Raskin,Rangers FC,MID,35.9
GW 569,1,Extra MID,443.0,Ross Doohan,Celtic FC,79.1,Wagner Pina,Trabzonspor Kulübü,98.5,Talisca,Fenerbahçe Spor Kulübü,94.2,Oliver Antman,Rangers FC,86.5,Mads Bidstrup,FC Red Bull Salzburg,MID,84.7
GW 569,2,Extra DEF,402.9,André Onana,Trabzonspor Kulübü,77.4,Jan Bednarek,FC Porto,81.5,Orkun Kökçü,Beşiktaş Jimnastik Kulübü,81.1,Vangelis Pavlidis,SL Benfica,81.5,Rodrigo Abascal,Vitória Guimarães SC,DEF,81.4
GW 569,3,Extra DEF,378.9,Ederson,Fenerbahçe Spor Kulübü,71.6,Aleksa Terzić,FC Red Bull Salzburg,79.1,Salih Uçan,Beşiktaş Jimnastik Kulübü,72.2,Kerem Aktürkoğlu,Fenerbahçe Spor Kulübü,77.9,Cameron Carter-Vickers,Celtic FC,DEF,78.1
GW 569,4,Extra FWD,361.8,João Costa,FC Porto,67.9,Nicolás Otamendi,SL Benfica,77.3,Kartal Yılmaz,Beşiktaş Jimnastik Kulübü,69.3,Nene Dorgeles,Fenerbahçe Spor Kulübü,74.8,Michel-Ange Balikwisha,Celtic FC,FWD,72.5
GW 568,1,Extra FWD,385.5,Ederson,Fenerbahçe Spor Kulübü,66.0,António Silva,SL Benfica,69.0,Fredrik Aursnes,SL Benfica,79.8,Kerem Aktürkoğlu,Fenerbahçe Spor Kulübü,96.2,Vangelis Pavlidis,SL Benfica,FWD,74.5
GW 568,2,Extra MID,301.5,Anatolii Trubin,SL Benfica,41.2,Thiago Silva,FC Porto,59.7,Marco Asensio,Fenerbahçe Spor Kulübü,73.5,Paul Onuachu,Trabzonspor Kulübü,60.0,Richard Ríos,SL Benfica,MID,67.1
GW 568,3,Extra DEF,259.2,André Onana,Trabzonspor Kulübü,35.4,Emmanuel Agbadou,Beşiktaş Jimnastik Kulübü,57.6,Ilkay Gündogan,Galatasaray Spor Kulübü,65.3,Cengiz Ünder,Beşiktaş Jimnastik Kulübü,49.5,Rodrigo Abascal,Vitória Guimarães SC,DEF,51.4
GW 568,4,Extra FWD,179.5,Adem Ağaoğlu,Trabzonspor Kulübü,0.0,Nicolás Otamendi,SL Benfica,48.2,Orkun Kökçü,Beşiktaş Jimnastik Kulübü,42.9,Sota Kitano,FC Red Bull Salzburg,44.5,Luis Guilherme,Sporting Clube de Portugal,FWD,43.9
GW 567,1,Extra DEF,454.0,Viljami Sinisalo,Celtic FC,75.7,John Souttar,Rangers FC,95.7,Rafa,SL Benfica,94.6,Ricardo Horta,Sporting Braga,92.8,Leonardo Lelo,Sporting Braga,DEF,95.2
GW 567,2,Extra DEF,436.4,Anatolii Trubin,SL Benfica,71.7,Mert Müldür,Fenerbahçe Spor Kulübü,94.3,Callum McGregor,Celtic FC,89.3,Oğuz Aydın,Fenerbahçe Spor Kulübü,88.1,Dujon Sterling,Rangers FC,DEF,93.0
GW 567,3,Extra DEF,405.7,Rui Silva,Sporting Clube de Portugal,60.0,Milan Škriniar,Fenerbahçe Spor Kulübü,92.3,Lucas Torreira,Galatasaray Spor Kulübü,80.2,Leroy Sané,Galatasaray Spor Kulübü,83.3,Francisco Moura,FC Porto,DEF,89.9
GW 567,4,Extra DEF,369.9,Devis Vásquez,Beşiktaş Jimnastik Kulübü,43.5,Eduardo Quaresma,Sporting Clube de Portugal,87.2,Telmo Arcanjo,Vitória Guimarães SC,77.7,Bruma,SL Benfica,80.6,Aleksa Terzić,FC Red Bull Salzburg,DEF,80.9
GW 566,1,Extra FWD,359.8,André Onana,Trabzonspor Kulübü,35.0,Wagner Pina,Trabzonspor Kulübü,60.0,Gökhan Sazdağı,Beşiktaş Jimnastik Kulübü,100.0,Václav Černý,Beşiktaş Jimnastik Kulübü,100.0,Bojan Miovski,Rangers FC,FWD,64.8
GW 566,2,Extra FWD,225.5,Adem Ağaoğlu,Trabzonspor Kulübü,0.0,Nicolás Otamendi,SL Benfica,42.1,Geny Catamo,Sporting Clube de Portugal,60.0,Benjamin Nygren,Celtic FC,63.4,Victor Osimhen,Galatasaray Spor Kulübü,FWD,60.0
GW 566,3,Extra MID,192.3,Ahmet Yıldırım,Trabzonspor Kulübü,0.0,Gustaf Lagerbielke,Sporting Braga,26.2,Maximiliano Araújo,Sporting Clube de Portugal,57.3,Andreas Schjelderup,SL Benfica,51.9,Kartal Yılmaz,Beşiktaş Jimnastik Kulübü,MID,56.9
GW 566,4,Extra MID,124.7,Alaa Bellaarouch,Sporting Braga,0.0,Abdülkerim Bardakcı,Galatasaray Spor Kulübü,0.0,Leandro Barreiro,SL Benfica,40.8,Sota Kitano,FC Red Bull Salzburg,45.8,Junior Olaïtan,Beşiktaş Jimnastik Kulübü,MID,38.1
GW 565,1,Extra DEF,431.5,Kasper Schmeichel,Celtic FC,70.7,Georgios Vagiannidis,Sporting Clube de Portugal,97.6,Kristjan Asllani,Beşiktaş Jimnastik Kulübü,98.2,Bojan Miovski,Rangers FC,76.8,Milan Škriniar,Fenerbahçe Spor Kulübü,DEF,88.2
GW 565,2,Extra DEF,395.1,Uğurcan Çakır,Galatasaray Spor Kulübü,66.3,Jakub Kiwior,FC Porto,85.7,Kochorashvili,Sporting Clube de Portugal,86.9,Trincão,Sporting Clube de Portugal,74.4,Abdülkerim Bardakcı,Galatasaray Spor Kulübü,DEF,81.8
GW 565,3,Extra FWD,328.3,Diogo Costa,FC Porto,40.6,John Souttar,Rangers FC,68.7,Thelonious Aasgaard,Rangers FC,78.7,Andreas Schjelderup,SL Benfica,70.3,Victor Osimhen,Galatasaray Spor Kulübü,FWD,70.0
GW 565,4,Extra FWD,300.3,Alexander Schlager,FC Red Bull Salzburg,37.7,Nicolás Otamendi,SL Benfica,61.4,Milot Rashica,Beşiktaş Jimnastik Kulübü,65.3,Barış Yılmaz,Galatasaray Spor Kulübü,68.5,Oliver Antman,Rangers FC,FWD,67.4
GW 564,1,Extra FWD,416.9,Diogo Costa,FC Porto,87.4,Anthony Ralston,Celtic FC,79.0,Kochorashvili,Sporting Clube de Portugal,80.7,Oğuz Aydın,Fenerbahçe Spor Kulübü,88.7,Kerem Aktürkoğlu,Fenerbahçe Spor Kulübü,FWD,81.1
GW 564,2,Extra MID,332.2,Kasper Schmeichel,Celtic FC,64.3,Milan Škriniar,Fenerbahçe Spor Kulübü,75.3,Orkun Kökçü,Beşiktaş Jimnastik Kulübü,66.7,Andreas Skov Olsen,Rangers FC,65.9,Junior Olaïtan,Beşiktaş Jimnastik Kulübü,MID,60.0
GW 564,3,Extra FWD,288.3,André Onana,Trabzonspor Kulübü,60.0,Eren Elmalı,Galatasaray Spor Kulübü,57.2,Florian Grillitsch,Sporting Braga,51.1,El Bilal Touré,Beşiktaş Jimnastik Kulübü,60.0,Nene Dorgeles,Fenerbahçe Spor Kulübü,FWD,60.0
GW 564,4,Extra DEF,233.8,Alexander Schlager,FC Red Bull Salzburg,32.6,Mert Müldür,Fenerbahçe Spor Kulübü,56.7,Mattéo Guendouzi,Fenerbahçe Spor Kulübü,46.9,Fotis Ioannidis,Sporting Clube de Portugal,42.3,John Souttar,Rangers FC,DEF,55.3
GW 563,1,Extra MID,458.3,Uğurcan Çakır,Galatasaray Spor Kulübü,98.5,Frans Krätzig,FC Red Bull Salzburg,86.1,Nicolas Raskin,Rangers FC,90.8,Luis Suárez,Sporting Clube de Portugal,92.7,Orkun Kökçü,Beşiktaş Jimnastik Kulübü,MID,90.2
GW 563,2,Extra FWD,416.8,Lukáš Horníček,Sporting Braga,85.5,Tim Drexler,FC Red Bull Salzburg,77.0,Zé Carlos,Vitória Guimarães SC,77.1,Victor Osimhen,Galatasaray Spor Kulübü,88.9,Barış Yılmaz,Galatasaray Spor Kulübü,FWD,88.3
GW 563,3,Extra FWD,400.2,André Onana,Trabzonspor Kulübü,82.1,Davinson Sánchez,Galatasaray Spor Kulübü,72.5,Kochorashvili,Sporting Clube de Portugal,75.9,Luuk de Jong,FC Porto,85.6,Noa Lang,Galatasaray Spor Kulübü,FWD,84.1
GW 563,4,Extra FWD,387.5,Alexander Schlager,FC Red Bull Salzburg,81.0,Francisco Moura,FC Porto,68.1,Fredrik Aursnes,SL Benfica,74.6,Daizen Maeda,Celtic FC,83.2,Trincão,Sporting Clube de Portugal,FWD,80.6
GW 562,1,Extra DEF,395.8,André Onana,Trabzonspor Kulübü,39.5,Mert Müldür,Fenerbahçe Spor Kulübü,100.0,Borja Sainz,FC Porto,89.7,Felipe Augusto,Trabzonspor Kulübü,81.8,Nicolás Otamendi,SL Benfica,DEF,84.8
GW 562,2,Extra MID,347.0,Anatolii Trubin,SL Benfica,37.8,Milan Škriniar,Fenerbahçe Spor Kulübü,73.8,Marco Asensio,Fenerbahçe Spor Kulübü,82.0,Cengiz Ünder,Beşiktaş Jimnastik Kulübü,76.7,Gabri Veiga,FC Porto,MID,76.7
GW 562,3,Extra FWD,289.6,Jack Butland,Rangers FC,26.2,António Silva,SL Benfica,60.0,Thelonious Aasgaard,Rangers FC,74.0,Djeidi Gassama,Rangers FC,65.8,Fotis Ioannidis,Sporting Clube de Portugal,FWD,63.6
GW 562,4,Extra DEF,221.2,Adem Ağaoğlu,Trabzonspor Kulübü,0.0,Jayden Meghoma,Rangers FC,54.9,Fred,Fenerbahçe Spor Kulübü,62.1,Václav Černý,Beşiktaş Jimnastik Kulübü,49.7,Samuel Dahl,SL Benfica,DEF,54.5
GW 561,1,Extra MID,463.4,Samuel Soares,SL Benfica,90.2,Leonardo Lelo,Sporting Braga,86.3,Enzo Barrenechea,SL Benfica,95.7,Oliver Antman,Rangers FC,100.0,Orkun Kökçü,Beşiktaş Jimnastik Kulübü,MID,91.2
GW 561,2,Extra DEF,417.9,Lukáš Horníček,Sporting Braga,69.1,Gustaf Lagerbielke,Sporting Braga,86.0,Rafa,SL Benfica,90.3,Franjo Ivanović,SL Benfica,87.3,Stefan Lainer,FC Red Bull Salzburg,DEF,85.2
GW 561,3,Extra FWD,387.7,Alexander Schlager,FC Red Bull Salzburg,60.6,Víctor Gómez,Sporting Braga,78.3,Kochorashvili,Sporting Clube de Portugal,84.5,Sota Kitano,FC Red Bull Salzburg,84.3,Benjamin Nygren,Celtic FC,FWD,80.0
GW 561,4,Extra DEF,353.1,André Onana,Trabzonspor Kulübü,54.8,Nicolás Otamendi,SL Benfica,76.4,Oleksandr Zubkov,Trabzonspor Kulübü,69.1,Ricardo Horta,Sporting Braga,78.7,Davinson Sánchez,Galatasaray Spor Kulübü,DEF,74.1
GW 560,1,Extra MID,375.3,Jack Butland,Rangers FC,64.2,Nicolás Otamendi,SL Benfica,61.5,Mattéo Guendouzi,Fenerbahçe Spor Kulübü,86.8,Václav Černý,Beşiktaş Jimnastik Kulübü,79.7,Mohammed Diomandé,Rangers FC,MID,83.1
GW 560,2,Extra MID,324.2,Anatolii Trubin,SL Benfica,49.8,João Mendes,Vitória Guimarães SC,60.9,Marco Asensio,Fenerbahçe Spor Kulübü,69.8,Noa Lang,Galatasaray Spor Kulübü,76.6,Nicolas Raskin,Rangers FC,MID,67.1
GW 560,3,Extra FWD,290.0,André Onana,Trabzonspor Kulübü,43.7,Milan Škriniar,Fenerbahçe Spor Kulübü,59.7,João Mendes,Vitória Guimarães SC,64.9,Nélson Oliveira,Vitória Guimarães SC,61.7,Luuk de Jong,FC Porto,FWD,60.0
GW 560,4,Extra MID,232.0,Juan Castillo,Vitória Guimarães SC,14.1,Samuel Dahl,SL Benfica,47.5,Gabri Veiga,FC Porto,58.0,Kerem Aktürkoğlu,Fenerbahçe Spor Kulübü,57.8,Kristjan Asllani,Beşiktaş Jimnastik Kulübü,MID,54.6
GW 559,1,Extra DEF,439.1,Diogo Costa,FC Porto,77.2,Gustaf Lagerbielke,Sporting Braga,99.4,Arsenii Batahov,Trabzonspor Kulübü,74.9,Yang Hyun-Jun,Celtic FC,91.1,Zeno Debast,Sporting Clube de Portugal,DEF,96.5
GW 559,2,Extra DEF,415.3,Mert Günok,Fenerbahçe Spor Kulübü,72.0,Mert Müldür,Fenerbahçe Spor Kulübü,93.4,Arne Engels,Celtic FC,72.0,Karim Onisiwo,FC Red Bull Salzburg,85.2,Emirhan Topçu,Beşiktaş Jimnastik Kulübü,DEF,92.7
GW 559,3,Extra DEF,379.1,Kasper Schmeichel,Celtic FC,48.3,Gonçalo Inácio,Sporting Clube de Portugal,89.7,Mario Lemina,Galatasaray Spor Kulübü,71.5,Leroy Sané,Galatasaray Spor Kulübü,80.8,Çağlar Söyüncü,Fenerbahçe Spor Kulübü,DEF,88.8
GW 559,4,Extra FWD,362.2,Alexander Schlager,FC Red Bull Salzburg,47.3,Dominik Prpić,FC Porto,84.6,Victor Froholdt,FC Porto,71.4,Victor Osimhen,Galatasaray Spor Kulübü,80.5,Andreas Skov Olsen,Rangers FC,FWD,78.4
GW 558,1,Extra FWD,441.6,Ederson,Fenerbahçe Spor Kulübü,86.2,James Tavernier,Rangers FC,88.1,Arne Engels,Celtic FC,100.0,Daizen Maeda,Celtic FC,85.3,Sota Kitano,FC Red Bull Salzburg,FWD,82.0
GW 558,2,Extra MID,339.6,Jack Butland,Rangers FC,34.7,Alistair Johnston,Celtic FC,70.0,Callum McGregor,Celtic FC,81.2,Jota,Celtic FC,77.4,Mohammed Diomandé,Rangers FC,MID,76.3
GW 558,3,Extra FWD,306.3,Kasper Schmeichel,Celtic FC,30.2,Rıdvan Yılmaz,Beşiktaş Jimnastik Kulübü,68.6,Luke McCowan,Celtic FC,72.0,Yang Hyun-Jun,Celtic FC,71.2,Benjamin Nygren,Celtic FC,FWD,64.3
GW 558,4,Extra MID,267.3,André Onana,Trabzonspor Kulübü,20.2,Saracchi,Celtic FC,63.6,Nedim Bajrami,Rangers FC,62.5,Václav Černý,Beşiktaş Jimnastik Kulübü,62.1,Wilfred Ndidi,Beşiktaş Jimnastik Kulübü,MID,58.9
GW 557,1,Extra DEF,460.4,Lukáš Horníček,Sporting Braga,83.3,Samuel Dahl,SL Benfica,100.0,Rafa,SL Benfica,91.9,Roger Fernandes,Sporting Braga,88.8,Gustaf Lagerbielke,Sporting Braga,DEF,96.4
GW 557,2,Extra MID,408.4,João Costa,FC Porto,71.5,Paulo Oliveira,Sporting Braga,84.6,Borja Sainz,FC Porto,84.3,Alioune Ndoye,Vitória Guimarães SC,84.5,Edin Višća,Trabzonspor Kulübü,MID,83.5
GW 557,3,Extra MID,384.6,Samuel Soares,SL Benfica,66.5,Nicolás Otamendi,SL Benfica,70.4,Maximiliano Araújo,Sporting Clube de Portugal,83.5,Trincão,Sporting Clube de Portugal,81.5,Jean-Baptiste Gorby,Sporting Braga,MID,82.7
GW 557,4,Extra MID,365.2,Alexander Schlager,FC Red Bull Salzburg,63.0,Davinson Sánchez,Galatasaray Spor Kulübü,70.0,Marco Asensio,Fenerbahçe Spor Kulübü,82.5,Benjamin Nygren,Celtic FC,68.0,Mads Bidstrup,FC Red Bull Salzburg,MID,81.7
GW 556,1,Extra DEF,423.8,Rui Silva,Sporting Clube de Portugal,81.1,Eduardo Quaresma,Sporting Clube de Portugal,100.0,Orkun Kökçü,Beşiktaş Jimnastik Kulübü,71.7,Luuk de Jong,FC Porto,82.4,Archibald Brown,Fenerbahçe Spor Kulübü,DEF,88.6
GW 556,2,Extra FWD,372.5,Günay Güvenç,Galatasaray Spor Kulübü,64.1,Alistair Johnston,Celtic FC,81.9,Lucas Torreira,Galatasaray Spor Kulübü,67.8,Noa Lang,Galatasaray Spor Kulübü,81.6,Victor Osimhen,Galatasaray Spor Kulübü,FWD,77.1
GW 556,3,Extra FWD,346.4,Kasper Schmeichel,Celtic FC,62.9,Davinson Sánchez,Galatasaray Spor Kulübü,69.4,Fredrik Aursnes,SL Benfica,66.4,Barış Yılmaz,Galatasaray Spor Kulübü,74.9,Roland Sallai,Galatasaray Spor Kulübü,FWD,72.8
GW 556,4,Extra DEF,313.3,Ederson,Fenerbahçe Spor Kulübü,51.1,Milan Škriniar,Fenerbahçe Spor Kulübü,68.7,Alan Varela,FC Porto,55.7,Vangelis Pavlidis,SL Benfica,70.0,Abdülkerim Bardakcı,Galatasaray Spor Kulübü,DEF,67.8
GW 555,1,Extra DEF,437.3,Ederson,Fenerbahçe Spor Kulübü,86.8,Auston Trusty,Celtic FC,94.5,Kartal Yılmaz,Beşiktaş Jimnastik Kulübü,78.9,Dodi Lukébakio,SL Benfica,89.3,Francisco Moura,FC Porto,DEF,87.8
GW 555,2,Extra DEF,414.4,Anatolii Trubin,SL Benfica,80.0,Gustaf Lagerbielke,Sporting Braga,87.1,Edin Višća,Trabzonspor Kulübü,76.9,Victor Osimhen,Galatasaray Spor Kulübü,84.1,Cameron Carter-Vickers,Celtic FC,DEF,86.3
GW 555,3,Extra DEF,395.7,Diogo Costa,FC Porto,70.8,Tim Drexler,FC Red Bull Salzburg,84.0,Ilkay Gündogan,Galatasaray Spor Kulübü,76.8,Bruma,SL Benfica,82.7,Michael Murillo,Beşiktaş Jimnastik Kulübü,DEF,81.4
GW 555,4,Extra DEF,381.9,Lukáš Horníček,Sporting Braga,70.5,Abdülkerim Bardakcı,Galatasaray Spor Kulübü,79.4,Callum McGregor,Celtic FC,74.5,Oğuz Aydın,Fenerbahçe Spor Kulübü,78.2,Mert Müldür,Fenerbahçe Spor Kulübü,DEF,79.3
GW 554,1,Extra DEF,424.5,Anatolii Trubin,SL Benfica,73.6,Nicolás Otamendi,SL Benfica,100.0,Geovany Quenda,Sporting Clube de Portugal,65.9,Sota Kitano,FC Red Bull Salzburg,99.6,Saracchi,Celtic FC,DEF,85.4
GW 554,2,Extra FWD,328.0,Ederson,Fenerbahçe Spor Kulübü,45.4,Abdülkerim Bardakcı,Galatasaray Spor Kulübü,70.8,Leandro Barreiro,SL Benfica,65.8,Roland Sallai,Galatasaray Spor Kulübü,76.8,Yang Hyun-Jun,Celtic FC,FWD,69.2
GW 554,3,Extra FWD,299.7,Rui Silva,Sporting Clube de Portugal,43.3,Milan Škriniar,Fenerbahçe Spor Kulübü,65.1,Alan Varela,FC Porto,62.0,Fotis Ioannidis,Sporting Clube de Portugal,64.9,Vangelis Pavlidis,SL Benfica,FWD,64.4
GW 554,4,Extra FWD,279.5,Diogo Costa,FC Porto,42.8,Alistair Johnston,Celtic FC,62.0,Orkun Kökçü,Beşiktaş Jimnastik Kulübü,54.0,Luuk de Jong,FC Porto,60.4,Daizen Maeda,Celtic FC,FWD,60.3
GW 553,1,Extra MID,473.9,Uğurcan Çakır,Galatasaray Spor Kulübü,95.0,Paulo Oliveira,Sporting Braga,98.6,Orkun Kökçü,Beşiktaş Jimnastik Kulübü,93.7,Roger Fernandes,Sporting Braga,100.0,Anthony Nwakaeme,Trabzonspor Kulübü,MID,86.6
GW 553,2,Extra FWD,404.7,Alexander Schlager,FC Red Bull Salzburg,75.9,Emirhan Topçu,Beşiktaş Jimnastik Kulübü,83.5,Geovany Quenda,Sporting Clube de Portugal,76.1,Hyeongyu Oh,Beşiktaş Jimnastik Kulübü,84.7,Noa Lang,Galatasaray Spor Kulübü,FWD,84.5
GW 553,3,Extra DEF,384.2,Lukáš Horníček,Sporting Braga,75.1,Stefan Savić,Trabzonspor Kulübü,81.9,Morten Hjulmand,Sporting Clube de Portugal,67.1,Vangelis Pavlidis,SL Benfica,79.3,Tomás Araújo,SL Benfica,DEF,80.8
GW 553,4,Extra DEF,356.8,Juan Castillo,Vitória Guimarães SC,74.6,Wagner Pina,Trabzonspor Kulübü,75.0,Arsenii Batahov,Trabzonspor Kulübü,66.6,Oliver Antman,Rangers FC,70.6,Dominik Prpić,FC Porto,DEF,70.0
GW 552,1,Extra DEF,458.7,Kasper Schmeichel,Celtic FC,66.1,Alistair Johnston,Celtic FC,100.0,Arne Engels,Celtic FC,99.5,Daizen Maeda,Celtic FC,93.1,Cameron Carter-Vickers,Celtic FC,DEF,100.0
GW 552,2,Extra DEF,286.3,Adem Ağaoğlu,Trabzonspor Kulübü,0.0,Auston Trusty,Celtic FC,96.5,Callum McGregor,Celtic FC,51.4,Jota,Celtic FC,75.2,Adrian Barišić,Sporting Braga,DEF,63.2
GW 552,3,Extra MID,128.8,Ahmet Yıldırım,Trabzonspor Kulübü,0.0,Abdülkerim Bardakcı,Galatasaray Spor Kulübü,0.0,Reo Hatate,Celtic FC,48.0,Alioune Ndoye,Vitória Guimarães SC,33.5,Paulo Bernardo,Celtic FC,MID,47.3
GW 552,4,Extra DEF,34.5,Alaa Bellaarouch,Sporting Braga,0.0,Adam Montgomery,Celtic FC,0.0,Luke McCowan,Celtic FC,34.5,Ada Yüzgeç,Galatasaray Spor Kulübü,0.0,Afonso Sousa,Sporting Braga,DEF,0.0
GW 551,1,Extra DEF,467.9,Uğurcan Çakır,Galatasaray Spor Kulübü,94.1,James Tavernier,Rangers FC,100.0,Manu,SL Benfica,92.5,Daizen Maeda,Celtic FC,91.8,Anthony Ralston,Celtic FC,DEF,89.5
GW 551,2,Extra MID,417.2,Jack Butland,Rangers FC,69.1,John Souttar,Rangers FC,89.4,Telmo Arcanjo,Vitória Guimarães SC,87.7,Djeidi Gassama,Rangers FC,84.0,Kartal Yılmaz,Beşiktaş Jimnastik Kulübü,MID,87.0
GW 551,3,Extra MID,375.5,Tarık Çetin,Fenerbahçe Spor Kulübü,47.3,Stefan Savić,Trabzonspor Kulübü,82.5,Nicolas Raskin,Rangers FC,86.9,Trincão,Sporting Clube de Portugal,73.1,João Moutinho,Sporting Braga,MID,85.7
GW 551,4,Extra MID,352.2,Devis Vásquez,Beşiktaş Jimnastik Kulübü,43.5,Milan Škriniar,Fenerbahçe Spor Kulübü,77.1,Samu,Vitória Guimarães SC,82.3,Jota,Celtic FC,68.8,Tim Jabol-Folcarelli,Trabzonspor Kulübü,MID,80.5
GW 550,1,Extra DEF,406.1,Lukáš Horníček,Sporting Braga,79.9,James Tavernier,Rangers FC,89.9,Nicolas Raskin,Rangers FC,78.4,Ricardo Horta,Sporting Braga,72.9,Víctor Gómez,Sporting Braga,DEF,85.0
GW 550,2,Extra MID,339.8,Diogo Costa,FC Porto,65.8,Tiago Djaló,Beşiktaş Jimnastik Kulübü,65.6,İsmail Yüksek,Fenerbahçe Spor Kulübü,76.4,Mikey Moore,Rangers FC,67.8,Gabriel Sara,Galatasaray Spor Kulübü,MID,64.2
GW 550,3,Extra FWD,281.9,Mert Günok,Fenerbahçe Spor Kulübü,38.2,Paulo Oliveira,Sporting Braga,61.2,Lucas Torreira,Galatasaray Spor Kulübü,61.4,Václav Černý,Beşiktaş Jimnastik Kulübü,61.1,Victor Osimhen,Galatasaray Spor Kulübü,FWD,60.0
GW 550,4,Extra DEF,237.3,Jack Butland,Rangers FC,29.0,Bright Arrey-Mbi,Sporting Braga,58.7,João Moutinho,Sporting Braga,49.2,Roger Fernandes,Sporting Braga,49.2,Gustaf Lagerbielke,Sporting Braga,DEF,51.2
GW 549,1,Extra DEF,385.7,Anatolii Trubin,SL Benfica,73.7,Nicolás Otamendi,SL Benfica,80.3,Orkun Kökçü,Beşiktaş Jimnastik Kulübü,75.8,Vangelis Pavlidis,SL Benfica,77.9,Saracchi,Celtic FC,DEF,78.0
GW 549,2,Extra DEF,333.5,Ederson,Fenerbahçe Spor Kulübü,48.3,Alistair Johnston,Celtic FC,76.6,Reo Hatate,Celtic FC,69.4,Leroy Sané,Galatasaray Spor Kulübü,66.4,Tomás Araújo,SL Benfica,DEF,72.8
GW 549,3,Extra MID,269.2,Alexander Schlager,FC Red Bull Salzburg,32.9,Alexander Bah,SL Benfica,60.0,Tochi Chukwuani,Rangers FC,66.8,Nene Dorgeles,Fenerbahçe Spor Kulübü,45.5,João Simões,Sporting Clube de Portugal,MID,64.0
GW 549,4,Extra DEF,233.4,Kasper Schmeichel,Celtic FC,22.9,António Silva,SL Benfica,58.1,Geny Catamo,Sporting Clube de Portugal,54.7,Trincão,Sporting Clube de Portugal,42.8,Nasser Djiga,Rangers FC,DEF,54.9
GW 548,1,Extra DEF,453.1,Ederson,Fenerbahçe Spor Kulübü,77.2,Davinson Sánchez,Galatasaray Spor Kulübü,93.6,Alan Varela,FC Porto,100.0,Oğuz Aydın,Fenerbahçe Spor Kulübü,94.6,Ousmane Diomande,Sporting Clube de Portugal,DEF,87.7
GW 548,2,Extra DEF,411.1,Lukáš Horníček,Sporting Braga,71.0,Dominik Prpić,FC Porto,87.6,Morten Hjulmand,Sporting Clube de Portugal,83.7,Luuk de Jong,FC Porto,83.2,Óscar Rivas,Vitória Guimarães SC,DEF,85.6
GW 548,3,Extra DEF,391.7,André Onana,Trabzonspor Kulübü,67.0,Víctor Gómez,Sporting Braga,82.6,Beni,Vitória Guimarães SC,80.3,Victor Osimhen,Galatasaray Spor Kulübü,81.0,Emmanuel Agbadou,Beşiktaş Jimnastik Kulübü,DEF,80.8
GW 548,4,Extra DEF,376.4,Juan Castillo,Vitória Guimarães SC,66.6,Felix Uduokhai,Beşiktaş Jimnastik Kulübü,77.9,Seko Fofana,FC Porto,79.7,Dodi Lukébakio,SL Benfica,75.6,Jan Bednarek,FC Porto,DEF,76.6
GW 547,1,Extra DEF,447.6,Kasper Schmeichel,Celtic FC,78.5,Wilfried Singo,Galatasaray Spor Kulübü,92.5,Rafa,SL Benfica,100.0,Barış Yılmaz,Galatasaray Spor Kulübü,87.0,Nasser Djiga,Rangers FC,DEF,89.6
GW 547,2,Extra FWD,387.5,Mert Günok,Fenerbahçe Spor Kulübü,44.5,James Tavernier,Rangers FC,89.0,Milot Rashica,Beşiktaş Jimnastik Kulübü,84.9,Vangelis Pavlidis,SL Benfica,85.0,Djeidi Gassama,Rangers FC,FWD,84.1
GW 547,3,Extra FWD,335.9,Ederson,Fenerbahçe Spor Kulübü,35.1,Amar Dedić,SL Benfica,72.8,Fred,Fenerbahçe Spor Kulübü,73.9,Franjo Ivanović,SL Benfica,77.4,Kerem Aktürkoğlu,Fenerbahçe Spor Kulübü,FWD,76.7
GW 547,4,Extra FWD,325.4,Lukáš Horníček,Sporting Braga,33.7,Jayden Meghoma,Rangers FC,71.6,Reo Hatate,Celtic FC,72.0,Luuk de Jong,FC Porto,74.8,Victor Osimhen,Galatasaray Spor Kulübü,FWD,73.3
GW 546,1,Extra MID,468.6,Ederson,Fenerbahçe Spor Kulübü,82.5,Nicolás Otamendi,SL Benfica,94.4,Arsenii Batahov,Trabzonspor Kulübü,100.0,Ahmed Kutucu,Galatasaray Spor Kulübü,91.7,Leandro Barreiro,SL Benfica,MID,100.0
GW 546,2,Extra MID,448.6,Mert Günok,Fenerbahçe Spor Kulübü,77.1,Gonçalo Inácio,Sporting Clube de Portugal,88.3,Orkun Kökçü,Beşiktaş Jimnastik Kulübü,100.0,Kerem Aktürkoğlu,Fenerbahçe Spor Kulübü,88.9,Kristjan Asllani,Beşiktaş Jimnastik Kulübü,MID,94.3
GW 546,3,Extra MID,412.8,Uğurcan Çakır,Galatasaray Spor Kulübü,72.7,Mert Müldür,Fenerbahçe Spor Kulübü,80.5,Ozan Tufan,Trabzonspor Kulübü,92.7,Andreas Schjelderup,SL Benfica,75.1,Morten Hjulmand,Sporting Clube de Portugal,MID,91.8
GW 546,4,Extra MID,382.1,Rui Silva,Sporting Clube de Portugal,63.1,Levent Mercan,Fenerbahçe Spor Kulübü,79.1,Edin Višća,Trabzonspor Kulübü,85.5,Dodi Lukébakio,SL Benfica,74.3,Mattéo Guendouzi,Fenerbahçe Spor Kulübü,MID,80.1
GW 545,1,Extra DEF,415.7,Liam Kelly,Rangers FC,82.0,Rıdvan Yılmaz,Beşiktaş Jimnastik Kulübü,90.6,Luke McCowan,Celtic FC,69.1,Leroy Sané,Galatasaray Spor Kulübü,93.7,Alistair Johnston,Celtic FC,DEF,80.3
GW 545,2,Extra FWD,313.5,Ross Doohan,Celtic FC,54.0,Jan Bednarek,FC Porto,63.3,Arne Engels,Celtic FC,60.0,Yang Hyun-Jun,Celtic FC,72.8,Václav Černý,Beşiktaş Jimnastik Kulübü,FWD,63.4
GW 545,3,Extra MID,257.5,André Onana,Trabzonspor Kulübü,48.1,Auston Trusty,Celtic FC,56.5,Nicolas Raskin,Rangers FC,58.9,Tomáš Čvančara,Celtic FC,41.5,Callum McGregor,Celtic FC,MID,52.5
GW 545,4,Extra MID,221.9,Diogo Costa,FC Porto,39.2,Nelson Semedo,Fenerbahçe Spor Kulübü,45.3,Mohammed Diomandé,Rangers FC,51.8,Pepê,FC Porto,35.8,Edson Álvarez,Fenerbahçe Spor Kulübü,MID,49.8
GW 544,1,Extra MID,472.8,Ross Doohan,Celtic FC,89.0,Mert Müldür,Fenerbahçe Spor Kulübü,94.4,Edin Višća,Trabzonspor Kulübü,100.0,Yang Hyun-Jun,Celtic FC,89.4,Mohammed Diomandé,Rangers FC,MID,100.0
GW 544,2,Extra DEF,403.4,Uğurcan Çakır,Galatasaray Spor Kulübü,71.4,Wilfried Singo,Galatasaray Spor Kulübü,84.5,Kochorashvili,Sporting Clube de Portugal,81.3,Barış Yılmaz,Galatasaray Spor Kulübü,86.1,Archibald Brown,Fenerbahçe Spor Kulübü,DEF,80.1
GW 544,3,Extra FWD,353.5,Mert Günok,Fenerbahçe Spor Kulübü,42.4,Frans Krätzig,FC Red Bull Salzburg,77.1,Arne Engels,Celtic FC,77.0,Luuk de Jong,FC Porto,79.3,Václav Černý,Beşiktaş Jimnastik Kulübü,FWD,77.7
GW 544,4,Extra FWD,329.2,Liam Kelly,Rangers FC,34.9,Çağlar Söyüncü,Fenerbahçe Spor Kulübü,74.6,Arsenii Batahov,Trabzonspor Kulübü,69.4,Oliver Antman,Rangers FC,77.6,Yunus Akgün,Galatasaray Spor Kulübü,FWD,72.7
GW 543,1,Extra DEF,399.6,Kasper Schmeichel,Celtic FC,71.2,Cameron Carter-Vickers,Celtic FC,92.1,Callum McGregor,Celtic FC,72.3,Daizen Maeda,Celtic FC,82.4,Auston Trusty,Celtic FC,DEF,81.6
GW 543,2,Extra MID,306.0,Liam Kelly,Rangers FC,39.9,Alistair Johnston,Celtic FC,76.7,Reo Hatate,Celtic FC,64.7,Václav Černý,Beşiktaş Jimnastik Kulübü,68.9,Paulo Bernardo,Celtic FC,MID,55.8
GW 543,3,Extra MID,171.5,Adem Ağaoğlu,Trabzonspor Kulübü,0.0,Rıdvan Yılmaz,Beşiktaş Jimnastik Kulübü,23.5,Connor Barron,Rangers FC,55.4,Yang Hyun-Jun,Celtic FC,40.2,Nedim Bajrami,Rangers FC,MID,52.4
GW 543,4,Extra MID,101.2,Ahmet Yıldırım,Trabzonspor Kulübü,0.0,Abdülkerim Bardakcı,Galatasaray Spor Kulübü,0.0,Kochorashvili,Sporting Clube de Portugal,51.4,Ada Yüzgeç,Galatasaray Spor Kulübü,0.0,Luke McCowan,Celtic FC,MID,49.8
GW 542,1,Extra DEF,425.1,Kasper Schmeichel,Celtic FC,74.4,Auston Trusty,Celtic FC,97.6,Arne Engels,Celtic FC,79.2,Ahmed Kutucu,Galatasaray Spor Kulübü,78.0,Kaan Ayhan,Galatasaray Spor Kulübü,DEF,95.9
GW 542,2,Extra DEF,381.5,Mert Günok,Fenerbahçe Spor Kulübü,54.3,Michael Murillo,Beşiktaş Jimnastik Kulübü,91.7,Telmo Arcanjo,Vitória Guimarães SC,77.6,Václav Černý,Beşiktaş Jimnastik Kulübü,69.5,Víctor Gómez,Sporting Braga,DEF,88.4
GW 542,3,Extra DEF,356.9,André Onana,Trabzonspor Kulübü,43.0,Alistair Johnston,Celtic FC,86.5,Gabriel Sara,Galatasaray Spor Kulübü,75.7,Anthony Musaba,Fenerbahçe Spor Kulübü,67.1,Nicolás Otamendi,SL Benfica,DEF,84.6
GW 542,4,Extra DEF,335.2,Ross Doohan,Celtic FC,37.5,Çağlar Söyüncü,Fenerbahçe Spor Kulübü,81.2,Geovany Quenda,Sporting Clube de Portugal,74.1,Trincão,Sporting Clube de Portugal,66.5,Derek Cornelius,Rangers FC,DEF,75.9
GW 541,1,Extra FWD,362.6,Liam Kelly,Rangers FC,60.9,Rıdvan Yılmaz,Beşiktaş Jimnastik Kulübü,73.5,Nicolas Raskin,Rangers FC,88.5,Djeidi Gassama,Rangers FC,79.7,Anthony Musaba,Fenerbahçe Spor Kulübü,FWD,60.0
GW 541,2,Extra DEF,262.5,Kasper Schmeichel,Celtic FC,45.2,Dujon Sterling,Rangers FC,58.1,Mohammed Diomandé,Rangers FC,57.4,Václav Černý,Beşiktaş Jimnastik Kulübü,48.6,Cameron Carter-Vickers,Celtic FC,DEF,53.2
GW 541,3,Extra MID,199.4,Ross Doohan,Celtic FC,40.7,Liam Scales,Celtic FC,34.5,Nedim Bajrami,Rangers FC,47.9,Daizen Maeda,Celtic FC,31.1,Paulo Bernardo,Celtic FC,MID,45.2
GW 541,4,Extra MID,95.4,Adem Ağaoğlu,Trabzonspor Kulübü,0.0,Alistair Johnston,Celtic FC,16.2,Callum McGregor,Celtic FC,41.2,Ada Yüzgeç,Galatasaray Spor Kulübü,0.0,Arne Engels,Celtic FC,MID,38.0
GW 540,1,Extra DEF,431.5,Diogo Costa,FC Porto,69.5,Alberto Costa,FC Porto,100.0,Paulo Bernardo,Celtic FC,85.5,Roger Fernandes,Sporting Braga,76.8,Nehuen Pérez,FC Porto,DEF,99.7
GW 540,2,Extra DEF,387.0,Kasper Schmeichel,Celtic FC,63.6,Rıdvan Yılmaz,Beşiktaş Jimnastik Kulübü,87.0,Geny Catamo,Sporting Clube de Portugal,82.2,Amine El Ouazzani,Sporting Braga,72.0,Liam Scales,Celtic FC,DEF,82.2
GW 540,3,Extra MID,364.9,Anatolii Trubin,SL Benfica,55.4,Eduardo Quaresma,Sporting Clube de Portugal,78.7,Reo Hatate,Celtic FC,80.7,Daizen Maeda,Celtic FC,71.1,Orkun Kökçü,Beşiktaş Jimnastik Kulübü,MID,79.0
GW 540,4,Extra DEF,336.7,Devis Vásquez,Beşiktaş Jimnastik Kulübü,42.0,Jan Bednarek,FC Porto,74.9,Arne Engels,Celtic FC,76.1,Samu Omorodion,FC Porto,70.0,Martim Fernandes,FC Porto,DEF,73.7
GW 539,1,Extra DEF,431.6,Kasper Schmeichel,Celtic FC,62.0,Anthony Ralston,Celtic FC,100.0,Callum McGregor,Celtic FC,88.7,Andreas Skov Olsen,Rangers FC,80.9,Liam Scales,Celtic FC,DEF,100.0
GW 539,2,Extra MID,314.5,André Onana,Trabzonspor Kulübü,13.3,Cameron Carter-Vickers,Celtic FC,71.7,Arne Engels,Celtic FC,83.9,Franjo Ivanović,SL Benfica,70.5,Nicolas Raskin,Rangers FC,MID,75.1
GW 539,3,Extra FWD,267.7,Jack Butland,Rangers FC,7.0,Nelson Semedo,Fenerbahçe Spor Kulübü,64.3,Reo Hatate,Celtic FC,68.1,Daizen Maeda,Celtic FC,64.5,Yang Hyun-Jun,Celtic FC,FWD,63.8
GW 539,4,Extra DEF,228.3,Adem Ağaoğlu,Trabzonspor Kulübü,0.0,Max Aarons,Rangers FC,61.4,Borja Sainz,FC Porto,52.1,Václav Černý,Beşiktaş Jimnastik Kulübü,54.8,Archibald Brown,Fenerbahçe Spor Kulübü,DEF,60.0
GW 538,1,Extra FWD,453.6,Uğurcan Çakır,Galatasaray Spor Kulübü,78.4,Liam Scales,Celtic FC,99.2,Rodrigo Mora,FC Porto,80.0,Yunus Akgün,Galatasaray Spor Kulübü,100.0,Victor Osimhen,Galatasaray Spor Kulübü,FWD,96.0
GW 538,2,Extra DEF,418.0,Kasper Schmeichel,Celtic FC,69.4,Eren Elmalı,Galatasaray Spor Kulübü,92.8,Gökhan Sazdağı,Beşiktaş Jimnastik Kulübü,78.0,Bruma,SL Benfica,86.0,Tomás Araújo,SL Benfica,DEF,91.8
GW 538,3,Extra DEF,399.8,Anatolii Trubin,SL Benfica,65.7,Leonardo Lelo,Sporting Braga,91.0,Kartal Yılmaz,Beşiktaş Jimnastik Kulübü,74.6,Oliver Antman,Rangers FC,79.8,Ousmane Diomande,Sporting Clube de Portugal,DEF,88.7
GW 538,4,Extra DEF,374.2,Liam Kelly,Rangers FC,65.3,Zeno Debast,Sporting Clube de Portugal,82.6,Nicolas Raskin,Rangers FC,68.3,Noa Lang,Galatasaray Spor Kulübü,78.7,Çağlar Söyüncü,Fenerbahçe Spor Kulübü,DEF,79.3
GW 537,1,Extra MID,330.9,Adem Ağaoğlu,Trabzonspor Kulübü,0.0,Alberto Costa,FC Porto,82.9,Enzo Barrenechea,SL Benfica,75.2,Luis Suárez,Sporting Clube de Portugal,100.0,Manu,SL Benfica,MID,72.8
GW 537,2,Extra FWD,239.9,Ahmet Yıldırım,Trabzonspor Kulübü,0.0,João Mendes,Vitória Guimarães SC,49.0,Kochorashvili,Sporting Clube de Portugal,62.6,Fotis Ioannidis,Sporting Clube de Portugal,66.1,Gustavo Silva,Vitória Guimarães SC,FWD,62.2
GW 537,3,Extra DEF,159.1,Alaa Bellaarouch,Sporting Braga,0.0,Óscar Rivas,Vitória Guimarães SC,43.4,João Mendes,Vitória Guimarães SC,46.3,Felipe Augusto,Trabzonspor Kulübü,31.0,Archibald Brown,Fenerbahçe Spor Kulübü,DEF,38.4
GW 537,4,Extra MID,96.0,Alexander Schlager,FC Red Bull Salzburg,0.0,Rafael Pontelo,Sporting Clube de Portugal,21.3,Samu,Vitória Guimarães SC,37.8,Ada Yüzgeç,Galatasaray Spor Kulübü,0.0,Telmo Arcanjo,Vitória Guimarães SC,MID,36.9
GW 536,1,Extra DEF,452.7,Alexander Schlager,FC Red Bull Salzburg,65.8,Aleksa Terzić,FC Red Bull Salzburg,100.0,Manu,SL Benfica,95.0,Trincão,Sporting Clube de Portugal,95.4,Sikou Niakaté,Sporting Braga,DEF,96.5
GW 536,2,Extra FWD,427.9,Diogo Costa,FC Porto,63.0,Amar Dedić,SL Benfica,87.9,Mads Bidstrup,FC Red Bull Salzburg,91.2,Franjo Ivanović,SL Benfica,94.3,Nene Dorgeles,Fenerbahçe Spor Kulübü,FWD,91.5
GW 536,3,Extra FWD,389.2,Anatolii Trubin,SL Benfica,51.9,Emmanuel Agbadou,Beşiktaş Jimnastik Kulübü,86.8,Ege Tıknaz,Sporting Braga,84.1,Ricardo Horta,Sporting Braga,85.8,Oliver Antman,Rangers FC,FWD,80.6
GW 536,4,Extra FWD,360.1,Uğurcan Çakır,Galatasaray Spor Kulübü,50.2,Gustaf Lagerbielke,Sporting Braga,70.6,Kochorashvili,Sporting Clube de Portugal,79.5,Yunus Akgün,Galatasaray Spor Kulübü,80.3,Leroy Sané,Galatasaray Spor Kulübü,FWD,79.5
GW 535,1,Extra DEF,431.3,Anatolii Trubin,SL Benfica,73.6,Alberto Costa,FC Porto,100.0,Tochi Chukwuani,Rangers FC,88.1,Fotis Ioannidis,Sporting Clube de Portugal,76.8,James Tavernier,Rangers FC,DEF,92.8
GW 535,2,Extra MID,369.3,Kasper Schmeichel,Celtic FC,71.7,Auston Trusty,Celtic FC,72.8,Nicolas Raskin,Rangers FC,80.2,Pepê,FC Porto,71.1,Pablo Rosario,FC Porto,MID,73.5
GW 535,3,Extra DEF,356.1,Diogo Costa,FC Porto,69.4,Alexander Bah,SL Benfica,72.4,İsmail Yüksek,Fenerbahçe Spor Kulübü,72.2,Yunus Akgün,Galatasaray Spor Kulübü,71.0,Sacha Boey,Galatasaray Spor Kulübü,DEF,71.1
GW 535,4,Extra DEF,322.1,Lukáš Horníček,Sporting Braga,48.9,Archibald Brown,Fenerbahçe Spor Kulübü,68.7,Geny Catamo,Sporting Clube de Portugal,66.7,Franjo Ivanović,SL Benfica,70.0,Cameron Carter-Vickers,Celtic FC,DEF,67.8
GW 534,1,Extra FWD,470.9,Kasper Schmeichel,Celtic FC,96.4,Emmanuel Agbadou,Beşiktaş Jimnastik Kulübü,100.0,James Forrest,Celtic FC,78.7,Roger Fernandes,Sporting Braga,100.0,Noa Lang,Galatasaray Spor Kulübü,FWD,95.8
GW 534,2,Extra DEF,415.3,Anatolii Trubin,SL Benfica,71.1,Nicolás Otamendi,SL Benfica,94.9,Anthony Nwakaeme,Trabzonspor Kulübü,74.7,Bruma,SL Benfica,82.2,Alistair Johnston,Celtic FC,DEF,92.4
GW 534,3,Extra DEF,398.0,Jack Butland,Rangers FC,69.6,Wilfried Singo,Galatasaray Spor Kulübü,91.6,Callum McGregor,Celtic FC,69.5,Yunus Akgün,Galatasaray Spor Kulübü,80.8,James Tavernier,Rangers FC,DEF,86.5
GW 534,4,Extra DEF,377.5,Diogo Costa,FC Porto,67.8,Auston Trusty,Celtic FC,81.2,Arne Engels,Celtic FC,68.8,Dodi Lukébakio,SL Benfica,80.5,Emirhan Topçu,Beşiktaş Jimnastik Kulübü,DEF,79.2
GW 533,1,Extra MID,469.6,Kasper Schmeichel,Celtic FC,79.2,James Tavernier,Rangers FC,100.0,Richard Ríos,SL Benfica,100.0,Václav Černý,Beşiktaş Jimnastik Kulübü,94.6,Nicolas Raskin,Rangers FC,MID,95.8
GW 533,2,Extra DEF,389.1,Alexander Schlager,FC Red Bull Salzburg,65.1,Auston Trusty,Celtic FC,87.6,Wilfred Ndidi,Beşiktaş Jimnastik Kulübü,80.1,Nene Dorgeles,Fenerbahçe Spor Kulübü,69.5,Cameron Carter-Vickers,Celtic FC,DEF,86.8
GW 533,3,Extra DEF,341.8,Jack Butland,Rangers FC,60.0,Alistair Johnston,Celtic FC,74.6,Reo Hatate,Celtic FC,74.4,Pau Víctor,Sporting Braga,60.7,John Souttar,Rangers FC,DEF,72.1
GW 533,4,Extra MID,310.5,André Onana,Trabzonspor Kulübü,50.7,Thiago Silva,FC Porto,70.0,Ilkay Gündogan,Galatasaray Spor Kulübü,65.9,William,FC Porto,60.1,Callum McGregor,Celtic FC,MID,63.8
GW 532,1,Extra DEF,468.7,Anatolii Trubin,SL Benfica,81.6,Liam Scales,Celtic FC,100.0,Luke McCowan,Celtic FC,100.0,Oğuz Aydın,Fenerbahçe Spor Kulübü,91.1,James Tavernier,Rangers FC,DEF,96.0
GW 532,2,Extra DEF,401.4,André Onana,Trabzonspor Kulübü,71.5,Cameron Carter-Vickers,Celtic FC,82.7,Samu,Vitória Guimarães SC,85.4,Andreas Skov Olsen,Rangers FC,79.4,John Souttar,Rangers FC,DEF,82.4
GW 532,3,Extra MID,391.2,Diogo Costa,FC Porto,70.0,Tomás Araújo,SL Benfica,81.6,Mario Lemina,Galatasaray Spor Kulübü,81.0,Dodi Lukébakio,SL Benfica,78.0,Manu,SL Benfica,MID,80.6
GW 532,4,Extra MID,381.9,Jack Butland,Rangers FC,67.9,Alexander Bah,SL Benfica,78.8,Paulo Bernardo,Celtic FC,79.1,Jota Silva,Beşiktaş Jimnastik Kulübü,77.5,Soumaïla Diabaté,FC Red Bull Salzburg,MID,78.6
GW 531,1,Extra MID,411.6,Mert Günok,Fenerbahçe Spor Kulübü,54.5,Sikou Niakaté,Sporting Braga,85.7,Borja Sainz,FC Porto,97.8,Luis Suárez,Sporting Clube de Portugal,83.6,Richard Ríos,SL Benfica,MID,90.0
GW 531,2,Extra DEF,389.5,Jack Butland,Rangers FC,53.9,Thiago Silva,FC Porto,85.7,Rafa,SL Benfica,84.4,Roger Fernandes,Sporting Braga,82.9,Tomás Araújo,SL Benfica,DEF,82.6
GW 531,3,Extra MID,367.8,Alexander Schlager,FC Red Bull Salzburg,48.9,Dujon Sterling,Rangers FC,80.8,Mattéo Guendouzi,Fenerbahçe Spor Kulübü,81.9,Trincão,Sporting Clube de Portugal,76.2,Oleksandr Zubkov,Trabzonspor Kulübü,MID,80.0
GW 531,4,Extra MID,334.8,Kasper Schmeichel,Celtic FC,45.1,Georgios Vagiannidis,Sporting Clube de Portugal,71.1,İsmail Yüksek,Fenerbahçe Spor Kulübü,74.6,Bruma,SL Benfica,69.7,Ilkay Gündogan,Galatasaray Spor Kulübü,MID,74.3
GW 530,1,Extra FWD,448.9,Uğurcan Çakır,Galatasaray Spor Kulübü,79.7,Cameron Carter-Vickers,Celtic FC,93.7,Mario Lemina,Galatasaray Spor Kulübü,88.2,Václav Černý,Beşiktaş Jimnastik Kulübü,100.0,Oğuz Aydın,Fenerbahçe Spor Kulübü,FWD,87.3
GW 530,2,Extra MID,387.0,André Onana,Trabzonspor Kulübü,49.2,Milan Škriniar,Fenerbahçe Spor Kulübü,82.3,Fred,Fenerbahçe Spor Kulübü,85.6,Bojan Miovski,Rangers FC,86.4,Kristjan Asllani,Beşiktaş Jimnastik Kulübü,MID,83.5
GW 530,3,Extra MID,363.4,Kasper Schmeichel,Celtic FC,49.2,Amar Dedić,SL Benfica,79.9,Victor Froholdt,FC Porto,77.8,Oliver Antman,Rangers FC,80.8,Benjamin Bouchouari,Trabzonspor Kulübü,MID,75.7
GW 530,4,Extra MID,337.7,Devis Vásquez,Beşiktaş Jimnastik Kulübü,42.5,Tuur Rommens,Rangers FC,74.3,Kartal Yılmaz,Beşiktaş Jimnastik Kulübü,74.8,Luis Suárez,Sporting Clube de Portugal,72.7,James Forrest,Celtic FC,MID,73.4
GW 529,1,Extra MID,311.5,Ederson,Fenerbahçe Spor Kulübü,42.1,Nicolás Otamendi,SL Benfica,67.1,Orkun Kökçü,Beşiktaş Jimnastik Kulübü,70.4,Noa Lang,Galatasaray Spor Kulübü,67.4,Nedim Bajrami,Rangers FC,MID,64.5
GW 529,2,Extra MID,261.8,Mert Günok,Fenerbahçe Spor Kulübü,39.0,Mert Müldür,Fenerbahçe Spor Kulübü,49.3,Maximiliano Araújo,Sporting Clube de Portugal,61.1,Leroy Sané,Galatasaray Spor Kulübü,51.6,Kristjan Asllani,Beşiktaş Jimnastik Kulübü,MID,60.8
GW 529,3,Extra DEF,208.9,Anatolii Trubin,SL Benfica,9.8,Saracchi,Celtic FC,49.0,Heorhii Sudakov,SL Benfica,60.1,Václav Černý,Beşiktaş Jimnastik Kulübü,42.5,Amar Dedić,SL Benfica,DEF,47.5
GW 529,4,Extra DEF,164.1,Adem Ağaoğlu,Trabzonspor Kulübü,0.0,Davinson Sánchez,Galatasaray Spor Kulübü,45.0,İsmail Yüksek,Fenerbahçe Spor Kulübü,36.6,Kerem Aktürkoğlu,Fenerbahçe Spor Kulübü,41.0,Nehuen Pérez,FC Porto,DEF,41.5
GW 528,1,Extra DEF,387.2,Kasper Schmeichel,Celtic FC,98.1,John Souttar,Rangers FC,77.0,Morten Hjulmand,Sporting Clube de Portugal,68.0,Yunus Akgün,Galatasaray Spor Kulübü,72.6,Eren Elmalı,Galatasaray Spor Kulübü,DEF,71.5
GW 528,2,Extra DEF,311.1,Mert Günok,Fenerbahçe Spor Kulübü,68.6,António Silva,SL Benfica,63.4,Richard Ríos,SL Benfica,51.1,Leroy Sané,Galatasaray Spor Kulübü,66.3,Tomás Araújo,SL Benfica,DEF,61.7
GW 528,3,Extra DEF,288.1,Diogo Costa,FC Porto,56.9,Abdülkerim Bardakcı,Galatasaray Spor Kulübü,60.2,Kristjan Asllani,Beşiktaş Jimnastik Kulübü,50.9,Bojan Miovski,Rangers FC,60.0,Anthony Ralston,Celtic FC,DEF,60.1
GW 528,4,Extra DEF,272.7,Anatolii Trubin,SL Benfica,44.7,Aleksa Terzić,FC Red Bull Salzburg,60.0,Kochorashvili,Sporting Clube de Portugal,50.3,Dodi Lukébakio,SL Benfica,58.5,Alexander Bah,SL Benfica,DEF,59.2
GW 527,1,Extra MID,342.7,Alexander Schlager,FC Red Bull Salzburg,66.5,Liam Scales,Celtic FC,66.5,N'Golo Kanté,Fenerbahçe Spor Kulübü,85.0,Bojan Miovski,Rangers FC,43.7,Hidemasa Morita,Sporting Clube de Portugal,MID,81.0
GW 527,2,Extra DEF,228.9,Ederson,Fenerbahçe Spor Kulübü,35.7,Zeno Debast,Sporting Clube de Portugal,57.6,Reo Hatate,Celtic FC,39.8,Oliver Antman,Rangers FC,40.8,Nicolás Otamendi,SL Benfica,DEF,55.0
GW 527,3,Extra FWD,144.1,Juan Castillo,Vitória Guimarães SC,35.5,Abdülkerim Bardakcı,Galatasaray Spor Kulübü,0.0,Arne Engels,Celtic FC,31.1,Daizen Maeda,Celtic FC,38.8,Fotis Ioannidis,Sporting Clube de Portugal,FWD,38.7
GW 527,4,Extra FWD,73.7,Adem Ağaoğlu,Trabzonspor Kulübü,0.0,Adam Montgomery,Celtic FC,0.0,Abdou Fall,Fenerbahçe Spor Kulübü,0.0,Dodi Lukébakio,SL Benfica,38.6,Hyeongyu Oh,Beşiktaş Jimnastik Kulübü,FWD,35.1
GW 526,1,Extra DEF,461.7,Kasper Schmeichel,Celtic FC,93.4,Adrian Barišić,Sporting Braga,94.9,Marco Asensio,Fenerbahçe Spor Kulübü,91.2,Benjamin Nygren,Celtic FC,89.2,Tomás Araújo,SL Benfica,DEF,93.0
GW 526,2,Extra FWD,422.2,André Onana,Trabzonspor Kulübü,79.2,John Souttar,Rangers FC,83.4,Mert Hakan Yandaş,Fenerbahçe Spor Kulübü,87.9,Victor Osimhen,Galatasaray Spor Kulübü,87.2,Ricardo Horta,Sporting Braga,FWD,84.5
GW 526,3,Extra MID,401.5,Jack Butland,Rangers FC,73.7,Alistair Johnston,Celtic FC,80.5,Mattéo Guendouzi,Fenerbahçe Spor Kulübü,84.3,Trincão,Sporting Clube de Portugal,80.6,Tochi Chukwuani,Rangers FC,MID,82.4
GW 526,4,Extra DEF,368.3,Mert Günok,Fenerbahçe Spor Kulübü,64.2,James Tavernier,Rangers FC,79.3,Hidemasa Morita,Sporting Clube de Portugal,78.4,Bruma,SL Benfica,68.7,Archibald Brown,Fenerbahçe Spor Kulübü,DEF,77.7
GW 525,1,Extra MID,447.6,André Onana,Trabzonspor Kulübü,80.1,Gustaf Lagerbielke,Sporting Braga,84.8,Manu,SL Benfica,100.0,Václav Černý,Beşiktaş Jimnastik Kulübü,88.3,Talisca,Fenerbahçe Spor Kulübü,MID,94.4
GW 525,2,Extra MID,408.6,Anatolii Trubin,SL Benfica,64.3,Óscar Rivas,Vitória Guimarães SC,84.1,Heorhii Sudakov,SL Benfica,93.2,Yunus Akgün,Galatasaray Spor Kulübü,75.9,Pedro Gonçalves,Sporting Clube de Portugal,MID,91.1
GW 525,3,Extra DEF,372.1,Mert Günok,Fenerbahçe Spor Kulübü,52.1,Saracchi,Celtic FC,83.3,Ernest Muçi,Trabzonspor Kulübü,83.5,Noa Lang,Galatasaray Spor Kulübü,71.3,Mathias Løvik,Trabzonspor Kulübü,DEF,81.9
GW 525,4,Extra MID,352.5,Kasper Schmeichel,Celtic FC,49.6,Wilfried Singo,Galatasaray Spor Kulübü,75.8,Oleksandr Zubkov,Trabzonspor Kulübü,79.2,Karim Konaté,FC Red Bull Salzburg,70.0,Arne Engels,Celtic FC,MID,77.9
GW 524,1,Extra DEF,424.3,Diogo Costa,FC Porto,85.1,Martim Fernandes,FC Porto,90.4,Okay Yokuşlu,Trabzonspor Kulübü,82.0,Trincão,Sporting Clube de Portugal,82.7,Saracchi,Celtic FC,DEF,84.1
GW 524,2,Extra FWD,383.2,Juan Castillo,Vitória Guimarães SC,74.8,Tuur Rommens,Rangers FC,74.3,Ernest Muçi,Trabzonspor Kulübü,74.8,Vangelis Pavlidis,SL Benfica,79.7,Ahmed Kutucu,Galatasaray Spor Kulübü,FWD,79.6
GW 524,3,Extra FWD,368.7,Alexander Schlager,FC Red Bull Salzburg,74.0,Tiago Djaló,Beşiktaş Jimnastik Kulübü,72.3,Daniel Bragança,Sporting Clube de Portugal,74.0,Bojan Miovski,Rangers FC,74.8,Noa Lang,Galatasaray Spor Kulübü,FWD,73.6
GW 524,4,Extra MID,357.9,Devis Vásquez,Beşiktaş Jimnastik Kulübü,69.1,Nehuen Pérez,FC Porto,70.7,Ilkay Gündogan,Galatasaray Spor Kulübü,72.9,Benjamin Nygren,Celtic FC,72.6,Fred,Fenerbahçe Spor Kulübü,MID,72.6
GW 523,1,Extra DEF,359.9,Jack Butland,Rangers FC,75.5,Auston Trusty,Celtic FC,80.8,Arne Engels,Celtic FC,87.2,Yang Hyun-Jun,Celtic FC,43.4,Alistair Johnston,Celtic FC,DEF,73.0
GW 523,2,Extra MID,316.0,Kasper Schmeichel,Celtic FC,68.9,Cameron Carter-Vickers,Celtic FC,72.7,Nedim Bajrami,Rangers FC,72.3,Yann Karamoh,FC Porto,34.4,Connor Barron,Rangers FC,MID,67.7
GW 523,3,Extra DEF,227.5,Devis Vásquez,Beşiktaş Jimnastik Kulübü,4.2,James Tavernier,Rangers FC,64.9,Joel Mvuka,Celtic FC,62.7,Daizen Maeda,Celtic FC,34.1,Anthony Ralston,Celtic FC,DEF,61.6
GW 523,4,Extra MID,144.2,Adem Ağaoğlu,Trabzonspor Kulübü,0.0,Liam Scales,Celtic FC,39.9,Paulo Bernardo,Celtic FC,53.0,Ada Yüzgeç,Galatasaray Spor Kulübü,0.0,Nicolas Raskin,Rangers FC,MID,51.3
GW 522,1,Extra FWD,472.9,Rui Silva,Sporting Clube de Portugal,83.8,Alistair Johnston,Celtic FC,100.0,Ege Tıknaz,Sporting Braga,93.5,Kerem Aktürkoğlu,Fenerbahçe Spor Kulübü,100.0,Samu Omorodion,FC Porto,FWD,95.6
GW 522,2,Extra DEF,442.5,Kasper Schmeichel,Celtic FC,73.2,Auston Trusty,Celtic FC,94.7,Hidemasa Morita,Sporting Clube de Portugal,90.8,Bruma,SL Benfica,90.0,Martim Fernandes,FC Porto,DEF,93.8
GW 522,3,Extra DEF,420.6,Diogo Costa,FC Porto,70.4,Gonçalo Inácio,Sporting Clube de Portugal,91.6,Gabriel Sara,Galatasaray Spor Kulübü,85.3,El Bilal Touré,Beşiktaş Jimnastik Kulübü,81.8,Wagner Pina,Trabzonspor Kulübü,DEF,91.5
GW 522,4,Extra DEF,392.5,Ederson,Fenerbahçe Spor Kulübü,69.3,Liam Scales,Celtic FC,83.4,Luke McCowan,Celtic FC,76.2,Václav Černý,Beşiktaş Jimnastik Kulübü,80.6,Nicolás Otamendi,SL Benfica,DEF,83.0
GW 521,1,Extra DEF,466.4,Kasper Schmeichel,Celtic FC,90.0,Felix Uduokhai,Beşiktaş Jimnastik Kulübü,100.0,Manu,SL Benfica,79.0,Václav Černý,Beşiktaş Jimnastik Kulübü,97.4,Gonçalo Inácio,Sporting Clube de Portugal,DEF,100.0
GW 521,2,Extra DEF,427.0,Ersin Destanoğlu,Beşiktaş Jimnastik Kulübü,83.4,Zeno Debast,Sporting Clube de Portugal,90.9,Connor Barron,Rangers FC,76.3,Yunus Akgün,Galatasaray Spor Kulübü,86.5,Tiago Djaló,Beşiktaş Jimnastik Kulübü,DEF,89.9
GW 521,3,Extra FWD,394.4,Jack Butland,Rangers FC,70.9,Wilfried Singo,Galatasaray Spor Kulübü,83.8,Gabriel Sara,Galatasaray Spor Kulübü,72.1,Nuno Santos,Sporting Clube de Portugal,84.3,Luis Suárez,Sporting Clube de Portugal,FWD,83.3
GW 521,4,Extra FWD,368.5,Diogo Costa,FC Porto,70.3,Nehuen Pérez,FC Porto,80.3,Rafa,SL Benfica,68.1,Noa Lang,Galatasaray Spor Kulübü,77.0,El Bilal Touré,Beşiktaş Jimnastik Kulübü,FWD,72.8
GW 520,1,Extra DEF,419.2,Mert Günok,Fenerbahçe Spor Kulübü,66.0,John Souttar,Rangers FC,95.0,Reo Hatate,Celtic FC,80.1,Luis Suárez,Sporting Clube de Portugal,90.7,Eren Elmalı,Galatasaray Spor Kulübü,DEF,87.4
GW 520,2,Extra FWD,379.7,Uğurcan Çakır,Galatasaray Spor Kulübü,64.1,Davinson Sánchez,Galatasaray Spor Kulübü,77.7,Richard Ríos,SL Benfica,77.3,Mauro Icardi,Galatasaray Spor Kulübü,81.6,Karim Konaté,FC Red Bull Salzburg,FWD,79.0
GW 520,3,Extra FWD,339.6,Rui Silva,Sporting Clube de Portugal,44.6,Adrian Barišić,Sporting Braga,77.6,Maho Dorgeles,Sporting Braga,71.9,Ahmed Kutucu,Galatasaray Spor Kulübü,74.1,Edmund Baidoo,FC Red Bull Salzburg,FWD,71.4
GW 520,4,Extra MID,319.9,André Onana,Trabzonspor Kulübü,41.5,Liam Scales,Celtic FC,68.8,Edin Višća,Trabzonspor Kulübü,71.2,Yunus Akgün,Galatasaray Spor Kulübü,67.3,Marco Asensio,Fenerbahçe Spor Kulübü,MID,71.1
GW 519,1,Extra DEF,309.3,Ederson,Fenerbahçe Spor Kulübü,67.0,Davinson Sánchez,Galatasaray Spor Kulübü,84.9,Richard Ríos,SL Benfica,48.6,Andreas Skov Olsen,Rangers FC,35.0,Nicolás Otamendi,SL Benfica,DEF,73.8
GW 519,2,Extra DEF,229.6,Diogo Costa,FC Porto,66.9,John Souttar,Rangers FC,61.9,Leandro Barreiro,SL Benfica,44.2,Ada Yüzgeç,Galatasaray Spor Kulübü,0.0,António Silva,SL Benfica,DEF,56.6
GW 519,3,Extra DEF,187.4,Juan Castillo,Vitória Guimarães SC,44.1,Jan Bednarek,FC Porto,53.3,Maximiliano Araújo,Sporting Clube de Portugal,39.9,Ahmed Kutucu,Galatasaray Spor Kulübü,0.0,Anthony Ralston,Celtic FC,DEF,50.1
GW 519,4,Extra DEF,150.0,Kasper Schmeichel,Celtic FC,32.0,Jakub Kiwior,FC Porto,41.7,Milot Rashica,Beşiktaş Jimnastik Kulübü,38.0,Ahmet Bircan,Beşiktaş Jimnastik Kulübü,0.0,Saracchi,Celtic FC,DEF,38.3
GW 518,1,Extra DEF,426.4,Anatolii Trubin,SL Benfica,72.8,Milan Škriniar,Fenerbahçe Spor Kulübü,91.3,Kristjan Asllani,Beşiktaş Jimnastik Kulübü,100.0,Kerem Aktürkoğlu,Fenerbahçe Spor Kulübü,87.9,Abdülkerim Bardakcı,Galatasaray Spor Kulübü,DEF,74.4
GW 518,2,Extra FWD,331.5,Uğurcan Çakır,Galatasaray Spor Kulübü,69.3,Zeno Debast,Sporting Clube de Portugal,57.8,Heorhii Sudakov,SL Benfica,65.9,Luis Suárez,Sporting Clube de Portugal,73.1,Bojan Miovski,Rangers FC,FWD,65.4
GW 518,3,Extra MID,280.0,Diogo Costa,FC Porto,38.7,Mert Müldür,Fenerbahçe Spor Kulübü,52.8,Orkun Kökçü,Beşiktaş Jimnastik Kulübü,63.7,Hyeongyu Oh,Beşiktaş Jimnastik Kulübü,64.8,Milot Rashica,Beşiktaş Jimnastik Kulübü,MID,60.0
GW 518,4,Extra MID,242.0,Kasper Schmeichel,Celtic FC,34.5,Liam Scales,Celtic FC,42.1,Hidemasa Morita,Sporting Clube de Portugal,57.3,Roland Sallai,Galatasaray Spor Kulübü,60.0,Mattéo Guendouzi,Fenerbahçe Spor Kulübü,MID,48.1
GW 517,1,Extra MID,380.2,Alexander Schlager,FC Red Bull Salzburg,64.6,Liam Scales,Celtic FC,90.1,Mattéo Guendouzi,Fenerbahçe Spor Kulübü,82.4,Vangelis Pavlidis,SL Benfica,70.0,Hidemasa Morita,Sporting Clube de Portugal,MID,73.1
GW 517,2,Extra FWD,273.7,Ederson,Fenerbahçe Spor Kulübü,37.4,Nicolás Otamendi,SL Benfica,62.4,Richard Ríos,SL Benfica,49.5,Hyeongyu Oh,Beşiktaş Jimnastik Kulübü,64.4,Bojan Miovski,Rangers FC,FWD,60.0
GW 517,3,Extra FWD,165.8,Adem Ağaoğlu,Trabzonspor Kulübü,0.0,Zeno Debast,Sporting Clube de Portugal,44.8,Florian Grillitsch,Sporting Braga,38.8,Yáser Asprilla,Galatasaray Spor Kulübü,43.7,Junior Adamu,Celtic FC,FWD,38.5
GW 517,4,Extra FWD,100.4,Ahmet Yıldırım,Trabzonspor Kulübü,0.0,Georgios Vagiannidis,Sporting Clube de Portugal,31.0,Abdou Fall,Fenerbahçe Spor Kulübü,0.0,Daizen Maeda,Celtic FC,35.4,Oliver Antman,Rangers FC,FWD,34.0
GW 516,1,Extra DEF,456.0,Jack Butland,Rangers FC,66.1,Chibuike Nwaiwu,Trabzonspor Kulübü,100.0,Maho Dorgeles,Sporting Braga,98.6,Yáser Asprilla,Galatasaray Spor Kulübü,94.3,Dominik Prpić,FC Porto,DEF,97.0
GW 516,2,Extra MID,435.1,André Onana,Trabzonspor Kulübü,64.9,Alistair Johnston,Celtic FC,94.5,Borja Sainz,FC Porto,96.4,Václav Černý,Beşiktaş Jimnastik Kulübü,85.1,Gabriel Sara,Galatasaray Spor Kulübü,MID,94.2
GW 516,3,Extra DEF,410.4,Devis Vásquez,Beşiktaş Jimnastik Kulübü,60.7,Wagner Pina,Trabzonspor Kulübü,88.1,Callum McGregor,Celtic FC,90.8,Clement Bischoff,FC Red Bull Salzburg,84.1,Adrian Barišić,Sporting Braga,DEF,86.7
GW 516,4,Extra DEF,386.9,Kasper Schmeichel,Celtic FC,56.8,John Souttar,Rangers FC,83.3,Daniel Bragança,Sporting Clube de Portugal,86.1,Gustavo Silva,Vitória Guimarães SC,79.9,Yasin Özcan,Beşiktaş Jimnastik Kulübü,DEF,80.8
GW 515,1,Extra DEF,448.0,Anatolii Trubin,SL Benfica,67.1,Davinson Sánchez,Galatasaray Spor Kulübü,100.0,Ilkay Gündogan,Galatasaray Spor Kulübü,98.2,Yunus Akgün,Galatasaray Spor Kulübü,83.6,Alexander Bah,SL Benfica,DEF,99.1
GW 515,2,Extra FWD,355.5,André Onana,Trabzonspor Kulübü,49.9,Nicolás Otamendi,SL Benfica,66.7,Orkun Kökçü,Beşiktaş Jimnastik Kulübü,77.8,Pepê,FC Porto,81.0,Gustavo Silva,Vitória Guimarães SC,FWD,80.1
GW 515,3,Extra FWD,333.0,Diogo Costa,FC Porto,44.1,João Mendes,Vitória Guimarães SC,63.8,Ernest Muçi,Trabzonspor Kulübü,74.2,Samu Omorodion,FC Porto,78.1,Kerem Aktürkoğlu,Fenerbahçe Spor Kulübü,FWD,72.8
GW 515,4,Extra MID,302.8,Günay Güvenç,Galatasaray Spor Kulübü,37.0,Alistair Johnston,Celtic FC,60.0,Victor Froholdt,FC Porto,71.4,Vangelis Pavlidis,SL Benfica,63.9,Fredrik Aursnes,SL Benfica,MID,70.5
GW 514,1,Extra MID,465.6,Jack Butland,Rangers FC,83.4,Zeno Debast,Sporting Clube de Portugal,86.4,Borja Sainz,FC Porto,100.0,Franjo Ivanović,SL Benfica,95.8,Paulo Bernardo,Celtic FC,MID,100.0
GW 514,2,Extra MID,431.5,Mert Günok,Fenerbahçe Spor Kulübü,71.4,Nicolás Otamendi,SL Benfica,86.1,Geny Catamo,Sporting Clube de Portugal,94.3,Gabri Martínez,Sporting Braga,88.8,Milot Rashica,Beşiktaş Jimnastik Kulübü,MID,90.9
GW 514,3,Extra MID,417.5,Kasper Schmeichel,Celtic FC,71.3,Liam Scales,Celtic FC,85.7,Maho Dorgeles,Sporting Braga,90.6,Benjamin Nygren,Celtic FC,84.1,Kochorashvili,Sporting Clube de Portugal,MID,85.8
GW 514,4,Extra MID,397.9,Rui Silva,Sporting Clube de Portugal,69.1,Emirhan Topçu,Beşiktaş Jimnastik Kulübü,81.9,Callum McGregor,Celtic FC,83.7,Bruma,SL Benfica,80.7,Mattéo Guendouzi,Fenerbahçe Spor Kulübü,MID,82.5
GW 513,1,Extra DEF,408.4,Jack Butland,Rangers FC,60.0,T. Strata,Vitória Guimarães SC,87.8,Nedim Bajrami,Rangers FC,96.4,Bruma,SL Benfica,86.1,James Tavernier,Rangers FC,DEF,78.1
GW 513,2,Extra DEF,325.3,Diogo Costa,FC Porto,43.6,Çağlar Söyüncü,Fenerbahçe Spor Kulübü,71.3,Gabriel Sara,Galatasaray Spor Kulübü,65.9,Yunus Akgün,Galatasaray Spor Kulübü,75.1,Francisco Moura,FC Porto,DEF,69.4
GW 513,3,Extra FWD,300.7,André Onana,Trabzonspor Kulübü,42.1,Jayden Oosterwolde,Fenerbahçe Spor Kulübü,66.6,Mohammed Diomandé,Rangers FC,60.0,Samu Omorodion,FC Porto,66.5,Deniz Gül,FC Porto,FWD,65.5
GW 513,4,Extra FWD,285.8,Günay Güvenç,Galatasaray Spor Kulübü,41.9,Víctor Gómez,Sporting Braga,58.8,Tim Jabol-Folcarelli,Trabzonspor Kulübü,60.0,Mauro Icardi,Galatasaray Spor Kulübü,63.0,Roger Fernandes,Sporting Braga,FWD,62.1
GW 512,1,Extra DEF,460.8,André Onana,Trabzonspor Kulübü,77.6,Wilfried Singo,Galatasaray Spor Kulübü,100.0,Milot Rashica,Beşiktaş Jimnastik Kulübü,98.0,Bruma,SL Benfica,89.5,António Silva,SL Benfica,DEF,95.7
GW 512,2,Extra DEF,414.6,Uğurcan Çakır,Galatasaray Spor Kulübü,74.7,Francisco Moura,FC Porto,93.4,Orkun Kökçü,Beşiktaş Jimnastik Kulübü,79.9,Andreas Skov Olsen,Rangers FC,83.0,Sikou Niakaté,Sporting Braga,DEF,83.6
GW 512,3,Extra DEF,389.4,Anatolii Trubin,SL Benfica,69.6,Zeno Debast,Sporting Clube de Portugal,83.2,Morten Hjulmand,Sporting Clube de Portugal,77.0,Amine El Ouazzani,Sporting Braga,78.7,Nicolás Otamendi,SL Benfica,DEF,80.9
GW 512,4,Extra FWD,379.7,Devis Vásquez,Beşiktaş Jimnastik Kulübü,68.6,Emmanuel Agbadou,Beşiktaş Jimnastik Kulübü,79.7,Borja Sainz,FC Porto,75.3,Dodi Lukébakio,SL Benfica,78.1,Trincão,Sporting Clube de Portugal,FWD,78.0
GW 511,1,Extra MID,452.2,Ederson,Fenerbahçe Spor Kulübü,76.7,Liam Scales,Celtic FC,97.0,Arne Engels,Celtic FC,100.0,Barış Yılmaz,Galatasaray Spor Kulübü,89.0,Anthony Nwakaeme,Trabzonspor Kulübü,MID,89.5
GW 511,2,Extra DEF,382.2,Uğurcan Çakır,Galatasaray Spor Kulübü,68.6,Zeno Debast,Sporting Clube de Portugal,89.2,Orkun Kökçü,Beşiktaş Jimnastik Kulübü,73.3,Hyeongyu Oh,Beşiktaş Jimnastik Kulübü,69.9,Alistair Johnston,Celtic FC,DEF,81.2
GW 511,3,Extra DEF,336.3,Rui Silva,Sporting Clube de Portugal,43.7,Eren Elmalı,Galatasaray Spor Kulübü,77.7,Pedro Gonçalves,Sporting Clube de Portugal,72.2,Kerem Aktürkoğlu,Fenerbahçe Spor Kulübü,66.6,Wilfried Singo,Galatasaray Spor Kulübü,DEF,76.1
GW 511,4,Extra MID,314.6,Anatolii Trubin,SL Benfica,38.1,Nicolás Otamendi,SL Benfica,72.3,Daniel Bragança,Sporting Clube de Portugal,69.7,Leroy Sané,Galatasaray Spor Kulübü,65.0,Reo Hatate,Celtic FC,MID,69.5
GW 510,1,Extra DEF,477.8,André Onana,Trabzonspor Kulübü,88.0,Abdülkerim Bardakcı,Galatasaray Spor Kulübü,100.0,Gabriel Sara,Galatasaray Spor Kulübü,91.6,Trincão,Sporting Clube de Portugal,98.2,Felix Uduokhai,Beşiktaş Jimnastik Kulübü,DEF,100.0
GW 510,2,Extra DEF,428.5,Kasper Schmeichel,Celtic FC,72.8,Dominik Prpić,FC Porto,96.2,Mario Lemina,Galatasaray Spor Kulübü,87.4,Luuk de Jong,FC Porto,77.1,Kaan Ayhan,Galatasaray Spor Kulübü,DEF,95.0
GW 510,3,Extra MID,412.2,Juan Castillo,Vitória Guimarães SC,70.7,Cameron Carter-Vickers,Celtic FC,94.4,Daniel Bragança,Sporting Clube de Portugal,87.1,Samu Omorodion,FC Porto,74.2,Lucas Torreira,Galatasaray Spor Kulübü,MID,85.8
GW 510,4,Extra DEF,389.8,Devis Vásquez,Beşiktaş Jimnastik Kulübü,68.2,Nicolás Otamendi,SL Benfica,83.8,Orkun Kökçü,Beşiktaş Jimnastik Kulübü,83.7,Luis Suárez,Sporting Clube de Portugal,73.4,Liam Scales,Celtic FC,DEF,80.7
GW 509,1,Extra MID,341.1,Anatolii Trubin,SL Benfica,29.6,Adrian Barišić,Sporting Braga,59.4,Kochorashvili,Sporting Clube de Portugal,94.9,Václav Černý,Beşiktaş Jimnastik Kulübü,68.6,Hidemasa Morita,Sporting Clube de Portugal,MID,88.6
GW 509,2,Extra FWD,228.6,Adem Ağaoğlu,Trabzonspor Kulübü,0.0,Amar Dedić,SL Benfica,44.7,Heorhii Sudakov,SL Benfica,60.0,Fotis Ioannidis,Sporting Clube de Portugal,62.7,Bojan Miovski,Rangers FC,FWD,61.2
GW 509,3,Extra MID,197.9,Ahmet Yıldırım,Trabzonspor Kulübü,0.0,Saracchi,Celtic FC,36.6,Kristjan Asllani,Beşiktaş Jimnastik Kulübü,59.0,Roland Sallai,Galatasaray Spor Kulübü,54.4,Richard Ríos,SL Benfica,MID,47.9
GW 509,4,Extra FWD,156.0,Alaa Bellaarouch,Sporting Braga,0.0,Georgios Vagiannidis,Sporting Clube de Portugal,34.3,Nedim Bajrami,Rangers FC,45.2,Sota Kitano,FC Red Bull Salzburg,38.3,Oliver Antman,Rangers FC,FWD,38.2
GW 508,1,Extra FWD,411.7,Kasper Schmeichel,Celtic FC,72.0,Zeno Debast,Sporting Clube de Portugal,74.0,N'Golo Kanté,Fenerbahçe Spor Kulübü,82.4,Kerem Aktürkoğlu,Fenerbahçe Spor Kulübü,100.0,Fotis Ioannidis,Sporting Clube de Portugal,FWD,83.3
GW 508,2,Extra DEF,329.2,Mert Günok,Fenerbahçe Spor Kulübü,69.4,Eren Elmalı,Galatasaray Spor Kulübü,69.6,Kochorashvili,Sporting Clube de Portugal,63.4,Umut Nayir,Trabzonspor Kulübü,60.0,Milan Škriniar,Fenerbahçe Spor Kulübü,DEF,66.8
GW 508,3,Extra MID,269.5,Juan Castillo,Vitória Guimarães SC,42.2,Abdülkerim Bardakcı,Galatasaray Spor Kulübü,58.4,Milot Rashica,Beşiktaş Jimnastik Kulübü,62.1,Bojan Miovski,Rangers FC,51.6,Orkun Kökçü,Beşiktaş Jimnastik Kulübü,MID,55.2
GW 508,4,Extra MID,231.6,Anatolii Trubin,SL Benfica,42.1,António Silva,SL Benfica,50.0,İsmail Yüksek,Fenerbahçe Spor Kulübü,48.3,Dodi Lukébakio,SL Benfica,43.2,Richard Ríos,SL Benfica,MID,48.0
GW 507,1,Extra DEF,349.3,Kasper Schmeichel,Celtic FC,63.8,Milan Škriniar,Fenerbahçe Spor Kulübü,85.9,Morten Hjulmand,Sporting Clube de Portugal,60.0,Andreas Skov Olsen,Rangers FC,71.5,Nicolás Otamendi,SL Benfica,DEF,68.1
GW 507,2,Extra DEF,276.3,Diogo Costa,FC Porto,51.5,Anthony Ralston,Celtic FC,66.3,Hidemasa Morita,Sporting Clube de Portugal,42.4,Daizen Maeda,Celtic FC,64.1,Gonçalo Inácio,Sporting Clube de Portugal,DEF,52.0
GW 507,3,Extra DEF,136.3,Adem Ağaoğlu,Trabzonspor Kulübü,0.0,Alexander Bah,SL Benfica,51.5,Leandro Barreiro,SL Benfica,40.8,Ada Yüzgeç,Galatasaray Spor Kulübü,0.0,Nelson Semedo,Fenerbahçe Spor Kulübü,DEF,44.0
GW 507,4,Extra DEF,98.4,Ahmet Yıldırım,Trabzonspor Kulübü,0.0,António Silva,SL Benfica,33.1,Pedro Gonçalves,Sporting Clube de Portugal,37.3,Ahmed Kutucu,Galatasaray Spor Kulübü,0.0,Jan Bednarek,FC Porto,DEF,28.0
GW 506,1,Extra DEF,456.5,Uğurcan Çakır,Galatasaray Spor Kulübü,87.1,Alistair Johnston,Celtic FC,95.5,Mario Lemina,Galatasaray Spor Kulübü,95.3,Andreas Skov Olsen,Rangers FC,88.6,Emmanuel Agbadou,Beşiktaş Jimnastik Kulübü,DEF,90.0
GW 506,2,Extra MID,425.3,Kasper Schmeichel,Celtic FC,81.8,Paulo Oliveira,Sporting Braga,89.0,Pedro Gonçalves,Sporting Clube de Portugal,85.5,Kerem Aktürkoğlu,Fenerbahçe Spor Kulübü,84.4,Leandro Barreiro,SL Benfica,MID,84.6
GW 506,3,Extra DEF,389.3,Mert Günok,Fenerbahçe Spor Kulübü,65.5,T. Strata,Vitória Guimarães SC,83.8,Richard Ríos,SL Benfica,80.8,Benjamin Nygren,Celtic FC,77.4,Abdülkerim Bardakcı,Galatasaray Spor Kulübü,DEF,81.8
GW 506,4,Extra DEF,354.4,Anatolii Trubin,SL Benfica,53.6,Liam Scales,Celtic FC,76.9,Okay Yokuşlu,Trabzonspor Kulübü,72.6,Luuk de Jong,FC Porto,77.4,Eren Elmalı,Galatasaray Spor Kulübü,DEF,73.9
GW 505,1,Extra FWD,400.9,Rui Silva,Sporting Clube de Portugal,66.5,Nasser Djiga,Rangers FC,69.1,Rafa,SL Benfica,100.0,Gabri Martínez,Sporting Braga,83.6,Ricardo Horta,Sporting Braga,FWD,81.7
GW 505,2,Extra MID,308.8,Uğurcan Çakır,Galatasaray Spor Kulübü,45.6,Víctor Gómez,Sporting Braga,54.4,Maurits Kjærgaard,FC Red Bull Salzburg,78.4,Amine El Ouazzani,Sporting Braga,62.4,Milot Rashica,Beşiktaş Jimnastik Kulübü,MID,68.0
GW 505,3,Extra MID,285.9,Mert Günok,Fenerbahçe Spor Kulübü,43.9,Paulo Oliveira,Sporting Braga,53.0,Salih Uçan,Beşiktaş Jimnastik Kulübü,64.9,Felipe Augusto,Trabzonspor Kulübü,60.0,Mads Bidstrup,FC Red Bull Salzburg,MID,64.1
GW 505,4,Extra FWD,264.7,Günay Güvenç,Galatasaray Spor Kulübü,36.1,Stefan Savić,Trabzonspor Kulübü,48.6,Manu,SL Benfica,60.0,Gustavo Silva,Vitória Guimarães SC,60.0,Nélson Oliveira,Vitória Guimarães SC,FWD,60.0
GW 504,1,Extra DEF,458.1,Jack Butland,Rangers FC,73.8,Alistair Johnston,Celtic FC,100.0,Reo Hatate,Celtic FC,100.0,Gabri Martínez,Sporting Braga,84.3,Gonçalo Inácio,Sporting Clube de Portugal,DEF,100.0
GW 504,2,Extra DEF,441.4,Kasper Schmeichel,Celtic FC,71.5,Ismail Jakobs,Galatasaray Spor Kulübü,100.0,Fred,Fenerbahçe Spor Kulübü,95.3,Noa Lang,Galatasaray Spor Kulübü,74.6,James Tavernier,Rangers FC,DEF,100.0
GW 504,3,Extra MID,394.7,Rui Silva,Sporting Clube de Portugal,66.2,Alexander Bah,SL Benfica,81.1,Orkun Kökçü,Beşiktaş Jimnastik Kulübü,87.9,Ahmed Kutucu,Galatasaray Spor Kulübü,73.1,Callum McGregor,Celtic FC,MID,86.4
GW 504,4,Extra MID,383.4,Anatolii Trubin,SL Benfica,66.0,Cameron Carter-Vickers,Celtic FC,79.4,Rodrigo Zalazar,Sporting Braga,86.3,Benjamin Nygren,Celtic FC,73.0,Marco Asensio,Fenerbahçe Spor Kulübü,MID,78.7
GW 503,1,Extra MID,427.9,Uğurcan Çakır,Galatasaray Spor Kulübü,72.6,Thiago Silva,FC Porto,95.0,Vítor Carvalho,Sporting Braga,95.5,Fotis Ioannidis,Sporting Clube de Portugal,75.1,Rodrigo Zalazar,Sporting Braga,MID,89.7
GW 503,2,Extra MID,360.1,Rui Silva,Sporting Clube de Portugal,60.0,Víctor Gómez,Sporting Braga,72.1,Moussa Yeo,FC Red Bull Salzburg,83.2,Kerem Aktürkoğlu,Fenerbahçe Spor Kulübü,71.7,Rafa,SL Benfica,MID,73.1
GW 503,3,Extra MID,309.5,Günay Güvenç,Galatasaray Spor Kulübü,37.9,Stefan Savić,Trabzonspor Kulübü,66.0,Edin Višća,Trabzonspor Kulübü,69.9,Nene Dorgeles,Fenerbahçe Spor Kulübü,68.2,Maurits Kjærgaard,FC Red Bull Salzburg,MID,67.5
GW 503,4,Extra DEF,273.0,Mert Günok,Fenerbahçe Spor Kulübü,24.1,Emirhan Topçu,Beşiktaş Jimnastik Kulübü,65.6,João Mendes,Vitória Guimarães SC,60.0,Franjo Ivanović,SL Benfica,60.0,Amar Dedić,SL Benfica,DEF,63.3
GW 502,1,Extra MID,443.1,André Onana,Trabzonspor Kulübü,76.5,Alexander Bah,SL Benfica,90.5,Pedro Gonçalves,Sporting Clube de Portugal,100.0,Clement Bischoff,FC Red Bull Salzburg,84.5,Daniel Bragança,Sporting Clube de Portugal,MID,91.6
GW 502,2,Extra MID,414.1,Ederson,Fenerbahçe Spor Kulübü,73.0,António Silva,SL Benfica,81.5,Rodrigo Zalazar,Sporting Braga,89.8,Franjo Ivanović,SL Benfica,81.2,Fredrik Aursnes,SL Benfica,MID,88.6
GW 502,3,Extra MID,390.5,Diogo Costa,FC Porto,66.7,Tomás Araújo,SL Benfica,71.7,Geovany Quenda,Sporting Clube de Portugal,86.5,Kerem Aktürkoğlu,Fenerbahçe Spor Kulübü,79.9,Gökhan Sazdağı,Beşiktaş Jimnastik Kulübü,MID,85.7
GW 502,4,Extra MID,375.6,Anatolii Trubin,SL Benfica,66.0,Bright Arrey-Mbi,Sporting Braga,70.0,Kochorashvili,Sporting Clube de Portugal,83.6,Trincão,Sporting Clube de Portugal,77.1,Rafa,SL Benfica,MID,78.9
GW 501,1,Extra MID,384.4,Uğurcan Çakır,Galatasaray Spor Kulübü,53.5,Víctor Gómez,Sporting Braga,94.1,Manu,SL Benfica,87.5,Nene Dorgeles,Fenerbahçe Spor Kulübü,70.4,Vítor Carvalho,Sporting Braga,MID,78.9
GW 501,2,Extra MID,303.4,Jack Butland,Rangers FC,35.0,Eren Elmalı,Galatasaray Spor Kulübü,65.4,Telmo Arcanjo,Vitória Guimarães SC,67.4,Amine El Ouazzani,Sporting Braga,69.0,Mads Bidstrup,FC Red Bull Salzburg,MID,66.6
GW 501,3,Extra DEF,286.0,Rui Silva,Sporting Clube de Portugal,33.8,Ricardo Mangas,Sporting Clube de Portugal,64.9,Maurits Kjærgaard,FC Red Bull Salzburg,63.0,Fotis Ioannidis,Sporting Clube de Portugal,60.0,Amar Dedić,SL Benfica,DEF,64.3
GW 501,4,Extra MID,216.9,Adem Ağaoğlu,Trabzonspor Kulübü,0.0,Thiago Silva,FC Porto,55.2,Moussa Yeo,FC Red Bull Salzburg,60.0,Ricardo Horta,Sporting Braga,43.6,Mert Hakan Yandaş,Fenerbahçe Spor Kulübü,MID,58.1
GW 500,1,Extra DEF,469.6,Uğurcan Çakır,Galatasaray Spor Kulübü,84.4,Cameron Carter-Vickers,Celtic FC,100.0,Lucas Torreira,Galatasaray Spor Kulübü,97.0,Andreas Skov Olsen,Rangers FC,88.2,James Tavernier,Rangers FC,DEF,100.0
GW 500,2,Extra DEF,436.9,Mert Günok,Fenerbahçe Spor Kulübü,74.9,Adrian Barišić,Sporting Braga,91.2,Moussa Yeo,FC Red Bull Salzburg,92.7,Mauro Icardi,Galatasaray Spor Kulübü,87.2,Tomás Araújo,SL Benfica,DEF,90.9
GW 500,3,Extra MID,407.2,Juan Castillo,Vitória Guimarães SC,70.5,Amar Dedić,SL Benfica,87.9,Maurits Kjærgaard,FC Red Bull Salzburg,84.3,Umut Nayir,Trabzonspor Kulübü,81.9,Pedro Gonçalves,Sporting Clube de Portugal,MID,82.6
GW 500,4,Extra MID,379.0,Diogo Costa,FC Porto,65.1,Martim Fernandes,FC Porto,75.8,Luke McCowan,Celtic FC,82.1,Václav Černý,Beşiktaş Jimnastik Kulübü,74.7,Callum McGregor,Celtic FC,MID,81.3
GW 499,1,Extra FWD,367.8,Uğurcan Çakır,Galatasaray Spor Kulübü,51.6,Ricardo Mangas,Sporting Clube de Portugal,81.3,Maurits Kjærgaard,FC Red Bull Salzburg,94.9,Clement Bischoff,FC Red Bull Salzburg,74.2,Nélson Oliveira,Vitória Guimarães SC,FWD,65.8
GW 499,2,Extra DEF,282.0,Jack Butland,Rangers FC,35.0,Víctor Gómez,Sporting Braga,62.2,Victor Froholdt,FC Porto,64.0,Václav Černý,Beşiktaş Jimnastik Kulübü,60.0,Bright Arrey-Mbi,Sporting Braga,DEF,60.8
GW 499,3,Extra MID,228.0,Adem Ağaoğlu,Trabzonspor Kulübü,0.0,João Mendes,Vitória Guimarães SC,59.1,Moussa Yeo,FC Red Bull Salzburg,60.0,Nene Dorgeles,Fenerbahçe Spor Kulübü,51.9,Mads Bidstrup,FC Red Bull Salzburg,MID,57.0
GW 499,4,Extra DEF,209.1,Ahmet Yıldırım,Trabzonspor Kulübü,0.0,Stefan Savić,Trabzonspor Kulübü,56.7,İsmail Yüksek,Fenerbahçe Spor Kulübü,55.1,Ricardo Horta,Sporting Braga,40.7,Çağlar Söyüncü,Fenerbahçe Spor Kulübü,DEF,56.6
GW 498,1,Extra MID,448.2,Jack Butland,Rangers FC,78.2,Liam Scales,Celtic FC,100.0,Luke McCowan,Celtic FC,91.9,Sebastian Tounekti,Celtic FC,87.4,Maho Dorgeles,Sporting Braga,MID,90.7
GW 498,2,Extra FWD,387.8,Kasper Schmeichel,Celtic FC,77.0,Nicolás Otamendi,SL Benfica,82.7,Reo Hatate,Celtic FC,69.9,Franjo Ivanović,SL Benfica,81.2,Clement Bischoff,FC Red Bull Salzburg,FWD,77.0
GW 498,3,Extra FWD,355.6,Juan Castillo,Vitória Guimarães SC,72.9,Adrian Barišić,Sporting Braga,72.0,Maximiliano Araújo,Sporting Clube de Portugal,68.9,Oliver Antman,Rangers FC,72.0,Karim Konaté,FC Red Bull Salzburg,FWD,69.8
GW 498,4,Extra DEF,259.9,Adem Ağaoğlu,Trabzonspor Kulübü,0.0,Cameron Carter-Vickers,Celtic FC,69.4,Maurits Kjærgaard,FC Red Bull Salzburg,61.7,Nene Dorgeles,Fenerbahçe Spor Kulübü,60.2,Anthony Ralston,Celtic FC,DEF,68.6
GW 497,1,Extra MID,350.2,Uğurcan Çakır,Galatasaray Spor Kulübü,60.0,Ricardo Mangas,Sporting Clube de Portugal,70.0,Victor Froholdt,FC Porto,90.2,Amine El Ouazzani,Sporting Braga,60.0,Rodrigo Zalazar,Sporting Braga,MID,70.0
GW 497,2,Extra FWD,215.0,Adem Ağaoğlu,Trabzonspor Kulübü,0.0,Archibald Brown,Fenerbahçe Spor Kulübü,35.0,Edin Višća,Trabzonspor Kulübü,60.0,Bruma,SL Benfica,60.0,Franjo Ivanović,SL Benfica,FWD,60.0
GW 497,3,Extra FWD,190.0,Ahmet Yıldırım,Trabzonspor Kulübü,0.0,Bright Arrey-Mbi,Sporting Braga,35.0,Anthony Nwakaeme,Trabzonspor Kulübü,35.0,Ricardo Horta,Sporting Braga,60.0,Roger Fernandes,Sporting Braga,FWD,60.0
GW 497,4,Extra DEF,140.0,Alaa Bellaarouch,Sporting Braga,0.0,Eren Elmalı,Galatasaray Spor Kulübü,35.0,Benjamin Bouchouari,Trabzonspor Kulübü,35.0,Damir Redzic,FC Red Bull Salzburg,35.0,João Mendes,Vitória Guimarães SC,DEF,35.0
GW 496,1,Extra DEF,0.0,Adem Ağaoğlu,Trabzonspor Kulübü,0.0,Abdülkerim Bardakcı,Galatasaray Spor Kulübü,0.0,Abdou Fall,Fenerbahçe Spor Kulübü,0.0,Ada Yüzgeç,Galatasaray Spor Kulübü,0.0,Adam Montgomery,Celtic FC,DEF,0.0
GW 496,2,Extra DEF,0.0,Ahmet Yıldırım,Trabzonspor Kulübü,0.0,Adrian Barišić,Sporting Braga,0.0,Adnan Fettahoğlu,Fenerbahçe Spor Kulübü,0.0,Ahmed Kutucu,Galatasaray Spor Kulübü,0.0,Afonso Sousa,Sporting Braga,DEF,0.0
GW 496,3,Extra DEF,0.0,Alaa Bellaarouch,Sporting Braga,0.0,Ahmet Tekke,Trabzonspor Kulübü,0.0,Aiden McCallion,Rangers FC,0.0,Ahmet Bircan,Beşiktaş Jimnastik Kulübü,0.0,Alberto Costa,FC Porto,DEF,0.0
GW 496,4,Extra DEF,0.0,Alexander Schlager,FC Red Bull Salzburg,0.0,Aleksa Terzić,FC Red Bull Salzburg,0.0,Alan Varela,FC Porto,0.0,Alaettin Ekici,Fenerbahçe Spor Kulübü,0.0,Alexander Bah,SL Benfica,DEF,0.0
GW 495,1,Extra DEF,0.0,Adem Ağaoğlu,Trabzonspor Kulübü,0.0,Abdülkerim Bardakcı,Galatasaray Spor Kulübü,0.0,Abdou Fall,Fenerbahçe Spor Kulübü,0.0,Ada Yüzgeç,Galatasaray Spor Kulübü,0.0,Adam Montgomery,Celtic FC,DEF,0.0
GW 495,2,Extra DEF,0.0,Ahmet Yıldırım,Trabzonspor Kulübü,0.0,Adrian Barišić,Sporting Braga,0.0,Adnan Fettahoğlu,Fenerbahçe Spor Kulübü,0.0,Ahmed Kutucu,Galatasaray Spor Kulübü,0.0,Afonso Sousa,Sporting Braga,DEF,0.0
GW 495,3,Extra DEF,0.0,Alaa Bellaarouch,Sporting Braga,0.0,Ahmet Tekke,Trabzonspor Kulübü,0.0,Aiden McCallion,Rangers FC,0.0,Ahmet Bircan,Beşiktaş Jimnastik Kulübü,0.0,Alberto Costa,FC Porto,DEF,0.0
GW 495,4,Extra DEF,0.0,Alexander Schlager,FC Red Bull Salzburg,0.0,Aleksa Terzić,FC Red Bull Salzburg,0.0,Alan Varela,FC Porto,0.0,Alaettin Ekici,Fenerbahçe Spor Kulübü,0.0,Alexander Bah,SL Benfica,DEF,0.0
GW 494,1,Extra DEF,0.0,Adem Ağaoğlu,Trabzonspor Kulübü,0.0,Abdülkerim Bardakcı,Galatasaray Spor Kulübü,0.0,Abdou Fall,Fenerbahçe Spor Kulübü,0.0,Ada Yüzgeç,Galatasaray Spor Kulübü,0.0,Adam Montgomery,Celtic FC,DEF,0.0
GW 494,2,Extra DEF,0.0,Ahmet Yıldırım,Trabzonspor Kulübü,0.0,Adrian Barišić,Sporting Braga,0.0,Adnan Fettahoğlu,Fenerbahçe Spor Kulübü,0.0,Ahmed Kutucu,Galatasaray Spor Kulübü,0.0,Afonso Sousa,Sporting Braga,DEF,0.0
GW 494,3,Extra DEF,0.0,Alaa Bellaarouch,Sporting Braga,0.0,Ahmet Tekke,Trabzonspor Kulübü,0.0,Aiden McCallion,Rangers FC,0.0,Ahmet Bircan,Beşiktaş Jimnastik Kulübü,0.0,Alberto Costa,FC Porto,DEF,0.0
GW 494,4,Extra DEF,0.0,Alexander Schlager,FC Red Bull Salzburg,0.0,Aleksa Terzić,FC Red Bull Salzburg,0.0,Alan Varela,FC Porto,0.0,Alaettin Ekici,Fenerbahçe Spor Kulübü,0.0,Alexander Bah,SL Benfica,DEF,0.0
GW 493,1,Extra DEF,0.0,Adem Ağaoğlu,Trabzonspor Kulübü,0.0,Abdülkerim Bardakcı,Galatasaray Spor Kulübü,0.0,Abdou Fall,Fenerbahçe Spor Kulübü,0.0,Ada Yüzgeç,Galatasaray Spor Kulübü,0.0,Adam Montgomery,Celtic FC,DEF,0.0
GW 493,2,Extra DEF,0.0,Ahmet Yıldırım,Trabzonspor Kulübü,0.0,Adrian Barišić,Sporting Braga,0.0,Adnan Fettahoğlu,Fenerbahçe Spor Kulübü,0.0,Ahmed Kutucu,Galatasaray Spor Kulübü,0.0,Afonso Sousa,Sporting Braga,DEF,0.0
GW 493,3,Extra DEF,0.0,Alaa Bellaarouch,Sporting Braga,0.0,Ahmet Tekke,Trabzonspor Kulübü,0.0,Aiden McCallion,Rangers FC,0.0,Ahmet Bircan,Beşiktaş Jimnastik Kulübü,0.0,Alberto Costa,FC Porto,DEF,0.0
GW 493,4,Extra DEF,0.0,Alexander Schlager,FC Red Bull Salzburg,0.0,Aleksa Terzić,FC Red Bull Salzburg,0.0,Alan Varela,FC Porto,0.0,Alaettin Ekici,Fenerbahçe Spor Kulübü,0.0,Alexander Bah,SL Benfica,DEF,0.0
GW 492,1,Extra DEF,0.0,Adem Ağaoğlu,Trabzonspor Kulübü,0.0,Abdülkerim Bardakcı,Galatasaray Spor Kulübü,0.0,Abdou Fall,Fenerbahçe Spor Kulübü,0.0,Ada Yüzgeç,Galatasaray Spor Kulübü,0.0,Adam Montgomery,Celtic FC,DEF,0.0
GW 492,2,Extra DEF,0.0,Ahmet Yıldırım,Trabzonspor Kulübü,0.0,Adrian Barišić,Sporting Braga,0.0,Adnan Fettahoğlu,Fenerbahçe Spor Kulübü,0.0,Ahmed Kutucu,Galatasaray Spor Kulübü,0.0,Afonso Sousa,Sporting Braga,DEF,0.0
GW 492,3,Extra DEF,0.0,Alaa Bellaarouch,Sporting Braga,0.0,Ahmet Tekke,Trabzonspor Kulübü,0.0,Aiden McCallion,Rangers FC,0.0,Ahmet Bircan,Beşiktaş Jimnastik Kulübü,0.0,Alberto Costa,FC Porto,DEF,0.0
GW 492,4,Extra DEF,0.0,Alexander Schlager,FC Red Bull Salzburg,0.0,Aleksa Terzić,FC Red Bull Salzburg,0.0,Alan Varela,FC Porto,0.0,Alaettin Ekici,Fenerbahçe Spor Kulübü,0.0,Alexander Bah,SL Benfica,DEF,0.0
GW 491,1,Extra DEF,0.0,Adem Ağaoğlu,Trabzonspor Kulübü,0.0,Abdülkerim Bardakcı,Galatasaray Spor Kulübü,0.0,Abdou Fall,Fenerbahçe Spor Kulübü,0.0,Ada Yüzgeç,Galatasaray Spor Kulübü,0.0,Adam Montgomery,Celtic FC,DEF,0.0
GW 491,2,Extra DEF,0.0,Ahmet Yıldırım,Trabzonspor Kulübü,0.0,Adrian Barišić,Sporting Braga,0.0,Adnan Fettahoğlu,Fenerbahçe Spor Kulübü,0.0,Ahmed Kutucu,Galatasaray Spor Kulübü,0.0,Afonso Sousa,Sporting Braga,DEF,0.0
GW 491,3,Extra DEF,0.0,Alaa Bellaarouch,Sporting Braga,0.0,Ahmet Tekke,Trabzonspor Kulübü,0.0,Aiden McCallion,Rangers FC,0.0,Ahmet Bircan,Beşiktaş Jimnastik Kulübü,0.0,Alberto Costa,FC Porto,DEF,0.0
GW 491,4,Extra DEF,0.0,Alexander Schlager,FC Red Bull Salzburg,0.0,Aleksa Terzić,FC Red Bull Salzburg,0.0,Alan Varela,FC Porto,0.0,Alaettin Ekici,Fenerbahçe Spor Kulübü,0.0,Alexander Bah,SL Benfica,DEF,0.0
GW 490,1,Extra DEF,0.0,Adem Ağaoğlu,Trabzonspor Kulübü,0.0,Abdülkerim Bardakcı,Galatasaray Spor Kulübü,0.0,Abdou Fall,Fenerbahçe Spor Kulübü,0.0,Ada Yüzgeç,Galatasaray Spor Kulübü,0.0,Adam Montgomery,Celtic FC,DEF,0.0
GW 490,2,Extra DEF,0.0,Ahmet Yıldırım,Trabzonspor Kulübü,0.0,Adrian Barišić,Sporting Braga,0.0,Adnan Fettahoğlu,Fenerbahçe Spor Kulübü,0.0,Ahmed Kutucu,Galatasaray Spor Kulübü,0.0,Afonso Sousa,Sporting Braga,DEF,0.0
GW 490,3,Extra DEF,0.0,Alaa Bellaarouch,Sporting Braga,0.0,Ahmet Tekke,Trabzonspor Kulübü,0.0,Aiden McCallion,Rangers FC,0.0,Ahmet Bircan,Beşiktaş Jimnastik Kulübü,0.0,Alberto Costa,FC Porto,DEF,0.0
GW 490,4,Extra DEF,0.0,Alexander Schlager,FC Red Bull Salzburg,0.0,Aleksa Terzić,FC Red Bull Salzburg,0.0,Alan Varela,FC Porto,0.0,Alaettin Ekici,Fenerbahçe Spor Kulübü,0.0,Alexander Bah,SL Benfica,DEF,0.0
GW 489,1,Extra DEF,0.0,Adem Ağaoğlu,Trabzonspor Kulübü,0.0,Abdülkerim Bardakcı,Galatasaray Spor Kulübü,0.0,Abdou Fall,Fenerbahçe Spor Kulübü,0.0,Ada Yüzgeç,Galatasaray Spor Kulübü,0.0,Adam Montgomery,Celtic FC,DEF,0.0
GW 489,2,Extra DEF,0.0,Ahmet Yıldırım,Trabzonspor Kulübü,0.0,Adrian Barišić,Sporting Braga,0.0,Adnan Fettahoğlu,Fenerbahçe Spor Kulübü,0.0,Ahmed Kutucu,Galatasaray Spor Kulübü,0.0,Afonso Sousa,Sporting Braga,DEF,0.0
GW 489,3,Extra DEF,0.0,Alaa Bellaarouch,Sporting Braga,0.0,Ahmet Tekke,Trabzonspor Kulübü,0.0,Aiden McCallion,Rangers FC,0.0,Ahmet Bircan,Beşiktaş Jimnastik Kulübü,0.0,Alberto Costa,FC Porto,DEF,0.0
GW 489,4,Extra DEF,0.0,Alexander Schlager,FC Red Bull Salzburg,0.0,Aleksa Terzić,FC Red Bull Salzburg,0.0,Alan Varela,FC Porto,0.0,Alaettin Ekici,Fenerbahçe Spor Kulübü,0.0,Alexander Bah,SL Benfica,DEF,0.0
GW 488,1,Extra DEF,0.0,Adem Ağaoğlu,Trabzonspor Kulübü,0.0,Abdülkerim Bardakcı,Galatasaray Spor Kulübü,0.0,Abdou Fall,Fenerbahçe Spor Kulübü,0.0,Ada Yüzgeç,Galatasaray Spor Kulübü,0.0,Adam Montgomery,Celtic FC,DEF,0.0
GW 488,2,Extra DEF,0.0,Ahmet Yıldırım,Trabzonspor Kulübü,0.0,Adrian Barišić,Sporting Braga,0.0,Adnan Fettahoğlu,Fenerbahçe Spor Kulübü,0.0,Ahmed Kutucu,Galatasaray Spor Kulübü,0.0,Afonso Sousa,Sporting Braga,DEF,0.0
GW 488,3,Extra DEF,0.0,Alaa Bellaarouch,Sporting Braga,0.0,Ahmet Tekke,Trabzonspor Kulübü,0.0,Aiden McCallion,Rangers FC,0.0,Ahmet Bircan,Beşiktaş Jimnastik Kulübü,0.0,Alberto Costa,FC Porto,DEF,0.0
GW 488,4,Extra DEF,0.0,Alexander Schlager,FC Red Bull Salzburg,0.0,Aleksa Terzić,FC Red Bull Salzburg,0.0,Alan Varela,FC Porto,0.0,Alaettin Ekici,Fenerbahçe Spor Kulübü,0.0,Alexander Bah,SL Benfica,DEF,0.0
GW 487,1,Extra DEF,0.0,Adem Ağaoğlu,Trabzonspor Kulübü,0.0,Abdülkerim Bardakcı,Galatasaray Spor Kulübü,0.0,Abdou Fall,Fenerbahçe Spor Kulübü,0.0,Ada Yüzgeç,Galatasaray Spor Kulübü,0.0,Adam Montgomery,Celtic FC,DEF,0.0
GW 487,2,Extra DEF,0.0,Ahmet Yıldırım,Trabzonspor Kulübü,0.0,Adrian Barišić,Sporting Braga,0.0,Adnan Fettahoğlu,Fenerbahçe Spor Kulübü,0.0,Ahmed Kutucu,Galatasaray Spor Kulübü,0.0,Afonso Sousa,Sporting Braga,DEF,0.0
GW 487,3,Extra DEF,0.0,Alaa Bellaarouch,Sporting Braga,0.0,Ahmet Tekke,Trabzonspor Kulübü,0.0,Aiden McCallion,Rangers FC,0.0,Ahmet Bircan,Beşiktaş Jimnastik Kulübü,0.0,Alberto Costa,FC Porto,DEF,0.0
GW 487,4,Extra DEF,0.0,Alexander Schlager,FC Red Bull Salzburg,0.0,Aleksa Terzić,FC Red Bull Salzburg,0.0,Alan Varela,FC Porto,0.0,Alaettin Ekici,Fenerbahçe Spor Kulübü,0.0,Alexander Bah,SL Benfica,DEF,0.0
GW 486,1,Extra DEF,0.0,Adem Ağaoğlu,Trabzonspor Kulübü,0.0,Abdülkerim Bardakcı,Galatasaray Spor Kulübü,0.0,Abdou Fall,Fenerbahçe Spor Kulübü,0.0,Ada Yüzgeç,Galatasaray Spor Kulübü,0.0,Adam Montgomery,Celtic FC,DEF,0.0
GW 486,2,Extra DEF,0.0,Ahmet Yıldırım,Trabzonspor Kulübü,0.0,Adrian Barišić,Sporting Braga,0.0,Adnan Fettahoğlu,Fenerbahçe Spor Kulübü,0.0,Ahmed Kutucu,Galatasaray Spor Kulübü,0.0,Afonso Sousa,Sporting Braga,DEF,0.0
GW 486,3,Extra DEF,0.0,Alaa Bellaarouch,Sporting Braga,0.0,Ahmet Tekke,Trabzonspor Kulübü,0.0,Aiden McCallion,Rangers FC,0.0,Ahmet Bircan,Beşiktaş Jimnastik Kulübü,0.0,Alberto Costa,FC Porto,DEF,0.0
GW 486,4,Extra DEF,0.0,Alexander Schlager,FC Red Bull Salzburg,0.0,Aleksa Terzić,FC Red Bull Salzburg,0.0,Alan Varela,FC Porto,0.0,Alaettin Ekici,Fenerbahçe Spor Kulübü,0.0,Alexander Bah,SL Benfica,DEF,0.0
GW 485,1,Extra DEF,0.0,Adem Ağaoğlu,Trabzonspor Kulübü,0.0,Abdülkerim Bardakcı,Galatasaray Spor Kulübü,0.0,Abdou Fall,Fenerbahçe Spor Kulübü,0.0,Ada Yüzgeç,Galatasaray Spor Kulübü,0.0,Adam Montgomery,Celtic FC,DEF,0.0
GW 485,2,Extra DEF,0.0,Ahmet Yıldırım,Trabzonspor Kulübü,0.0,Adrian Barišić,Sporting Braga,0.0,Adnan Fettahoğlu,Fenerbahçe Spor Kulübü,0.0,Ahmed Kutucu,Galatasaray Spor Kulübü,0.0,Afonso Sousa,Sporting Braga,DEF,0.0
GW 485,3,Extra DEF,0.0,Alaa Bellaarouch,Sporting Braga,0.0,Ahmet Tekke,Trabzonspor Kulübü,0.0,Aiden McCallion,Rangers FC,0.0,Ahmet Bircan,Beşiktaş Jimnastik Kulübü,0.0,Alberto Costa,FC Porto,DEF,0.0
GW 485,4,Extra DEF,0.0,Alexander Schlager,FC Red Bull Salzburg,0.0,Aleksa Terzić,FC Red Bull Salzburg,0.0,Alan Varela,FC Porto,0.0,Alaettin Ekici,Fenerbahçe Spor Kulübü,0.0,Alexander Bah,SL Benfica,DEF,0.0
GW 484,1,Extra DEF,0.0,Adem Ağaoğlu,Trabzonspor Kulübü,0.0,Abdülkerim Bardakcı,Galatasaray Spor Kulübü,0.0,Abdou Fall,Fenerbahçe Spor Kulübü,0.0,Ada Yüzgeç,Galatasaray Spor Kulübü,0.0,Adam Montgomery,Celtic FC,DEF,0.0
GW 484,2,Extra DEF,0.0,Ahmet Yıldırım,Trabzonspor Kulübü,0.0,Adrian Barišić,Sporting Braga,0.0,Adnan Fettahoğlu,Fenerbahçe Spor Kulübü,0.0,Ahmed Kutucu,Galatasaray Spor Kulübü,0.0,Afonso Sousa,Sporting Braga,DEF,0.0
GW 484,3,Extra DEF,0.0,Alaa Bellaarouch,Sporting Braga,0.0,Ahmet Tekke,Trabzonspor Kulübü,0.0,Aiden McCallion,Rangers FC,0.0,Ahmet Bircan,Beşiktaş Jimnastik Kulübü,0.0,Alberto Costa,FC Porto,DEF,0.0
GW 484,4,Extra DEF,0.0,Alexander Schlager,FC Red Bull Salzburg,0.0,Aleksa Terzić,FC Red Bull Salzburg,0.0,Alan Varela,FC Porto,0.0,Alaettin Ekici,Fenerbahçe Spor Kulübü,0.0,Alexander Bah,SL Benfica,DEF,0.0
GW 483,1,Extra DEF,0.0,Adem Ağaoğlu,Trabzonspor Kulübü,0.0,Abdülkerim Bardakcı,Galatasaray Spor Kulübü,0.0,Abdou Fall,Fenerbahçe Spor Kulübü,0.0,Ada Yüzgeç,Galatasaray Spor Kulübü,0.0,Adam Montgomery,Celtic FC,DEF,0.0
GW 483,2,Extra DEF,0.0,Ahmet Yıldırım,Trabzonspor Kulübü,0.0,Adrian Barišić,Sporting Braga,0.0,Adnan Fettahoğlu,Fenerbahçe Spor Kulübü,0.0,Ahmed Kutucu,Galatasaray Spor Kulübü,0.0,Afonso Sousa,Sporting Braga,DEF,0.0
GW 483,3,Extra DEF,0.0,Alaa Bellaarouch,Sporting Braga,0.0,Ahmet Tekke,Trabzonspor Kulübü,0.0,Aiden McCallion,Rangers FC,0.0,Ahmet Bircan,Beşiktaş Jimnastik Kulübü,0.0,Alberto Costa,FC Porto,DEF,0.0
GW 483,4,Extra DEF,0.0,Alexander Schlager,FC Red Bull Salzburg,0.0,Aleksa Terzić,FC Red Bull Salzburg,0.0,Alan Varela,FC Porto,0.0,Alaettin Ekici,Fenerbahçe Spor Kulübü,0.0,Alexander Bah,SL Benfica,DEF,0.0
GW 482,1,Extra DEF,0.0,Adem Ağaoğlu,Trabzonspor Kulübü,0.0,Abdülkerim Bardakcı,Galatasaray Spor Kulübü,0.0,Abdou Fall,Fenerbahçe Spor Kulübü,0.0,Ada Yüzgeç,Galatasaray Spor Kulübü,0.0,Adam Montgomery,Celtic FC,DEF,0.0
GW 482,2,Extra DEF,0.0,Ahmet Yıldırım,Trabzonspor Kulübü,0.0,Adrian Barišić,Sporting Braga,0.0,Adnan Fettahoğlu,Fenerbahçe Spor Kulübü,0.0,Ahmed Kutucu,Galatasaray Spor Kulübü,0.0,Afonso Sousa,Sporting Braga,DEF,0.0
GW 482,3,Extra DEF,0.0,Alaa Bellaarouch,Sporting Braga,0.0,Ahmet Tekke,Trabzonspor Kulübü,0.0,Aiden McCallion,Rangers FC,0.0,Ahmet Bircan,Beşiktaş Jimnastik Kulübü,0.0,Alberto Costa,FC Porto,DEF,0.0
GW 482,4,Extra DEF,0.0,Alexander Schlager,FC Red Bull Salzburg,0.0,Aleksa Terzić,FC Red Bull Salzburg,0.0,Alan Varela,FC Porto,0.0,Alaettin Ekici,Fenerbahçe Spor Kulübü,0.0,Alexander Bah,SL Benfica,DEF,0.0
GW 481,1,Extra DEF,0.0,Adem Ağaoğlu,Trabzonspor Kulübü,0.0,Abdülkerim Bardakcı,Galatasaray Spor Kulübü,0.0,Abdou Fall,Fenerbahçe Spor Kulübü,0.0,Ada Yüzgeç,Galatasaray Spor Kulübü,0.0,Adam Montgomery,Celtic FC,DEF,0.0
GW 481,2,Extra DEF,0.0,Ahmet Yıldırım,Trabzonspor Kulübü,0.0,Adrian Barišić,Sporting Braga,0.0,Adnan Fettahoğlu,Fenerbahçe Spor Kulübü,0.0,Ahmed Kutucu,Galatasaray Spor Kulübü,0.0,Afonso Sousa,Sporting Braga,DEF,0.0
GW 481,3,Extra DEF,0.0,Alaa Bellaarouch,Sporting Braga,0.0,Ahmet Tekke,Trabzonspor Kulübü,0.0,Aiden McCallion,Rangers FC,0.0,Ahmet Bircan,Beşiktaş Jimnastik Kulübü,0.0,Alberto Costa,FC Porto,DEF,0.0
GW 481,4,Extra DEF,0.0,Alexander Schlager,FC Red Bull Salzburg,0.0,Aleksa Terzić,FC Red Bull Salzburg,0.0,Alan Varela,FC Porto,0.0,Alaettin Ekici,Fenerbahçe Spor Kulübü,0.0,Alexander Bah,SL Benfica,DEF,0.0
GW 480,1,Extra DEF,0.0,Adem Ağaoğlu,Trabzonspor Kulübü,0.0,Abdülkerim Bardakcı,Galatasaray Spor Kulübü,0.0,Abdou Fall,Fenerbahçe Spor Kulübü,0.0,Ada Yüzgeç,Galatasaray Spor Kulübü,0.0,Adam Montgomery,Celtic FC,DEF,0.0
GW 480,2,Extra DEF,0.0,Ahmet Yıldırım,Trabzonspor Kulübü,0.0,Adrian Barišić,Sporting Braga,0.0,Adnan Fettahoğlu,Fenerbahçe Spor Kulübü,0.0,Ahmed Kutucu,Galatasaray Spor Kulübü,0.0,Afonso Sousa,Sporting Braga,DEF,0.0
GW 480,3,Extra DEF,0.0,Alaa Bellaarouch,Sporting Braga,0.0,Ahmet Tekke,Trabzonspor Kulübü,0.0,Aiden McCallion,Rangers FC,0.0,Ahmet Bircan,Beşiktaş Jimnastik Kulübü,0.0,Alberto Costa,FC Porto,DEF,0.0
GW 480,4,Extra DEF,0.0,Alexander Schlager,FC Red Bull Salzburg,0.0,Aleksa Terzić,FC Red Bull Salzburg,0.0,Alan Varela,FC Porto,0.0,Alaettin Ekici,Fenerbahçe Spor Kulübü,0.0,Alexander Bah,SL Benfica,DEF,0.0
GW 479,1,Extra DEF,0.0,Adem Ağaoğlu,Trabzonspor Kulübü,0.0,Abdülkerim Bardakcı,Galatasaray Spor Kulübü,0.0,Abdou Fall,Fenerbahçe Spor Kulübü,0.0,Ada Yüzgeç,Galatasaray Spor Kulübü,0.0,Adam Montgomery,Celtic FC,DEF,0.0
GW 479,2,Extra DEF,0.0,Ahmet Yıldırım,Trabzonspor Kulübü,0.0,Adrian Barišić,Sporting Braga,0.0,Adnan Fettahoğlu,Fenerbahçe Spor Kulübü,0.0,Ahmed Kutucu,Galatasaray Spor Kulübü,0.0,Afonso Sousa,Sporting Braga,DEF,0.0
GW 479,3,Extra DEF,0.0,Alaa Bellaarouch,Sporting Braga,0.0,Ahmet Tekke,Trabzonspor Kulübü,0.0,Aiden McCallion,Rangers FC,0.0,Ahmet Bircan,Beşiktaş Jimnastik Kulübü,0.0,Alberto Costa,FC Porto,DEF,0.0
GW 479,4,Extra DEF,0.0,Alexander Schlager,FC Red Bull Salzburg,0.0,Aleksa Terzić,FC Red Bull Salzburg,0.0,Alan Varela,FC Porto,0.0,Alaettin Ekici,Fenerbahçe Spor Kulübü,0.0,Alexander Bah,SL Benfica,DEF,0.0
GW 478,1,Extra DEF,0.0,Adem Ağaoğlu,Trabzonspor Kulübü,0.0,Abdülkerim Bardakcı,Galatasaray Spor Kulübü,0.0,Abdou Fall,Fenerbahçe Spor Kulübü,0.0,Ada Yüzgeç,Galatasaray Spor Kulübü,0.0,Adam Montgomery,Celtic FC,DEF,0.0
GW 478,2,Extra DEF,0.0,Ahmet Yıldırım,Trabzonspor Kulübü,0.0,Adrian Barišić,Sporting Braga,0.0,Adnan Fettahoğlu,Fenerbahçe Spor Kulübü,0.0,Ahmed Kutucu,Galatasaray Spor Kulübü,0.0,Afonso Sousa,Sporting Braga,DEF,0.0
GW 478,3,Extra DEF,0.0,Alaa Bellaarouch,Sporting Braga,0.0,Ahmet Tekke,Trabzonspor Kulübü,0.0,Aiden McCallion,Rangers FC,0.0,Ahmet Bircan,Beşiktaş Jimnastik Kulübü,0.0,Alberto Costa,FC Porto,DEF,0.0
GW 478,4,Extra DEF,0.0,Alexander Schlager,FC Red Bull Salzburg,0.0,Aleksa Terzić,FC Red Bull Salzburg,0.0,Alan Varela,FC Porto,0.0,Alaettin Ekici,Fenerbahçe Spor Kulübü,0.0,Alexander Bah,SL Benfica,DEF,0.0
GW 477,1,Extra DEF,0.0,Adem Ağaoğlu,Trabzonspor Kulübü,0.0,Abdülkerim Bardakcı,Galatasaray Spor Kulübü,0.0,Abdou Fall,Fenerbahçe Spor Kulübü,0.0,Ada Yüzgeç,Galatasaray Spor Kulübü,0.0,Adam Montgomery,Celtic FC,DEF,0.0
GW 477,2,Extra DEF,0.0,Ahmet Yıldırım,Trabzonspor Kulübü,0.0,Adrian Barišić,Sporting Braga,0.0,Adnan Fettahoğlu,Fenerbahçe Spor Kulübü,0.0,Ahmed Kutucu,Galatasaray Spor Kulübü,0.0,Afonso Sousa,Sporting Braga,DEF,0.0
GW 477,3,Extra DEF,0.0,Alaa Bellaarouch,Sporting Braga,0.0,Ahmet Tekke,Trabzonspor Kulübü,0.0,Aiden McCallion,Rangers FC,0.0,Ahmet Bircan,Beşiktaş Jimnastik Kulübü,0.0,Alberto Costa,FC Porto,DEF,0.0
GW 477,4,Extra DEF,0.0,Alexander Schlager,FC Red Bull Salzburg,0.0,Aleksa Terzić,FC Red Bull Salzburg,0.0,Alan Varela,FC Porto,0.0,Alaettin Ekici,Fenerbahçe Spor Kulübü,0.0,Alexander Bah,SL Benfica,DEF,0.0
GW 476,1,Extra DEF,0.0,Adem Ağaoğlu,Trabzonspor Kulübü,0.0,Abdülkerim Bardakcı,Galatasaray Spor Kulübü,0.0,Abdou Fall,Fenerbahçe Spor Kulübü,0.0,Ada Yüzgeç,Galatasaray Spor Kulübü,0.0,Adam Montgomery,Celtic FC,DEF,0.0
GW 476,2,Extra DEF,0.0,Ahmet Yıldırım,Trabzonspor Kulübü,0.0,Adrian Barišić,Sporting Braga,0.0,Adnan Fettahoğlu,Fenerbahçe Spor Kulübü,0.0,Ahmed Kutucu,Galatasaray Spor Kulübü,0.0,Afonso Sousa,Sporting Braga,DEF,0.0
GW 476,3,Extra DEF,0.0,Alaa Bellaarouch,Sporting Braga,0.0,Ahmet Tekke,Trabzonspor Kulübü,0.0,Aiden McCallion,Rangers FC,0.0,Ahmet Bircan,Beşiktaş Jimnastik Kulübü,0.0,Alberto Costa,FC Porto,DEF,0.0
GW 476,4,Extra DEF,0.0,Alexander Schlager,FC Red Bull Salzburg,0.0,Aleksa Terzić,FC Red Bull Salzburg,0.0,Alan Varela,FC Porto,0.0,Alaettin Ekici,Fenerbahçe Spor Kulübü,0.0,Alexander Bah,SL Benfica,DEF,0.0
GW 475,1,Extra DEF,0.0,Adem Ağaoğlu,Trabzonspor Kulübü,0.0,Abdülkerim Bardakcı,Galatasaray Spor Kulübü,0.0,Abdou Fall,Fenerbahçe Spor Kulübü,0.0,Ada Yüzgeç,Galatasaray Spor Kulübü,0.0,Adam Montgomery,Celtic FC,DEF,0.0
GW 475,2,Extra DEF,0.0,Ahmet Yıldırım,Trabzonspor Kulübü,0.0,Adrian Barišić,Sporting Braga,0.0,Adnan Fettahoğlu,Fenerbahçe Spor Kulübü,0.0,Ahmed Kutucu,Galatasaray Spor Kulübü,0.0,Afonso Sousa,Sporting Braga,DEF,0.0
GW 475,3,Extra DEF,0.0,Alaa Bellaarouch,Sporting Braga,0.0,Ahmet Tekke,Trabzonspor Kulübü,0.0,Aiden McCallion,Rangers FC,0.0,Ahmet Bircan,Beşiktaş Jimnastik Kulübü,0.0,Alberto Costa,FC Porto,DEF,0.0
GW 475,4,Extra DEF,0.0,Alexander Schlager,FC Red Bull Salzburg,0.0,Aleksa Terzić,FC Red Bull Salzburg,0.0,Alan Varela,FC Porto,0.0,Alaettin Ekici,Fenerbahçe Spor Kulübü,0.0,Alexander Bah,SL Benfica,DEF,0.0
GW 474,1,Extra DEF,0.0,Adem Ağaoğlu,Trabzonspor Kulübü,0.0,Abdülkerim Bardakcı,Galatasaray Spor Kulübü,0.0,Abdou Fall,Fenerbahçe Spor Kulübü,0.0,Ada Yüzgeç,Galatasaray Spor Kulübü,0.0,Adam Montgomery,Celtic FC,DEF,0.0
GW 474,2,Extra DEF,0.0,Ahmet Yıldırım,Trabzonspor Kulübü,0.0,Adrian Barišić,Sporting Braga,0.0,Adnan Fettahoğlu,Fenerbahçe Spor Kulübü,0.0,Ahmed Kutucu,Galatasaray Spor Kulübü,0.0,Afonso Sousa,Sporting Braga,DEF,0.0
GW 474,3,Extra DEF,0.0,Alaa Bellaarouch,Sporting Braga,0.0,Ahmet Tekke,Trabzonspor Kulübü,0.0,Aiden McCallion,Rangers FC,0.0,Ahmet Bircan,Beşiktaş Jimnastik Kulübü,0.0,Alberto Costa,FC Porto,DEF,0.0
GW 474,4,Extra DEF,0.0,Alexander Schlager,FC Red Bull Salzburg,0.0,Aleksa Terzić,FC Red Bull Salzburg,0.0,Alan Varela,FC Porto,0.0,Alaettin Ekici,Fenerbahçe Spor Kulübü,0.0,Alexander Bah,SL Benfica,DEF,0.0
GW 473,1,Extra DEF,0.0,Adem Ağaoğlu,Trabzonspor Kulübü,0.0,Abdülkerim Bardakcı,Galatasaray Spor Kulübü,0.0,Abdou Fall,Fenerbahçe Spor Kulübü,0.0,Ada Yüzgeç,Galatasaray Spor Kulübü,0.0,Adam Montgomery,Celtic FC,DEF,0.0
GW 473,2,Extra DEF,0.0,Ahmet Yıldırım,Trabzonspor Kulübü,0.0,Adrian Barišić,Sporting Braga,0.0,Adnan Fettahoğlu,Fenerbahçe Spor Kulübü,0.0,Ahmed Kutucu,Galatasaray Spor Kulübü,0.0,Afonso Sousa,Sporting Braga,DEF,0.0
GW 473,3,Extra DEF,0.0,Alaa Bellaarouch,Sporting Braga,0.0,Ahmet Tekke,Trabzonspor Kulübü,0.0,Aiden McCallion,Rangers FC,0.0,Ahmet Bircan,Beşiktaş Jimnastik Kulübü,0.0,Alberto Costa,FC Porto,DEF,0.0
GW 473,4,Extra DEF,0.0,Alexander Schlager,FC Red Bull Salzburg,0.0,Aleksa Terzić,FC Red Bull Salzburg,0.0,Alan Varela,FC Porto,0.0,Alaettin Ekici,Fenerbahçe Spor Kulübü,0.0,Alexander Bah,SL Benfica,DEF,0.0
GW 472,1,Extra DEF,0.0,Adem Ağaoğlu,Trabzonspor Kulübü,0.0,Abdülkerim Bardakcı,Galatasaray Spor Kulübü,0.0,Abdou Fall,Fenerbahçe Spor Kulübü,0.0,Ada Yüzgeç,Galatasaray Spor Kulübü,0.0,Adam Montgomery,Celtic FC,DEF,0.0
GW 472,2,Extra DEF,0.0,Ahmet Yıldırım,Trabzonspor Kulübü,0.0,Adrian Barišić,Sporting Braga,0.0,Adnan Fettahoğlu,Fenerbahçe Spor Kulübü,0.0,Ahmed Kutucu,Galatasaray Spor Kulübü,0.0,Afonso Sousa,Sporting Braga,DEF,0.0
GW 472,3,Extra DEF,0.0,Alaa Bellaarouch,Sporting Braga,0.0,Ahmet Tekke,Trabzonspor Kulübü,0.0,Aiden McCallion,Rangers FC,0.0,Ahmet Bircan,Beşiktaş Jimnastik Kulübü,0.0,Alberto Costa,FC Porto,DEF,0.0
GW 472,4,Extra DEF,0.0,Alexander Schlager,FC Red Bull Salzburg,0.0,Aleksa Terzić,FC Red Bull Salzburg,0.0,Alan Varela,FC Porto,0.0,Alaettin Ekici,Fenerbahçe Spor Kulübü,0.0,Alexander Bah,SL Benfica,DEF,0.0
GW 471,1,Extra DEF,0.0,Adem Ağaoğlu,Trabzonspor Kulübü,0.0,Abdülkerim Bardakcı,Galatasaray Spor Kulübü,0.0,Abdou Fall,Fenerbahçe Spor Kulübü,0.0,Ada Yüzgeç,Galatasaray Spor Kulübü,0.0,Adam Montgomery,Celtic FC,DEF,0.0
GW 471,2,Extra DEF,0.0,Ahmet Yıldırım,Trabzonspor Kulübü,0.0,Adrian Barišić,Sporting Braga,0.0,Adnan Fettahoğlu,Fenerbahçe Spor Kulübü,0.0,Ahmed Kutucu,Galatasaray Spor Kulübü,0.0,Afonso Sousa,Sporting Braga,DEF,0.0
GW 471,3,Extra DEF,0.0,Alaa Bellaarouch,Sporting Braga,0.0,Ahmet Tekke,Trabzonspor Kulübü,0.0,Aiden McCallion,Rangers FC,0.0,Ahmet Bircan,Beşiktaş Jimnastik Kulübü,0.0,Alberto Costa,FC Porto,DEF,0.0
GW 471,4,Extra DEF,0.0,Alexander Schlager,FC Red Bull Salzburg,0.0,Aleksa Terzić,FC Red Bull Salzburg,0.0,Alan Varela,FC Porto,0.0,Alaettin Ekici,Fenerbahçe Spor Kulübü,0.0,Alexander Bah,SL Benfica,DEF,0.0
GW 470,1,Extra DEF,0.0,Adem Ağaoğlu,Trabzonspor Kulübü,0.0,Abdülkerim Bardakcı,Galatasaray Spor Kulübü,0.0,Abdou Fall,Fenerbahçe Spor Kulübü,0.0,Ada Yüzgeç,Galatasaray Spor Kulübü,0.0,Adam Montgomery,Celtic FC,DEF,0.0
GW 470,2,Extra DEF,0.0,Ahmet Yıldırım,Trabzonspor Kulübü,0.0,Adrian Barišić,Sporting Braga,0.0,Adnan Fettahoğlu,Fenerbahçe Spor Kulübü,0.0,Ahmed Kutucu,Galatasaray Spor Kulübü,0.0,Afonso Sousa,Sporting Braga,DEF,0.0
GW 470,3,Extra DEF,0.0,Alaa Bellaarouch,Sporting Braga,0.0,Ahmet Tekke,Trabzonspor Kulübü,0.0,Aiden McCallion,Rangers FC,0.0,Ahmet Bircan,Beşiktaş Jimnastik Kulübü,0.0,Alberto Costa,FC Porto,DEF,0.0
GW 470,4,Extra DEF,0.0,Alexander Schlager,FC Red Bull Salzburg,0.0,Aleksa Terzić,FC Red Bull Salzburg,0.0,Alan Varela,FC Porto,0.0,Alaettin Ekici,Fenerbahçe Spor Kulübü,0.0,Alexander Bah,SL Benfica,DEF,0.0
GW 469,1,Extra DEF,0.0,Adem Ağaoğlu,Trabzonspor Kulübü,0.0,Abdülkerim Bardakcı,Galatasaray Spor Kulübü,0.0,Abdou Fall,Fenerbahçe Spor Kulübü,0.0,Ada Yüzgeç,Galatasaray Spor Kulübü,0.0,Adam Montgomery,Celtic FC,DEF,0.0
GW 469,2,Extra DEF,0.0,Ahmet Yıldırım,Trabzonspor Kulübü,0.0,Adrian Barišić,Sporting Braga,0.0,Adnan Fettahoğlu,Fenerbahçe Spor Kulübü,0.0,Ahmed Kutucu,Galatasaray Spor Kulübü,0.0,Afonso Sousa,Sporting Braga,DEF,0.0
GW 469,3,Extra DEF,0.0,Alaa Bellaarouch,Sporting Braga,0.0,Ahmet Tekke,Trabzonspor Kulübü,0.0,Aiden McCallion,Rangers FC,0.0,Ahmet Bircan,Beşiktaş Jimnastik Kulübü,0.0,Alberto Costa,FC Porto,DEF,0.0
GW 469,4,Extra DEF,0.0,Alexander Schlager,FC Red Bull Salzburg,0.0,Aleksa Terzić,FC Red Bull Salzburg,0.0,Alan Varela,FC Porto,0.0,Alaettin Ekici,Fenerbahçe Spor Kulübü,0.0,Alexander Bah,SL Benfica,DEF,0.0
GW 468,1,Extra DEF,0.0,Adem Ağaoğlu,Trabzonspor Kulübü,0.0,Abdülkerim Bardakcı,Galatasaray Spor Kulübü,0.0,Abdou Fall,Fenerbahçe Spor Kulübü,0.0,Ada Yüzgeç,Galatasaray Spor Kulübü,0.0,Adam Montgomery,Celtic FC,DEF,0.0
GW 468,2,Extra DEF,0.0,Ahmet Yıldırım,Trabzonspor Kulübü,0.0,Adrian Barišić,Sporting Braga,0.0,Adnan Fettahoğlu,Fenerbahçe Spor Kulübü,0.0,Ahmed Kutucu,Galatasaray Spor Kulübü,0.0,Afonso Sousa,Sporting Braga,DEF,0.0
GW 468,3,Extra DEF,0.0,Alaa Bellaarouch,Sporting Braga,0.0,Ahmet Tekke,Trabzonspor Kulübü,0.0,Aiden McCallion,Rangers FC,0.0,Ahmet Bircan,Beşiktaş Jimnastik Kulübü,0.0,Alberto Costa,FC Porto,DEF,0.0
GW 468,4,Extra DEF,0.0,Alexander Schlager,FC Red Bull Salzburg,0.0,Aleksa Terzić,FC Red Bull Salzburg,0.0,Alan Varela,FC Porto,0.0,Alaettin Ekici,Fenerbahçe Spor Kulübü,0.0,Alexander Bah,SL Benfica,DEF,0.0
GW 467,1,Extra DEF,0.0,Adem Ağaoğlu,Trabzonspor Kulübü,0.0,Abdülkerim Bardakcı,Galatasaray Spor Kulübü,0.0,Abdou Fall,Fenerbahçe Spor Kulübü,0.0,Ada Yüzgeç,Galatasaray Spor Kulübü,0.0,Adam Montgomery,Celtic FC,DEF,0.0
GW 467,2,Extra DEF,0.0,Ahmet Yıldırım,Trabzonspor Kulübü,0.0,Adrian Barišić,Sporting Braga,0.0,Adnan Fettahoğlu,Fenerbahçe Spor Kulübü,0.0,Ahmed Kutucu,Galatasaray Spor Kulübü,0.0,Afonso Sousa,Sporting Braga,DEF,0.0
GW 467,3,Extra DEF,0.0,Alaa Bellaarouch,Sporting Braga,0.0,Ahmet Tekke,Trabzonspor Kulübü,0.0,Aiden McCallion,Rangers FC,0.0,Ahmet Bircan,Beşiktaş Jimnastik Kulübü,0.0,Alberto Costa,FC Porto,DEF,0.0
GW 467,4,Extra DEF,0.0,Alexander Schlager,FC Red Bull Salzburg,0.0,Aleksa Terzić,FC Red Bull Salzburg,0.0,Alan Varela,FC Porto,0.0,Alaettin Ekici,Fenerbahçe Spor Kulübü,0.0,Alexander Bah,SL Benfica,DEF,0.0
GW 466,1,Extra DEF,0.0,Adem Ağaoğlu,Trabzonspor Kulübü,0.0,Abdülkerim Bardakcı,Galatasaray Spor Kulübü,0.0,Abdou Fall,Fenerbahçe Spor Kulübü,0.0,Ada Yüzgeç,Galatasaray Spor Kulübü,0.0,Adam Montgomery,Celtic FC,DEF,0.0
GW 466,2,Extra DEF,0.0,Ahmet Yıldırım,Trabzonspor Kulübü,0.0,Adrian Barišić,Sporting Braga,0.0,Adnan Fettahoğlu,Fenerbahçe Spor Kulübü,0.0,Ahmed Kutucu,Galatasaray Spor Kulübü,0.0,Afonso Sousa,Sporting Braga,DEF,0.0
GW 466,3,Extra DEF,0.0,Alaa Bellaarouch,Sporting Braga,0.0,Ahmet Tekke,Trabzonspor Kulübü,0.0,Aiden McCallion,Rangers FC,0.0,Ahmet Bircan,Beşiktaş Jimnastik Kulübü,0.0,Alberto Costa,FC Porto,DEF,0.0
GW 466,4,Extra DEF,0.0,Alexander Schlager,FC Red Bull Salzburg,0.0,Aleksa Terzić,FC Red Bull Salzburg,0.0,Alan Varela,FC Porto,0.0,Alaettin Ekici,Fenerbahçe Spor Kulübü,0.0,Alexander Bah,SL Benfica,DEF,0.0
GW 465,1,Extra DEF,0.0,Adem Ağaoğlu,Trabzonspor Kulübü,0.0,Abdülkerim Bardakcı,Galatasaray Spor Kulübü,0.0,Abdou Fall,Fenerbahçe Spor Kulübü,0.0,Ada Yüzgeç,Galatasaray Spor Kulübü,0.0,Adam Montgomery,Celtic FC,DEF,0.0
GW 465,2,Extra DEF,0.0,Ahmet Yıldırım,Trabzonspor Kulübü,0.0,Adrian Barišić,Sporting Braga,0.0,Adnan Fettahoğlu,Fenerbahçe Spor Kulübü,0.0,Ahmed Kutucu,Galatasaray Spor Kulübü,0.0,Afonso Sousa,Sporting Braga,DEF,0.0
GW 465,3,Extra DEF,0.0,Alaa Bellaarouch,Sporting Braga,0.0,Ahmet Tekke,Trabzonspor Kulübü,0.0,Aiden McCallion,Rangers FC,0.0,Ahmet Bircan,Beşiktaş Jimnastik Kulübü,0.0,Alberto Costa,FC Porto,DEF,0.0
GW 465,4,Extra DEF,0.0,Alexander Schlager,FC Red Bull Salzburg,0.0,Aleksa Terzić,FC Red Bull Salzburg,0.0,Alan Varela,FC Porto,0.0,Alaettin Ekici,Fenerbahçe Spor Kulübü,0.0,Alexander Bah,SL Benfica,DEF,0.0
GW 464,1,Extra DEF,0.0,Adem Ağaoğlu,Trabzonspor Kulübü,0.0,Abdülkerim Bardakcı,Galatasaray Spor Kulübü,0.0,Abdou Fall,Fenerbahçe Spor Kulübü,0.0,Ada Yüzgeç,Galatasaray Spor Kulübü,0.0,Adam Montgomery,Celtic FC,DEF,0.0
GW 464,2,Extra DEF,0.0,Ahmet Yıldırım,Trabzonspor Kulübü,0.0,Adrian Barišić,Sporting Braga,0.0,Adnan Fettahoğlu,Fenerbahçe Spor Kulübü,0.0,Ahmed Kutucu,Galatasaray Spor Kulübü,0.0,Afonso Sousa,Sporting Braga,DEF,0.0
GW 464,3,Extra DEF,0.0,Alaa Bellaarouch,Sporting Braga,0.0,Ahmet Tekke,Trabzonspor Kulübü,0.0,Aiden McCallion,Rangers FC,0.0,Ahmet Bircan,Beşiktaş Jimnastik Kulübü,0.0,Alberto Costa,FC Porto,DEF,0.0
GW 464,4,Extra DEF,0.0,Alexander Schlager,FC Red Bull Salzburg,0.0,Aleksa Terzić,FC Red Bull Salzburg,0.0,Alan Varela,FC Porto,0.0,Alaettin Ekici,Fenerbahçe Spor Kulübü,0.0,Alexander Bah,SL Benfica,DEF,0.0
GW 463,1,Extra DEF,0.0,Adem Ağaoğlu,Trabzonspor Kulübü,0.0,Abdülkerim Bardakcı,Galatasaray Spor Kulübü,0.0,Abdou Fall,Fenerbahçe Spor Kulübü,0.0,Ada Yüzgeç,Galatasaray Spor Kulübü,0.0,Adam Montgomery,Celtic FC,DEF,0.0
GW 463,2,Extra DEF,0.0,Ahmet Yıldırım,Trabzonspor Kulübü,0.0,Adrian Barišić,Sporting Braga,0.0,Adnan Fettahoğlu,Fenerbahçe Spor Kulübü,0.0,Ahmed Kutucu,Galatasaray Spor Kulübü,0.0,Afonso Sousa,Sporting Braga,DEF,0.0
GW 463,3,Extra DEF,0.0,Alaa Bellaarouch,Sporting Braga,0.0,Ahmet Tekke,Trabzonspor Kulübü,0.0,Aiden McCallion,Rangers FC,0.0,Ahmet Bircan,Beşiktaş Jimnastik Kulübü,0.0,Alberto Costa,FC Porto,DEF,0.0
GW 463,4,Extra DEF,0.0,Alexander Schlager,FC Red Bull Salzburg,0.0,Aleksa Terzić,FC Red Bull Salzburg,0.0,Alan Varela,FC Porto,0.0,Alaettin Ekici,Fenerbahçe Spor Kulübü,0.0,Alexander Bah,SL Benfica,DEF,0.0
GW 462,1,Extra DEF,0.0,Adem Ağaoğlu,Trabzonspor Kulübü,0.0,Abdülkerim Bardakcı,Galatasaray Spor Kulübü,0.0,Abdou Fall,Fenerbahçe Spor Kulübü,0.0,Ada Yüzgeç,Galatasaray Spor Kulübü,0.0,Adam Montgomery,Celtic FC,DEF,0.0
GW 462,2,Extra DEF,0.0,Ahmet Yıldırım,Trabzonspor Kulübü,0.0,Adrian Barišić,Sporting Braga,0.0,Adnan Fettahoğlu,Fenerbahçe Spor Kulübü,0.0,Ahmed Kutucu,Galatasaray Spor Kulübü,0.0,Afonso Sousa,Sporting Braga,DEF,0.0
GW 462,3,Extra DEF,0.0,Alaa Bellaarouch,Sporting Braga,0.0,Ahmet Tekke,Trabzonspor Kulübü,0.0,Aiden McCallion,Rangers FC,0.0,Ahmet Bircan,Beşiktaş Jimnastik Kulübü,0.0,Alberto Costa,FC Porto,DEF,0.0
GW 462,4,Extra DEF,0.0,Alexander Schlager,FC Red Bull Salzburg,0.0,Aleksa Terzić,FC Red Bull Salzburg,0.0,Alan Varela,FC Porto,0.0,Alaettin Ekici,Fenerbahçe Spor Kulübü,0.0,Alexander Bah,SL Benfica,DEF,0.0
GW 461,1,Extra DEF,0.0,Adem Ağaoğlu,Trabzonspor Kulübü,0.0,Abdülkerim Bardakcı,Galatasaray Spor Kulübü,0.0,Abdou Fall,Fenerbahçe Spor Kulübü,0.0,Ada Yüzgeç,Galatasaray Spor Kulübü,0.0,Adam Montgomery,Celtic FC,DEF,0.0
GW 461,2,Extra DEF,0.0,Ahmet Yıldırım,Trabzonspor Kulübü,0.0,Adrian Barišić,Sporting Braga,0.0,Adnan Fettahoğlu,Fenerbahçe Spor Kulübü,0.0,Ahmed Kutucu,Galatasaray Spor Kulübü,0.0,Afonso Sousa,Sporting Braga,DEF,0.0
GW 461,3,Extra DEF,0.0,Alaa Bellaarouch,Sporting Braga,0.0,Ahmet Tekke,Trabzonspor Kulübü,0.0,Aiden McCallion,Rangers FC,0.0,Ahmet Bircan,Beşiktaş Jimnastik Kulübü,0.0,Alberto Costa,FC Porto,DEF,0.0
GW 461,4,Extra DEF,0.0,Alexander Schlager,FC Red Bull Salzburg,0.0,Aleksa Terzić,FC Red Bull Salzburg,0.0,Alan Varela,FC Porto,0.0,Alaettin Ekici,Fenerbahçe Spor Kulübü,0.0,Alexander Bah,SL Benfica,DEF,0.0
GW 460,1,Extra DEF,0.0,Adem Ağaoğlu,Trabzonspor Kulübü,0.0,Abdülkerim Bardakcı,Galatasaray Spor Kulübü,0.0,Abdou Fall,Fenerbahçe Spor Kulübü,0.0,Ada Yüzgeç,Galatasaray Spor Kulübü,0.0,Adam Montgomery,Celtic FC,DEF,0.0
GW 460,2,Extra DEF,0.0,Ahmet Yıldırım,Trabzonspor Kulübü,0.0,Adrian Barišić,Sporting Braga,0.0,Adnan Fettahoğlu,Fenerbahçe Spor Kulübü,0.0,Ahmed Kutucu,Galatasaray Spor Kulübü,0.0,Afonso Sousa,Sporting Braga,DEF,0.0
GW 460,3,Extra DEF,0.0,Alaa Bellaarouch,Sporting Braga,0.0,Ahmet Tekke,Trabzonspor Kulübü,0.0,Aiden McCallion,Rangers FC,0.0,Ahmet Bircan,Beşiktaş Jimnastik Kulübü,0.0,Alberto Costa,FC Porto,DEF,0.0
GW 460,4,Extra DEF,0.0,Alexander Schlager,FC Red Bull Salzburg,0.0,Aleksa Terzić,FC Red Bull Salzburg,0.0,Alan Varela,FC Porto,0.0,Alaettin Ekici,Fenerbahçe Spor Kulübü,0.0,Alexander Bah,SL Benfica,DEF,0.0
GW 459,1,Extra DEF,0.0,Adem Ağaoğlu,Trabzonspor Kulübü,0.0,Abdülkerim Bardakcı,Galatasaray Spor Kulübü,0.0,Abdou Fall,Fenerbahçe Spor Kulübü,0.0,Ada Yüzgeç,Galatasaray Spor Kulübü,0.0,Adam Montgomery,Celtic FC,DEF,0.0
GW 459,2,Extra DEF,0.0,Ahmet Yıldırım,Trabzonspor Kulübü,0.0,Adrian Barišić,Sporting Braga,0.0,Adnan Fettahoğlu,Fenerbahçe Spor Kulübü,0.0,Ahmed Kutucu,Galatasaray Spor Kulübü,0.0,Afonso Sousa,Sporting Braga,DEF,0.0
GW 459,3,Extra DEF,0.0,Alaa Bellaarouch,Sporting Braga,0.0,Ahmet Tekke,Trabzonspor Kulübü,0.0,Aiden McCallion,Rangers FC,0.0,Ahmet Bircan,Beşiktaş Jimnastik Kulübü,0.0,Alberto Costa,FC Porto,DEF,0.0
GW 459,4,Extra DEF,0.0,Alexander Schlager,FC Red Bull Salzburg,0.0,Aleksa Terzić,FC Red Bull Salzburg,0.0,Alan Varela,FC Porto,0.0,Alaettin Ekici,Fenerbahçe Spor Kulübü,0.0,Alexander Bah,SL Benfica,DEF,0.0
GW 458,1,Extra DEF,0.0,Adem Ağaoğlu,Trabzonspor Kulübü,0.0,Abdülkerim Bardakcı,Galatasaray Spor Kulübü,0.0,Abdou Fall,Fenerbahçe Spor Kulübü,0.0,Ada Yüzgeç,Galatasaray Spor Kulübü,0.0,Adam Montgomery,Celtic FC,DEF,0.0
GW 458,2,Extra DEF,0.0,Ahmet Yıldırım,Trabzonspor Kulübü,0.0,Adrian Barišić,Sporting Braga,0.0,Adnan Fettahoğlu,Fenerbahçe Spor Kulübü,0.0,Ahmed Kutucu,Galatasaray Spor Kulübü,0.0,Afonso Sousa,Sporting Braga,DEF,0.0
GW 458,3,Extra DEF,0.0,Alaa Bellaarouch,Sporting Braga,0.0,Ahmet Tekke,Trabzonspor Kulübü,0.0,Aiden McCallion,Rangers FC,0.0,Ahmet Bircan,Beşiktaş Jimnastik Kulübü,0.0,Alberto Costa,FC Porto,DEF,0.0
GW 458,4,Extra DEF,0.0,Alexander Schlager,FC Red Bull Salzburg,0.0,Aleksa Terzić,FC Red Bull Salzburg,0.0,Alan Varela,FC Porto,0.0,Alaettin Ekici,Fenerbahçe Spor Kulübü,0.0,Alexander Bah,SL Benfica,DEF,0.0
GW 457,1,Extra DEF,0.0,Adem Ağaoğlu,Trabzonspor Kulübü,0.0,Abdülkerim Bardakcı,Galatasaray Spor Kulübü,0.0,Abdou Fall,Fenerbahçe Spor Kulübü,0.0,Ada Yüzgeç,Galatasaray Spor Kulübü,0.0,Adam Montgomery,Celtic FC,DEF,0.0
GW 457,2,Extra DEF,0.0,Ahmet Yıldırım,Trabzonspor Kulübü,0.0,Adrian Barišić,Sporting Braga,0.0,Adnan Fettahoğlu,Fenerbahçe Spor Kulübü,0.0,Ahmed Kutucu,Galatasaray Spor Kulübü,0.0,Afonso Sousa,Sporting Braga,DEF,0.0
GW 457,3,Extra DEF,0.0,Alaa Bellaarouch,Sporting Braga,0.0,Ahmet Tekke,Trabzonspor Kulübü,0.0,Aiden McCallion,Rangers FC,0.0,Ahmet Bircan,Beşiktaş Jimnastik Kulübü,0.0,Alberto Costa,FC Porto,DEF,0.0
GW 457,4,Extra DEF,0.0,Alexander Schlager,FC Red Bull Salzburg,0.0,Aleksa Terzić,FC Red Bull Salzburg,0.0,Alan Varela,FC Porto,0.0,Alaettin Ekici,Fenerbahçe Spor Kulübü,0.0,Alexander Bah,SL Benfica,DEF,0.0
GW 456,1,Extra DEF,0.0,Adem Ağaoğlu,Trabzonspor Kulübü,0.0,Abdülkerim Bardakcı,Galatasaray Spor Kulübü,0.0,Abdou Fall,Fenerbahçe Spor Kulübü,0.0,Ada Yüzgeç,Galatasaray Spor Kulübü,0.0,Adam Montgomery,Celtic FC,DEF,0.0
GW 456,2,Extra DEF,0.0,Ahmet Yıldırım,Trabzonspor Kulübü,0.0,Adrian Barišić,Sporting Braga,0.0,Adnan Fettahoğlu,Fenerbahçe Spor Kulübü,0.0,Ahmed Kutucu,Galatasaray Spor Kulübü,0.0,Afonso Sousa,Sporting Braga,DEF,0.0
GW 456,3,Extra DEF,0.0,Alaa Bellaarouch,Sporting Braga,0.0,Ahmet Tekke,Trabzonspor Kulübü,0.0,Aiden McCallion,Rangers FC,0.0,Ahmet Bircan,Beşiktaş Jimnastik Kulübü,0.0,Alberto Costa,FC Porto,DEF,0.0
GW 456,4,Extra DEF,0.0,Alexander Schlager,FC Red Bull Salzburg,0.0,Aleksa Terzić,FC Red Bull Salzburg,0.0,Alan Varela,FC Porto,0.0,Alaettin Ekici,Fenerbahçe Spor Kulübü,0.0,Alexander Bah,SL Benfica,DEF,0.0
GW 455,1,Extra DEF,0.0,Adem Ağaoğlu,Trabzonspor Kulübü,0.0,Abdülkerim Bardakcı,Galatasaray Spor Kulübü,0.0,Abdou Fall,Fenerbahçe Spor Kulübü,0.0,Ada Yüzgeç,Galatasaray Spor Kulübü,0.0,Adam Montgomery,Celtic FC,DEF,0.0
GW 455,2,Extra DEF,0.0,Ahmet Yıldırım,Trabzonspor Kulübü,0.0,Adrian Barišić,Sporting Braga,0.0,Adnan Fettahoğlu,Fenerbahçe Spor Kulübü,0.0,Ahmed Kutucu,Galatasaray Spor Kulübü,0.0,Afonso Sousa,Sporting Braga,DEF,0.0
GW 455,3,Extra DEF,0.0,Alaa Bellaarouch,Sporting Braga,0.0,Ahmet Tekke,Trabzonspor Kulübü,0.0,Aiden McCallion,Rangers FC,0.0,Ahmet Bircan,Beşiktaş Jimnastik Kulübü,0.0,Alberto Costa,FC Porto,DEF,0.0
GW 455,4,Extra DEF,0.0,Alexander Schlager,FC Red Bull Salzburg,0.0,Aleksa Terzić,FC Red Bull Salzburg,0.0,Alan Varela,FC Porto,0.0,Alaettin Ekici,Fenerbahçe Spor Kulübü,0.0,Alexander Bah,SL Benfica,DEF,0.0
GW 454,1,Extra DEF,0.0,Adem Ağaoğlu,Trabzonspor Kulübü,0.0,Abdülkerim Bardakcı,Galatasaray Spor Kulübü,0.0,Abdou Fall,Fenerbahçe Spor Kulübü,0.0,Ada Yüzgeç,Galatasaray Spor Kulübü,0.0,Adam Montgomery,Celtic FC,DEF,0.0
GW 454,2,Extra DEF,0.0,Ahmet Yıldırım,Trabzonspor Kulübü,0.0,Adrian Barišić,Sporting Braga,0.0,Adnan Fettahoğlu,Fenerbahçe Spor Kulübü,0.0,Ahmed Kutucu,Galatasaray Spor Kulübü,0.0,Afonso Sousa,Sporting Braga,DEF,0.0
GW 454,3,Extra DEF,0.0,Alaa Bellaarouch,Sporting Braga,0.0,Ahmet Tekke,Trabzonspor Kulübü,0.0,Aiden McCallion,Rangers FC,0.0,Ahmet Bircan,Beşiktaş Jimnastik Kulübü,0.0,Alberto Costa,FC Porto,DEF,0.0
GW 454,4,Extra DEF,0.0,Alexander Schlager,FC Red Bull Salzburg,0.0,Aleksa Terzić,FC Red Bull Salzburg,0.0,Alan Varela,FC Porto,0.0,Alaettin Ekici,Fenerbahçe Spor Kulübü,0.0,Alexander Bah,SL Benfica,DEF,0.0
GW 453,1,Extra DEF,0.0,Adem Ağaoğlu,Trabzonspor Kulübü,0.0,Abdülkerim Bardakcı,Galatasaray Spor Kulübü,0.0,Abdou Fall,Fenerbahçe Spor Kulübü,0.0,Ada Yüzgeç,Galatasaray Spor Kulübü,0.0,Adam Montgomery,Celtic FC,DEF,0.0
GW 453,2,Extra DEF,0.0,Ahmet Yıldırım,Trabzonspor Kulübü,0.0,Adrian Barišić,Sporting Braga,0.0,Adnan Fettahoğlu,Fenerbahçe Spor Kulübü,0.0,Ahmed Kutucu,Galatasaray Spor Kulübü,0.0,Afonso Sousa,Sporting Braga,DEF,0.0
GW 453,3,Extra DEF,0.0,Alaa Bellaarouch,Sporting Braga,0.0,Ahmet Tekke,Trabzonspor Kulübü,0.0,Aiden McCallion,Rangers FC,0.0,Ahmet Bircan,Beşiktaş Jimnastik Kulübü,0.0,Alberto Costa,FC Porto,DEF,0.0
GW 453,4,Extra DEF,0.0,Alexander Schlager,FC Red Bull Salzburg,0.0,Aleksa Terzić,FC Red Bull Salzburg,0.0,Alan Varela,FC Porto,0.0,Alaettin Ekici,Fenerbahçe Spor Kulübü,0.0,Alexander Bah,SL Benfica,DEF,0.0
GW 452,1,Extra DEF,0.0,Adem Ağaoğlu,Trabzonspor Kulübü,0.0,Abdülkerim Bardakcı,Galatasaray Spor Kulübü,0.0,Abdou Fall,Fenerbahçe Spor Kulübü,0.0,Ada Yüzgeç,Galatasaray Spor Kulübü,0.0,Adam Montgomery,Celtic FC,DEF,0.0
GW 452,2,Extra DEF,0.0,Ahmet Yıldırım,Trabzonspor Kulübü,0.0,Adrian Barišić,Sporting Braga,0.0,Adnan Fettahoğlu,Fenerbahçe Spor Kulübü,0.0,Ahmed Kutucu,Galatasaray Spor Kulübü,0.0,Afonso Sousa,Sporting Braga,DEF,0.0
GW 452,3,Extra DEF,0.0,Alaa Bellaarouch,Sporting Braga,0.0,Ahmet Tekke,Trabzonspor Kulübü,0.0,Aiden McCallion,Rangers FC,0.0,Ahmet Bircan,Beşiktaş Jimnastik Kulübü,0.0,Alberto Costa,FC Porto,DEF,0.0
GW 452,4,Extra DEF,0.0,Alexander Schlager,FC Red Bull Salzburg,0.0,Aleksa Terzić,FC Red Bull Salzburg,0.0,Alan Varela,FC Porto,0.0,Alaettin Ekici,Fenerbahçe Spor Kulübü,0.0,Alexander Bah,SL Benfica,DEF,0.0
GW 451,1,Extra DEF,0.0,Adem Ağaoğlu,Trabzonspor Kulübü,0.0,Abdülkerim Bardakcı,Galatasaray Spor Kulübü,0.0,Abdou Fall,Fenerbahçe Spor Kulübü,0.0,Ada Yüzgeç,Galatasaray Spor Kulübü,0.0,Adam Montgomery,Celtic FC,DEF,0.0
GW 451,2,Extra DEF,0.0,Ahmet Yıldırım,Trabzonspor Kulübü,0.0,Adrian Barišić,Sporting Braga,0.0,Adnan Fettahoğlu,Fenerbahçe Spor Kulübü,0.0,Ahmed Kutucu,Galatasaray Spor Kulübü,0.0,Afonso Sousa,Sporting Braga,DEF,0.0
GW 451,3,Extra DEF,0.0,Alaa Bellaarouch,Sporting Braga,0.0,Ahmet Tekke,Trabzonspor Kulübü,0.0,Aiden McCallion,Rangers FC,0.0,Ahmet Bircan,Beşiktaş Jimnastik Kulübü,0.0,Alberto Costa,FC Porto,DEF,0.0
GW 451,4,Extra DEF,0.0,Alexander Schlager,FC Red Bull Salzburg,0.0,Aleksa Terzić,FC Red Bull Salzburg,0.0,Alan Varela,FC Porto,0.0,Alaettin Ekici,Fenerbahçe Spor Kulübü,0.0,Alexander Bah,SL Benfica,DEF,0.0
GW 450,1,Extra DEF,0.0,Adem Ağaoğlu,Trabzonspor Kulübü,0.0,Abdülkerim Bardakcı,Galatasaray Spor Kulübü,0.0,Abdou Fall,Fenerbahçe Spor Kulübü,0.0,Ada Yüzgeç,Galatasaray Spor Kulübü,0.0,Adam Montgomery,Celtic FC,DEF,0.0
GW 450,2,Extra DEF,0.0,Ahmet Yıldırım,Trabzonspor Kulübü,0.0,Adrian Barišić,Sporting Braga,0.0,Adnan Fettahoğlu,Fenerbahçe Spor Kulübü,0.0,Ahmed Kutucu,Galatasaray Spor Kulübü,0.0,Afonso Sousa,Sporting Braga,DEF,0.0
GW 450,3,Extra DEF,0.0,Alaa Bellaarouch,Sporting Braga,0.0,Ahmet Tekke,Trabzonspor Kulübü,0.0,Aiden McCallion,Rangers FC,0.0,Ahmet Bircan,Beşiktaş Jimnastik Kulübü,0.0,Alberto Costa,FC Porto,DEF,0.0
GW 450,4,Extra DEF,0.0,Alexander Schlager,FC Red Bull Salzburg,0.0,Aleksa Terzić,FC Red Bull Salzburg,0.0,Alan Varela,FC Porto,0.0,Alaettin Ekici,Fenerbahçe Spor Kulübü,0.0,Alexander Bah,SL Benfica,DEF,0.0
GW 449,1,Extra DEF,0.0,Adem Ağaoğlu,Trabzonspor Kulübü,0.0,Abdülkerim Bardakcı,Galatasaray Spor Kulübü,0.0,Abdou Fall,Fenerbahçe Spor Kulübü,0.0,Ada Yüzgeç,Galatasaray Spor Kulübü,0.0,Adam Montgomery,Celtic FC,DEF,0.0
GW 449,2,Extra DEF,0.0,Ahmet Yıldırım,Trabzonspor Kulübü,0.0,Adrian Barišić,Sporting Braga,0.0,Adnan Fettahoğlu,Fenerbahçe Spor Kulübü,0.0,Ahmed Kutucu,Galatasaray Spor Kulübü,0.0,Afonso Sousa,Sporting Braga,DEF,0.0
GW 449,3,Extra DEF,0.0,Alaa Bellaarouch,Sporting Braga,0.0,Ahmet Tekke,Trabzonspor Kulübü,0.0,Aiden McCallion,Rangers FC,0.0,Ahmet Bircan,Beşiktaş Jimnastik Kulübü,0.0,Alberto Costa,FC Porto,DEF,0.0
GW 449,4,Extra DEF,0.0,Alexander Schlager,FC Red Bull Salzburg,0.0,Aleksa Terzić,FC Red Bull Salzburg,0.0,Alan Varela,FC Porto,0.0,Alaettin Ekici,Fenerbahçe Spor Kulübü,0.0,Alexander Bah,SL Benfica,DEF,0.0
GW 448,1,Extra DEF,0.0,Adem Ağaoğlu,Trabzonspor Kulübü,0.0,Abdülkerim Bardakcı,Galatasaray Spor Kulübü,0.0,Abdou Fall,Fenerbahçe Spor Kulübü,0.0,Ada Yüzgeç,Galatasaray Spor Kulübü,0.0,Adam Montgomery,Celtic FC,DEF,0.0
GW 448,2,Extra DEF,0.0,Ahmet Yıldırım,Trabzonspor Kulübü,0.0,Adrian Barišić,Sporting Braga,0.0,Adnan Fettahoğlu,Fenerbahçe Spor Kulübü,0.0,Ahmed Kutucu,Galatasaray Spor Kulübü,0.0,Afonso Sousa,Sporting Braga,DEF,0.0
GW 448,3,Extra DEF,0.0,Alaa Bellaarouch,Sporting Braga,0.0,Ahmet Tekke,Trabzonspor Kulübü,0.0,Aiden McCallion,Rangers FC,0.0,Ahmet Bircan,Beşiktaş Jimnastik Kulübü,0.0,Alberto Costa,FC Porto,DEF,0.0
GW 448,4,Extra DEF,0.0,Alexander Schlager,FC Red Bull Salzburg,0.0,Aleksa Terzić,FC Red Bull Salzburg,0.0,Alan Varela,FC Porto,0.0,Alaettin Ekici,Fenerbahçe Spor Kulübü,0.0,Alexander Bah,SL Benfica,DEF,0.0
GW 447,1,Extra DEF,0.0,Adem Ağaoğlu,Trabzonspor Kulübü,0.0,Abdülkerim Bardakcı,Galatasaray Spor Kulübü,0.0,Abdou Fall,Fenerbahçe Spor Kulübü,0.0,Ada Yüzgeç,Galatasaray Spor Kulübü,0.0,Adam Montgomery,Celtic FC,DEF,0.0
GW 447,2,Extra DEF,0.0,Ahmet Yıldırım,Trabzonspor Kulübü,0.0,Adrian Barišić,Sporting Braga,0.0,Adnan Fettahoğlu,Fenerbahçe Spor Kulübü,0.0,Ahmed Kutucu,Galatasaray Spor Kulübü,0.0,Afonso Sousa,Sporting Braga,DEF,0.0
GW 447,3,Extra DEF,0.0,Alaa Bellaarouch,Sporting Braga,0.0,Ahmet Tekke,Trabzonspor Kulübü,0.0,Aiden McCallion,Rangers FC,0.0,Ahmet Bircan,Beşiktaş Jimnastik Kulübü,0.0,Alberto Costa,FC Porto,DEF,0.0
GW 447,4,Extra DEF,0.0,Alexander Schlager,FC Red Bull Salzburg,0.0,Aleksa Terzić,FC Red Bull Salzburg,0.0,Alan Varela,FC Porto,0.0,Alaettin Ekici,Fenerbahçe Spor Kulübü,0.0,Alexander Bah,SL Benfica,DEF,0.0
GW 446,1,Extra DEF,0.0,Adem Ağaoğlu,Trabzonspor Kulübü,0.0,Abdülkerim Bardakcı,Galatasaray Spor Kulübü,0.0,Abdou Fall,Fenerbahçe Spor Kulübü,0.0,Ada Yüzgeç,Galatasaray Spor Kulübü,0.0,Adam Montgomery,Celtic FC,DEF,0.0
GW 446,2,Extra DEF,0.0,Ahmet Yıldırım,Trabzonspor Kulübü,0.0,Adrian Barišić,Sporting Braga,0.0,Adnan Fettahoğlu,Fenerbahçe Spor Kulübü,0.0,Ahmed Kutucu,Galatasaray Spor Kulübü,0.0,Afonso Sousa,Sporting Braga,DEF,0.0
GW 446,3,Extra DEF,0.0,Alaa Bellaarouch,Sporting Braga,0.0,Ahmet Tekke,Trabzonspor Kulübü,0.0,Aiden McCallion,Rangers FC,0.0,Ahmet Bircan,Beşiktaş Jimnastik Kulübü,0.0,Alberto Costa,FC Porto,DEF,0.0
GW 446,4,Extra DEF,0.0,Alexander Schlager,FC Red Bull Salzburg,0.0,Aleksa Terzić,FC Red Bull Salzburg,0.0,Alan Varela,FC Porto,0.0,Alaettin Ekici,Fenerbahçe Spor Kulübü,0.0,Alexander Bah,SL Benfica,DEF,0.0
GW 445,1,Extra DEF,0.0,Adem Ağaoğlu,Trabzonspor Kulübü,0.0,Abdülkerim Bardakcı,Galatasaray Spor Kulübü,0.0,Abdou Fall,Fenerbahçe Spor Kulübü,0.0,Ada Yüzgeç,Galatasaray Spor Kulübü,0.0,Adam Montgomery,Celtic FC,DEF,0.0
GW 445,2,Extra DEF,0.0,Ahmet Yıldırım,Trabzonspor Kulübü,0.0,Adrian Barišić,Sporting Braga,0.0,Adnan Fettahoğlu,Fenerbahçe Spor Kulübü,0.0,Ahmed Kutucu,Galatasaray Spor Kulübü,0.0,Afonso Sousa,Sporting Braga,DEF,0.0
GW 445,3,Extra DEF,0.0,Alaa Bellaarouch,Sporting Braga,0.0,Ahmet Tekke,Trabzonspor Kulübü,0.0,Aiden McCallion,Rangers FC,0.0,Ahmet Bircan,Beşiktaş Jimnastik Kulübü,0.0,Alberto Costa,FC Porto,DEF,0.0
GW 445,4,Extra DEF,0.0,Alexander Schlager,FC Red Bull Salzburg,0.0,Aleksa Terzić,FC Red Bull Salzburg,0.0,Alan Varela,FC Porto,0.0,Alaettin Ekici,Fenerbahçe Spor Kulübü,0.0,Alexander Bah,SL Benfica,DEF,0.0
GW 444,1,Extra DEF,0.0,Adem Ağaoğlu,Trabzonspor Kulübü,0.0,Abdülkerim Bardakcı,Galatasaray Spor Kulübü,0.0,Abdou Fall,Fenerbahçe Spor Kulübü,0.0,Ada Yüzgeç,Galatasaray Spor Kulübü,0.0,Adam Montgomery,Celtic FC,DEF,0.0
GW 444,2,Extra DEF,0.0,Ahmet Yıldırım,Trabzonspor Kulübü,0.0,Adrian Barišić,Sporting Braga,0.0,Adnan Fettahoğlu,Fenerbahçe Spor Kulübü,0.0,Ahmed Kutucu,Galatasaray Spor Kulübü,0.0,Afonso Sousa,Sporting Braga,DEF,0.0
GW 444,3,Extra DEF,0.0,Alaa Bellaarouch,Sporting Braga,0.0,Ahmet Tekke,Trabzonspor Kulübü,0.0,Aiden McCallion,Rangers FC,0.0,Ahmet Bircan,Beşiktaş Jimnastik Kulübü,0.0,Alberto Costa,FC Porto,DEF,0.0
GW 444,4,Extra DEF,0.0,Alexander Schlager,FC Red Bull Salzburg,0.0,Aleksa Terzić,FC Red Bull Salzburg,0.0,Alan Varela,FC Porto,0.0,Alaettin Ekici,Fenerbahçe Spor Kulübü,0.0,Alexander Bah,SL Benfica,DEF,0.0
GW 443,1,Extra DEF,0.0,Adem Ağaoğlu,Trabzonspor Kulübü,0.0,Abdülkerim Bardakcı,Galatasaray Spor Kulübü,0.0,Abdou Fall,Fenerbahçe Spor Kulübü,0.0,Ada Yüzgeç,Galatasaray Spor Kulübü,0.0,Adam Montgomery,Celtic FC,DEF,0.0
GW 443,2,Extra DEF,0.0,Ahmet Yıldırım,Trabzonspor Kulübü,0.0,Adrian Barišić,Sporting Braga,0.0,Adnan Fettahoğlu,Fenerbahçe Spor Kulübü,0.0,Ahmed Kutucu,Galatasaray Spor Kulübü,0.0,Afonso Sousa,Sporting Braga,DEF,0.0
GW 443,3,Extra DEF,0.0,Alaa Bellaarouch,Sporting Braga,0.0,Ahmet Tekke,Trabzonspor Kulübü,0.0,Aiden McCallion,Rangers FC,0.0,Ahmet Bircan,Beşiktaş Jimnastik Kulübü,0.0,Alberto Costa,FC Porto,DEF,0.0
GW 443,4,Extra DEF,0.0,Alexander Schlager,FC Red Bull Salzburg,0.0,Aleksa Terzić,FC Red Bull Salzburg,0.0,Alan Varela,FC Porto,0.0,Alaettin Ekici,Fenerbahçe Spor Kulübü,0.0,Alexander Bah,SL Benfica,DEF,0.0
GW 442,1,Extra DEF,0.0,Adem Ağaoğlu,Trabzonspor Kulübü,0.0,Abdülkerim Bardakcı,Galatasaray Spor Kulübü,0.0,Abdou Fall,Fenerbahçe Spor Kulübü,0.0,Ada Yüzgeç,Galatasaray Spor Kulübü,0.0,Adam Montgomery,Celtic FC,DEF,0.0
GW 442,2,Extra DEF,0.0,Ahmet Yıldırım,Trabzonspor Kulübü,0.0,Adrian Barišić,Sporting Braga,0.0,Adnan Fettahoğlu,Fenerbahçe Spor Kulübü,0.0,Ahmed Kutucu,Galatasaray Spor Kulübü,0.0,Afonso Sousa,Sporting Braga,DEF,0.0
GW 442,3,Extra DEF,0.0,Alaa Bellaarouch,Sporting Braga,0.0,Ahmet Tekke,Trabzonspor Kulübü,0.0,Aiden McCallion,Rangers FC,0.0,Ahmet Bircan,Beşiktaş Jimnastik Kulübü,0.0,Alberto Costa,FC Porto,DEF,0.0
GW 442,4,Extra DEF,0.0,Alexander Schlager,FC Red Bull Salzburg,0.0,Aleksa Terzić,FC Red Bull Salzburg,0.0,Alan Varela,FC Porto,0.0,Alaettin Ekici,Fenerbahçe Spor Kulübü,0.0,Alexander Bah,SL Benfica,DEF,0.0
GW 441,1,Extra DEF,0.0,Adem Ağaoğlu,Trabzonspor Kulübü,0.0,Abdülkerim Bardakcı,Galatasaray Spor Kulübü,0.0,Abdou Fall,Fenerbahçe Spor Kulübü,0.0,Ada Yüzgeç,Galatasaray Spor Kulübü,0.0,Adam Montgomery,Celtic FC,DEF,0.0
GW 441,2,Extra DEF,0.0,Ahmet Yıldırım,Trabzonspor Kulübü,0.0,Adrian Barišić,Sporting Braga,0.0,Adnan Fettahoğlu,Fenerbahçe Spor Kulübü,0.0,Ahmed Kutucu,Galatasaray Spor Kulübü,0.0,Afonso Sousa,Sporting Braga,DEF,0.0
GW 441,3,Extra DEF,0.0,Alaa Bellaarouch,Sporting Braga,0.0,Ahmet Tekke,Trabzonspor Kulübü,0.0,Aiden McCallion,Rangers FC,0.0,Ahmet Bircan,Beşiktaş Jimnastik Kulübü,0.0,Alberto Costa,FC Porto,DEF,0.0
GW 441,4,Extra DEF,0.0,Alexander Schlager,FC Red Bull Salzburg,0.0,Aleksa Terzić,FC Red Bull Salzburg,0.0,Alan Varela,FC Porto,0.0,Alaettin Ekici,Fenerbahçe Spor Kulübü,0.0,Alexander Bah,SL Benfica,DEF,0.0
GW 440,1,Extra DEF,0.0,Adem Ağaoğlu,Trabzonspor Kulübü,0.0,Abdülkerim Bardakcı,Galatasaray Spor Kulübü,0.0,Abdou Fall,Fenerbahçe Spor Kulübü,0.0,Ada Yüzgeç,Galatasaray Spor Kulübü,0.0,Adam Montgomery,Celtic FC,DEF,0.0
GW 440,2,Extra DEF,0.0,Ahmet Yıldırım,Trabzonspor Kulübü,0.0,Adrian Barišić,Sporting Braga,0.0,Adnan Fettahoğlu,Fenerbahçe Spor Kulübü,0.0,Ahmed Kutucu,Galatasaray Spor Kulübü,0.0,Afonso Sousa,Sporting Braga,DEF,0.0
GW 440,3,Extra DEF,0.0,Alaa Bellaarouch,Sporting Braga,0.0,Ahmet Tekke,Trabzonspor Kulübü,0.0,Aiden McCallion,Rangers FC,0.0,Ahmet Bircan,Beşiktaş Jimnastik Kulübü,0.0,Alberto Costa,FC Porto,DEF,0.0
GW 440,4,Extra DEF,0.0,Alexander Schlager,FC Red Bull Salzburg,0.0,Aleksa Terzić,FC Red Bull Salzburg,0.0,Alan Varela,FC Porto,0.0,Alaettin Ekici,Fenerbahçe Spor Kulübü,0.0,Alexander Bah,SL Benfica,DEF,0.0
GW 439,1,Extra DEF,0.0,Adem Ağaoğlu,Trabzonspor Kulübü,0.0,Abdülkerim Bardakcı,Galatasaray Spor Kulübü,0.0,Abdou Fall,Fenerbahçe Spor Kulübü,0.0,Ada Yüzgeç,Galatasaray Spor Kulübü,0.0,Adam Montgomery,Celtic FC,DEF,0.0
GW 439,2,Extra DEF,0.0,Ahmet Yıldırım,Trabzonspor Kulübü,0.0,Adrian Barišić,Sporting Braga,0.0,Adnan Fettahoğlu,Fenerbahçe Spor Kulübü,0.0,Ahmed Kutucu,Galatasaray Spor Kulübü,0.0,Afonso Sousa,Sporting Braga,DEF,0.0
GW 439,3,Extra DEF,0.0,Alaa Bellaarouch,Sporting Braga,0.0,Ahmet Tekke,Trabzonspor Kulübü,0.0,Aiden McCallion,Rangers FC,0.0,Ahmet Bircan,Beşiktaş Jimnastik Kulübü,0.0,Alberto Costa,FC Porto,DEF,0.0
GW 439,4,Extra DEF,0.0,Alexander Schlager,FC Red Bull Salzburg,0.0,Aleksa Terzić,FC Red Bull Salzburg,0.0,Alan Varela,FC Porto,0.0,Alaettin Ekici,Fenerbahçe Spor Kulübü,0.0,Alexander Bah,SL Benfica,DEF,0.0
GW 438,1,Extra DEF,0.0,Adem Ağaoğlu,Trabzonspor Kulübü,0.0,Abdülkerim Bardakcı,Galatasaray Spor Kulübü,0.0,Abdou Fall,Fenerbahçe Spor Kulübü,0.0,Ada Yüzgeç,Galatasaray Spor Kulübü,0.0,Adam Montgomery,Celtic FC,DEF,0.0
GW 438,2,Extra DEF,0.0,Ahmet Yıldırım,Trabzonspor Kulübü,0.0,Adrian Barišić,Sporting Braga,0.0,Adnan Fettahoğlu,Fenerbahçe Spor Kulübü,0.0,Ahmed Kutucu,Galatasaray Spor Kulübü,0.0,Afonso Sousa,Sporting Braga,DEF,0.0
GW 438,3,Extra DEF,0.0,Alaa Bellaarouch,Sporting Braga,0.0,Ahmet Tekke,Trabzonspor Kulübü,0.0,Aiden McCallion,Rangers FC,0.0,Ahmet Bircan,Beşiktaş Jimnastik Kulübü,0.0,Alberto Costa,FC Porto,DEF,0.0
GW 438,4,Extra DEF,0.0,Alexander Schlager,FC Red Bull Salzburg,0.0,Aleksa Terzić,FC Red Bull Salzburg,0.0,Alan Varela,FC Porto,0.0,Alaettin Ekici,Fenerbahçe Spor Kulübü,0.0,Alexander Bah,SL Benfica,DEF,0.0
GW 437,1,Extra DEF,0.0,Adem Ağaoğlu,Trabzonspor Kulübü,0.0,Abdülkerim Bardakcı,Galatasaray Spor Kulübü,0.0,Abdou Fall,Fenerbahçe Spor Kulübü,0.0,Ada Yüzgeç,Galatasaray Spor Kulübü,0.0,Adam Montgomery,Celtic FC,DEF,0.0
GW 437,2,Extra DEF,0.0,Ahmet Yıldırım,Trabzonspor Kulübü,0.0,Adrian Barišić,Sporting Braga,0.0,Adnan Fettahoğlu,Fenerbahçe Spor Kulübü,0.0,Ahmed Kutucu,Galatasaray Spor Kulübü,0.0,Afonso Sousa,Sporting Braga,DEF,0.0
GW 437,3,Extra DEF,0.0,Alaa Bellaarouch,Sporting Braga,0.0,Ahmet Tekke,Trabzonspor Kulübü,0.0,Aiden McCallion,Rangers FC,0.0,Ahmet Bircan,Beşiktaş Jimnastik Kulübü,0.0,Alberto Costa,FC Porto,DEF,0.0
GW 437,4,Extra DEF,0.0,Alexander Schlager,FC Red Bull Salzburg,0.0,Aleksa Terzić,FC Red Bull Salzburg,0.0,Alan Varela,FC Porto,0.0,Alaettin Ekici,Fenerbahçe Spor Kulübü,0.0,Alexander Bah,SL Benfica,DEF,0.0
GW 436,1,Extra DEF,0.0,Adem Ağaoğlu,Trabzonspor Kulübü,0.0,Abdülkerim Bardakcı,Galatasaray Spor Kulübü,0.0,Abdou Fall,Fenerbahçe Spor Kulübü,0.0,Ada Yüzgeç,Galatasaray Spor Kulübü,0.0,Adam Montgomery,Celtic FC,DEF,0.0
GW 436,2,Extra DEF,0.0,Ahmet Yıldırım,Trabzonspor Kulübü,0.0,Adrian Barišić,Sporting Braga,0.0,Adnan Fettahoğlu,Fenerbahçe Spor Kulübü,0.0,Ahmed Kutucu,Galatasaray Spor Kulübü,0.0,Afonso Sousa,Sporting Braga,DEF,0.0
GW 436,3,Extra DEF,0.0,Alaa Bellaarouch,Sporting Braga,0.0,Ahmet Tekke,Trabzonspor Kulübü,0.0,Aiden McCallion,Rangers FC,0.0,Ahmet Bircan,Beşiktaş Jimnastik Kulübü,0.0,Alberto Costa,FC Porto,DEF,0.0
GW 436,4,Extra DEF,0.0,Alexander Schlager,FC Red Bull Salzburg,0.0,Aleksa Terzić,FC Red Bull Salzburg,0.0,Alan Varela,FC Porto,0.0,Alaettin Ekici,Fenerbahçe Spor Kulübü,0.0,Alexander Bah,SL Benfica,DEF,0.0
GW 435,1,Extra DEF,0.0,Adem Ağaoğlu,Trabzonspor Kulübü,0.0,Abdülkerim Bardakcı,Galatasaray Spor Kulübü,0.0,Abdou Fall,Fenerbahçe Spor Kulübü,0.0,Ada Yüzgeç,Galatasaray Spor Kulübü,0.0,Adam Montgomery,Celtic FC,DEF,0.0
GW 435,2,Extra DEF,0.0,Ahmet Yıldırım,Trabzonspor Kulübü,0.0,Adrian Barišić,Sporting Braga,0.0,Adnan Fettahoğlu,Fenerbahçe Spor Kulübü,0.0,Ahmed Kutucu,Galatasaray Spor Kulübü,0.0,Afonso Sousa,Sporting Braga,DEF,0.0
GW 435,3,Extra DEF,0.0,Alaa Bellaarouch,Sporting Braga,0.0,Ahmet Tekke,Trabzonspor Kulübü,0.0,Aiden McCallion,Rangers FC,0.0,Ahmet Bircan,Beşiktaş Jimnastik Kulübü,0.0,Alberto Costa,FC Porto,DEF,0.0
GW 435,4,Extra DEF,0.0,Alexander Schlager,FC Red Bull Salzburg,0.0,Aleksa Terzić,FC Red Bull Salzburg,0.0,Alan Varela,FC Porto,0.0,Alaettin Ekici,Fenerbahçe Spor Kulübü,0.0,Alexander Bah,SL Benfica,DEF,0.0
GW 434,1,Extra DEF,0.0,Adem Ağaoğlu,Trabzonspor Kulübü,0.0,Abdülkerim Bardakcı,Galatasaray Spor Kulübü,0.0,Abdou Fall,Fenerbahçe Spor Kulübü,0.0,Ada Yüzgeç,Galatasaray Spor Kulübü,0.0,Adam Montgomery,Celtic FC,DEF,0.0
GW 434,2,Extra DEF,0.0,Ahmet Yıldırım,Trabzonspor Kulübü,0.0,Adrian Barišić,Sporting Braga,0.0,Adnan Fettahoğlu,Fenerbahçe Spor Kulübü,0.0,Ahmed Kutucu,Galatasaray Spor Kulübü,0.0,Afonso Sousa,Sporting Braga,DEF,0.0
GW 434,3,Extra DEF,0.0,Alaa Bellaarouch,Sporting Braga,0.0,Ahmet Tekke,Trabzonspor Kulübü,0.0,Aiden McCallion,Rangers FC,0.0,Ahmet Bircan,Beşiktaş Jimnastik Kulübü,0.0,Alberto Costa,FC Porto,DEF,0.0
GW 434,4,Extra DEF,0.0,Alexander Schlager,FC Red Bull Salzburg,0.0,Aleksa Terzić,FC Red Bull Salzburg,0.0,Alan Varela,FC Porto,0.0,Alaettin Ekici,Fenerbahçe Spor Kulübü,0.0,Alexander Bah,SL Benfica,DEF,0.0
GW 433,1,Extra DEF,0.0,Adem Ağaoğlu,Trabzonspor Kulübü,0.0,Abdülkerim Bardakcı,Galatasaray Spor Kulübü,0.0,Abdou Fall,Fenerbahçe Spor Kulübü,0.0,Ada Yüzgeç,Galatasaray Spor Kulübü,0.0,Adam Montgomery,Celtic FC,DEF,0.0
GW 433,2,Extra DEF,0.0,Ahmet Yıldırım,Trabzonspor Kulübü,0.0,Adrian Barišić,Sporting Braga,0.0,Adnan Fettahoğlu,Fenerbahçe Spor Kulübü,0.0,Ahmed Kutucu,Galatasaray Spor Kulübü,0.0,Afonso Sousa,Sporting Braga,DEF,0.0
GW 433,3,Extra DEF,0.0,Alaa Bellaarouch,Sporting Braga,0.0,Ahmet Tekke,Trabzonspor Kulübü,0.0,Aiden McCallion,Rangers FC,0.0,Ahmet Bircan,Beşiktaş Jimnastik Kulübü,0.0,Alberto Costa,FC Porto,DEF,0.0
GW 433,4,Extra DEF,0.0,Alexander Schlager,FC Red Bull Salzburg,0.0,Aleksa Terzić,FC Red Bull Salzburg,0.0,Alan Varela,FC Porto,0.0,Alaettin Ekici,Fenerbahçe Spor Kulübü,0.0,Alexander Bah,SL Benfica,DEF,0.0
GW 432,1,Extra DEF,0.0,Adem Ağaoğlu,Trabzonspor Kulübü,0.0,Abdülkerim Bardakcı,Galatasaray Spor Kulübü,0.0,Abdou Fall,Fenerbahçe Spor Kulübü,0.0,Ada Yüzgeç,Galatasaray Spor Kulübü,0.0,Adam Montgomery,Celtic FC,DEF,0.0
GW 432,2,Extra DEF,0.0,Ahmet Yıldırım,Trabzonspor Kulübü,0.0,Adrian Barišić,Sporting Braga,0.0,Adnan Fettahoğlu,Fenerbahçe Spor Kulübü,0.0,Ahmed Kutucu,Galatasaray Spor Kulübü,0.0,Afonso Sousa,Sporting Braga,DEF,0.0
GW 432,3,Extra DEF,0.0,Alaa Bellaarouch,Sporting Braga,0.0,Ahmet Tekke,Trabzonspor Kulübü,0.0,Aiden McCallion,Rangers FC,0.0,Ahmet Bircan,Beşiktaş Jimnastik Kulübü,0.0,Alberto Costa,FC Porto,DEF,0.0
GW 432,4,Extra DEF,0.0,Alexander Schlager,FC Red Bull Salzburg,0.0,Aleksa Terzić,FC Red Bull Salzburg,0.0,Alan Varela,FC Porto,0.0,Alaettin Ekici,Fenerbahçe Spor Kulübü,0.0,Alexander Bah,SL Benfica,DEF,0.0
GW 431,1,Extra DEF,0.0,Adem Ağaoğlu,Trabzonspor Kulübü,0.0,Abdülkerim Bardakcı,Galatasaray Spor Kulübü,0.0,Abdou Fall,Fenerbahçe Spor Kulübü,0.0,Ada Yüzgeç,Galatasaray Spor Kulübü,0.0,Adam Montgomery,Celtic FC,DEF,0.0
GW 431,2,Extra DEF,0.0,Ahmet Yıldırım,Trabzonspor Kulübü,0.0,Adrian Barišić,Sporting Braga,0.0,Adnan Fettahoğlu,Fenerbahçe Spor Kulübü,0.0,Ahmed Kutucu,Galatasaray Spor Kulübü,0.0,Afonso Sousa,Sporting Braga,DEF,0.0
GW 431,3,Extra DEF,0.0,Alaa Bellaarouch,Sporting Braga,0.0,Ahmet Tekke,Trabzonspor Kulübü,0.0,Aiden McCallion,Rangers FC,0.0,Ahmet Bircan,Beşiktaş Jimnastik Kulübü,0.0,Alberto Costa,FC Porto,DEF,0.0
GW 431,4,Extra DEF,0.0,Alexander Schlager,FC Red Bull Salzburg,0.0,Aleksa Terzić,FC Red Bull Salzburg,0.0,Alan Varela,FC Porto,0.0,Alaettin Ekici,Fenerbahçe Spor Kulübü,0.0,Alexander Bah,SL Benfica,DEF,0.0
GW 430,1,Extra DEF,0.0,Adem Ağaoğlu,Trabzonspor Kulübü,0.0,Abdülkerim Bardakcı,Galatasaray Spor Kulübü,0.0,Abdou Fall,Fenerbahçe Spor Kulübü,0.0,Ada Yüzgeç,Galatasaray Spor Kulübü,0.0,Adam Montgomery,Celtic FC,DEF,0.0
GW 430,2,Extra DEF,0.0,Ahmet Yıldırım,Trabzonspor Kulübü,0.0,Adrian Barišić,Sporting Braga,0.0,Adnan Fettahoğlu,Fenerbahçe Spor Kulübü,0.0,Ahmed Kutucu,Galatasaray Spor Kulübü,0.0,Afonso Sousa,Sporting Braga,DEF,0.0
GW 430,3,Extra DEF,0.0,Alaa Bellaarouch,Sporting Braga,0.0,Ahmet Tekke,Trabzonspor Kulübü,0.0,Aiden McCallion,Rangers FC,0.0,Ahmet Bircan,Beşiktaş Jimnastik Kulübü,0.0,Alberto Costa,FC Porto,DEF,0.0
GW 430,4,Extra DEF,0.0,Alexander Schlager,FC Red Bull Salzburg,0.0,Aleksa Terzić,FC Red Bull Salzburg,0.0,Alan Varela,FC Porto,0.0,Alaettin Ekici,Fenerbahçe Spor Kulübü,0.0,Alexander Bah,SL Benfica,DEF,0.0
GW 429,1,Extra DEF,0.0,Adem Ağaoğlu,Trabzonspor Kulübü,0.0,Abdülkerim Bardakcı,Galatasaray Spor Kulübü,0.0,Abdou Fall,Fenerbahçe Spor Kulübü,0.0,Ada Yüzgeç,Galatasaray Spor Kulübü,0.0,Adam Montgomery,Celtic FC,DEF,0.0
GW 429,2,Extra DEF,0.0,Ahmet Yıldırım,Trabzonspor Kulübü,0.0,Adrian Barišić,Sporting Braga,0.0,Adnan Fettahoğlu,Fenerbahçe Spor Kulübü,0.0,Ahmed Kutucu,Galatasaray Spor Kulübü,0.0,Afonso Sousa,Sporting Braga,DEF,0.0
GW 429,3,Extra DEF,0.0,Alaa Bellaarouch,Sporting Braga,0.0,Ahmet Tekke,Trabzonspor Kulübü,0.0,Aiden McCallion,Rangers FC,0.0,Ahmet Bircan,Beşiktaş Jimnastik Kulübü,0.0,Alberto Costa,FC Porto,DEF,0.0
GW 429,4,Extra DEF,0.0,Alexander Schlager,FC Red Bull Salzburg,0.0,Aleksa Terzić,FC Red Bull Salzburg,0.0,Alan Varela,FC Porto,0.0,Alaettin Ekici,Fenerbahçe Spor Kulübü,0.0,Alexander Bah,SL Benfica,DEF,0.0
GW 428,1,Extra DEF,0.0,Adem Ağaoğlu,Trabzonspor Kulübü,0.0,Abdülkerim Bardakcı,Galatasaray Spor Kulübü,0.0,Abdou Fall,Fenerbahçe Spor Kulübü,0.0,Ada Yüzgeç,Galatasaray Spor Kulübü,0.0,Adam Montgomery,Celtic FC,DEF,0.0
GW 428,2,Extra DEF,0.0,Ahmet Yıldırım,Trabzonspor Kulübü,0.0,Adrian Barišić,Sporting Braga,0.0,Adnan Fettahoğlu,Fenerbahçe Spor Kulübü,0.0,Ahmed Kutucu,Galatasaray Spor Kulübü,0.0,Afonso Sousa,Sporting Braga,DEF,0.0
GW 428,3,Extra DEF,0.0,Alaa Bellaarouch,Sporting Braga,0.0,Ahmet Tekke,Trabzonspor Kulübü,0.0,Aiden McCallion,Rangers FC,0.0,Ahmet Bircan,Beşiktaş Jimnastik Kulübü,0.0,Alberto Costa,FC Porto,DEF,0.0
GW 428,4,Extra DEF,0.0,Alexander Schlager,FC Red Bull Salzburg,0.0,Aleksa Terzić,FC Red Bull Salzburg,0.0,Alan Varela,FC Porto,0.0,Alaettin Ekici,Fenerbahçe Spor Kulübü,0.0,Alexander Bah,SL Benfica,DEF,0.0
GW 427,1,Extra DEF,0.0,Adem Ağaoğlu,Trabzonspor Kulübü,0.0,Abdülkerim Bardakcı,Galatasaray Spor Kulübü,0.0,Abdou Fall,Fenerbahçe Spor Kulübü,0.0,Ada Yüzgeç,Galatasaray Spor Kulübü,0.0,Adam Montgomery,Celtic FC,DEF,0.0
GW 427,2,Extra DEF,0.0,Ahmet Yıldırım,Trabzonspor Kulübü,0.0,Adrian Barišić,Sporting Braga,0.0,Adnan Fettahoğlu,Fenerbahçe Spor Kulübü,0.0,Ahmed Kutucu,Galatasaray Spor Kulübü,0.0,Afonso Sousa,Sporting Braga,DEF,0.0
GW 427,3,Extra DEF,0.0,Alaa Bellaarouch,Sporting Braga,0.0,Ahmet Tekke,Trabzonspor Kulübü,0.0,Aiden McCallion,Rangers FC,0.0,Ahmet Bircan,Beşiktaş Jimnastik Kulübü,0.0,Alberto Costa,FC Porto,DEF,0.0
GW 427,4,Extra DEF,0.0,Alexander Schlager,FC Red Bull Salzburg,0.0,Aleksa Terzić,FC Red Bull Salzburg,0.0,Alan Varela,FC Porto,0.0,Alaettin Ekici,Fenerbahçe Spor Kulübü,0.0,Alexander Bah,SL Benfica,DEF,0.0
GW 426,1,Extra DEF,0.0,Adem Ağaoğlu,Trabzonspor Kulübü,0.0,Abdülkerim Bardakcı,Galatasaray Spor Kulübü,0.0,Abdou Fall,Fenerbahçe Spor Kulübü,0.0,Ada Yüzgeç,Galatasaray Spor Kulübü,0.0,Adam Montgomery,Celtic FC,DEF,0.0
GW 426,2,Extra DEF,0.0,Ahmet Yıldırım,Trabzonspor Kulübü,0.0,Adrian Barišić,Sporting Braga,0.0,Adnan Fettahoğlu,Fenerbahçe Spor Kulübü,0.0,Ahmed Kutucu,Galatasaray Spor Kulübü,0.0,Afonso Sousa,Sporting Braga,DEF,0.0
GW 426,3,Extra DEF,0.0,Alaa Bellaarouch,Sporting Braga,0.0,Ahmet Tekke,Trabzonspor Kulübü,0.0,Aiden McCallion,Rangers FC,0.0,Ahmet Bircan,Beşiktaş Jimnastik Kulübü,0.0,Alberto Costa,FC Porto,DEF,0.0
GW 426,4,Extra DEF,0.0,Alexander Schlager,FC Red Bull Salzburg,0.0,Aleksa Terzić,FC Red Bull Salzburg,0.0,Alan Varela,FC Porto,0.0,Alaettin Ekici,Fenerbahçe Spor Kulübü,0.0,Alexander Bah,SL Benfica,DEF,0.0
GW 425,1,Extra DEF,0.0,Adem Ağaoğlu,Trabzonspor Kulübü,0.0,Abdülkerim Bardakcı,Galatasaray Spor Kulübü,0.0,Abdou Fall,Fenerbahçe Spor Kulübü,0.0,Ada Yüzgeç,Galatasaray Spor Kulübü,0.0,Adam Montgomery,Celtic FC,DEF,0.0
GW 425,2,Extra DEF,0.0,Ahmet Yıldırım,Trabzonspor Kulübü,0.0,Adrian Barišić,Sporting Braga,0.0,Adnan Fettahoğlu,Fenerbahçe Spor Kulübü,0.0,Ahmed Kutucu,Galatasaray Spor Kulübü,0.0,Afonso Sousa,Sporting Braga,DEF,0.0
GW 425,3,Extra DEF,0.0,Alaa Bellaarouch,Sporting Braga,0.0,Ahmet Tekke,Trabzonspor Kulübü,0.0,Aiden McCallion,Rangers FC,0.0,Ahmet Bircan,Beşiktaş Jimnastik Kulübü,0.0,Alberto Costa,FC Porto,DEF,0.0
GW 425,4,Extra DEF,0.0,Alexander Schlager,FC Red Bull Salzburg,0.0,Aleksa Terzić,FC Red Bull Salzburg,0.0,Alan Varela,FC Porto,0.0,Alaettin Ekici,Fenerbahçe Spor Kulübü,0.0,Alexander Bah,SL Benfica,DEF,0.0
GW 424,1,Extra DEF,0.0,Adem Ağaoğlu,Trabzonspor Kulübü,0.0,Abdülkerim Bardakcı,Galatasaray Spor Kulübü,0.0,Abdou Fall,Fenerbahçe Spor Kulübü,0.0,Ada Yüzgeç,Galatasaray Spor Kulübü,0.0,Adam Montgomery,Celtic FC,DEF,0.0
GW 424,2,Extra DEF,0.0,Ahmet Yıldırım,Trabzonspor Kulübü,0.0,Adrian Barišić,Sporting Braga,0.0,Adnan Fettahoğlu,Fenerbahçe Spor Kulübü,0.0,Ahmed Kutucu,Galatasaray Spor Kulübü,0.0,Afonso Sousa,Sporting Braga,DEF,0.0
GW 424,3,Extra DEF,0.0,Alaa Bellaarouch,Sporting Braga,0.0,Ahmet Tekke,Trabzonspor Kulübü,0.0,Aiden McCallion,Rangers FC,0.0,Ahmet Bircan,Beşiktaş Jimnastik Kulübü,0.0,Alberto Costa,FC Porto,DEF,0.0
GW 424,4,Extra DEF,0.0,Alexander Schlager,FC Red Bull Salzburg,0.0,Aleksa Terzić,FC Red Bull Salzburg,0.0,Alan Varela,FC Porto,0.0,Alaettin Ekici,Fenerbahçe Spor Kulübü,0.0,Alexander Bah,SL Benfica,DEF,0.0
GW 423,1,Extra DEF,0.0,Adem Ağaoğlu,Trabzonspor Kulübü,0.0,Abdülkerim Bardakcı,Galatasaray Spor Kulübü,0.0,Abdou Fall,Fenerbahçe Spor Kulübü,0.0,Ada Yüzgeç,Galatasaray Spor Kulübü,0.0,Adam Montgomery,Celtic FC,DEF,0.0
GW 423,2,Extra DEF,0.0,Ahmet Yıldırım,Trabzonspor Kulübü,0.0,Adrian Barišić,Sporting Braga,0.0,Adnan Fettahoğlu,Fenerbahçe Spor Kulübü,0.0,Ahmed Kutucu,Galatasaray Spor Kulübü,0.0,Afonso Sousa,Sporting Braga,DEF,0.0
GW 423,3,Extra DEF,0.0,Alaa Bellaarouch,Sporting Braga,0.0,Ahmet Tekke,Trabzonspor Kulübü,0.0,Aiden McCallion,Rangers FC,0.0,Ahmet Bircan,Beşiktaş Jimnastik Kulübü,0.0,Alberto Costa,FC Porto,DEF,0.0
GW 423,4,Extra DEF,0.0,Alexander Schlager,FC Red Bull Salzburg,0.0,Aleksa Terzić,FC Red Bull Salzburg,0.0,Alan Varela,FC Porto,0.0,Alaettin Ekici,Fenerbahçe Spor Kulübü,0.0,Alexander Bah,SL Benfica,DEF,0.0
GW 422,1,Extra DEF,0.0,Adem Ağaoğlu,Trabzonspor Kulübü,0.0,Abdülkerim Bardakcı,Galatasaray Spor Kulübü,0.0,Abdou Fall,Fenerbahçe Spor Kulübü,0.0,Ada Yüzgeç,Galatasaray Spor Kulübü,0.0,Adam Montgomery,Celtic FC,DEF,0.0
GW 422,2,Extra DEF,0.0,Ahmet Yıldırım,Trabzonspor Kulübü,0.0,Adrian Barišić,Sporting Braga,0.0,Adnan Fettahoğlu,Fenerbahçe Spor Kulübü,0.0,Ahmed Kutucu,Galatasaray Spor Kulübü,0.0,Afonso Sousa,Sporting Braga,DEF,0.0
GW 422,3,Extra DEF,0.0,Alaa Bellaarouch,Sporting Braga,0.0,Ahmet Tekke,Trabzonspor Kulübü,0.0,Aiden McCallion,Rangers FC,0.0,Ahmet Bircan,Beşiktaş Jimnastik Kulübü,0.0,Alberto Costa,FC Porto,DEF,0.0
GW 422,4,Extra DEF,0.0,Alexander Schlager,FC Red Bull Salzburg,0.0,Aleksa Terzić,FC Red Bull Salzburg,0.0,Alan Varela,FC Porto,0.0,Alaettin Ekici,Fenerbahçe Spor Kulübü,0.0,Alexander Bah,SL Benfica,DEF,0.0
GW 421,1,Extra DEF,0.0,Adem Ağaoğlu,Trabzonspor Kulübü,0.0,Abdülkerim Bardakcı,Galatasaray Spor Kulübü,0.0,Abdou Fall,Fenerbahçe Spor Kulübü,0.0,Ada Yüzgeç,Galatasaray Spor Kulübü,0.0,Adam Montgomery,Celtic FC,DEF,0.0
GW 421,2,Extra DEF,0.0,Ahmet Yıldırım,Trabzonspor Kulübü,0.0,Adrian Barišić,Sporting Braga,0.0,Adnan Fettahoğlu,Fenerbahçe Spor Kulübü,0.0,Ahmed Kutucu,Galatasaray Spor Kulübü,0.0,Afonso Sousa,Sporting Braga,DEF,0.0
GW 421,3,Extra DEF,0.0,Alaa Bellaarouch,Sporting Braga,0.0,Ahmet Tekke,Trabzonspor Kulübü,0.0,Aiden McCallion,Rangers FC,0.0,Ahmet Bircan,Beşiktaş Jimnastik Kulübü,0.0,Alberto Costa,FC Porto,DEF,0.0
GW 421,4,Extra DEF,0.0,Alexander Schlager,FC Red Bull Salzburg,0.0,Aleksa Terzić,FC Red Bull Salzburg,0.0,Alan Varela,FC Porto,0.0,Alaettin Ekici,Fenerbahçe Spor Kulübü,0.0,Alexander Bah,SL Benfica,DEF,0.0
GW 420,1,Extra DEF,0.0,Adem Ağaoğlu,Trabzonspor Kulübü,0.0,Abdülkerim Bardakcı,Galatasaray Spor Kulübü,0.0,Abdou Fall,Fenerbahçe Spor Kulübü,0.0,Ada Yüzgeç,Galatasaray Spor Kulübü,0.0,Adam Montgomery,Celtic FC,DEF,0.0
GW 420,2,Extra DEF,0.0,Ahmet Yıldırım,Trabzonspor Kulübü,0.0,Adrian Barišić,Sporting Braga,0.0,Adnan Fettahoğlu,Fenerbahçe Spor Kulübü,0.0,Ahmed Kutucu,Galatasaray Spor Kulübü,0.0,Afonso Sousa,Sporting Braga,DEF,0.0
GW 420,3,Extra DEF,0.0,Alaa Bellaarouch,Sporting Braga,0.0,Ahmet Tekke,Trabzonspor Kulübü,0.0,Aiden McCallion,Rangers FC,0.0,Ahmet Bircan,Beşiktaş Jimnastik Kulübü,0.0,Alberto Costa,FC Porto,DEF,0.0
GW 420,4,Extra DEF,0.0,Alexander Schlager,FC Red Bull Salzburg,0.0,Aleksa Terzić,FC Red Bull Salzburg,0.0,Alan Varela,FC Porto,0.0,Alaettin Ekici,Fenerbahçe Spor Kulübü,0.0,Alexander Bah,SL Benfica,DEF,0.0
GW 419,1,Extra DEF,0.0,Adem Ağaoğlu,Trabzonspor Kulübü,0.0,Abdülkerim Bardakcı,Galatasaray Spor Kulübü,0.0,Abdou Fall,Fenerbahçe Spor Kulübü,0.0,Ada Yüzgeç,Galatasaray Spor Kulübü,0.0,Adam Montgomery,Celtic FC,DEF,0.0
GW 419,2,Extra DEF,0.0,Ahmet Yıldırım,Trabzonspor Kulübü,0.0,Adrian Barišić,Sporting Braga,0.0,Adnan Fettahoğlu,Fenerbahçe Spor Kulübü,0.0,Ahmed Kutucu,Galatasaray Spor Kulübü,0.0,Afonso Sousa,Sporting Braga,DEF,0.0
GW 419,3,Extra DEF,0.0,Alaa Bellaarouch,Sporting Braga,0.0,Ahmet Tekke,Trabzonspor Kulübü,0.0,Aiden McCallion,Rangers FC,0.0,Ahmet Bircan,Beşiktaş Jimnastik Kulübü,0.0,Alberto Costa,FC Porto,DEF,0.0
GW 419,4,Extra DEF,0.0,Alexander Schlager,FC Red Bull Salzburg,0.0,Aleksa Terzić,FC Red Bull Salzburg,0.0,Alan Varela,FC Porto,0.0,Alaettin Ekici,Fenerbahçe Spor Kulübü,0.0,Alexander Bah,SL Benfica,DEF,0.0
GW 418,1,Extra DEF,0.0,Adem Ağaoğlu,Trabzonspor Kulübü,0.0,Abdülkerim Bardakcı,Galatasaray Spor Kulübü,0.0,Abdou Fall,Fenerbahçe Spor Kulübü,0.0,Ada Yüzgeç,Galatasaray Spor Kulübü,0.0,Adam Montgomery,Celtic FC,DEF,0.0
GW 418,2,Extra DEF,0.0,Ahmet Yıldırım,Trabzonspor Kulübü,0.0,Adrian Barišić,Sporting Braga,0.0,Adnan Fettahoğlu,Fenerbahçe Spor Kulübü,0.0,Ahmed Kutucu,Galatasaray Spor Kulübü,0.0,Afonso Sousa,Sporting Braga,DEF,0.0
GW 418,3,Extra DEF,0.0,Alaa Bellaarouch,Sporting Braga,0.0,Ahmet Tekke,Trabzonspor Kulübü,0.0,Aiden McCallion,Rangers FC,0.0,Ahmet Bircan,Beşiktaş Jimnastik Kulübü,0.0,Alberto Costa,FC Porto,DEF,0.0
GW 418,4,Extra DEF,0.0,Alexander Schlager,FC Red Bull Salzburg,0.0,Aleksa Terzić,FC Red Bull Salzburg,0.0,Alan Varela,FC Porto,0.0,Alaettin Ekici,Fenerbahçe Spor Kulübü,0.0,Alexander Bah,SL Benfica,DEF,0.0
GW 417,1,Extra DEF,0.0,Adem Ağaoğlu,Trabzonspor Kulübü,0.0,Abdülkerim Bardakcı,Galatasaray Spor Kulübü,0.0,Abdou Fall,Fenerbahçe Spor Kulübü,0.0,Ada Yüzgeç,Galatasaray Spor Kulübü,0.0,Adam Montgomery,Celtic FC,DEF,0.0
GW 417,2,Extra DEF,0.0,Ahmet Yıldırım,Trabzonspor Kulübü,0.0,Adrian Barišić,Sporting Braga,0.0,Adnan Fettahoğlu,Fenerbahçe Spor Kulübü,0.0,Ahmed Kutucu,Galatasaray Spor Kulübü,0.0,Afonso Sousa,Sporting Braga,DEF,0.0
GW 417,3,Extra DEF,0.0,Alaa Bellaarouch,Sporting Braga,0.0,Ahmet Tekke,Trabzonspor Kulübü,0.0,Aiden McCallion,Rangers FC,0.0,Ahmet Bircan,Beşiktaş Jimnastik Kulübü,0.0,Alberto Costa,FC Porto,DEF,0.0
GW 417,4,Extra DEF,0.0,Alexander Schlager,FC Red Bull Salzburg,0.0,Aleksa Terzić,FC Red Bull Salzburg,0.0,Alan Varela,FC Porto,0.0,Alaettin Ekici,Fenerbahçe Spor Kulübü,0.0,Alexander Bah,SL Benfica,DEF,0.0
GW 416,1,Extra DEF,0.0,Adem Ağaoğlu,Trabzonspor Kulübü,0.0,Abdülkerim Bardakcı,Galatasaray Spor Kulübü,0.0,Abdou Fall,Fenerbahçe Spor Kulübü,0.0,Ada Yüzgeç,Galatasaray Spor Kulübü,0.0,Adam Montgomery,Celtic FC,DEF,0.0
GW 416,2,Extra DEF,0.0,Ahmet Yıldırım,Trabzonspor Kulübü,0.0,Adrian Barišić,Sporting Braga,0.0,Adnan Fettahoğlu,Fenerbahçe Spor Kulübü,0.0,Ahmed Kutucu,Galatasaray Spor Kulübü,0.0,Afonso Sousa,Sporting Braga,DEF,0.0
GW 416,3,Extra DEF,0.0,Alaa Bellaarouch,Sporting Braga,0.0,Ahmet Tekke,Trabzonspor Kulübü,0.0,Aiden McCallion,Rangers FC,0.0,Ahmet Bircan,Beşiktaş Jimnastik Kulübü,0.0,Alberto Costa,FC Porto,DEF,0.0
GW 416,4,Extra DEF,0.0,Alexander Schlager,FC Red Bull Salzburg,0.0,Aleksa Terzić,FC Red Bull Salzburg,0.0,Alan Varela,FC Porto,0.0,Alaettin Ekici,Fenerbahçe Spor Kulübü,0.0,Alexander Bah,SL Benfica,DEF,0.0
GW 415,1,Extra DEF,0.0,Adem Ağaoğlu,Trabzonspor Kulübü,0.0,Abdülkerim Bardakcı,Galatasaray Spor Kulübü,0.0,Abdou Fall,Fenerbahçe Spor Kulübü,0.0,Ada Yüzgeç,Galatasaray Spor Kulübü,0.0,Adam Montgomery,Celtic FC,DEF,0.0
GW 415,2,Extra DEF,0.0,Ahmet Yıldırım,Trabzonspor Kulübü,0.0,Adrian Barišić,Sporting Braga,0.0,Adnan Fettahoğlu,Fenerbahçe Spor Kulübü,0.0,Ahmed Kutucu,Galatasaray Spor Kulübü,0.0,Afonso Sousa,Sporting Braga,DEF,0.0
GW 415,3,Extra DEF,0.0,Alaa Bellaarouch,Sporting Braga,0.0,Ahmet Tekke,Trabzonspor Kulübü,0.0,Aiden McCallion,Rangers FC,0.0,Ahmet Bircan,Beşiktaş Jimnastik Kulübü,0.0,Alberto Costa,FC Porto,DEF,0.0
GW 415,4,Extra DEF,0.0,Alexander Schlager,FC Red Bull Salzburg,0.0,Aleksa Terzić,FC Red Bull Salzburg,0.0,Alan Varela,FC Porto,0.0,Alaettin Ekici,Fenerbahçe Spor Kulübü,0.0,Alexander Bah,SL Benfica,DEF,0.0
GW 414,1,Extra DEF,0.0,Adem Ağaoğlu,Trabzonspor Kulübü,0.0,Abdülkerim Bardakcı,Galatasaray Spor Kulübü,0.0,Abdou Fall,Fenerbahçe Spor Kulübü,0.0,Ada Yüzgeç,Galatasaray Spor Kulübü,0.0,Adam Montgomery,Celtic FC,DEF,0.0
GW 414,2,Extra DEF,0.0,Ahmet Yıldırım,Trabzonspor Kulübü,0.0,Adrian Barišić,Sporting Braga,0.0,Adnan Fettahoğlu,Fenerbahçe Spor Kulübü,0.0,Ahmed Kutucu,Galatasaray Spor Kulübü,0.0,Afonso Sousa,Sporting Braga,DEF,0.0
GW 414,3,Extra DEF,0.0,Alaa Bellaarouch,Sporting Braga,0.0,Ahmet Tekke,Trabzonspor Kulübü,0.0,Aiden McCallion,Rangers FC,0.0,Ahmet Bircan,Beşiktaş Jimnastik Kulübü,0.0,Alberto Costa,FC Porto,DEF,0.0
GW 414,4,Extra DEF,0.0,Alexander Schlager,FC Red Bull Salzburg,0.0,Aleksa Terzić,FC Red Bull Salzburg,0.0,Alan Varela,FC Porto,0.0,Alaettin Ekici,Fenerbahçe Spor Kulübü,0.0,Alexander Bah,SL Benfica,DEF,0.0
GW 413,1,Extra DEF,0.0,Adem Ağaoğlu,Trabzonspor Kulübü,0.0,Abdülkerim Bardakcı,Galatasaray Spor Kulübü,0.0,Abdou Fall,Fenerbahçe Spor Kulübü,0.0,Ada Yüzgeç,Galatasaray Spor Kulübü,0.0,Adam Montgomery,Celtic FC,DEF,0.0
GW 413,2,Extra DEF,0.0,Ahmet Yıldırım,Trabzonspor Kulübü,0.0,Adrian Barišić,Sporting Braga,0.0,Adnan Fettahoğlu,Fenerbahçe Spor Kulübü,0.0,Ahmed Kutucu,Galatasaray Spor Kulübü,0.0,Afonso Sousa,Sporting Braga,DEF,0.0
GW 413,3,Extra DEF,0.0,Alaa Bellaarouch,Sporting Braga,0.0,Ahmet Tekke,Trabzonspor Kulübü,0.0,Aiden McCallion,Rangers FC,0.0,Ahmet Bircan,Beşiktaş Jimnastik Kulübü,0.0,Alberto Costa,FC Porto,DEF,0.0
GW 413,4,Extra DEF,0.0,Alexander Schlager,FC Red Bull Salzburg,0.0,Aleksa Terzić,FC Red Bull Salzburg,0.0,Alan Varela,FC Porto,0.0,Alaettin Ekici,Fenerbahçe Spor Kulübü,0.0,Alexander Bah,SL Benfica,DEF,0.0
GW 412,1,Extra DEF,0.0,Adem Ağaoğlu,Trabzonspor Kulübü,0.0,Abdülkerim Bardakcı,Galatasaray Spor Kulübü,0.0,Abdou Fall,Fenerbahçe Spor Kulübü,0.0,Ada Yüzgeç,Galatasaray Spor Kulübü,0.0,Adam Montgomery,Celtic FC,DEF,0.0
GW 412,2,Extra DEF,0.0,Ahmet Yıldırım,Trabzonspor Kulübü,0.0,Adrian Barišić,Sporting Braga,0.0,Adnan Fettahoğlu,Fenerbahçe Spor Kulübü,0.0,Ahmed Kutucu,Galatasaray Spor Kulübü,0.0,Afonso Sousa,Sporting Braga,DEF,0.0
GW 412,3,Extra DEF,0.0,Alaa Bellaarouch,Sporting Braga,0.0,Ahmet Tekke,Trabzonspor Kulübü,0.0,Aiden McCallion,Rangers FC,0.0,Ahmet Bircan,Beşiktaş Jimnastik Kulübü,0.0,Alberto Costa,FC Porto,DEF,0.0
GW 412,4,Extra DEF,0.0,Alexander Schlager,FC Red Bull Salzburg,0.0,Aleksa Terzić,FC Red Bull Salzburg,0.0,Alan Varela,FC Porto,0.0,Alaettin Ekici,Fenerbahçe Spor Kulübü,0.0,Alexander Bah,SL Benfica,DEF,0.0
GW 411,1,Extra DEF,0.0,Adem Ağaoğlu,Trabzonspor Kulübü,0.0,Abdülkerim Bardakcı,Galatasaray Spor Kulübü,0.0,Abdou Fall,Fenerbahçe Spor Kulübü,0.0,Ada Yüzgeç,Galatasaray Spor Kulübü,0.0,Adam Montgomery,Celtic FC,DEF,0.0
GW 411,2,Extra DEF,0.0,Ahmet Yıldırım,Trabzonspor Kulübü,0.0,Adrian Barišić,Sporting Braga,0.0,Adnan Fettahoğlu,Fenerbahçe Spor Kulübü,0.0,Ahmed Kutucu,Galatasaray Spor Kulübü,0.0,Afonso Sousa,Sporting Braga,DEF,0.0
GW 411,3,Extra DEF,0.0,Alaa Bellaarouch,Sporting Braga,0.0,Ahmet Tekke,Trabzonspor Kulübü,0.0,Aiden McCallion,Rangers FC,0.0,Ahmet Bircan,Beşiktaş Jimnastik Kulübü,0.0,Alberto Costa,FC Porto,DEF,0.0
GW 411,4,Extra DEF,0.0,Alexander Schlager,FC Red Bull Salzburg,0.0,Aleksa Terzić,FC Red Bull Salzburg,0.0,Alan Varela,FC Porto,0.0,Alaettin Ekici,Fenerbahçe Spor Kulübü,0.0,Alexander Bah,SL Benfica,DEF,0.0
GW 410,1,Extra DEF,0.0,Adem Ağaoğlu,Trabzonspor Kulübü,0.0,Abdülkerim Bardakcı,Galatasaray Spor Kulübü,0.0,Abdou Fall,Fenerbahçe Spor Kulübü,0.0,Ada Yüzgeç,Galatasaray Spor Kulübü,0.0,Adam Montgomery,Celtic FC,DEF,0.0
GW 410,2,Extra DEF,0.0,Ahmet Yıldırım,Trabzonspor Kulübü,0.0,Adrian Barišić,Sporting Braga,0.0,Adnan Fettahoğlu,Fenerbahçe Spor Kulübü,0.0,Ahmed Kutucu,Galatasaray Spor Kulübü,0.0,Afonso Sousa,Sporting Braga,DEF,0.0
GW 410,3,Extra DEF,0.0,Alaa Bellaarouch,Sporting Braga,0.0,Ahmet Tekke,Trabzonspor Kulübü,0.0,Aiden McCallion,Rangers FC,0.0,Ahmet Bircan,Beşiktaş Jimnastik Kulübü,0.0,Alberto Costa,FC Porto,DEF,0.0
GW 410,4,Extra DEF,0.0,Alexander Schlager,FC Red Bull Salzburg,0.0,Aleksa Terzić,FC Red Bull Salzburg,0.0,Alan Varela,FC Porto,0.0,Alaettin Ekici,Fenerbahçe Spor Kulübü,0.0,Alexander Bah,SL Benfica,DEF,0.0
GW 409,1,Extra DEF,0.0,Adem Ağaoğlu,Trabzonspor Kulübü,0.0,Abdülkerim Bardakcı,Galatasaray Spor Kulübü,0.0,Abdou Fall,Fenerbahçe Spor Kulübü,0.0,Ada Yüzgeç,Galatasaray Spor Kulübü,0.0,Adam Montgomery,Celtic FC,DEF,0.0
GW 409,2,Extra DEF,0.0,Ahmet Yıldırım,Trabzonspor Kulübü,0.0,Adrian Barišić,Sporting Braga,0.0,Adnan Fettahoğlu,Fenerbahçe Spor Kulübü,0.0,Ahmed Kutucu,Galatasaray Spor Kulübü,0.0,Afonso Sousa,Sporting Braga,DEF,0.0
GW 409,3,Extra DEF,0.0,Alaa Bellaarouch,Sporting Braga,0.0,Ahmet Tekke,Trabzonspor Kulübü,0.0,Aiden McCallion,Rangers FC,0.0,Ahmet Bircan,Beşiktaş Jimnastik Kulübü,0.0,Alberto Costa,FC Porto,DEF,0.0
GW 409,4,Extra DEF,0.0,Alexander Schlager,FC Red Bull Salzburg,0.0,Aleksa Terzić,FC Red Bull Salzburg,0.0,Alan Varela,FC Porto,0.0,Alaettin Ekici,Fenerbahçe Spor Kulübü,0.0,Alexander Bah,SL Benfica,DEF,0.0
GW 408,1,Extra DEF,0.0,Adem Ağaoğlu,Trabzonspor Kulübü,0.0,Abdülkerim Bardakcı,Galatasaray Spor Kulübü,0.0,Abdou Fall,Fenerbahçe Spor Kulübü,0.0,Ada Yüzgeç,Galatasaray Spor Kulübü,0.0,Adam Montgomery,Celtic FC,DEF,0.0
GW 408,2,Extra DEF,0.0,Ahmet Yıldırım,Trabzonspor Kulübü,0.0,Adrian Barišić,Sporting Braga,0.0,Adnan Fettahoğlu,Fenerbahçe Spor Kulübü,0.0,Ahmed Kutucu,Galatasaray Spor Kulübü,0.0,Afonso Sousa,Sporting Braga,DEF,0.0
GW 408,3,Extra DEF,0.0,Alaa Bellaarouch,Sporting Braga,0.0,Ahmet Tekke,Trabzonspor Kulübü,0.0,Aiden McCallion,Rangers FC,0.0,Ahmet Bircan,Beşiktaş Jimnastik Kulübü,0.0,Alberto Costa,FC Porto,DEF,0.0
GW 408,4,Extra DEF,0.0,Alexander Schlager,FC Red Bull Salzburg,0.0,Aleksa Terzić,FC Red Bull Salzburg,0.0,Alan Varela,FC Porto,0.0,Alaettin Ekici,Fenerbahçe Spor Kulübü,0.0,Alexander Bah,SL Benfica,DEF,0.0
GW 407,1,Extra DEF,0.0,Adem Ağaoğlu,Trabzonspor Kulübü,0.0,Abdülkerim Bardakcı,Galatasaray Spor Kulübü,0.0,Abdou Fall,Fenerbahçe Spor Kulübü,0.0,Ada Yüzgeç,Galatasaray Spor Kulübü,0.0,Adam Montgomery,Celtic FC,DEF,0.0
GW 407,2,Extra DEF,0.0,Ahmet Yıldırım,Trabzonspor Kulübü,0.0,Adrian Barišić,Sporting Braga,0.0,Adnan Fettahoğlu,Fenerbahçe Spor Kulübü,0.0,Ahmed Kutucu,Galatasaray Spor Kulübü,0.0,Afonso Sousa,Sporting Braga,DEF,0.0
GW 407,3,Extra DEF,0.0,Alaa Bellaarouch,Sporting Braga,0.0,Ahmet Tekke,Trabzonspor Kulübü,0.0,Aiden McCallion,Rangers FC,0.0,Ahmet Bircan,Beşiktaş Jimnastik Kulübü,0.0,Alberto Costa,FC Porto,DEF,0.0
GW 407,4,Extra DEF,0.0,Alexander Schlager,FC Red Bull Salzburg,0.0,Aleksa Terzić,FC Red Bull Salzburg,0.0,Alan Varela,FC Porto,0.0,Alaettin Ekici,Fenerbahçe Spor Kulübü,0.0,Alexander Bah,SL Benfica,DEF,0.0
GW 406,1,Extra DEF,0.0,Adem Ağaoğlu,Trabzonspor Kulübü,0.0,Abdülkerim Bardakcı,Galatasaray Spor Kulübü,0.0,Abdou Fall,Fenerbahçe Spor Kulübü,0.0,Ada Yüzgeç,Galatasaray Spor Kulübü,0.0,Adam Montgomery,Celtic FC,DEF,0.0
GW 406,2,Extra DEF,0.0,Ahmet Yıldırım,Trabzonspor Kulübü,0.0,Adrian Barišić,Sporting Braga,0.0,Adnan Fettahoğlu,Fenerbahçe Spor Kulübü,0.0,Ahmed Kutucu,Galatasaray Spor Kulübü,0.0,Afonso Sousa,Sporting Braga,DEF,0.0
GW 406,3,Extra DEF,0.0,Alaa Bellaarouch,Sporting Braga,0.0,Ahmet Tekke,Trabzonspor Kulübü,0.0,Aiden McCallion,Rangers FC,0.0,Ahmet Bircan,Beşiktaş Jimnastik Kulübü,0.0,Alberto Costa,FC Porto,DEF,0.0
GW 406,4,Extra DEF,0.0,Alexander Schlager,FC Red Bull Salzburg,0.0,Aleksa Terzić,FC Red Bull Salzburg,0.0,Alan Varela,FC Porto,0.0,Alaettin Ekici,Fenerbahçe Spor Kulübü,0.0,Alexander Bah,SL Benfica,DEF,0.0
GW 405,1,Extra DEF,0.0,Adem Ağaoğlu,Trabzonspor Kulübü,0.0,Abdülkerim Bardakcı,Galatasaray Spor Kulübü,0.0,Abdou Fall,Fenerbahçe Spor Kulübü,0.0,Ada Yüzgeç,Galatasaray Spor Kulübü,0.0,Adam Montgomery,Celtic FC,DEF,0.0
GW 405,2,Extra DEF,0.0,Ahmet Yıldırım,Trabzonspor Kulübü,0.0,Adrian Barišić,Sporting Braga,0.0,Adnan Fettahoğlu,Fenerbahçe Spor Kulübü,0.0,Ahmed Kutucu,Galatasaray Spor Kulübü,0.0,Afonso Sousa,Sporting Braga,DEF,0.0
GW 405,3,Extra DEF,0.0,Alaa Bellaarouch,Sporting Braga,0.0,Ahmet Tekke,Trabzonspor Kulübü,0.0,Aiden McCallion,Rangers FC,0.0,Ahmet Bircan,Beşiktaş Jimnastik Kulübü,0.0,Alberto Costa,FC Porto,DEF,0.0
GW 405,4,Extra DEF,0.0,Alexander Schlager,FC Red Bull Salzburg,0.0,Aleksa Terzić,FC Red Bull Salzburg,0.0,Alan Varela,FC Porto,0.0,Alaettin Ekici,Fenerbahçe Spor Kulübü,0.0,Alexander Bah,SL Benfica,DEF,0.0
GW 404,1,Extra DEF,0.0,Adem Ağaoğlu,Trabzonspor Kulübü,0.0,Abdülkerim Bardakcı,Galatasaray Spor Kulübü,0.0,Abdou Fall,Fenerbahçe Spor Kulübü,0.0,Ada Yüzgeç,Galatasaray Spor Kulübü,0.0,Adam Montgomery,Celtic FC,DEF,0.0
GW 404,2,Extra DEF,0.0,Ahmet Yıldırım,Trabzonspor Kulübü,0.0,Adrian Barišić,Sporting Braga,0.0,Adnan Fettahoğlu,Fenerbahçe Spor Kulübü,0.0,Ahmed Kutucu,Galatasaray Spor Kulübü,0.0,Afonso Sousa,Sporting Braga,DEF,0.0
GW 404,3,Extra DEF,0.0,Alaa Bellaarouch,Sporting Braga,0.0,Ahmet Tekke,Trabzonspor Kulübü,0.0,Aiden McCallion,Rangers FC,0.0,Ahmet Bircan,Beşiktaş Jimnastik Kulübü,0.0,Alberto Costa,FC Porto,DEF,0.0
GW 404,4,Extra DEF,0.0,Alexander Schlager,FC Red Bull Salzburg,0.0,Aleksa Terzić,FC Red Bull Salzburg,0.0,Alan Varela,FC Porto,0.0,Alaettin Ekici,Fenerbahçe Spor Kulübü,0.0,Alexander Bah,SL Benfica,DEF,0.0
GW 403,1,Extra DEF,0.0,Adem Ağaoğlu,Trabzonspor Kulübü,0.0,Abdülkerim Bardakcı,Galatasaray Spor Kulübü,0.0,Abdou Fall,Fenerbahçe Spor Kulübü,0.0,Ada Yüzgeç,Galatasaray Spor Kulübü,0.0,Adam Montgomery,Celtic FC,DEF,0.0
GW 403,2,Extra DEF,0.0,Ahmet Yıldırım,Trabzonspor Kulübü,0.0,Adrian Barišić,Sporting Braga,0.0,Adnan Fettahoğlu,Fenerbahçe Spor Kulübü,0.0,Ahmed Kutucu,Galatasaray Spor Kulübü,0.0,Afonso Sousa,Sporting Braga,DEF,0.0
GW 403,3,Extra DEF,0.0,Alaa Bellaarouch,Sporting Braga,0.0,Ahmet Tekke,Trabzonspor Kulübü,0.0,Aiden McCallion,Rangers FC,0.0,Ahmet Bircan,Beşiktaş Jimnastik Kulübü,0.0,Alberto Costa,FC Porto,DEF,0.0
GW 403,4,Extra DEF,0.0,Alexander Schlager,FC Red Bull Salzburg,0.0,Aleksa Terzić,FC Red Bull Salzburg,0.0,Alan Varela,FC Porto,0.0,Alaettin Ekici,Fenerbahçe Spor Kulübü,0.0,Alexander Bah,SL Benfica,DEF,0.0
GW 402,1,Extra DEF,0.0,Adem Ağaoğlu,Trabzonspor Kulübü,0.0,Abdülkerim Bardakcı,Galatasaray Spor Kulübü,0.0,Abdou Fall,Fenerbahçe Spor Kulübü,0.0,Ada Yüzgeç,Galatasaray Spor Kulübü,0.0,Adam Montgomery,Celtic FC,DEF,0.0
GW 402,2,Extra DEF,0.0,Ahmet Yıldırım,Trabzonspor Kulübü,0.0,Adrian Barišić,Sporting Braga,0.0,Adnan Fettahoğlu,Fenerbahçe Spor Kulübü,0.0,Ahmed Kutucu,Galatasaray Spor Kulübü,0.0,Afonso Sousa,Sporting Braga,DEF,0.0
GW 402,3,Extra DEF,0.0,Alaa Bellaarouch,Sporting Braga,0.0,Ahmet Tekke,Trabzonspor Kulübü,0.0,Aiden McCallion,Rangers FC,0.0,Ahmet Bircan,Beşiktaş Jimnastik Kulübü,0.0,Alberto Costa,FC Porto,DEF,0.0
GW 402,4,Extra DEF,0.0,Alexander Schlager,FC Red Bull Salzburg,0.0,Aleksa Terzić,FC Red Bull Salzburg,0.0,Alan Varela,FC Porto,0.0,Alaettin Ekici,Fenerbahçe Spor Kulübü,0.0,Alexander Bah,SL Benfica,DEF,0.0
GW 401,1,Extra DEF,0.0,Adem Ağaoğlu,Trabzonspor Kulübü,0.0,Abdülkerim Bardakcı,Galatasaray Spor Kulübü,0.0,Abdou Fall,Fenerbahçe Spor Kulübü,0.0,Ada Yüzgeç,Galatasaray Spor Kulübü,0.0,Adam Montgomery,Celtic FC,DEF,0.0
GW 401,2,Extra DEF,0.0,Ahmet Yıldırım,Trabzonspor Kulübü,0.0,Adrian Barišić,Sporting Braga,0.0,Adnan Fettahoğlu,Fenerbahçe Spor Kulübü,0.0,Ahmed Kutucu,Galatasaray Spor Kulübü,0.0,Afonso Sousa,Sporting Braga,DEF,0.0
GW 401,3,Extra DEF,0.0,Alaa Bellaarouch,Sporting Braga,0.0,Ahmet Tekke,Trabzonspor Kulübü,0.0,Aiden McCallion,Rangers FC,0.0,Ahmet Bircan,Beşiktaş Jimnastik Kulübü,0.0,Alberto Costa,FC Porto,DEF,0.0
GW 401,4,Extra DEF,0.0,Alexander Schlager,FC Red Bull Salzburg,0.0,Aleksa Terzić,FC Red Bull Salzburg,0.0,Alan Varela,FC Porto,0.0,Alaettin Ekici,Fenerbahçe Spor Kulübü,0.0,Alexander Bah,SL Benfica,DEF,0.0
GW 400,1,Extra DEF,0.0,Adem Ağaoğlu,Trabzonspor Kulübü,0.0,Abdülkerim Bardakcı,Galatasaray Spor Kulübü,0.0,Abdou Fall,Fenerbahçe Spor Kulübü,0.0,Ada Yüzgeç,Galatasaray Spor Kulübü,0.0,Adam Montgomery,Celtic FC,DEF,0.0
GW 400,2,Extra DEF,0.0,Ahmet Yıldırım,Trabzonspor Kulübü,0.0,Adrian Barišić,Sporting Braga,0.0,Adnan Fettahoğlu,Fenerbahçe Spor Kulübü,0.0,Ahmed Kutucu,Galatasaray Spor Kulübü,0.0,Afonso Sousa,Sporting Braga,DEF,0.0
GW 400,3,Extra DEF,0.0,Alaa Bellaarouch,Sporting Braga,0.0,Ahmet Tekke,Trabzonspor Kulübü,0.0,Aiden McCallion,Rangers FC,0.0,Ahmet Bircan,Beşiktaş Jimnastik Kulübü,0.0,Alberto Costa,FC Porto,DEF,0.0
GW 400,4,Extra DEF,0.0,Alexander Schlager,FC Red Bull Salzburg,0.0,Aleksa Terzić,FC Red Bull Salzburg,0.0,Alan Varela,FC Porto,0.0,Alaettin Ekici,Fenerbahçe Spor Kulübü,0.0,Alexander Bah,SL Benfica,DEF,0.0
GW 399,1,Extra DEF,0.0,Adem Ağaoğlu,Trabzonspor Kulübü,0.0,Abdülkerim Bardakcı,Galatasaray Spor Kulübü,0.0,Abdou Fall,Fenerbahçe Spor Kulübü,0.0,Ada Yüzgeç,Galatasaray Spor Kulübü,0.0,Adam Montgomery,Celtic FC,DEF,0.0
GW 399,2,Extra DEF,0.0,Ahmet Yıldırım,Trabzonspor Kulübü,0.0,Adrian Barišić,Sporting Braga,0.0,Adnan Fettahoğlu,Fenerbahçe Spor Kulübü,0.0,Ahmed Kutucu,Galatasaray Spor Kulübü,0.0,Afonso Sousa,Sporting Braga,DEF,0.0
GW 399,3,Extra DEF,0.0,Alaa Bellaarouch,Sporting Braga,0.0,Ahmet Tekke,Trabzonspor Kulübü,0.0,Aiden McCallion,Rangers FC,0.0,Ahmet Bircan,Beşiktaş Jimnastik Kulübü,0.0,Alberto Costa,FC Porto,DEF,0.0
GW 399,4,Extra DEF,0.0,Alexander Schlager,FC Red Bull Salzburg,0.0,Aleksa Terzić,FC Red Bull Salzburg,0.0,Alan Varela,FC Porto,0.0,Alaettin Ekici,Fenerbahçe Spor Kulübü,0.0,Alexander Bah,SL Benfica,DEF,0.0
GW 398,1,Extra DEF,0.0,Adem Ağaoğlu,Trabzonspor Kulübü,0.0,Abdülkerim Bardakcı,Galatasaray Spor Kulübü,0.0,Abdou Fall,Fenerbahçe Spor Kulübü,0.0,Ada Yüzgeç,Galatasaray Spor Kulübü,0.0,Adam Montgomery,Celtic FC,DEF,0.0
GW 398,2,Extra DEF,0.0,Ahmet Yıldırım,Trabzonspor Kulübü,0.0,Adrian Barišić,Sporting Braga,0.0,Adnan Fettahoğlu,Fenerbahçe Spor Kulübü,0.0,Ahmed Kutucu,Galatasaray Spor Kulübü,0.0,Afonso Sousa,Sporting Braga,DEF,0.0
GW 398,3,Extra DEF,0.0,Alaa Bellaarouch,Sporting Braga,0.0,Ahmet Tekke,Trabzonspor Kulübü,0.0,Aiden McCallion,Rangers FC,0.0,Ahmet Bircan,Beşiktaş Jimnastik Kulübü,0.0,Alberto Costa,FC Porto,DEF,0.0
GW 398,4,Extra DEF,0.0,Alexander Schlager,FC Red Bull Salzburg,0.0,Aleksa Terzić,FC Red Bull Salzburg,0.0,Alan Varela,FC Porto,0.0,Alaettin Ekici,Fenerbahçe Spor Kulübü,0.0,Alexander Bah,SL Benfica,DEF,0.0
GW 397,1,Extra DEF,0.0,Adem Ağaoğlu,Trabzonspor Kulübü,0.0,Abdülkerim Bardakcı,Galatasaray Spor Kulübü,0.0,Abdou Fall,Fenerbahçe Spor Kulübü,0.0,Ada Yüzgeç,Galatasaray Spor Kulübü,0.0,Adam Montgomery,Celtic FC,DEF,0.0
GW 397,2,Extra DEF,0.0,Ahmet Yıldırım,Trabzonspor Kulübü,0.0,Adrian Barišić,Sporting Braga,0.0,Adnan Fettahoğlu,Fenerbahçe Spor Kulübü,0.0,Ahmed Kutucu,Galatasaray Spor Kulübü,0.0,Afonso Sousa,Sporting Braga,DEF,0.0
GW 397,3,Extra DEF,0.0,Alaa Bellaarouch,Sporting Braga,0.0,Ahmet Tekke,Trabzonspor Kulübü,0.0,Aiden McCallion,Rangers FC,0.0,Ahmet Bircan,Beşiktaş Jimnastik Kulübü,0.0,Alberto Costa,FC Porto,DEF,0.0
GW 397,4,Extra DEF,0.0,Alexander Schlager,FC Red Bull Salzburg,0.0,Aleksa Terzić,FC Red Bull Salzburg,0.0,Alan Varela,FC Porto,0.0,Alaettin Ekici,Fenerbahçe Spor Kulübü,0.0,Alexander Bah,SL Benfica,DEF,0.0
GW 396,1,Extra DEF,0.0,Adem Ağaoğlu,Trabzonspor Kulübü,0.0,Abdülkerim Bardakcı,Galatasaray Spor Kulübü,0.0,Abdou Fall,Fenerbahçe Spor Kulübü,0.0,Ada Yüzgeç,Galatasaray Spor Kulübü,0.0,Adam Montgomery,Celtic FC,DEF,0.0
GW 396,2,Extra DEF,0.0,Ahmet Yıldırım,Trabzonspor Kulübü,0.0,Adrian Barišić,Sporting Braga,0.0,Adnan Fettahoğlu,Fenerbahçe Spor Kulübü,0.0,Ahmed Kutucu,Galatasaray Spor Kulübü,0.0,Afonso Sousa,Sporting Braga,DEF,0.0
GW 396,3,Extra DEF,0.0,Alaa Bellaarouch,Sporting Braga,0.0,Ahmet Tekke,Trabzonspor Kulübü,0.0,Aiden McCallion,Rangers FC,0.0,Ahmet Bircan,Beşiktaş Jimnastik Kulübü,0.0,Alberto Costa,FC Porto,DEF,0.0
GW 396,4,Extra DEF,0.0,Alexander Schlager,FC Red Bull Salzburg,0.0,Aleksa Terzić,FC Red Bull Salzburg,0.0,Alan Varela,FC Porto,0.0,Alaettin Ekici,Fenerbahçe Spor Kulübü,0.0,Alexander Bah,SL Benfica,DEF,0.0
GW 395,1,Extra DEF,0.0,Adem Ağaoğlu,Trabzonspor Kulübü,0.0,Abdülkerim Bardakcı,Galatasaray Spor Kulübü,0.0,Abdou Fall,Fenerbahçe Spor Kulübü,0.0,Ada Yüzgeç,Galatasaray Spor Kulübü,0.0,Adam Montgomery,Celtic FC,DEF,0.0
GW 395,2,Extra DEF,0.0,Ahmet Yıldırım,Trabzonspor Kulübü,0.0,Adrian Barišić,Sporting Braga,0.0,Adnan Fettahoğlu,Fenerbahçe Spor Kulübü,0.0,Ahmed Kutucu,Galatasaray Spor Kulübü,0.0,Afonso Sousa,Sporting Braga,DEF,0.0
GW 395,3,Extra DEF,0.0,Alaa Bellaarouch,Sporting Braga,0.0,Ahmet Tekke,Trabzonspor Kulübü,0.0,Aiden McCallion,Rangers FC,0.0,Ahmet Bircan,Beşiktaş Jimnastik Kulübü,0.0,Alberto Costa,FC Porto,DEF,0.0
GW 395,4,Extra DEF,0.0,Alexander Schlager,FC Red Bull Salzburg,0.0,Aleksa Terzić,FC Red Bull Salzburg,0.0,Alan Varela,FC Porto,0.0,Alaettin Ekici,Fenerbahçe Spor Kulübü,0.0,Alexander Bah,SL Benfica,DEF,0.0
GW 394,1,Extra DEF,0.0,Adem Ağaoğlu,Trabzonspor Kulübü,0.0,Abdülkerim Bardakcı,Galatasaray Spor Kulübü,0.0,Abdou Fall,Fenerbahçe Spor Kulübü,0.0,Ada Yüzgeç,Galatasaray Spor Kulübü,0.0,Adam Montgomery,Celtic FC,DEF,0.0
GW 394,2,Extra DEF,0.0,Ahmet Yıldırım,Trabzonspor Kulübü,0.0,Adrian Barišić,Sporting Braga,0.0,Adnan Fettahoğlu,Fenerbahçe Spor Kulübü,0.0,Ahmed Kutucu,Galatasaray Spor Kulübü,0.0,Afonso Sousa,Sporting Braga,DEF,0.0
GW 394,3,Extra DEF,0.0,Alaa Bellaarouch,Sporting Braga,0.0,Ahmet Tekke,Trabzonspor Kulübü,0.0,Aiden McCallion,Rangers FC,0.0,Ahmet Bircan,Beşiktaş Jimnastik Kulübü,0.0,Alberto Costa,FC Porto,DEF,0.0
GW 394,4,Extra DEF,0.0,Alexander Schlager,FC Red Bull Salzburg,0.0,Aleksa Terzić,FC Red Bull Salzburg,0.0,Alan Varela,FC Porto,0.0,Alaettin Ekici,Fenerbahçe Spor Kulübü,0.0,Alexander Bah,SL Benfica,DEF,0.0
GW 393,1,Extra DEF,0.0,Adem Ağaoğlu,Trabzonspor Kulübü,0.0,Abdülkerim Bardakcı,Galatasaray Spor Kulübü,0.0,Abdou Fall,Fenerbahçe Spor Kulübü,0.0,Ada Yüzgeç,Galatasaray Spor Kulübü,0.0,Adam Montgomery,Celtic FC,DEF,0.0
GW 393,2,Extra DEF,0.0,Ahmet Yıldırım,Trabzonspor Kulübü,0.0,Adrian Barišić,Sporting Braga,0.0,Adnan Fettahoğlu,Fenerbahçe Spor Kulübü,0.0,Ahmed Kutucu,Galatasaray Spor Kulübü,0.0,Afonso Sousa,Sporting Braga,DEF,0.0
GW 393,3,Extra DEF,0.0,Alaa Bellaarouch,Sporting Braga,0.0,Ahmet Tekke,Trabzonspor Kulübü,0.0,Aiden McCallion,Rangers FC,0.0,Ahmet Bircan,Beşiktaş Jimnastik Kulübü,0.0,Alberto Costa,FC Porto,DEF,0.0
GW 393,4,Extra DEF,0.0,Alexander Schlager,FC Red Bull Salzburg,0.0,Aleksa Terzić,FC Red Bull Salzburg,0.0,Alan Varela,FC Porto,0.0,Alaettin Ekici,Fenerbahçe Spor Kulübü,0.0,Alexander Bah,SL Benfica,DEF,0.0
GW 392,1,Extra DEF,0.0,Adem Ağaoğlu,Trabzonspor Kulübü,0.0,Abdülkerim Bardakcı,Galatasaray Spor Kulübü,0.0,Abdou Fall,Fenerbahçe Spor Kulübü,0.0,Ada Yüzgeç,Galatasaray Spor Kulübü,0.0,Adam Montgomery,Celtic FC,DEF,0.0
GW 392,2,Extra DEF,0.0,Ahmet Yıldırım,Trabzonspor Kulübü,0.0,Adrian Barišić,Sporting Braga,0.0,Adnan Fettahoğlu,Fenerbahçe Spor Kulübü,0.0,Ahmed Kutucu,Galatasaray Spor Kulübü,0.0,Afonso Sousa,Sporting Braga,DEF,0.0
GW 392,3,Extra DEF,0.0,Alaa Bellaarouch,Sporting Braga,0.0,Ahmet Tekke,Trabzonspor Kulübü,0.0,Aiden McCallion,Rangers FC,0.0,Ahmet Bircan,Beşiktaş Jimnastik Kulübü,0.0,Alberto Costa,FC Porto,DEF,0.0
GW 392,4,Extra DEF,0.0,Alexander Schlager,FC Red Bull Salzburg,0.0,Aleksa Terzić,FC Red Bull Salzburg,0.0,Alan Varela,FC Porto,0.0,Alaettin Ekici,Fenerbahçe Spor Kulübü,0.0,Alexander Bah,SL Benfica,DEF,0.0
GW 391,1,Extra DEF,0.0,Adem Ağaoğlu,Trabzonspor Kulübü,0.0,Abdülkerim Bardakcı,Galatasaray Spor Kulübü,0.0,Abdou Fall,Fenerbahçe Spor Kulübü,0.0,Ada Yüzgeç,Galatasaray Spor Kulübü,0.0,Adam Montgomery,Celtic FC,DEF,0.0
GW 391,2,Extra DEF,0.0,Ahmet Yıldırım,Trabzonspor Kulübü,0.0,Adrian Barišić,Sporting Braga,0.0,Adnan Fettahoğlu,Fenerbahçe Spor Kulübü,0.0,Ahmed Kutucu,Galatasaray Spor Kulübü,0.0,Afonso Sousa,Sporting Braga,DEF,0.0
GW 391,3,Extra DEF,0.0,Alaa Bellaarouch,Sporting Braga,0.0,Ahmet Tekke,Trabzonspor Kulübü,0.0,Aiden McCallion,Rangers FC,0.0,Ahmet Bircan,Beşiktaş Jimnastik Kulübü,0.0,Alberto Costa,FC Porto,DEF,0.0
GW 391,4,Extra DEF,0.0,Alexander Schlager,FC Red Bull Salzburg,0.0,Aleksa Terzić,FC Red Bull Salzburg,0.0,Alan Varela,FC Porto,0.0,Alaettin Ekici,Fenerbahçe Spor Kulübü,0.0,Alexander Bah,SL Benfica,DEF,0.0
GW 390,1,Extra DEF,0.0,Adem Ağaoğlu,Trabzonspor Kulübü,0.0,Abdülkerim Bardakcı,Galatasaray Spor Kulübü,0.0,Abdou Fall,Fenerbahçe Spor Kulübü,0.0,Ada Yüzgeç,Galatasaray Spor Kulübü,0.0,Adam Montgomery,Celtic FC,DEF,0.0
GW 390,2,Extra DEF,0.0,Ahmet Yıldırım,Trabzonspor Kulübü,0.0,Adrian Barišić,Sporting Braga,0.0,Adnan Fettahoğlu,Fenerbahçe Spor Kulübü,0.0,Ahmed Kutucu,Galatasaray Spor Kulübü,0.0,Afonso Sousa,Sporting Braga,DEF,0.0
GW 390,3,Extra DEF,0.0,Alaa Bellaarouch,Sporting Braga,0.0,Ahmet Tekke,Trabzonspor Kulübü,0.0,Aiden McCallion,Rangers FC,0.0,Ahmet Bircan,Beşiktaş Jimnastik Kulübü,0.0,Alberto Costa,FC Porto,DEF,0.0
GW 390,4,Extra DEF,0.0,Alexander Schlager,FC Red Bull Salzburg,0.0,Aleksa Terzić,FC Red Bull Salzburg,0.0,Alan Varela,FC Porto,0.0,Alaettin Ekici,Fenerbahçe Spor Kulübü,0.0,Alexander Bah,SL Benfica,DEF,0.0
GW 389,1,Extra DEF,0.0,Adem Ağaoğlu,Trabzonspor Kulübü,0.0,Abdülkerim Bardakcı,Galatasaray Spor Kulübü,0.0,Abdou Fall,Fenerbahçe Spor Kulübü,0.0,Ada Yüzgeç,Galatasaray Spor Kulübü,0.0,Adam Montgomery,Celtic FC,DEF,0.0
GW 389,2,Extra DEF,0.0,Ahmet Yıldırım,Trabzonspor Kulübü,0.0,Adrian Barišić,Sporting Braga,0.0,Adnan Fettahoğlu,Fenerbahçe Spor Kulübü,0.0,Ahmed Kutucu,Galatasaray Spor Kulübü,0.0,Afonso Sousa,Sporting Braga,DEF,0.0
GW 389,3,Extra DEF,0.0,Alaa Bellaarouch,Sporting Braga,0.0,Ahmet Tekke,Trabzonspor Kulübü,0.0,Aiden McCallion,Rangers FC,0.0,Ahmet Bircan,Beşiktaş Jimnastik Kulübü,0.0,Alberto Costa,FC Porto,DEF,0.0
GW 389,4,Extra DEF,0.0,Alexander Schlager,FC Red Bull Salzburg,0.0,Aleksa Terzić,FC Red Bull Salzburg,0.0,Alan Varela,FC Porto,0.0,Alaettin Ekici,Fenerbahçe Spor Kulübü,0.0,Alexander Bah,SL Benfica,DEF,0.0
GW 388,1,Extra DEF,0.0,Adem Ağaoğlu,Trabzonspor Kulübü,0.0,Abdülkerim Bardakcı,Galatasaray Spor Kulübü,0.0,Abdou Fall,Fenerbahçe Spor Kulübü,0.0,Ada Yüzgeç,Galatasaray Spor Kulübü,0.0,Adam Montgomery,Celtic FC,DEF,0.0
GW 388,2,Extra DEF,0.0,Ahmet Yıldırım,Trabzonspor Kulübü,0.0,Adrian Barišić,Sporting Braga,0.0,Adnan Fettahoğlu,Fenerbahçe Spor Kulübü,0.0,Ahmed Kutucu,Galatasaray Spor Kulübü,0.0,Afonso Sousa,Sporting Braga,DEF,0.0
GW 388,3,Extra DEF,0.0,Alaa Bellaarouch,Sporting Braga,0.0,Ahmet Tekke,Trabzonspor Kulübü,0.0,Aiden McCallion,Rangers FC,0.0,Ahmet Bircan,Beşiktaş Jimnastik Kulübü,0.0,Alberto Costa,FC Porto,DEF,0.0
GW 388,4,Extra DEF,0.0,Alexander Schlager,FC Red Bull Salzburg,0.0,Aleksa Terzić,FC Red Bull Salzburg,0.0,Alan Varela,FC Porto,0.0,Alaettin Ekici,Fenerbahçe Spor Kulübü,0.0,Alexander Bah,SL Benfica,DEF,0.0
GW 387,1,Extra DEF,0.0,Adem Ağaoğlu,Trabzonspor Kulübü,0.0,Abdülkerim Bardakcı,Galatasaray Spor Kulübü,0.0,Abdou Fall,Fenerbahçe Spor Kulübü,0.0,Ada Yüzgeç,Galatasaray Spor Kulübü,0.0,Adam Montgomery,Celtic FC,DEF,0.0
GW 387,2,Extra DEF,0.0,Ahmet Yıldırım,Trabzonspor Kulübü,0.0,Adrian Barišić,Sporting Braga,0.0,Adnan Fettahoğlu,Fenerbahçe Spor Kulübü,0.0,Ahmed Kutucu,Galatasaray Spor Kulübü,0.0,Afonso Sousa,Sporting Braga,DEF,0.0
GW 387,3,Extra DEF,0.0,Alaa Bellaarouch,Sporting Braga,0.0,Ahmet Tekke,Trabzonspor Kulübü,0.0,Aiden McCallion,Rangers FC,0.0,Ahmet Bircan,Beşiktaş Jimnastik Kulübü,0.0,Alberto Costa,FC Porto,DEF,0.0
GW 387,4,Extra DEF,0.0,Alexander Schlager,FC Red Bull Salzburg,0.0,Aleksa Terzić,FC Red Bull Salzburg,0.0,Alan Varela,FC Porto,0.0,Alaettin Ekici,Fenerbahçe Spor Kulübü,0.0,Alexander Bah,SL Benfica,DEF,0.0
GW 386,1,Extra DEF,0.0,Adem Ağaoğlu,Trabzonspor Kulübü,0.0,Abdülkerim Bardakcı,Galatasaray Spor Kulübü,0.0,Abdou Fall,Fenerbahçe Spor Kulübü,0.0,Ada Yüzgeç,Galatasaray Spor Kulübü,0.0,Adam Montgomery,Celtic FC,DEF,0.0
GW 386,2,Extra DEF,0.0,Ahmet Yıldırım,Trabzonspor Kulübü,0.0,Adrian Barišić,Sporting Braga,0.0,Adnan Fettahoğlu,Fenerbahçe Spor Kulübü,0.0,Ahmed Kutucu,Galatasaray Spor Kulübü,0.0,Afonso Sousa,Sporting Braga,DEF,0.0
GW 386,3,Extra DEF,0.0,Alaa Bellaarouch,Sporting Braga,0.0,Ahmet Tekke,Trabzonspor Kulübü,0.0,Aiden McCallion,Rangers FC,0.0,Ahmet Bircan,Beşiktaş Jimnastik Kulübü,0.0,Alberto Costa,FC Porto,DEF,0.0
GW 386,4,Extra DEF,0.0,Alexander Schlager,FC Red Bull Salzburg,0.0,Aleksa Terzić,FC Red Bull Salzburg,0.0,Alan Varela,FC Porto,0.0,Alaettin Ekici,Fenerbahçe Spor Kulübü,0.0,Alexander Bah,SL Benfica,DEF,0.0
GW 385,1,Extra DEF,0.0,Adem Ağaoğlu,Trabzonspor Kulübü,0.0,Abdülkerim Bardakcı,Galatasaray Spor Kulübü,0.0,Abdou Fall,Fenerbahçe Spor Kulübü,0.0,Ada Yüzgeç,Galatasaray Spor Kulübü,0.0,Adam Montgomery,Celtic FC,DEF,0.0
GW 385,2,Extra DEF,0.0,Ahmet Yıldırım,Trabzonspor Kulübü,0.0,Adrian Barišić,Sporting Braga,0.0,Adnan Fettahoğlu,Fenerbahçe Spor Kulübü,0.0,Ahmed Kutucu,Galatasaray Spor Kulübü,0.0,Afonso Sousa,Sporting Braga,DEF,0.0
GW 385,3,Extra DEF,0.0,Alaa Bellaarouch,Sporting Braga,0.0,Ahmet Tekke,Trabzonspor Kulübü,0.0,Aiden McCallion,Rangers FC,0.0,Ahmet Bircan,Beşiktaş Jimnastik Kulübü,0.0,Alberto Costa,FC Porto,DEF,0.0
GW 385,4,Extra DEF,0.0,Alexander Schlager,FC Red Bull Salzburg,0.0,Aleksa Terzić,FC Red Bull Salzburg,0.0,Alan Varela,FC Porto,0.0,Alaettin Ekici,Fenerbahçe Spor Kulübü,0.0,Alexander Bah,SL Benfica,DEF,0.0
GW 384,1,Extra DEF,0.0,Adem Ağaoğlu,Trabzonspor Kulübü,0.0,Abdülkerim Bardakcı,Galatasaray Spor Kulübü,0.0,Abdou Fall,Fenerbahçe Spor Kulübü,0.0,Ada Yüzgeç,Galatasaray Spor Kulübü,0.0,Adam Montgomery,Celtic FC,DEF,0.0
GW 384,2,Extra DEF,0.0,Ahmet Yıldırım,Trabzonspor Kulübü,0.0,Adrian Barišić,Sporting Braga,0.0,Adnan Fettahoğlu,Fenerbahçe Spor Kulübü,0.0,Ahmed Kutucu,Galatasaray Spor Kulübü,0.0,Afonso Sousa,Sporting Braga,DEF,0.0
GW 384,3,Extra DEF,0.0,Alaa Bellaarouch,Sporting Braga,0.0,Ahmet Tekke,Trabzonspor Kulübü,0.0,Aiden McCallion,Rangers FC,0.0,Ahmet Bircan,Beşiktaş Jimnastik Kulübü,0.0,Alberto Costa,FC Porto,DEF,0.0
GW 384,4,Extra DEF,0.0,Alexander Schlager,FC Red Bull Salzburg,0.0,Aleksa Terzić,FC Red Bull Salzburg,0.0,Alan Varela,FC Porto,0.0,Alaettin Ekici,Fenerbahçe Spor Kulübü,0.0,Alexander Bah,SL Benfica,DEF,0.0
GW 383,1,Extra DEF,0.0,Adem Ağaoğlu,Trabzonspor Kulübü,0.0,Abdülkerim Bardakcı,Galatasaray Spor Kulübü,0.0,Abdou Fall,Fenerbahçe Spor Kulübü,0.0,Ada Yüzgeç,Galatasaray Spor Kulübü,0.0,Adam Montgomery,Celtic FC,DEF,0.0
GW 383,2,Extra DEF,0.0,Ahmet Yıldırım,Trabzonspor Kulübü,0.0,Adrian Barišić,Sporting Braga,0.0,Adnan Fettahoğlu,Fenerbahçe Spor Kulübü,0.0,Ahmed Kutucu,Galatasaray Spor Kulübü,0.0,Afonso Sousa,Sporting Braga,DEF,0.0
GW 383,3,Extra DEF,0.0,Alaa Bellaarouch,Sporting Braga,0.0,Ahmet Tekke,Trabzonspor Kulübü,0.0,Aiden McCallion,Rangers FC,0.0,Ahmet Bircan,Beşiktaş Jimnastik Kulübü,0.0,Alberto Costa,FC Porto,DEF,0.0
GW 383,4,Extra DEF,0.0,Alexander Schlager,FC Red Bull Salzburg,0.0,Aleksa Terzić,FC Red Bull Salzburg,0.0,Alan Varela,FC Porto,0.0,Alaettin Ekici,Fenerbahçe Spor Kulübü,0.0,Alexander Bah,SL Benfica,DEF,0.0
GW 382,1,Extra DEF,0.0,Adem Ağaoğlu,Trabzonspor Kulübü,0.0,Abdülkerim Bardakcı,Galatasaray Spor Kulübü,0.0,Abdou Fall,Fenerbahçe Spor Kulübü,0.0,Ada Yüzgeç,Galatasaray Spor Kulübü,0.0,Adam Montgomery,Celtic FC,DEF,0.0
GW 382,2,Extra DEF,0.0,Ahmet Yıldırım,Trabzonspor Kulübü,0.0,Adrian Barišić,Sporting Braga,0.0,Adnan Fettahoğlu,Fenerbahçe Spor Kulübü,0.0,Ahmed Kutucu,Galatasaray Spor Kulübü,0.0,Afonso Sousa,Sporting Braga,DEF,0.0
GW 382,3,Extra DEF,0.0,Alaa Bellaarouch,Sporting Braga,0.0,Ahmet Tekke,Trabzonspor Kulübü,0.0,Aiden McCallion,Rangers FC,0.0,Ahmet Bircan,Beşiktaş Jimnastik Kulübü,0.0,Alberto Costa,FC Porto,DEF,0.0
GW 382,4,Extra DEF,0.0,Alexander Schlager,FC Red Bull Salzburg,0.0,Aleksa Terzić,FC Red Bull Salzburg,0.0,Alan Varela,FC Porto,0.0,Alaettin Ekici,Fenerbahçe Spor Kulübü,0.0,Alexander Bah,SL Benfica,DEF,0.0
GW 381,1,Extra DEF,0.0,Adem Ağaoğlu,Trabzonspor Kulübü,0.0,Abdülkerim Bardakcı,Galatasaray Spor Kulübü,0.0,Abdou Fall,Fenerbahçe Spor Kulübü,0.0,Ada Yüzgeç,Galatasaray Spor Kulübü,0.0,Adam Montgomery,Celtic FC,DEF,0.0
GW 381,2,Extra DEF,0.0,Ahmet Yıldırım,Trabzonspor Kulübü,0.0,Adrian Barišić,Sporting Braga,0.0,Adnan Fettahoğlu,Fenerbahçe Spor Kulübü,0.0,Ahmed Kutucu,Galatasaray Spor Kulübü,0.0,Afonso Sousa,Sporting Braga,DEF,0.0
GW 381,3,Extra DEF,0.0,Alaa Bellaarouch,Sporting Braga,0.0,Ahmet Tekke,Trabzonspor Kulübü,0.0,Aiden McCallion,Rangers FC,0.0,Ahmet Bircan,Beşiktaş Jimnastik Kulübü,0.0,Alberto Costa,FC Porto,DEF,0.0
GW 381,4,Extra DEF,0.0,Alexander Schlager,FC Red Bull Salzburg,0.0,Aleksa Terzić,FC Red Bull Salzburg,0.0,Alan Varela,FC Porto,0.0,Alaettin Ekici,Fenerbahçe Spor Kulübü,0.0,Alexander Bah,SL Benfica,DEF,0.0
GW 380,1,Extra DEF,0.0,Adem Ağaoğlu,Trabzonspor Kulübü,0.0,Abdülkerim Bardakcı,Galatasaray Spor Kulübü,0.0,Abdou Fall,Fenerbahçe Spor Kulübü,0.0,Ada Yüzgeç,Galatasaray Spor Kulübü,0.0,Adam Montgomery,Celtic FC,DEF,0.0
GW 380,2,Extra DEF,0.0,Ahmet Yıldırım,Trabzonspor Kulübü,0.0,Adrian Barišić,Sporting Braga,0.0,Adnan Fettahoğlu,Fenerbahçe Spor Kulübü,0.0,Ahmed Kutucu,Galatasaray Spor Kulübü,0.0,Afonso Sousa,Sporting Braga,DEF,0.0
GW 380,3,Extra DEF,0.0,Alaa Bellaarouch,Sporting Braga,0.0,Ahmet Tekke,Trabzonspor Kulübü,0.0,Aiden McCallion,Rangers FC,0.0,Ahmet Bircan,Beşiktaş Jimnastik Kulübü,0.0,Alberto Costa,FC Porto,DEF,0.0
GW 380,4,Extra DEF,0.0,Alexander Schlager,FC Red Bull Salzburg,0.0,Aleksa Terzić,FC Red Bull Salzburg,0.0,Alan Varela,FC Porto,0.0,Alaettin Ekici,Fenerbahçe Spor Kulübü,0.0,Alexander Bah,SL Benfica,DEF,0.0
GW 379,1,Extra DEF,0.0,Adem Ağaoğlu,Trabzonspor Kulübü,0.0,Abdülkerim Bardakcı,Galatasaray Spor Kulübü,0.0,Abdou Fall,Fenerbahçe Spor Kulübü,0.0,Ada Yüzgeç,Galatasaray Spor Kulübü,0.0,Adam Montgomery,Celtic FC,DEF,0.0
GW 379,2,Extra DEF,0.0,Ahmet Yıldırım,Trabzonspor Kulübü,0.0,Adrian Barišić,Sporting Braga,0.0,Adnan Fettahoğlu,Fenerbahçe Spor Kulübü,0.0,Ahmed Kutucu,Galatasaray Spor Kulübü,0.0,Afonso Sousa,Sporting Braga,DEF,0.0
GW 379,3,Extra DEF,0.0,Alaa Bellaarouch,Sporting Braga,0.0,Ahmet Tekke,Trabzonspor Kulübü,0.0,Aiden McCallion,Rangers FC,0.0,Ahmet Bircan,Beşiktaş Jimnastik Kulübü,0.0,Alberto Costa,FC Porto,DEF,0.0
GW 379,4,Extra DEF,0.0,Alexander Schlager,FC Red Bull Salzburg,0.0,Aleksa Terzić,FC Red Bull Salzburg,0.0,Alan Varela,FC Porto,0.0,Alaettin Ekici,Fenerbahçe Spor Kulübü,0.0,Alexander Bah,SL Benfica,DEF,0.0
GW 378,1,Extra DEF,0.0,Adem Ağaoğlu,Trabzonspor Kulübü,0.0,Abdülkerim Bardakcı,Galatasaray Spor Kulübü,0.0,Abdou Fall,Fenerbahçe Spor Kulübü,0.0,Ada Yüzgeç,Galatasaray Spor Kulübü,0.0,Adam Montgomery,Celtic FC,DEF,0.0
GW 378,2,Extra DEF,0.0,Ahmet Yıldırım,Trabzonspor Kulübü,0.0,Adrian Barišić,Sporting Braga,0.0,Adnan Fettahoğlu,Fenerbahçe Spor Kulübü,0.0,Ahmed Kutucu,Galatasaray Spor Kulübü,0.0,Afonso Sousa,Sporting Braga,DEF,0.0
GW 378,3,Extra DEF,0.0,Alaa Bellaarouch,Sporting Braga,0.0,Ahmet Tekke,Trabzonspor Kulübü,0.0,Aiden McCallion,Rangers FC,0.0,Ahmet Bircan,Beşiktaş Jimnastik Kulübü,0.0,Alberto Costa,FC Porto,DEF,0.0
GW 378,4,Extra DEF,0.0,Alexander Schlager,FC Red Bull Salzburg,0.0,Aleksa Terzić,FC Red Bull Salzburg,0.0,Alan Varela,FC Porto,0.0,Alaettin Ekici,Fenerbahçe Spor Kulübü,0.0,Alexander Bah,SL Benfica,DEF,0.0
GW 377,1,Extra DEF,0.0,Adem Ağaoğlu,Trabzonspor Kulübü,0.0,Abdülkerim Bardakcı,Galatasaray Spor Kulübü,0.0,Abdou Fall,Fenerbahçe Spor Kulübü,0.0,Ada Yüzgeç,Galatasaray Spor Kulübü,0.0,Adam Montgomery,Celtic FC,DEF,0.0
GW 377,2,Extra DEF,0.0,Ahmet Yıldırım,Trabzonspor Kulübü,0.0,Adrian Barišić,Sporting Braga,0.0,Adnan Fettahoğlu,Fenerbahçe Spor Kulübü,0.0,Ahmed Kutucu,Galatasaray Spor Kulübü,0.0,Afonso Sousa,Sporting Braga,DEF,0.0
GW 377,3,Extra DEF,0.0,Alaa Bellaarouch,Sporting Braga,0.0,Ahmet Tekke,Trabzonspor Kulübü,0.0,Aiden McCallion,Rangers FC,0.0,Ahmet Bircan,Beşiktaş Jimnastik Kulübü,0.0,Alberto Costa,FC Porto,DEF,0.0
GW 377,4,Extra DEF,0.0,Alexander Schlager,FC Red Bull Salzburg,0.0,Aleksa Terzić,FC Red Bull Salzburg,0.0,Alan Varela,FC Porto,0.0,Alaettin Ekici,Fenerbahçe Spor Kulübü,0.0,Alexander Bah,SL Benfica,DEF,0.0
GW 376,1,Extra DEF,0.0,Adem Ağaoğlu,Trabzonspor Kulübü,0.0,Abdülkerim Bardakcı,Galatasaray Spor Kulübü,0.0,Abdou Fall,Fenerbahçe Spor Kulübü,0.0,Ada Yüzgeç,Galatasaray Spor Kulübü,0.0,Adam Montgomery,Celtic FC,DEF,0.0
GW 376,2,Extra DEF,0.0,Ahmet Yıldırım,Trabzonspor Kulübü,0.0,Adrian Barišić,Sporting Braga,0.0,Adnan Fettahoğlu,Fenerbahçe Spor Kulübü,0.0,Ahmed Kutucu,Galatasaray Spor Kulübü,0.0,Afonso Sousa,Sporting Braga,DEF,0.0
GW 376,3,Extra DEF,0.0,Alaa Bellaarouch,Sporting Braga,0.0,Ahmet Tekke,Trabzonspor Kulübü,0.0,Aiden McCallion,Rangers FC,0.0,Ahmet Bircan,Beşiktaş Jimnastik Kulübü,0.0,Alberto Costa,FC Porto,DEF,0.0
GW 376,4,Extra DEF,0.0,Alexander Schlager,FC Red Bull Salzburg,0.0,Aleksa Terzić,FC Red Bull Salzburg,0.0,Alan Varela,FC Porto,0.0,Alaettin Ekici,Fenerbahçe Spor Kulübü,0.0,Alexander Bah,SL Benfica,DEF,0.0
GW 375,1,Extra DEF,0.0,Adem Ağaoğlu,Trabzonspor Kulübü,0.0,Abdülkerim Bardakcı,Galatasaray Spor Kulübü,0.0,Abdou Fall,Fenerbahçe Spor Kulübü,0.0,Ada Yüzgeç,Galatasaray Spor Kulübü,0.0,Adam Montgomery,Celtic FC,DEF,0.0
GW 375,2,Extra DEF,0.0,Ahmet Yıldırım,Trabzonspor Kulübü,0.0,Adrian Barišić,Sporting Braga,0.0,Adnan Fettahoğlu,Fenerbahçe Spor Kulübü,0.0,Ahmed Kutucu,Galatasaray Spor Kulübü,0.0,Afonso Sousa,Sporting Braga,DEF,0.0
GW 375,3,Extra DEF,0.0,Alaa Bellaarouch,Sporting Braga,0.0,Ahmet Tekke,Trabzonspor Kulübü,0.0,Aiden McCallion,Rangers FC,0.0,Ahmet Bircan,Beşiktaş Jimnastik Kulübü,0.0,Alberto Costa,FC Porto,DEF,0.0
GW 375,4,Extra DEF,0.0,Alexander Schlager,FC Red Bull Salzburg,0.0,Aleksa Terzić,FC Red Bull Salzburg,0.0,Alan Varela,FC Porto,0.0,Alaettin Ekici,Fenerbahçe Spor Kulübü,0.0,Alexander Bah,SL Benfica,DEF,0.0
GW 374,1,Extra DEF,0.0,Adem Ağaoğlu,Trabzonspor Kulübü,0.0,Abdülkerim Bardakcı,Galatasaray Spor Kulübü,0.0,Abdou Fall,Fenerbahçe Spor Kulübü,0.0,Ada Yüzgeç,Galatasaray Spor Kulübü,0.0,Adam Montgomery,Celtic FC,DEF,0.0
GW 374,2,Extra DEF,0.0,Ahmet Yıldırım,Trabzonspor Kulübü,0.0,Adrian Barišić,Sporting Braga,0.0,Adnan Fettahoğlu,Fenerbahçe Spor Kulübü,0.0,Ahmed Kutucu,Galatasaray Spor Kulübü,0.0,Afonso Sousa,Sporting Braga,DEF,0.0
GW 374,3,Extra DEF,0.0,Alaa Bellaarouch,Sporting Braga,0.0,Ahmet Tekke,Trabzonspor Kulübü,0.0,Aiden McCallion,Rangers FC,0.0,Ahmet Bircan,Beşiktaş Jimnastik Kulübü,0.0,Alberto Costa,FC Porto,DEF,0.0
GW 374,4,Extra DEF,0.0,Alexander Schlager,FC Red Bull Salzburg,0.0,Aleksa Terzić,FC Red Bull Salzburg,0.0,Alan Varela,FC Porto,0.0,Alaettin Ekici,Fenerbahçe Spor Kulübü,0.0,Alexander Bah,SL Benfica,DEF,0.0
GW 373,1,Extra DEF,0.0,Adem Ağaoğlu,Trabzonspor Kulübü,0.0,Abdülkerim Bardakcı,Galatasaray Spor Kulübü,0.0,Abdou Fall,Fenerbahçe Spor Kulübü,0.0,Ada Yüzgeç,Galatasaray Spor Kulübü,0.0,Adam Montgomery,Celtic FC,DEF,0.0
GW 373,2,Extra DEF,0.0,Ahmet Yıldırım,Trabzonspor Kulübü,0.0,Adrian Barišić,Sporting Braga,0.0,Adnan Fettahoğlu,Fenerbahçe Spor Kulübü,0.0,Ahmed Kutucu,Galatasaray Spor Kulübü,0.0,Afonso Sousa,Sporting Braga,DEF,0.0
GW 373,3,Extra DEF,0.0,Alaa Bellaarouch,Sporting Braga,0.0,Ahmet Tekke,Trabzonspor Kulübü,0.0,Aiden McCallion,Rangers FC,0.0,Ahmet Bircan,Beşiktaş Jimnastik Kulübü,0.0,Alberto Costa,FC Porto,DEF,0.0
GW 373,4,Extra DEF,0.0,Alexander Schlager,FC Red Bull Salzburg,0.0,Aleksa Terzić,FC Red Bull Salzburg,0.0,Alan Varela,FC Porto,0.0,Alaettin Ekici,Fenerbahçe Spor Kulübü,0.0,Alexander Bah,SL Benfica,DEF,0.0
GW 372,1,Extra DEF,0.0,Adem Ağaoğlu,Trabzonspor Kulübü,0.0,Abdülkerim Bardakcı,Galatasaray Spor Kulübü,0.0,Abdou Fall,Fenerbahçe Spor Kulübü,0.0,Ada Yüzgeç,Galatasaray Spor Kulübü,0.0,Adam Montgomery,Celtic FC,DEF,0.0
GW 372,2,Extra DEF,0.0,Ahmet Yıldırım,Trabzonspor Kulübü,0.0,Adrian Barišić,Sporting Braga,0.0,Adnan Fettahoğlu,Fenerbahçe Spor Kulübü,0.0,Ahmed Kutucu,Galatasaray Spor Kulübü,0.0,Afonso Sousa,Sporting Braga,DEF,0.0
GW 372,3,Extra DEF,0.0,Alaa Bellaarouch,Sporting Braga,0.0,Ahmet Tekke,Trabzonspor Kulübü,0.0,Aiden McCallion,Rangers FC,0.0,Ahmet Bircan,Beşiktaş Jimnastik Kulübü,0.0,Alberto Costa,FC Porto,DEF,0.0
GW 372,4,Extra DEF,0.0,Alexander Schlager,FC Red Bull Salzburg,0.0,Aleksa Terzić,FC Red Bull Salzburg,0.0,Alan Varela,FC Porto,0.0,Alaettin Ekici,Fenerbahçe Spor Kulübü,0.0,Alexander Bah,SL Benfica,DEF,0.0
GW 371,1,Extra DEF,0.0,Adem Ağaoğlu,Trabzonspor Kulübü,0.0,Abdülkerim Bardakcı,Galatasaray Spor Kulübü,0.0,Abdou Fall,Fenerbahçe Spor Kulübü,0.0,Ada Yüzgeç,Galatasaray Spor Kulübü,0.0,Adam Montgomery,Celtic FC,DEF,0.0
GW 371,2,Extra DEF,0.0,Ahmet Yıldırım,Trabzonspor Kulübü,0.0,Adrian Barišić,Sporting Braga,0.0,Adnan Fettahoğlu,Fenerbahçe Spor Kulübü,0.0,Ahmed Kutucu,Galatasaray Spor Kulübü,0.0,Afonso Sousa,Sporting Braga,DEF,0.0
GW 371,3,Extra DEF,0.0,Alaa Bellaarouch,Sporting Braga,0.0,Ahmet Tekke,Trabzonspor Kulübü,0.0,Aiden McCallion,Rangers FC,0.0,Ahmet Bircan,Beşiktaş Jimnastik Kulübü,0.0,Alberto Costa,FC Porto,DEF,0.0
GW 371,4,Extra DEF,0.0,Alexander Schlager,FC Red Bull Salzburg,0.0,Aleksa Terzić,FC Red Bull Salzburg,0.0,Alan Varela,FC Porto,0.0,Alaettin Ekici,Fenerbahçe Spor Kulübü,0.0,Alexander Bah,SL Benfica,DEF,0.0
GW 370,1,Extra DEF,0.0,Adem Ağaoğlu,Trabzonspor Kulübü,0.0,Abdülkerim Bardakcı,Galatasaray Spor Kulübü,0.0,Abdou Fall,Fenerbahçe Spor Kulübü,0.0,Ada Yüzgeç,Galatasaray Spor Kulübü,0.0,Adam Montgomery,Celtic FC,DEF,0.0
GW 370,2,Extra DEF,0.0,Ahmet Yıldırım,Trabzonspor Kulübü,0.0,Adrian Barišić,Sporting Braga,0.0,Adnan Fettahoğlu,Fenerbahçe Spor Kulübü,0.0,Ahmed Kutucu,Galatasaray Spor Kulübü,0.0,Afonso Sousa,Sporting Braga,DEF,0.0
GW 370,3,Extra DEF,0.0,Alaa Bellaarouch,Sporting Braga,0.0,Ahmet Tekke,Trabzonspor Kulübü,0.0,Aiden McCallion,Rangers FC,0.0,Ahmet Bircan,Beşiktaş Jimnastik Kulübü,0.0,Alberto Costa,FC Porto,DEF,0.0
GW 370,4,Extra DEF,0.0,Alexander Schlager,FC Red Bull Salzburg,0.0,Aleksa Terzić,FC Red Bull Salzburg,0.0,Alan Varela,FC Porto,0.0,Alaettin Ekici,Fenerbahçe Spor Kulübü,0.0,Alexander Bah,SL Benfica,DEF,0.0
GW 369,1,Extra DEF,0.0,Adem Ağaoğlu,Trabzonspor Kulübü,0.0,Abdülkerim Bardakcı,Galatasaray Spor Kulübü,0.0,Abdou Fall,Fenerbahçe Spor Kulübü,0.0,Ada Yüzgeç,Galatasaray Spor Kulübü,0.0,Adam Montgomery,Celtic FC,DEF,0.0
GW 369,2,Extra DEF,0.0,Ahmet Yıldırım,Trabzonspor Kulübü,0.0,Adrian Barišić,Sporting Braga,0.0,Adnan Fettahoğlu,Fenerbahçe Spor Kulübü,0.0,Ahmed Kutucu,Galatasaray Spor Kulübü,0.0,Afonso Sousa,Sporting Braga,DEF,0.0
GW 369,3,Extra DEF,0.0,Alaa Bellaarouch,Sporting Braga,0.0,Ahmet Tekke,Trabzonspor Kulübü,0.0,Aiden McCallion,Rangers FC,0.0,Ahmet Bircan,Beşiktaş Jimnastik Kulübü,0.0,Alberto Costa,FC Porto,DEF,0.0
GW 369,4,Extra DEF,0.0,Alexander Schlager,FC Red Bull Salzburg,0.0,Aleksa Terzić,FC Red Bull Salzburg,0.0,Alan Varela,FC Porto,0.0,Alaettin Ekici,Fenerbahçe Spor Kulübü,0.0,Alexander Bah,SL Benfica,DEF,0.0
GW 368,1,Extra DEF,0.0,Adem Ağaoğlu,Trabzonspor Kulübü,0.0,Abdülkerim Bardakcı,Galatasaray Spor Kulübü,0.0,Abdou Fall,Fenerbahçe Spor Kulübü,0.0,Ada Yüzgeç,Galatasaray Spor Kulübü,0.0,Adam Montgomery,Celtic FC,DEF,0.0
GW 368,2,Extra DEF,0.0,Ahmet Yıldırım,Trabzonspor Kulübü,0.0,Adrian Barišić,Sporting Braga,0.0,Adnan Fettahoğlu,Fenerbahçe Spor Kulübü,0.0,Ahmed Kutucu,Galatasaray Spor Kulübü,0.0,Afonso Sousa,Sporting Braga,DEF,0.0
GW 368,3,Extra DEF,0.0,Alaa Bellaarouch,Sporting Braga,0.0,Ahmet Tekke,Trabzonspor Kulübü,0.0,Aiden McCallion,Rangers FC,0.0,Ahmet Bircan,Beşiktaş Jimnastik Kulübü,0.0,Alberto Costa,FC Porto,DEF,0.0
GW 368,4,Extra DEF,0.0,Alexander Schlager,FC Red Bull Salzburg,0.0,Aleksa Terzić,FC Red Bull Salzburg,0.0,Alan Varela,FC Porto,0.0,Alaettin Ekici,Fenerbahçe Spor Kulübü,0.0,Alexander Bah,SL Benfica,DEF,0.0
GW 367,1,Extra DEF,0.0,Adem Ağaoğlu,Trabzonspor Kulübü,0.0,Abdülkerim Bardakcı,Galatasaray Spor Kulübü,0.0,Abdou Fall,Fenerbahçe Spor Kulübü,0.0,Ada Yüzgeç,Galatasaray Spor Kulübü,0.0,Adam Montgomery,Celtic FC,DEF,0.0
GW 367,2,Extra DEF,0.0,Ahmet Yıldırım,Trabzonspor Kulübü,0.0,Adrian Barišić,Sporting Braga,0.0,Adnan Fettahoğlu,Fenerbahçe Spor Kulübü,0.0,Ahmed Kutucu,Galatasaray Spor Kulübü,0.0,Afonso Sousa,Sporting Braga,DEF,0.0
GW 367,3,Extra DEF,0.0,Alaa Bellaarouch,Sporting Braga,0.0,Ahmet Tekke,Trabzonspor Kulübü,0.0,Aiden McCallion,Rangers FC,0.0,Ahmet Bircan,Beşiktaş Jimnastik Kulübü,0.0,Alberto Costa,FC Porto,DEF,0.0
GW 367,4,Extra DEF,0.0,Alexander Schlager,FC Red Bull Salzburg,0.0,Aleksa Terzić,FC Red Bull Salzburg,0.0,Alan Varela,FC Porto,0.0,Alaettin Ekici,Fenerbahçe Spor Kulübü,0.0,Alexander Bah,SL Benfica,DEF,0.0
GW 366,1,Extra DEF,0.0,Adem Ağaoğlu,Trabzonspor Kulübü,0.0,Abdülkerim Bardakcı,Galatasaray Spor Kulübü,0.0,Abdou Fall,Fenerbahçe Spor Kulübü,0.0,Ada Yüzgeç,Galatasaray Spor Kulübü,0.0,Adam Montgomery,Celtic FC,DEF,0.0
GW 366,2,Extra DEF,0.0,Ahmet Yıldırım,Trabzonspor Kulübü,0.0,Adrian Barišić,Sporting Braga,0.0,Adnan Fettahoğlu,Fenerbahçe Spor Kulübü,0.0,Ahmed Kutucu,Galatasaray Spor Kulübü,0.0,Afonso Sousa,Sporting Braga,DEF,0.0
GW 366,3,Extra DEF,0.0,Alaa Bellaarouch,Sporting Braga,0.0,Ahmet Tekke,Trabzonspor Kulübü,0.0,Aiden McCallion,Rangers FC,0.0,Ahmet Bircan,Beşiktaş Jimnastik Kulübü,0.0,Alberto Costa,FC Porto,DEF,0.0
GW 366,4,Extra DEF,0.0,Alexander Schlager,FC Red Bull Salzburg,0.0,Aleksa Terzić,FC Red Bull Salzburg,0.0,Alan Varela,FC Porto,0.0,Alaettin Ekici,Fenerbahçe Spor Kulübü,0.0,Alexander Bah,SL Benfica,DEF,0.0
GW 365,1,Extra DEF,0.0,Adem Ağaoğlu,Trabzonspor Kulübü,0.0,Abdülkerim Bardakcı,Galatasaray Spor Kulübü,0.0,Abdou Fall,Fenerbahçe Spor Kulübü,0.0,Ada Yüzgeç,Galatasaray Spor Kulübü,0.0,Adam Montgomery,Celtic FC,DEF,0.0
GW 365,2,Extra DEF,0.0,Ahmet Yıldırım,Trabzonspor Kulübü,0.0,Adrian Barišić,Sporting Braga,0.0,Adnan Fettahoğlu,Fenerbahçe Spor Kulübü,0.0,Ahmed Kutucu,Galatasaray Spor Kulübü,0.0,Afonso Sousa,Sporting Braga,DEF,0.0
GW 365,3,Extra DEF,0.0,Alaa Bellaarouch,Sporting Braga,0.0,Ahmet Tekke,Trabzonspor Kulübü,0.0,Aiden McCallion,Rangers FC,0.0,Ahmet Bircan,Beşiktaş Jimnastik Kulübü,0.0,Alberto Costa,FC Porto,DEF,0.0
GW 365,4,Extra DEF,0.0,Alexander Schlager,FC Red Bull Salzburg,0.0,Aleksa Terzić,FC Red Bull Salzburg,0.0,Alan Varela,FC Porto,0.0,Alaettin Ekici,Fenerbahçe Spor Kulübü,0.0,Alexander Bah,SL Benfica,DEF,0.0
GW 364,1,Extra DEF,0.0,Adem Ağaoğlu,Trabzonspor Kulübü,0.0,Abdülkerim Bardakcı,Galatasaray Spor Kulübü,0.0,Abdou Fall,Fenerbahçe Spor Kulübü,0.0,Ada Yüzgeç,Galatasaray Spor Kulübü,0.0,Adam Montgomery,Celtic FC,DEF,0.0
GW 364,2,Extra DEF,0.0,Ahmet Yıldırım,Trabzonspor Kulübü,0.0,Adrian Barišić,Sporting Braga,0.0,Adnan Fettahoğlu,Fenerbahçe Spor Kulübü,0.0,Ahmed Kutucu,Galatasaray Spor Kulübü,0.0,Afonso Sousa,Sporting Braga,DEF,0.0
GW 364,3,Extra DEF,0.0,Alaa Bellaarouch,Sporting Braga,0.0,Ahmet Tekke,Trabzonspor Kulübü,0.0,Aiden McCallion,Rangers FC,0.0,Ahmet Bircan,Beşiktaş Jimnastik Kulübü,0.0,Alberto Costa,FC Porto,DEF,0.0
GW 364,4,Extra DEF,0.0,Alexander Schlager,FC Red Bull Salzburg,0.0,Aleksa Terzić,FC Red Bull Salzburg,0.0,Alan Varela,FC Porto,0.0,Alaettin Ekici,Fenerbahçe Spor Kulübü,0.0,Alexander Bah,SL Benfica,DEF,0.0
GW 363,1,Extra DEF,0.0,Adem Ağaoğlu,Trabzonspor Kulübü,0.0,Abdülkerim Bardakcı,Galatasaray Spor Kulübü,0.0,Abdou Fall,Fenerbahçe Spor Kulübü,0.0,Ada Yüzgeç,Galatasaray Spor Kulübü,0.0,Adam Montgomery,Celtic FC,DEF,0.0
GW 363,2,Extra DEF,0.0,Ahmet Yıldırım,Trabzonspor Kulübü,0.0,Adrian Barišić,Sporting Braga,0.0,Adnan Fettahoğlu,Fenerbahçe Spor Kulübü,0.0,Ahmed Kutucu,Galatasaray Spor Kulübü,0.0,Afonso Sousa,Sporting Braga,DEF,0.0
GW 363,3,Extra DEF,0.0,Alaa Bellaarouch,Sporting Braga,0.0,Ahmet Tekke,Trabzonspor Kulübü,0.0,Aiden McCallion,Rangers FC,0.0,Ahmet Bircan,Beşiktaş Jimnastik Kulübü,0.0,Alberto Costa,FC Porto,DEF,0.0
GW 363,4,Extra DEF,0.0,Alexander Schlager,FC Red Bull Salzburg,0.0,Aleksa Terzić,FC Red Bull Salzburg,0.0,Alan Varela,FC Porto,0.0,Alaettin Ekici,Fenerbahçe Spor Kulübü,0.0,Alexander Bah,SL Benfica,DEF,0.0
GW 362,1,Extra DEF,0.0,Adem Ağaoğlu,Trabzonspor Kulübü,0.0,Abdülkerim Bardakcı,Galatasaray Spor Kulübü,0.0,Abdou Fall,Fenerbahçe Spor Kulübü,0.0,Ada Yüzgeç,Galatasaray Spor Kulübü,0.0,Adam Montgomery,Celtic FC,DEF,0.0
GW 362,2,Extra DEF,0.0,Ahmet Yıldırım,Trabzonspor Kulübü,0.0,Adrian Barišić,Sporting Braga,0.0,Adnan Fettahoğlu,Fenerbahçe Spor Kulübü,0.0,Ahmed Kutucu,Galatasaray Spor Kulübü,0.0,Afonso Sousa,Sporting Braga,DEF,0.0
GW 362,3,Extra DEF,0.0,Alaa Bellaarouch,Sporting Braga,0.0,Ahmet Tekke,Trabzonspor Kulübü,0.0,Aiden McCallion,Rangers FC,0.0,Ahmet Bircan,Beşiktaş Jimnastik Kulübü,0.0,Alberto Costa,FC Porto,DEF,0.0
GW 362,4,Extra DEF,0.0,Alexander Schlager,FC Red Bull Salzburg,0.0,Aleksa Terzić,FC Red Bull Salzburg,0.0,Alan Varela,FC Porto,0.0,Alaettin Ekici,Fenerbahçe Spor Kulübü,0.0,Alexander Bah,SL Benfica,DEF,0.0
GW 361,1,Extra DEF,0.0,Adem Ağaoğlu,Trabzonspor Kulübü,0.0,Abdülkerim Bardakcı,Galatasaray Spor Kulübü,0.0,Abdou Fall,Fenerbahçe Spor Kulübü,0.0,Ada Yüzgeç,Galatasaray Spor Kulübü,0.0,Adam Montgomery,Celtic FC,DEF,0.0
GW 361,2,Extra DEF,0.0,Ahmet Yıldırım,Trabzonspor Kulübü,0.0,Adrian Barišić,Sporting Braga,0.0,Adnan Fettahoğlu,Fenerbahçe Spor Kulübü,0.0,Ahmed Kutucu,Galatasaray Spor Kulübü,0.0,Afonso Sousa,Sporting Braga,DEF,0.0
GW 361,3,Extra DEF,0.0,Alaa Bellaarouch,Sporting Braga,0.0,Ahmet Tekke,Trabzonspor Kulübü,0.0,Aiden McCallion,Rangers FC,0.0,Ahmet Bircan,Beşiktaş Jimnastik Kulübü,0.0,Alberto Costa,FC Porto,DEF,0.0
GW 361,4,Extra DEF,0.0,Alexander Schlager,FC Red Bull Salzburg,0.0,Aleksa Terzić,FC Red Bull Salzburg,0.0,Alan Varela,FC Porto,0.0,Alaettin Ekici,Fenerbahçe Spor Kulübü,0.0,Alexander Bah,SL Benfica,DEF,0.0
GW 360,1,Extra DEF,0.0,Adem Ağaoğlu,Trabzonspor Kulübü,0.0,Abdülkerim Bardakcı,Galatasaray Spor Kulübü,0.0,Abdou Fall,Fenerbahçe Spor Kulübü,0.0,Ada Yüzgeç,Galatasaray Spor Kulübü,0.0,Adam Montgomery,Celtic FC,DEF,0.0
GW 360,2,Extra DEF,0.0,Ahmet Yıldırım,Trabzonspor Kulübü,0.0,Adrian Barišić,Sporting Braga,0.0,Adnan Fettahoğlu,Fenerbahçe Spor Kulübü,0.0,Ahmed Kutucu,Galatasaray Spor Kulübü,0.0,Afonso Sousa,Sporting Braga,DEF,0.0
GW 360,3,Extra DEF,0.0,Alaa Bellaarouch,Sporting Braga,0.0,Ahmet Tekke,Trabzonspor Kulübü,0.0,Aiden McCallion,Rangers FC,0.0,Ahmet Bircan,Beşiktaş Jimnastik Kulübü,0.0,Alberto Costa,FC Porto,DEF,0.0
GW 360,4,Extra DEF,0.0,Alexander Schlager,FC Red Bull Salzburg,0.0,Aleksa Terzić,FC Red Bull Salzburg,0.0,Alan Varela,FC Porto,0.0,Alaettin Ekici,Fenerbahçe Spor Kulübü,0.0,Alexander Bah,SL Benfica,DEF,0.0
GW 359,1,Extra DEF,0.0,Adem Ağaoğlu,Trabzonspor Kulübü,0.0,Abdülkerim Bardakcı,Galatasaray Spor Kulübü,0.0,Abdou Fall,Fenerbahçe Spor Kulübü,0.0,Ada Yüzgeç,Galatasaray Spor Kulübü,0.0,Adam Montgomery,Celtic FC,DEF,0.0
GW 359,2,Extra DEF,0.0,Ahmet Yıldırım,Trabzonspor Kulübü,0.0,Adrian Barišić,Sporting Braga,0.0,Adnan Fettahoğlu,Fenerbahçe Spor Kulübü,0.0,Ahmed Kutucu,Galatasaray Spor Kulübü,0.0,Afonso Sousa,Sporting Braga,DEF,0.0
GW 359,3,Extra DEF,0.0,Alaa Bellaarouch,Sporting Braga,0.0,Ahmet Tekke,Trabzonspor Kulübü,0.0,Aiden McCallion,Rangers FC,0.0,Ahmet Bircan,Beşiktaş Jimnastik Kulübü,0.0,Alberto Costa,FC Porto,DEF,0.0
GW 359,4,Extra DEF,0.0,Alexander Schlager,FC Red Bull Salzburg,0.0,Aleksa Terzić,FC Red Bull Salzburg,0.0,Alan Varela,FC Porto,0.0,Alaettin Ekici,Fenerbahçe Spor Kulübü,0.0,Alexander Bah,SL Benfica,DEF,0.0
GW 358,1,Extra DEF,0.0,Adem Ağaoğlu,Trabzonspor Kulübü,0.0,Abdülkerim Bardakcı,Galatasaray Spor Kulübü,0.0,Abdou Fall,Fenerbahçe Spor Kulübü,0.0,Ada Yüzgeç,Galatasaray Spor Kulübü,0.0,Adam Montgomery,Celtic FC,DEF,0.0
GW 358,2,Extra DEF,0.0,Ahmet Yıldırım,Trabzonspor Kulübü,0.0,Adrian Barišić,Sporting Braga,0.0,Adnan Fettahoğlu,Fenerbahçe Spor Kulübü,0.0,Ahmed Kutucu,Galatasaray Spor Kulübü,0.0,Afonso Sousa,Sporting Braga,DEF,0.0
GW 358,3,Extra DEF,0.0,Alaa Bellaarouch,Sporting Braga,0.0,Ahmet Tekke,Trabzonspor Kulübü,0.0,Aiden McCallion,Rangers FC,0.0,Ahmet Bircan,Beşiktaş Jimnastik Kulübü,0.0,Alberto Costa,FC Porto,DEF,0.0
GW 358,4,Extra DEF,0.0,Alexander Schlager,FC Red Bull Salzburg,0.0,Aleksa Terzić,FC Red Bull Salzburg,0.0,Alan Varela,FC Porto,0.0,Alaettin Ekici,Fenerbahçe Spor Kulübü,0.0,Alexander Bah,SL Benfica,DEF,0.0
GW 357,1,Extra DEF,0.0,Adem Ağaoğlu,Trabzonspor Kulübü,0.0,Abdülkerim Bardakcı,Galatasaray Spor Kulübü,0.0,Abdou Fall,Fenerbahçe Spor Kulübü,0.0,Ada Yüzgeç,Galatasaray Spor Kulübü,0.0,Adam Montgomery,Celtic FC,DEF,0.0
GW 357,2,Extra DEF,0.0,Ahmet Yıldırım,Trabzonspor Kulübü,0.0,Adrian Barišić,Sporting Braga,0.0,Adnan Fettahoğlu,Fenerbahçe Spor Kulübü,0.0,Ahmed Kutucu,Galatasaray Spor Kulübü,0.0,Afonso Sousa,Sporting Braga,DEF,0.0
GW 357,3,Extra DEF,0.0,Alaa Bellaarouch,Sporting Braga,0.0,Ahmet Tekke,Trabzonspor Kulübü,0.0,Aiden McCallion,Rangers FC,0.0,Ahmet Bircan,Beşiktaş Jimnastik Kulübü,0.0,Alberto Costa,FC Porto,DEF,0.0
GW 357,4,Extra DEF,0.0,Alexander Schlager,FC Red Bull Salzburg,0.0,Aleksa Terzić,FC Red Bull Salzburg,0.0,Alan Varela,FC Porto,0.0,Alaettin Ekici,Fenerbahçe Spor Kulübü,0.0,Alexander Bah,SL Benfica,DEF,0.0
GW 356,1,Extra DEF,0.0,Adem Ağaoğlu,Trabzonspor Kulübü,0.0,Abdülkerim Bardakcı,Galatasaray Spor Kulübü,0.0,Abdou Fall,Fenerbahçe Spor Kulübü,0.0,Ada Yüzgeç,Galatasaray Spor Kulübü,0.0,Adam Montgomery,Celtic FC,DEF,0.0
GW 356,2,Extra DEF,0.0,Ahmet Yıldırım,Trabzonspor Kulübü,0.0,Adrian Barišić,Sporting Braga,0.0,Adnan Fettahoğlu,Fenerbahçe Spor Kulübü,0.0,Ahmed Kutucu,Galatasaray Spor Kulübü,0.0,Afonso Sousa,Sporting Braga,DEF,0.0
GW 356,3,Extra DEF,0.0,Alaa Bellaarouch,Sporting Braga,0.0,Ahmet Tekke,Trabzonspor Kulübü,0.0,Aiden McCallion,Rangers FC,0.0,Ahmet Bircan,Beşiktaş Jimnastik Kulübü,0.0,Alberto Costa,FC Porto,DEF,0.0
GW 356,4,Extra DEF,0.0,Alexander Schlager,FC Red Bull Salzburg,0.0,Aleksa Terzić,FC Red Bull Salzburg,0.0,Alan Varela,FC Porto,0.0,Alaettin Ekici,Fenerbahçe Spor Kulübü,0.0,Alexander Bah,SL Benfica,DEF,0.0
GW 355,1,Extra DEF,0.0,Adem Ağaoğlu,Trabzonspor Kulübü,0.0,Abdülkerim Bardakcı,Galatasaray Spor Kulübü,0.0,Abdou Fall,Fenerbahçe Spor Kulübü,0.0,Ada Yüzgeç,Galatasaray Spor Kulübü,0.0,Adam Montgomery,Celtic FC,DEF,0.0
GW 355,2,Extra DEF,0.0,Ahmet Yıldırım,Trabzonspor Kulübü,0.0,Adrian Barišić,Sporting Braga,0.0,Adnan Fettahoğlu,Fenerbahçe Spor Kulübü,0.0,Ahmed Kutucu,Galatasaray Spor Kulübü,0.0,Afonso Sousa,Sporting Braga,DEF,0.0
GW 355,3,Extra DEF,0.0,Alaa Bellaarouch,Sporting Braga,0.0,Ahmet Tekke,Trabzonspor Kulübü,0.0,Aiden McCallion,Rangers FC,0.0,Ahmet Bircan,Beşiktaş Jimnastik Kulübü,0.0,Alberto Costa,FC Porto,DEF,0.0
GW 355,4,Extra DEF,0.0,Alexander Schlager,FC Red Bull Salzburg,0.0,Aleksa Terzić,FC Red Bull Salzburg,0.0,Alan Varela,FC Porto,0.0,Alaettin Ekici,Fenerbahçe Spor Kulübü,0.0,Alexander Bah,SL Benfica,DEF,0.0
GW 354,1,Extra DEF,0.0,Adem Ağaoğlu,Trabzonspor Kulübü,0.0,Abdülkerim Bardakcı,Galatasaray Spor Kulübü,0.0,Abdou Fall,Fenerbahçe Spor Kulübü,0.0,Ada Yüzgeç,Galatasaray Spor Kulübü,0.0,Adam Montgomery,Celtic FC,DEF,0.0
GW 354,2,Extra DEF,0.0,Ahmet Yıldırım,Trabzonspor Kulübü,0.0,Adrian Barišić,Sporting Braga,0.0,Adnan Fettahoğlu,Fenerbahçe Spor Kulübü,0.0,Ahmed Kutucu,Galatasaray Spor Kulübü,0.0,Afonso Sousa,Sporting Braga,DEF,0.0
GW 354,3,Extra DEF,0.0,Alaa Bellaarouch,Sporting Braga,0.0,Ahmet Tekke,Trabzonspor Kulübü,0.0,Aiden McCallion,Rangers FC,0.0,Ahmet Bircan,Beşiktaş Jimnastik Kulübü,0.0,Alberto Costa,FC Porto,DEF,0.0
GW 354,4,Extra DEF,0.0,Alexander Schlager,FC Red Bull Salzburg,0.0,Aleksa Terzić,FC Red Bull Salzburg,0.0,Alan Varela,FC Porto,0.0,Alaettin Ekici,Fenerbahçe Spor Kulübü,0.0,Alexander Bah,SL Benfica,DEF,0.0
GW 353,1,Extra DEF,0.0,Adem Ağaoğlu,Trabzonspor Kulübü,0.0,Abdülkerim Bardakcı,Galatasaray Spor Kulübü,0.0,Abdou Fall,Fenerbahçe Spor Kulübü,0.0,Ada Yüzgeç,Galatasaray Spor Kulübü,0.0,Adam Montgomery,Celtic FC,DEF,0.0
GW 353,2,Extra DEF,0.0,Ahmet Yıldırım,Trabzonspor Kulübü,0.0,Adrian Barišić,Sporting Braga,0.0,Adnan Fettahoğlu,Fenerbahçe Spor Kulübü,0.0,Ahmed Kutucu,Galatasaray Spor Kulübü,0.0,Afonso Sousa,Sporting Braga,DEF,0.0
GW 353,3,Extra DEF,0.0,Alaa Bellaarouch,Sporting Braga,0.0,Ahmet Tekke,Trabzonspor Kulübü,0.0,Aiden McCallion,Rangers FC,0.0,Ahmet Bircan,Beşiktaş Jimnastik Kulübü,0.0,Alberto Costa,FC Porto,DEF,0.0
GW 353,4,Extra DEF,0.0,Alexander Schlager,FC Red Bull Salzburg,0.0,Aleksa Terzić,FC Red Bull Salzburg,0.0,Alan Varela,FC Porto,0.0,Alaettin Ekici,Fenerbahçe Spor Kulübü,0.0,Alexander Bah,SL Benfica,DEF,0.0
GW 352,1,Extra DEF,0.0,Adem Ağaoğlu,Trabzonspor Kulübü,0.0,Abdülkerim Bardakcı,Galatasaray Spor Kulübü,0.0,Abdou Fall,Fenerbahçe Spor Kulübü,0.0,Ada Yüzgeç,Galatasaray Spor Kulübü,0.0,Adam Montgomery,Celtic FC,DEF,0.0
GW 352,2,Extra DEF,0.0,Ahmet Yıldırım,Trabzonspor Kulübü,0.0,Adrian Barišić,Sporting Braga,0.0,Adnan Fettahoğlu,Fenerbahçe Spor Kulübü,0.0,Ahmed Kutucu,Galatasaray Spor Kulübü,0.0,Afonso Sousa,Sporting Braga,DEF,0.0
GW 352,3,Extra DEF,0.0,Alaa Bellaarouch,Sporting Braga,0.0,Ahmet Tekke,Trabzonspor Kulübü,0.0,Aiden McCallion,Rangers FC,0.0,Ahmet Bircan,Beşiktaş Jimnastik Kulübü,0.0,Alberto Costa,FC Porto,DEF,0.0
GW 352,4,Extra DEF,0.0,Alexander Schlager,FC Red Bull Salzburg,0.0,Aleksa Terzić,FC Red Bull Salzburg,0.0,Alan Varela,FC Porto,0.0,Alaettin Ekici,Fenerbahçe Spor Kulübü,0.0,Alexander Bah,SL Benfica,DEF,0.0
GW 351,1,Extra DEF,0.0,Adem Ağaoğlu,Trabzonspor Kulübü,0.0,Abdülkerim Bardakcı,Galatasaray Spor Kulübü,0.0,Abdou Fall,Fenerbahçe Spor Kulübü,0.0,Ada Yüzgeç,Galatasaray Spor Kulübü,0.0,Adam Montgomery,Celtic FC,DEF,0.0
GW 351,2,Extra DEF,0.0,Ahmet Yıldırım,Trabzonspor Kulübü,0.0,Adrian Barišić,Sporting Braga,0.0,Adnan Fettahoğlu,Fenerbahçe Spor Kulübü,0.0,Ahmed Kutucu,Galatasaray Spor Kulübü,0.0,Afonso Sousa,Sporting Braga,DEF,0.0
GW 351,3,Extra DEF,0.0,Alaa Bellaarouch,Sporting Braga,0.0,Ahmet Tekke,Trabzonspor Kulübü,0.0,Aiden McCallion,Rangers FC,0.0,Ahmet Bircan,Beşiktaş Jimnastik Kulübü,0.0,Alberto Costa,FC Porto,DEF,0.0
GW 351,4,Extra DEF,0.0,Alexander Schlager,FC Red Bull Salzburg,0.0,Aleksa Terzić,FC Red Bull Salzburg,0.0,Alan Varela,FC Porto,0.0,Alaettin Ekici,Fenerbahçe Spor Kulübü,0.0,Alexander Bah,SL Benfica,DEF,0.0
GW 350,1,Extra DEF,0.0,Adem Ağaoğlu,Trabzonspor Kulübü,0.0,Abdülkerim Bardakcı,Galatasaray Spor Kulübü,0.0,Abdou Fall,Fenerbahçe Spor Kulübü,0.0,Ada Yüzgeç,Galatasaray Spor Kulübü,0.0,Adam Montgomery,Celtic FC,DEF,0.0
GW 350,2,Extra DEF,0.0,Ahmet Yıldırım,Trabzonspor Kulübü,0.0,Adrian Barišić,Sporting Braga,0.0,Adnan Fettahoğlu,Fenerbahçe Spor Kulübü,0.0,Ahmed Kutucu,Galatasaray Spor Kulübü,0.0,Afonso Sousa,Sporting Braga,DEF,0.0
GW 350,3,Extra DEF,0.0,Alaa Bellaarouch,Sporting Braga,0.0,Ahmet Tekke,Trabzonspor Kulübü,0.0,Aiden McCallion,Rangers FC,0.0,Ahmet Bircan,Beşiktaş Jimnastik Kulübü,0.0,Alberto Costa,FC Porto,DEF,0.0
GW 350,4,Extra DEF,0.0,Alexander Schlager,FC Red Bull Salzburg,0.0,Aleksa Terzić,FC Red Bull Salzburg,0.0,Alan Varela,FC Porto,0.0,Alaettin Ekici,Fenerbahçe Spor Kulübü,0.0,Alexander Bah,SL Benfica,DEF,0.0
GW 349,1,Extra DEF,0.0,Adem Ağaoğlu,Trabzonspor Kulübü,0.0,Abdülkerim Bardakcı,Galatasaray Spor Kulübü,0.0,Abdou Fall,Fenerbahçe Spor Kulübü,0.0,Ada Yüzgeç,Galatasaray Spor Kulübü,0.0,Adam Montgomery,Celtic FC,DEF,0.0
GW 349,2,Extra DEF,0.0,Ahmet Yıldırım,Trabzonspor Kulübü,0.0,Adrian Barišić,Sporting Braga,0.0,Adnan Fettahoğlu,Fenerbahçe Spor Kulübü,0.0,Ahmed Kutucu,Galatasaray Spor Kulübü,0.0,Afonso Sousa,Sporting Braga,DEF,0.0
GW 349,3,Extra DEF,0.0,Alaa Bellaarouch,Sporting Braga,0.0,Ahmet Tekke,Trabzonspor Kulübü,0.0,Aiden McCallion,Rangers FC,0.0,Ahmet Bircan,Beşiktaş Jimnastik Kulübü,0.0,Alberto Costa,FC Porto,DEF,0.0
GW 349,4,Extra DEF,0.0,Alexander Schlager,FC Red Bull Salzburg,0.0,Aleksa Terzić,FC Red Bull Salzburg,0.0,Alan Varela,FC Porto,0.0,Alaettin Ekici,Fenerbahçe Spor Kulübü,0.0,Alexander Bah,SL Benfica,DEF,0.0
GW 348,1,Extra DEF,0.0,Adem Ağaoğlu,Trabzonspor Kulübü,0.0,Abdülkerim Bardakcı,Galatasaray Spor Kulübü,0.0,Abdou Fall,Fenerbahçe Spor Kulübü,0.0,Ada Yüzgeç,Galatasaray Spor Kulübü,0.0,Adam Montgomery,Celtic FC,DEF,0.0
GW 348,2,Extra DEF,0.0,Ahmet Yıldırım,Trabzonspor Kulübü,0.0,Adrian Barišić,Sporting Braga,0.0,Adnan Fettahoğlu,Fenerbahçe Spor Kulübü,0.0,Ahmed Kutucu,Galatasaray Spor Kulübü,0.0,Afonso Sousa,Sporting Braga,DEF,0.0
GW 348,3,Extra DEF,0.0,Alaa Bellaarouch,Sporting Braga,0.0,Ahmet Tekke,Trabzonspor Kulübü,0.0,Aiden McCallion,Rangers FC,0.0,Ahmet Bircan,Beşiktaş Jimnastik Kulübü,0.0,Alberto Costa,FC Porto,DEF,0.0
GW 348,4,Extra DEF,0.0,Alexander Schlager,FC Red Bull Salzburg,0.0,Aleksa Terzić,FC Red Bull Salzburg,0.0,Alan Varela,FC Porto,0.0,Alaettin Ekici,Fenerbahçe Spor Kulübü,0.0,Alexander Bah,SL Benfica,DEF,0.0
GW 347,1,Extra DEF,0.0,Adem Ağaoğlu,Trabzonspor Kulübü,0.0,Abdülkerim Bardakcı,Galatasaray Spor Kulübü,0.0,Abdou Fall,Fenerbahçe Spor Kulübü,0.0,Ada Yüzgeç,Galatasaray Spor Kulübü,0.0,Adam Montgomery,Celtic FC,DEF,0.0
GW 347,2,Extra DEF,0.0,Ahmet Yıldırım,Trabzonspor Kulübü,0.0,Adrian Barišić,Sporting Braga,0.0,Adnan Fettahoğlu,Fenerbahçe Spor Kulübü,0.0,Ahmed Kutucu,Galatasaray Spor Kulübü,0.0,Afonso Sousa,Sporting Braga,DEF,0.0
GW 347,3,Extra DEF,0.0,Alaa Bellaarouch,Sporting Braga,0.0,Ahmet Tekke,Trabzonspor Kulübü,0.0,Aiden McCallion,Rangers FC,0.0,Ahmet Bircan,Beşiktaş Jimnastik Kulübü,0.0,Alberto Costa,FC Porto,DEF,0.0
GW 347,4,Extra DEF,0.0,Alexander Schlager,FC Red Bull Salzburg,0.0,Aleksa Terzić,FC Red Bull Salzburg,0.0,Alan Varela,FC Porto,0.0,Alaettin Ekici,Fenerbahçe Spor Kulübü,0.0,Alexander Bah,SL Benfica,DEF,0.0
GW 346,1,Extra DEF,0.0,Adem Ağaoğlu,Trabzonspor Kulübü,0.0,Abdülkerim Bardakcı,Galatasaray Spor Kulübü,0.0,Abdou Fall,Fenerbahçe Spor Kulübü,0.0,Ada Yüzgeç,Galatasaray Spor Kulübü,0.0,Adam Montgomery,Celtic FC,DEF,0.0
GW 346,2,Extra DEF,0.0,Ahmet Yıldırım,Trabzonspor Kulübü,0.0,Adrian Barišić,Sporting Braga,0.0,Adnan Fettahoğlu,Fenerbahçe Spor Kulübü,0.0,Ahmed Kutucu,Galatasaray Spor Kulübü,0.0,Afonso Sousa,Sporting Braga,DEF,0.0
GW 346,3,Extra DEF,0.0,Alaa Bellaarouch,Sporting Braga,0.0,Ahmet Tekke,Trabzonspor Kulübü,0.0,Aiden McCallion,Rangers FC,0.0,Ahmet Bircan,Beşiktaş Jimnastik Kulübü,0.0,Alberto Costa,FC Porto,DEF,0.0
GW 346,4,Extra DEF,0.0,Alexander Schlager,FC Red Bull Salzburg,0.0,Aleksa Terzić,FC Red Bull Salzburg,0.0,Alan Varela,FC Porto,0.0,Alaettin Ekici,Fenerbahçe Spor Kulübü,0.0,Alexander Bah,SL Benfica,DEF,0.0
GW 345,1,Extra DEF,0.0,Adem Ağaoğlu,Trabzonspor Kulübü,0.0,Abdülkerim Bardakcı,Galatasaray Spor Kulübü,0.0,Abdou Fall,Fenerbahçe Spor Kulübü,0.0,Ada Yüzgeç,Galatasaray Spor Kulübü,0.0,Adam Montgomery,Celtic FC,DEF,0.0
GW 345,2,Extra DEF,0.0,Ahmet Yıldırım,Trabzonspor Kulübü,0.0,Adrian Barišić,Sporting Braga,0.0,Adnan Fettahoğlu,Fenerbahçe Spor Kulübü,0.0,Ahmed Kutucu,Galatasaray Spor Kulübü,0.0,Afonso Sousa,Sporting Braga,DEF,0.0
GW 345,3,Extra DEF,0.0,Alaa Bellaarouch,Sporting Braga,0.0,Ahmet Tekke,Trabzonspor Kulübü,0.0,Aiden McCallion,Rangers FC,0.0,Ahmet Bircan,Beşiktaş Jimnastik Kulübü,0.0,Alberto Costa,FC Porto,DEF,0.0
GW 345,4,Extra DEF,0.0,Alexander Schlager,FC Red Bull Salzburg,0.0,Aleksa Terzić,FC Red Bull Salzburg,0.0,Alan Varela,FC Porto,0.0,Alaettin Ekici,Fenerbahçe Spor Kulübü,0.0,Alexander Bah,SL Benfica,DEF,0.0
GW 344,1,Extra DEF,0.0,Adem Ağaoğlu,Trabzonspor Kulübü,0.0,Abdülkerim Bardakcı,Galatasaray Spor Kulübü,0.0,Abdou Fall,Fenerbahçe Spor Kulübü,0.0,Ada Yüzgeç,Galatasaray Spor Kulübü,0.0,Adam Montgomery,Celtic FC,DEF,0.0
GW 344,2,Extra DEF,0.0,Ahmet Yıldırım,Trabzonspor Kulübü,0.0,Adrian Barišić,Sporting Braga,0.0,Adnan Fettahoğlu,Fenerbahçe Spor Kulübü,0.0,Ahmed Kutucu,Galatasaray Spor Kulübü,0.0,Afonso Sousa,Sporting Braga,DEF,0.0
GW 344,3,Extra DEF,0.0,Alaa Bellaarouch,Sporting Braga,0.0,Ahmet Tekke,Trabzonspor Kulübü,0.0,Aiden McCallion,Rangers FC,0.0,Ahmet Bircan,Beşiktaş Jimnastik Kulübü,0.0,Alberto Costa,FC Porto,DEF,0.0
GW 344,4,Extra DEF,0.0,Alexander Schlager,FC Red Bull Salzburg,0.0,Aleksa Terzić,FC Red Bull Salzburg,0.0,Alan Varela,FC Porto,0.0,Alaettin Ekici,Fenerbahçe Spor Kulübü,0.0,Alexander Bah,SL Benfica,DEF,0.0
GW 343,1,Extra DEF,0.0,Adem Ağaoğlu,Trabzonspor Kulübü,0.0,Abdülkerim Bardakcı,Galatasaray Spor Kulübü,0.0,Abdou Fall,Fenerbahçe Spor Kulübü,0.0,Ada Yüzgeç,Galatasaray Spor Kulübü,0.0,Adam Montgomery,Celtic FC,DEF,0.0
GW 343,2,Extra DEF,0.0,Ahmet Yıldırım,Trabzonspor Kulübü,0.0,Adrian Barišić,Sporting Braga,0.0,Adnan Fettahoğlu,Fenerbahçe Spor Kulübü,0.0,Ahmed Kutucu,Galatasaray Spor Kulübü,0.0,Afonso Sousa,Sporting Braga,DEF,0.0
GW 343,3,Extra DEF,0.0,Alaa Bellaarouch,Sporting Braga,0.0,Ahmet Tekke,Trabzonspor Kulübü,0.0,Aiden McCallion,Rangers FC,0.0,Ahmet Bircan,Beşiktaş Jimnastik Kulübü,0.0,Alberto Costa,FC Porto,DEF,0.0
GW 343,4,Extra DEF,0.0,Alexander Schlager,FC Red Bull Salzburg,0.0,Aleksa Terzić,FC Red Bull Salzburg,0.0,Alan Varela,FC Porto,0.0,Alaettin Ekici,Fenerbahçe Spor Kulübü,0.0,Alexander Bah,SL Benfica,DEF,0.0
GW 342,1,Extra DEF,0.0,Adem Ağaoğlu,Trabzonspor Kulübü,0.0,Abdülkerim Bardakcı,Galatasaray Spor Kulübü,0.0,Abdou Fall,Fenerbahçe Spor Kulübü,0.0,Ada Yüzgeç,Galatasaray Spor Kulübü,0.0,Adam Montgomery,Celtic FC,DEF,0.0
GW 342,2,Extra DEF,0.0,Ahmet Yıldırım,Trabzonspor Kulübü,0.0,Adrian Barišić,Sporting Braga,0.0,Adnan Fettahoğlu,Fenerbahçe Spor Kulübü,0.0,Ahmed Kutucu,Galatasaray Spor Kulübü,0.0,Afonso Sousa,Sporting Braga,DEF,0.0
GW 342,3,Extra DEF,0.0,Alaa Bellaarouch,Sporting Braga,0.0,Ahmet Tekke,Trabzonspor Kulübü,0.0,Aiden McCallion,Rangers FC,0.0,Ahmet Bircan,Beşiktaş Jimnastik Kulübü,0.0,Alberto Costa,FC Porto,DEF,0.0
GW 342,4,Extra DEF,0.0,Alexander Schlager,FC Red Bull Salzburg,0.0,Aleksa Terzić,FC Red Bull Salzburg,0.0,Alan Varela,FC Porto,0.0,Alaettin Ekici,Fenerbahçe Spor Kulübü,0.0,Alexander Bah,SL Benfica,DEF,0.0
GW 341,1,Extra DEF,0.0,Adem Ağaoğlu,Trabzonspor Kulübü,0.0,Abdülkerim Bardakcı,Galatasaray Spor Kulübü,0.0,Abdou Fall,Fenerbahçe Spor Kulübü,0.0,Ada Yüzgeç,Galatasaray Spor Kulübü,0.0,Adam Montgomery,Celtic FC,DEF,0.0
GW 341,2,Extra DEF,0.0,Ahmet Yıldırım,Trabzonspor Kulübü,0.0,Adrian Barišić,Sporting Braga,0.0,Adnan Fettahoğlu,Fenerbahçe Spor Kulübü,0.0,Ahmed Kutucu,Galatasaray Spor Kulübü,0.0,Afonso Sousa,Sporting Braga,DEF,0.0
GW 341,3,Extra DEF,0.0,Alaa Bellaarouch,Sporting Braga,0.0,Ahmet Tekke,Trabzonspor Kulübü,0.0,Aiden McCallion,Rangers FC,0.0,Ahmet Bircan,Beşiktaş Jimnastik Kulübü,0.0,Alberto Costa,FC Porto,DEF,0.0
GW 341,4,Extra DEF,0.0,Alexander Schlager,FC Red Bull Salzburg,0.0,Aleksa Terzić,FC Red Bull Salzburg,0.0,Alan Varela,FC Porto,0.0,Alaettin Ekici,Fenerbahçe Spor Kulübü,0.0,Alexander Bah,SL Benfica,DEF,0.0
GW 340,1,Extra DEF,0.0,Adem Ağaoğlu,Trabzonspor Kulübü,0.0,Abdülkerim Bardakcı,Galatasaray Spor Kulübü,0.0,Abdou Fall,Fenerbahçe Spor Kulübü,0.0,Ada Yüzgeç,Galatasaray Spor Kulübü,0.0,Adam Montgomery,Celtic FC,DEF,0.0
GW 340,2,Extra DEF,0.0,Ahmet Yıldırım,Trabzonspor Kulübü,0.0,Adrian Barišić,Sporting Braga,0.0,Adnan Fettahoğlu,Fenerbahçe Spor Kulübü,0.0,Ahmed Kutucu,Galatasaray Spor Kulübü,0.0,Afonso Sousa,Sporting Braga,DEF,0.0
GW 340,3,Extra DEF,0.0,Alaa Bellaarouch,Sporting Braga,0.0,Ahmet Tekke,Trabzonspor Kulübü,0.0,Aiden McCallion,Rangers FC,0.0,Ahmet Bircan,Beşiktaş Jimnastik Kulübü,0.0,Alberto Costa,FC Porto,DEF,0.0
GW 340,4,Extra DEF,0.0,Alexander Schlager,FC Red Bull Salzburg,0.0,Aleksa Terzić,FC Red Bull Salzburg,0.0,Alan Varela,FC Porto,0.0,Alaettin Ekici,Fenerbahçe Spor Kulübü,0.0,Alexander Bah,SL Benfica,DEF,0.0
GW 339,1,Extra DEF,0.0,Adem Ağaoğlu,Trabzonspor Kulübü,0.0,Abdülkerim Bardakcı,Galatasaray Spor Kulübü,0.0,Abdou Fall,Fenerbahçe Spor Kulübü,0.0,Ada Yüzgeç,Galatasaray Spor Kulübü,0.0,Adam Montgomery,Celtic FC,DEF,0.0
GW 339,2,Extra DEF,0.0,Ahmet Yıldırım,Trabzonspor Kulübü,0.0,Adrian Barišić,Sporting Braga,0.0,Adnan Fettahoğlu,Fenerbahçe Spor Kulübü,0.0,Ahmed Kutucu,Galatasaray Spor Kulübü,0.0,Afonso Sousa,Sporting Braga,DEF,0.0
GW 339,3,Extra DEF,0.0,Alaa Bellaarouch,Sporting Braga,0.0,Ahmet Tekke,Trabzonspor Kulübü,0.0,Aiden McCallion,Rangers FC,0.0,Ahmet Bircan,Beşiktaş Jimnastik Kulübü,0.0,Alberto Costa,FC Porto,DEF,0.0
GW 339,4,Extra DEF,0.0,Alexander Schlager,FC Red Bull Salzburg,0.0,Aleksa Terzić,FC Red Bull Salzburg,0.0,Alan Varela,FC Porto,0.0,Alaettin Ekici,Fenerbahçe Spor Kulübü,0.0,Alexander Bah,SL Benfica,DEF,0.0
GW 338,1,Extra DEF,0.0,Adem Ağaoğlu,Trabzonspor Kulübü,0.0,Abdülkerim Bardakcı,Galatasaray Spor Kulübü,0.0,Abdou Fall,Fenerbahçe Spor Kulübü,0.0,Ada Yüzgeç,Galatasaray Spor Kulübü,0.0,Adam Montgomery,Celtic FC,DEF,0.0
GW 338,2,Extra DEF,0.0,Ahmet Yıldırım,Trabzonspor Kulübü,0.0,Adrian Barišić,Sporting Braga,0.0,Adnan Fettahoğlu,Fenerbahçe Spor Kulübü,0.0,Ahmed Kutucu,Galatasaray Spor Kulübü,0.0,Afonso Sousa,Sporting Braga,DEF,0.0
GW 338,3,Extra DEF,0.0,Alaa Bellaarouch,Sporting Braga,0.0,Ahmet Tekke,Trabzonspor Kulübü,0.0,Aiden McCallion,Rangers FC,0.0,Ahmet Bircan,Beşiktaş Jimnastik Kulübü,0.0,Alberto Costa,FC Porto,DEF,0.0
GW 338,4,Extra DEF,0.0,Alexander Schlager,FC Red Bull Salzburg,0.0,Aleksa Terzić,FC Red Bull Salzburg,0.0,Alan Varela,FC Porto,0.0,Alaettin Ekici,Fenerbahçe Spor Kulübü,0.0,Alexander Bah,SL Benfica,DEF,0.0
GW 337,1,Extra DEF,0.0,Adem Ağaoğlu,Trabzonspor Kulübü,0.0,Abdülkerim Bardakcı,Galatasaray Spor Kulübü,0.0,Abdou Fall,Fenerbahçe Spor Kulübü,0.0,Ada Yüzgeç,Galatasaray Spor Kulübü,0.0,Adam Montgomery,Celtic FC,DEF,0.0
GW 337,2,Extra DEF,0.0,Ahmet Yıldırım,Trabzonspor Kulübü,0.0,Adrian Barišić,Sporting Braga,0.0,Adnan Fettahoğlu,Fenerbahçe Spor Kulübü,0.0,Ahmed Kutucu,Galatasaray Spor Kulübü,0.0,Afonso Sousa,Sporting Braga,DEF,0.0
GW 337,3,Extra DEF,0.0,Alaa Bellaarouch,Sporting Braga,0.0,Ahmet Tekke,Trabzonspor Kulübü,0.0,Aiden McCallion,Rangers FC,0.0,Ahmet Bircan,Beşiktaş Jimnastik Kulübü,0.0,Alberto Costa,FC Porto,DEF,0.0
GW 337,4,Extra DEF,0.0,Alexander Schlager,FC Red Bull Salzburg,0.0,Aleksa Terzić,FC Red Bull Salzburg,0.0,Alan Varela,FC Porto,0.0,Alaettin Ekici,Fenerbahçe Spor Kulübü,0.0,Alexander Bah,SL Benfica,DEF,0.0
GW 336,1,Extra DEF,0.0,Adem Ağaoğlu,Trabzonspor Kulübü,0.0,Abdülkerim Bardakcı,Galatasaray Spor Kulübü,0.0,Abdou Fall,Fenerbahçe Spor Kulübü,0.0,Ada Yüzgeç,Galatasaray Spor Kulübü,0.0,Adam Montgomery,Celtic FC,DEF,0.0
GW 336,2,Extra DEF,0.0,Ahmet Yıldırım,Trabzonspor Kulübü,0.0,Adrian Barišić,Sporting Braga,0.0,Adnan Fettahoğlu,Fenerbahçe Spor Kulübü,0.0,Ahmed Kutucu,Galatasaray Spor Kulübü,0.0,Afonso Sousa,Sporting Braga,DEF,0.0
GW 336,3,Extra DEF,0.0,Alaa Bellaarouch,Sporting Braga,0.0,Ahmet Tekke,Trabzonspor Kulübü,0.0,Aiden McCallion,Rangers FC,0.0,Ahmet Bircan,Beşiktaş Jimnastik Kulübü,0.0,Alberto Costa,FC Porto,DEF,0.0
GW 336,4,Extra DEF,0.0,Alexander Schlager,FC Red Bull Salzburg,0.0,Aleksa Terzić,FC Red Bull Salzburg,0.0,Alan Varela,FC Porto,0.0,Alaettin Ekici,Fenerbahçe Spor Kulübü,0.0,Alexander Bah,SL Benfica,DEF,0.0
GW 335,1,Extra DEF,0.0,Adem Ağaoğlu,Trabzonspor Kulübü,0.0,Abdülkerim Bardakcı,Galatasaray Spor Kulübü,0.0,Abdou Fall,Fenerbahçe Spor Kulübü,0.0,Ada Yüzgeç,Galatasaray Spor Kulübü,0.0,Adam Montgomery,Celtic FC,DEF,0.0
GW 335,2,Extra DEF,0.0,Ahmet Yıldırım,Trabzonspor Kulübü,0.0,Adrian Barišić,Sporting Braga,0.0,Adnan Fettahoğlu,Fenerbahçe Spor Kulübü,0.0,Ahmed Kutucu,Galatasaray Spor Kulübü,0.0,Afonso Sousa,Sporting Braga,DEF,0.0
GW 335,3,Extra DEF,0.0,Alaa Bellaarouch,Sporting Braga,0.0,Ahmet Tekke,Trabzonspor Kulübü,0.0,Aiden McCallion,Rangers FC,0.0,Ahmet Bircan,Beşiktaş Jimnastik Kulübü,0.0,Alberto Costa,FC Porto,DEF,0.0
GW 335,4,Extra DEF,0.0,Alexander Schlager,FC Red Bull Salzburg,0.0,Aleksa Terzić,FC Red Bull Salzburg,0.0,Alan Varela,FC Porto,0.0,Alaettin Ekici,Fenerbahçe Spor Kulübü,0.0,Alexander Bah,SL Benfica,DEF,0.0
GW 334,1,Extra DEF,0.0,Adem Ağaoğlu,Trabzonspor Kulübü,0.0,Abdülkerim Bardakcı,Galatasaray Spor Kulübü,0.0,Abdou Fall,Fenerbahçe Spor Kulübü,0.0,Ada Yüzgeç,Galatasaray Spor Kulübü,0.0,Adam Montgomery,Celtic FC,DEF,0.0
GW 334,2,Extra DEF,0.0,Ahmet Yıldırım,Trabzonspor Kulübü,0.0,Adrian Barišić,Sporting Braga,0.0,Adnan Fettahoğlu,Fenerbahçe Spor Kulübü,0.0,Ahmed Kutucu,Galatasaray Spor Kulübü,0.0,Afonso Sousa,Sporting Braga,DEF,0.0
GW 334,3,Extra DEF,0.0,Alaa Bellaarouch,Sporting Braga,0.0,Ahmet Tekke,Trabzonspor Kulübü,0.0,Aiden McCallion,Rangers FC,0.0,Ahmet Bircan,Beşiktaş Jimnastik Kulübü,0.0,Alberto Costa,FC Porto,DEF,0.0
GW 334,4,Extra DEF,0.0,Alexander Schlager,FC Red Bull Salzburg,0.0,Aleksa Terzić,FC Red Bull Salzburg,0.0,Alan Varela,FC Porto,0.0,Alaettin Ekici,Fenerbahçe Spor Kulübü,0.0,Alexander Bah,SL Benfica,DEF,0.0
GW 333,1,Extra DEF,0.0,Adem Ağaoğlu,Trabzonspor Kulübü,0.0,Abdülkerim Bardakcı,Galatasaray Spor Kulübü,0.0,Abdou Fall,Fenerbahçe Spor Kulübü,0.0,Ada Yüzgeç,Galatasaray Spor Kulübü,0.0,Adam Montgomery,Celtic FC,DEF,0.0
GW 333,2,Extra DEF,0.0,Ahmet Yıldırım,Trabzonspor Kulübü,0.0,Adrian Barišić,Sporting Braga,0.0,Adnan Fettahoğlu,Fenerbahçe Spor Kulübü,0.0,Ahmed Kutucu,Galatasaray Spor Kulübü,0.0,Afonso Sousa,Sporting Braga,DEF,0.0
GW 333,3,Extra DEF,0.0,Alaa Bellaarouch,Sporting Braga,0.0,Ahmet Tekke,Trabzonspor Kulübü,0.0,Aiden McCallion,Rangers FC,0.0,Ahmet Bircan,Beşiktaş Jimnastik Kulübü,0.0,Alberto Costa,FC Porto,DEF,0.0
GW 333,4,Extra DEF,0.0,Alexander Schlager,FC Red Bull Salzburg,0.0,Aleksa Terzić,FC Red Bull Salzburg,0.0,Alan Varela,FC Porto,0.0,Alaettin Ekici,Fenerbahçe Spor Kulübü,0.0,Alexander Bah,SL Benfica,DEF,0.0
GW 332,1,Extra DEF,0.0,Adem Ağaoğlu,Trabzonspor Kulübü,0.0,Abdülkerim Bardakcı,Galatasaray Spor Kulübü,0.0,Abdou Fall,Fenerbahçe Spor Kulübü,0.0,Ada Yüzgeç,Galatasaray Spor Kulübü,0.0,Adam Montgomery,Celtic FC,DEF,0.0
GW 332,2,Extra DEF,0.0,Ahmet Yıldırım,Trabzonspor Kulübü,0.0,Adrian Barišić,Sporting Braga,0.0,Adnan Fettahoğlu,Fenerbahçe Spor Kulübü,0.0,Ahmed Kutucu,Galatasaray Spor Kulübü,0.0,Afonso Sousa,Sporting Braga,DEF,0.0
GW 332,3,Extra DEF,0.0,Alaa Bellaarouch,Sporting Braga,0.0,Ahmet Tekke,Trabzonspor Kulübü,0.0,Aiden McCallion,Rangers FC,0.0,Ahmet Bircan,Beşiktaş Jimnastik Kulübü,0.0,Alberto Costa,FC Porto,DEF,0.0
GW 332,4,Extra DEF,0.0,Alexander Schlager,FC Red Bull Salzburg,0.0,Aleksa Terzić,FC Red Bull Salzburg,0.0,Alan Varela,FC Porto,0.0,Alaettin Ekici,Fenerbahçe Spor Kulübü,0.0,Alexander Bah,SL Benfica,DEF,0.0
GW 331,1,Extra DEF,0.0,Adem Ağaoğlu,Trabzonspor Kulübü,0.0,Abdülkerim Bardakcı,Galatasaray Spor Kulübü,0.0,Abdou Fall,Fenerbahçe Spor Kulübü,0.0,Ada Yüzgeç,Galatasaray Spor Kulübü,0.0,Adam Montgomery,Celtic FC,DEF,0.0
GW 331,2,Extra DEF,0.0,Ahmet Yıldırım,Trabzonspor Kulübü,0.0,Adrian Barišić,Sporting Braga,0.0,Adnan Fettahoğlu,Fenerbahçe Spor Kulübü,0.0,Ahmed Kutucu,Galatasaray Spor Kulübü,0.0,Afonso Sousa,Sporting Braga,DEF,0.0
GW 331,3,Extra DEF,0.0,Alaa Bellaarouch,Sporting Braga,0.0,Ahmet Tekke,Trabzonspor Kulübü,0.0,Aiden McCallion,Rangers FC,0.0,Ahmet Bircan,Beşiktaş Jimnastik Kulübü,0.0,Alberto Costa,FC Porto,DEF,0.0
GW 331,4,Extra DEF,0.0,Alexander Schlager,FC Red Bull Salzburg,0.0,Aleksa Terzić,FC Red Bull Salzburg,0.0,Alan Varela,FC Porto,0.0,Alaettin Ekici,Fenerbahçe Spor Kulübü,0.0,Alexander Bah,SL Benfica,DEF,0.0
GW 330,1,Extra DEF,0.0,Adem Ağaoğlu,Trabzonspor Kulübü,0.0,Abdülkerim Bardakcı,Galatasaray Spor Kulübü,0.0,Abdou Fall,Fenerbahçe Spor Kulübü,0.0,Ada Yüzgeç,Galatasaray Spor Kulübü,0.0,Adam Montgomery,Celtic FC,DEF,0.0
GW 330,2,Extra DEF,0.0,Ahmet Yıldırım,Trabzonspor Kulübü,0.0,Adrian Barišić,Sporting Braga,0.0,Adnan Fettahoğlu,Fenerbahçe Spor Kulübü,0.0,Ahmed Kutucu,Galatasaray Spor Kulübü,0.0,Afonso Sousa,Sporting Braga,DEF,0.0
GW 330,3,Extra DEF,0.0,Alaa Bellaarouch,Sporting Braga,0.0,Ahmet Tekke,Trabzonspor Kulübü,0.0,Aiden McCallion,Rangers FC,0.0,Ahmet Bircan,Beşiktaş Jimnastik Kulübü,0.0,Alberto Costa,FC Porto,DEF,0.0
GW 330,4,Extra DEF,0.0,Alexander Schlager,FC Red Bull Salzburg,0.0,Aleksa Terzić,FC Red Bull Salzburg,0.0,Alan Varela,FC Porto,0.0,Alaettin Ekici,Fenerbahçe Spor Kulübü,0.0,Alexander Bah,SL Benfica,DEF,0.0
GW 329,1,Extra DEF,0.0,Adem Ağaoğlu,Trabzonspor Kulübü,0.0,Abdülkerim Bardakcı,Galatasaray Spor Kulübü,0.0,Abdou Fall,Fenerbahçe Spor Kulübü,0.0,Ada Yüzgeç,Galatasaray Spor Kulübü,0.0,Adam Montgomery,Celtic FC,DEF,0.0
GW 329,2,Extra DEF,0.0,Ahmet Yıldırım,Trabzonspor Kulübü,0.0,Adrian Barišić,Sporting Braga,0.0,Adnan Fettahoğlu,Fenerbahçe Spor Kulübü,0.0,Ahmed Kutucu,Galatasaray Spor Kulübü,0.0,Afonso Sousa,Sporting Braga,DEF,0.0
GW 329,3,Extra DEF,0.0,Alaa Bellaarouch,Sporting Braga,0.0,Ahmet Tekke,Trabzonspor Kulübü,0.0,Aiden McCallion,Rangers FC,0.0,Ahmet Bircan,Beşiktaş Jimnastik Kulübü,0.0,Alberto Costa,FC Porto,DEF,0.0
GW 329,4,Extra DEF,0.0,Alexander Schlager,FC Red Bull Salzburg,0.0,Aleksa Terzić,FC Red Bull Salzburg,0.0,Alan Varela,FC Porto,0.0,Alaettin Ekici,Fenerbahçe Spor Kulübü,0.0,Alexander Bah,SL Benfica,DEF,0.0
GW 328,1,Extra DEF,0.0,Adem Ağaoğlu,Trabzonspor Kulübü,0.0,Abdülkerim Bardakcı,Galatasaray Spor Kulübü,0.0,Abdou Fall,Fenerbahçe Spor Kulübü,0.0,Ada Yüzgeç,Galatasaray Spor Kulübü,0.0,Adam Montgomery,Celtic FC,DEF,0.0
GW 328,2,Extra DEF,0.0,Ahmet Yıldırım,Trabzonspor Kulübü,0.0,Adrian Barišić,Sporting Braga,0.0,Adnan Fettahoğlu,Fenerbahçe Spor Kulübü,0.0,Ahmed Kutucu,Galatasaray Spor Kulübü,0.0,Afonso Sousa,Sporting Braga,DEF,0.0
GW 328,3,Extra DEF,0.0,Alaa Bellaarouch,Sporting Braga,0.0,Ahmet Tekke,Trabzonspor Kulübü,0.0,Aiden McCallion,Rangers FC,0.0,Ahmet Bircan,Beşiktaş Jimnastik Kulübü,0.0,Alberto Costa,FC Porto,DEF,0.0
GW 328,4,Extra DEF,0.0,Alexander Schlager,FC Red Bull Salzburg,0.0,Aleksa Terzić,FC Red Bull Salzburg,0.0,Alan Varela,FC Porto,0.0,Alaettin Ekici,Fenerbahçe Spor Kulübü,0.0,Alexander Bah,SL Benfica,DEF,0.0
GW 327,1,Extra DEF,0.0,Adem Ağaoğlu,Trabzonspor Kulübü,0.0,Abdülkerim Bardakcı,Galatasaray Spor Kulübü,0.0,Abdou Fall,Fenerbahçe Spor Kulübü,0.0,Ada Yüzgeç,Galatasaray Spor Kulübü,0.0,Adam Montgomery,Celtic FC,DEF,0.0
GW 327,2,Extra DEF,0.0,Ahmet Yıldırım,Trabzonspor Kulübü,0.0,Adrian Barišić,Sporting Braga,0.0,Adnan Fettahoğlu,Fenerbahçe Spor Kulübü,0.0,Ahmed Kutucu,Galatasaray Spor Kulübü,0.0,Afonso Sousa,Sporting Braga,DEF,0.0
GW 327,3,Extra DEF,0.0,Alaa Bellaarouch,Sporting Braga,0.0,Ahmet Tekke,Trabzonspor Kulübü,0.0,Aiden McCallion,Rangers FC,0.0,Ahmet Bircan,Beşiktaş Jimnastik Kulübü,0.0,Alberto Costa,FC Porto,DEF,0.0
GW 327,4,Extra DEF,0.0,Alexander Schlager,FC Red Bull Salzburg,0.0,Aleksa Terzić,FC Red Bull Salzburg,0.0,Alan Varela,FC Porto,0.0,Alaettin Ekici,Fenerbahçe Spor Kulübü,0.0,Alexander Bah,SL Benfica,DEF,0.0
GW 326,1,Extra DEF,0.0,Adem Ağaoğlu,Trabzonspor Kulübü,0.0,Abdülkerim Bardakcı,Galatasaray Spor Kulübü,0.0,Abdou Fall,Fenerbahçe Spor Kulübü,0.0,Ada Yüzgeç,Galatasaray Spor Kulübü,0.0,Adam Montgomery,Celtic FC,DEF,0.0
GW 326,2,Extra DEF,0.0,Ahmet Yıldırım,Trabzonspor Kulübü,0.0,Adrian Barišić,Sporting Braga,0.0,Adnan Fettahoğlu,Fenerbahçe Spor Kulübü,0.0,Ahmed Kutucu,Galatasaray Spor Kulübü,0.0,Afonso Sousa,Sporting Braga,DEF,0.0
GW 326,3,Extra DEF,0.0,Alaa Bellaarouch,Sporting Braga,0.0,Ahmet Tekke,Trabzonspor Kulübü,0.0,Aiden McCallion,Rangers FC,0.0,Ahmet Bircan,Beşiktaş Jimnastik Kulübü,0.0,Alberto Costa,FC Porto,DEF,0.0
GW 326,4,Extra DEF,0.0,Alexander Schlager,FC Red Bull Salzburg,0.0,Aleksa Terzić,FC Red Bull Salzburg,0.0,Alan Varela,FC Porto,0.0,Alaettin Ekici,Fenerbahçe Spor Kulübü,0.0,Alexander Bah,SL Benfica,DEF,0.0
GW 325,1,Extra DEF,0.0,Adem Ağaoğlu,Trabzonspor Kulübü,0.0,Abdülkerim Bardakcı,Galatasaray Spor Kulübü,0.0,Abdou Fall,Fenerbahçe Spor Kulübü,0.0,Ada Yüzgeç,Galatasaray Spor Kulübü,0.0,Adam Montgomery,Celtic FC,DEF,0.0
GW 325,2,Extra DEF,0.0,Ahmet Yıldırım,Trabzonspor Kulübü,0.0,Adrian Barišić,Sporting Braga,0.0,Adnan Fettahoğlu,Fenerbahçe Spor Kulübü,0.0,Ahmed Kutucu,Galatasaray Spor Kulübü,0.0,Afonso Sousa,Sporting Braga,DEF,0.0
GW 325,3,Extra DEF,0.0,Alaa Bellaarouch,Sporting Braga,0.0,Ahmet Tekke,Trabzonspor Kulübü,0.0,Aiden McCallion,Rangers FC,0.0,Ahmet Bircan,Beşiktaş Jimnastik Kulübü,0.0,Alberto Costa,FC Porto,DEF,0.0
GW 325,4,Extra DEF,0.0,Alexander Schlager,FC Red Bull Salzburg,0.0,Aleksa Terzić,FC Red Bull Salzburg,0.0,Alan Varela,FC Porto,0.0,Alaettin Ekici,Fenerbahçe Spor Kulübü,0.0,Alexander Bah,SL Benfica,DEF,0.0
GW 324,1,Extra DEF,0.0,Adem Ağaoğlu,Trabzonspor Kulübü,0.0,Abdülkerim Bardakcı,Galatasaray Spor Kulübü,0.0,Abdou Fall,Fenerbahçe Spor Kulübü,0.0,Ada Yüzgeç,Galatasaray Spor Kulübü,0.0,Adam Montgomery,Celtic FC,DEF,0.0
GW 324,2,Extra DEF,0.0,Ahmet Yıldırım,Trabzonspor Kulübü,0.0,Adrian Barišić,Sporting Braga,0.0,Adnan Fettahoğlu,Fenerbahçe Spor Kulübü,0.0,Ahmed Kutucu,Galatasaray Spor Kulübü,0.0,Afonso Sousa,Sporting Braga,DEF,0.0
GW 324,3,Extra DEF,0.0,Alaa Bellaarouch,Sporting Braga,0.0,Ahmet Tekke,Trabzonspor Kulübü,0.0,Aiden McCallion,Rangers FC,0.0,Ahmet Bircan,Beşiktaş Jimnastik Kulübü,0.0,Alberto Costa,FC Porto,DEF,0.0
GW 324,4,Extra DEF,0.0,Alexander Schlager,FC Red Bull Salzburg,0.0,Aleksa Terzić,FC Red Bull Salzburg,0.0,Alan Varela,FC Porto,0.0,Alaettin Ekici,Fenerbahçe Spor Kulübü,0.0,Alexander Bah,SL Benfica,DEF,0.0
GW 323,1,Extra DEF,0.0,Adem Ağaoğlu,Trabzonspor Kulübü,0.0,Abdülkerim Bardakcı,Galatasaray Spor Kulübü,0.0,Abdou Fall,Fenerbahçe Spor Kulübü,0.0,Ada Yüzgeç,Galatasaray Spor Kulübü,0.0,Adam Montgomery,Celtic FC,DEF,0.0
GW 323,2,Extra DEF,0.0,Ahmet Yıldırım,Trabzonspor Kulübü,0.0,Adrian Barišić,Sporting Braga,0.0,Adnan Fettahoğlu,Fenerbahçe Spor Kulübü,0.0,Ahmed Kutucu,Galatasaray Spor Kulübü,0.0,Afonso Sousa,Sporting Braga,DEF,0.0
GW 323,3,Extra DEF,0.0,Alaa Bellaarouch,Sporting Braga,0.0,Ahmet Tekke,Trabzonspor Kulübü,0.0,Aiden McCallion,Rangers FC,0.0,Ahmet Bircan,Beşiktaş Jimnastik Kulübü,0.0,Alberto Costa,FC Porto,DEF,0.0
GW 323,4,Extra DEF,0.0,Alexander Schlager,FC Red Bull Salzburg,0.0,Aleksa Terzić,FC Red Bull Salzburg,0.0,Alan Varela,FC Porto,0.0,Alaettin Ekici,Fenerbahçe Spor Kulübü,0.0,Alexander Bah,SL Benfica,DEF,0.0
GW 322,1,Extra DEF,0.0,Adem Ağaoğlu,Trabzonspor Kulübü,0.0,Abdülkerim Bardakcı,Galatasaray Spor Kulübü,0.0,Abdou Fall,Fenerbahçe Spor Kulübü,0.0,Ada Yüzgeç,Galatasaray Spor Kulübü,0.0,Adam Montgomery,Celtic FC,DEF,0.0
GW 322,2,Extra DEF,0.0,Ahmet Yıldırım,Trabzonspor Kulübü,0.0,Adrian Barišić,Sporting Braga,0.0,Adnan Fettahoğlu,Fenerbahçe Spor Kulübü,0.0,Ahmed Kutucu,Galatasaray Spor Kulübü,0.0,Afonso Sousa,Sporting Braga,DEF,0.0
GW 322,3,Extra DEF,0.0,Alaa Bellaarouch,Sporting Braga,0.0,Ahmet Tekke,Trabzonspor Kulübü,0.0,Aiden McCallion,Rangers FC,0.0,Ahmet Bircan,Beşiktaş Jimnastik Kulübü,0.0,Alberto Costa,FC Porto,DEF,0.0
GW 322,4,Extra DEF,0.0,Alexander Schlager,FC Red Bull Salzburg,0.0,Aleksa Terzić,FC Red Bull Salzburg,0.0,Alan Varela,FC Porto,0.0,Alaettin Ekici,Fenerbahçe Spor Kulübü,0.0,Alexander Bah,SL Benfica,DEF,0.0
GW 321,1,Extra DEF,0.0,Adem Ağaoğlu,Trabzonspor Kulübü,0.0,Abdülkerim Bardakcı,Galatasaray Spor Kulübü,0.0,Abdou Fall,Fenerbahçe Spor Kulübü,0.0,Ada Yüzgeç,Galatasaray Spor Kulübü,0.0,Adam Montgomery,Celtic FC,DEF,0.0
GW 321,2,Extra DEF,0.0,Ahmet Yıldırım,Trabzonspor Kulübü,0.0,Adrian Barišić,Sporting Braga,0.0,Adnan Fettahoğlu,Fenerbahçe Spor Kulübü,0.0,Ahmed Kutucu,Galatasaray Spor Kulübü,0.0,Afonso Sousa,Sporting Braga,DEF,0.0
GW 321,3,Extra DEF,0.0,Alaa Bellaarouch,Sporting Braga,0.0,Ahmet Tekke,Trabzonspor Kulübü,0.0,Aiden McCallion,Rangers FC,0.0,Ahmet Bircan,Beşiktaş Jimnastik Kulübü,0.0,Alberto Costa,FC Porto,DEF,0.0
GW 321,4,Extra DEF,0.0,Alexander Schlager,FC Red Bull Salzburg,0.0,Aleksa Terzić,FC Red Bull Salzburg,0.0,Alan Varela,FC Porto,0.0,Alaettin Ekici,Fenerbahçe Spor Kulübü,0.0,Alexander Bah,SL Benfica,DEF,0.0
GW 320,1,Extra DEF,0.0,Adem Ağaoğlu,Trabzonspor Kulübü,0.0,Abdülkerim Bardakcı,Galatasaray Spor Kulübü,0.0,Abdou Fall,Fenerbahçe Spor Kulübü,0.0,Ada Yüzgeç,Galatasaray Spor Kulübü,0.0,Adam Montgomery,Celtic FC,DEF,0.0
GW 320,2,Extra DEF,0.0,Ahmet Yıldırım,Trabzonspor Kulübü,0.0,Adrian Barišić,Sporting Braga,0.0,Adnan Fettahoğlu,Fenerbahçe Spor Kulübü,0.0,Ahmed Kutucu,Galatasaray Spor Kulübü,0.0,Afonso Sousa,Sporting Braga,DEF,0.0
GW 320,3,Extra DEF,0.0,Alaa Bellaarouch,Sporting Braga,0.0,Ahmet Tekke,Trabzonspor Kulübü,0.0,Aiden McCallion,Rangers FC,0.0,Ahmet Bircan,Beşiktaş Jimnastik Kulübü,0.0,Alberto Costa,FC Porto,DEF,0.0
GW 320,4,Extra DEF,0.0,Alexander Schlager,FC Red Bull Salzburg,0.0,Aleksa Terzić,FC Red Bull Salzburg,0.0,Alan Varela,FC Porto,0.0,Alaettin Ekici,Fenerbahçe Spor Kulübü,0.0,Alexander Bah,SL Benfica,DEF,0.0
GW 319,1,Extra DEF,0.0,Adem Ağaoğlu,Trabzonspor Kulübü,0.0,Abdülkerim Bardakcı,Galatasaray Spor Kulübü,0.0,Abdou Fall,Fenerbahçe Spor Kulübü,0.0,Ada Yüzgeç,Galatasaray Spor Kulübü,0.0,Adam Montgomery,Celtic FC,DEF,0.0
GW 319,2,Extra DEF,0.0,Ahmet Yıldırım,Trabzonspor Kulübü,0.0,Adrian Barišić,Sporting Braga,0.0,Adnan Fettahoğlu,Fenerbahçe Spor Kulübü,0.0,Ahmed Kutucu,Galatasaray Spor Kulübü,0.0,Afonso Sousa,Sporting Braga,DEF,0.0
GW 319,3,Extra DEF,0.0,Alaa Bellaarouch,Sporting Braga,0.0,Ahmet Tekke,Trabzonspor Kulübü,0.0,Aiden McCallion,Rangers FC,0.0,Ahmet Bircan,Beşiktaş Jimnastik Kulübü,0.0,Alberto Costa,FC Porto,DEF,0.0
GW 319,4,Extra DEF,0.0,Alexander Schlager,FC Red Bull Salzburg,0.0,Aleksa Terzić,FC Red Bull Salzburg,0.0,Alan Varela,FC Porto,0.0,Alaettin Ekici,Fenerbahçe Spor Kulübü,0.0,Alexander Bah,SL Benfica,DEF,0.0
GW 318,1,Extra DEF,0.0,Adem Ağaoğlu,Trabzonspor Kulübü,0.0,Abdülkerim Bardakcı,Galatasaray Spor Kulübü,0.0,Abdou Fall,Fenerbahçe Spor Kulübü,0.0,Ada Yüzgeç,Galatasaray Spor Kulübü,0.0,Adam Montgomery,Celtic FC,DEF,0.0
GW 318,2,Extra DEF,0.0,Ahmet Yıldırım,Trabzonspor Kulübü,0.0,Adrian Barišić,Sporting Braga,0.0,Adnan Fettahoğlu,Fenerbahçe Spor Kulübü,0.0,Ahmed Kutucu,Galatasaray Spor Kulübü,0.0,Afonso Sousa,Sporting Braga,DEF,0.0
GW 318,3,Extra DEF,0.0,Alaa Bellaarouch,Sporting Braga,0.0,Ahmet Tekke,Trabzonspor Kulübü,0.0,Aiden McCallion,Rangers FC,0.0,Ahmet Bircan,Beşiktaş Jimnastik Kulübü,0.0,Alberto Costa,FC Porto,DEF,0.0
GW 318,4,Extra DEF,0.0,Alexander Schlager,FC Red Bull Salzburg,0.0,Aleksa Terzić,FC Red Bull Salzburg,0.0,Alan Varela,FC Porto,0.0,Alaettin Ekici,Fenerbahçe Spor Kulübü,0.0,Alexander Bah,SL Benfica,DEF,0.0
GW 317,1,Extra DEF,0.0,Adem Ağaoğlu,Trabzonspor Kulübü,0.0,Abdülkerim Bardakcı,Galatasaray Spor Kulübü,0.0,Abdou Fall,Fenerbahçe Spor Kulübü,0.0,Ada Yüzgeç,Galatasaray Spor Kulübü,0.0,Adam Montgomery,Celtic FC,DEF,0.0
GW 317,2,Extra DEF,0.0,Ahmet Yıldırım,Trabzonspor Kulübü,0.0,Adrian Barišić,Sporting Braga,0.0,Adnan Fettahoğlu,Fenerbahçe Spor Kulübü,0.0,Ahmed Kutucu,Galatasaray Spor Kulübü,0.0,Afonso Sousa,Sporting Braga,DEF,0.0
GW 317,3,Extra DEF,0.0,Alaa Bellaarouch,Sporting Braga,0.0,Ahmet Tekke,Trabzonspor Kulübü,0.0,Aiden McCallion,Rangers FC,0.0,Ahmet Bircan,Beşiktaş Jimnastik Kulübü,0.0,Alberto Costa,FC Porto,DEF,0.0
GW 317,4,Extra DEF,0.0,Alexander Schlager,FC Red Bull Salzburg,0.0,Aleksa Terzić,FC Red Bull Salzburg,0.0,Alan Varela,FC Porto,0.0,Alaettin Ekici,Fenerbahçe Spor Kulübü,0.0,Alexander Bah,SL Benfica,DEF,0.0
GW 316,1,Extra DEF,0.0,Adem Ağaoğlu,Trabzonspor Kulübü,0.0,Abdülkerim Bardakcı,Galatasaray Spor Kulübü,0.0,Abdou Fall,Fenerbahçe Spor Kulübü,0.0,Ada Yüzgeç,Galatasaray Spor Kulübü,0.0,Adam Montgomery,Celtic FC,DEF,0.0
GW 316,2,Extra DEF,0.0,Ahmet Yıldırım,Trabzonspor Kulübü,0.0,Adrian Barišić,Sporting Braga,0.0,Adnan Fettahoğlu,Fenerbahçe Spor Kulübü,0.0,Ahmed Kutucu,Galatasaray Spor Kulübü,0.0,Afonso Sousa,Sporting Braga,DEF,0.0
GW 316,3,Extra DEF,0.0,Alaa Bellaarouch,Sporting Braga,0.0,Ahmet Tekke,Trabzonspor Kulübü,0.0,Aiden McCallion,Rangers FC,0.0,Ahmet Bircan,Beşiktaş Jimnastik Kulübü,0.0,Alberto Costa,FC Porto,DEF,0.0
GW 316,4,Extra DEF,0.0,Alexander Schlager,FC Red Bull Salzburg,0.0,Aleksa Terzić,FC Red Bull Salzburg,0.0,Alan Varela,FC Porto,0.0,Alaettin Ekici,Fenerbahçe Spor Kulübü,0.0,Alexander Bah,SL Benfica,DEF,0.0
GW 315,1,Extra DEF,0.0,Adem Ağaoğlu,Trabzonspor Kulübü,0.0,Abdülkerim Bardakcı,Galatasaray Spor Kulübü,0.0,Abdou Fall,Fenerbahçe Spor Kulübü,0.0,Ada Yüzgeç,Galatasaray Spor Kulübü,0.0,Adam Montgomery,Celtic FC,DEF,0.0
GW 315,2,Extra DEF,0.0,Ahmet Yıldırım,Trabzonspor Kulübü,0.0,Adrian Barišić,Sporting Braga,0.0,Adnan Fettahoğlu,Fenerbahçe Spor Kulübü,0.0,Ahmed Kutucu,Galatasaray Spor Kulübü,0.0,Afonso Sousa,Sporting Braga,DEF,0.0
GW 315,3,Extra DEF,0.0,Alaa Bellaarouch,Sporting Braga,0.0,Ahmet Tekke,Trabzonspor Kulübü,0.0,Aiden McCallion,Rangers FC,0.0,Ahmet Bircan,Beşiktaş Jimnastik Kulübü,0.0,Alberto Costa,FC Porto,DEF,0.0
GW 315,4,Extra DEF,0.0,Alexander Schlager,FC Red Bull Salzburg,0.0,Aleksa Terzić,FC Red Bull Salzburg,0.0,Alan Varela,FC Porto,0.0,Alaettin Ekici,Fenerbahçe Spor Kulübü,0.0,Alexander Bah,SL Benfica,DEF,0.0
GW 314,1,Extra DEF,0.0,Adem Ağaoğlu,Trabzonspor Kulübü,0.0,Abdülkerim Bardakcı,Galatasaray Spor Kulübü,0.0,Abdou Fall,Fenerbahçe Spor Kulübü,0.0,Ada Yüzgeç,Galatasaray Spor Kulübü,0.0,Adam Montgomery,Celtic FC,DEF,0.0
GW 314,2,Extra DEF,0.0,Ahmet Yıldırım,Trabzonspor Kulübü,0.0,Adrian Barišić,Sporting Braga,0.0,Adnan Fettahoğlu,Fenerbahçe Spor Kulübü,0.0,Ahmed Kutucu,Galatasaray Spor Kulübü,0.0,Afonso Sousa,Sporting Braga,DEF,0.0
GW 314,3,Extra DEF,0.0,Alaa Bellaarouch,Sporting Braga,0.0,Ahmet Tekke,Trabzonspor Kulübü,0.0,Aiden McCallion,Rangers FC,0.0,Ahmet Bircan,Beşiktaş Jimnastik Kulübü,0.0,Alberto Costa,FC Porto,DEF,0.0
GW 314,4,Extra DEF,0.0,Alexander Schlager,FC Red Bull Salzburg,0.0,Aleksa Terzić,FC Red Bull Salzburg,0.0,Alan Varela,FC Porto,0.0,Alaettin Ekici,Fenerbahçe Spor Kulübü,0.0,Alexander Bah,SL Benfica,DEF,0.0
GW 313,1,Extra DEF,0.0,Adem Ağaoğlu,Trabzonspor Kulübü,0.0,Abdülkerim Bardakcı,Galatasaray Spor Kulübü,0.0,Abdou Fall,Fenerbahçe Spor Kulübü,0.0,Ada Yüzgeç,Galatasaray Spor Kulübü,0.0,Adam Montgomery,Celtic FC,DEF,0.0
GW 313,2,Extra DEF,0.0,Ahmet Yıldırım,Trabzonspor Kulübü,0.0,Adrian Barišić,Sporting Braga,0.0,Adnan Fettahoğlu,Fenerbahçe Spor Kulübü,0.0,Ahmed Kutucu,Galatasaray Spor Kulübü,0.0,Afonso Sousa,Sporting Braga,DEF,0.0
GW 313,3,Extra DEF,0.0,Alaa Bellaarouch,Sporting Braga,0.0,Ahmet Tekke,Trabzonspor Kulübü,0.0,Aiden McCallion,Rangers FC,0.0,Ahmet Bircan,Beşiktaş Jimnastik Kulübü,0.0,Alberto Costa,FC Porto,DEF,0.0
GW 313,4,Extra DEF,0.0,Alexander Schlager,FC Red Bull Salzburg,0.0,Aleksa Terzić,FC Red Bull Salzburg,0.0,Alan Varela,FC Porto,0.0,Alaettin Ekici,Fenerbahçe Spor Kulübü,0.0,Alexander Bah,SL Benfica,DEF,0.0
GW 312,1,Extra DEF,0.0,Adem Ağaoğlu,Trabzonspor Kulübü,0.0,Abdülkerim Bardakcı,Galatasaray Spor Kulübü,0.0,Abdou Fall,Fenerbahçe Spor Kulübü,0.0,Ada Yüzgeç,Galatasaray Spor Kulübü,0.0,Adam Montgomery,Celtic FC,DEF,0.0
GW 312,2,Extra DEF,0.0,Ahmet Yıldırım,Trabzonspor Kulübü,0.0,Adrian Barišić,Sporting Braga,0.0,Adnan Fettahoğlu,Fenerbahçe Spor Kulübü,0.0,Ahmed Kutucu,Galatasaray Spor Kulübü,0.0,Afonso Sousa,Sporting Braga,DEF,0.0
GW 312,3,Extra DEF,0.0,Alaa Bellaarouch,Sporting Braga,0.0,Ahmet Tekke,Trabzonspor Kulübü,0.0,Aiden McCallion,Rangers FC,0.0,Ahmet Bircan,Beşiktaş Jimnastik Kulübü,0.0,Alberto Costa,FC Porto,DEF,0.0
GW 312,4,Extra DEF,0.0,Alexander Schlager,FC Red Bull Salzburg,0.0,Aleksa Terzić,FC Red Bull Salzburg,0.0,Alan Varela,FC Porto,0.0,Alaettin Ekici,Fenerbahçe Spor Kulübü,0.0,Alexander Bah,SL Benfica,DEF,0.0
GW 311,1,Extra DEF,0.0,Adem Ağaoğlu,Trabzonspor Kulübü,0.0,Abdülkerim Bardakcı,Galatasaray Spor Kulübü,0.0,Abdou Fall,Fenerbahçe Spor Kulübü,0.0,Ada Yüzgeç,Galatasaray Spor Kulübü,0.0,Adam Montgomery,Celtic FC,DEF,0.0
GW 311,2,Extra DEF,0.0,Ahmet Yıldırım,Trabzonspor Kulübü,0.0,Adrian Barišić,Sporting Braga,0.0,Adnan Fettahoğlu,Fenerbahçe Spor Kulübü,0.0,Ahmed Kutucu,Galatasaray Spor Kulübü,0.0,Afonso Sousa,Sporting Braga,DEF,0.0
GW 311,3,Extra DEF,0.0,Alaa Bellaarouch,Sporting Braga,0.0,Ahmet Tekke,Trabzonspor Kulübü,0.0,Aiden McCallion,Rangers FC,0.0,Ahmet Bircan,Beşiktaş Jimnastik Kulübü,0.0,Alberto Costa,FC Porto,DEF,0.0
GW 311,4,Extra DEF,0.0,Alexander Schlager,FC Red Bull Salzburg,0.0,Aleksa Terzić,FC Red Bull Salzburg,0.0,Alan Varela,FC Porto,0.0,Alaettin Ekici,Fenerbahçe Spor Kulübü,0.0,Alexander Bah,SL Benfica,DEF,0.0
GW 310,1,Extra DEF,0.0,Adem Ağaoğlu,Trabzonspor Kulübü,0.0,Abdülkerim Bardakcı,Galatasaray Spor Kulübü,0.0,Abdou Fall,Fenerbahçe Spor Kulübü,0.0,Ada Yüzgeç,Galatasaray Spor Kulübü,0.0,Adam Montgomery,Celtic FC,DEF,0.0
GW 310,2,Extra DEF,0.0,Ahmet Yıldırım,Trabzonspor Kulübü,0.0,Adrian Barišić,Sporting Braga,0.0,Adnan Fettahoğlu,Fenerbahçe Spor Kulübü,0.0,Ahmed Kutucu,Galatasaray Spor Kulübü,0.0,Afonso Sousa,Sporting Braga,DEF,0.0
GW 310,3,Extra DEF,0.0,Alaa Bellaarouch,Sporting Braga,0.0,Ahmet Tekke,Trabzonspor Kulübü,0.0,Aiden McCallion,Rangers FC,0.0,Ahmet Bircan,Beşiktaş Jimnastik Kulübü,0.0,Alberto Costa,FC Porto,DEF,0.0
GW 310,4,Extra DEF,0.0,Alexander Schlager,FC Red Bull Salzburg,0.0,Aleksa Terzić,FC Red Bull Salzburg,0.0,Alan Varela,FC Porto,0.0,Alaettin Ekici,Fenerbahçe Spor Kulübü,0.0,Alexander Bah,SL Benfica,DEF,0.0
GW 309,1,Extra DEF,0.0,Adem Ağaoğlu,Trabzonspor Kulübü,0.0,Abdülkerim Bardakcı,Galatasaray Spor Kulübü,0.0,Abdou Fall,Fenerbahçe Spor Kulübü,0.0,Ada Yüzgeç,Galatasaray Spor Kulübü,0.0,Adam Montgomery,Celtic FC,DEF,0.0
GW 309,2,Extra DEF,0.0,Ahmet Yıldırım,Trabzonspor Kulübü,0.0,Adrian Barišić,Sporting Braga,0.0,Adnan Fettahoğlu,Fenerbahçe Spor Kulübü,0.0,Ahmed Kutucu,Galatasaray Spor Kulübü,0.0,Afonso Sousa,Sporting Braga,DEF,0.0
GW 309,3,Extra DEF,0.0,Alaa Bellaarouch,Sporting Braga,0.0,Ahmet Tekke,Trabzonspor Kulübü,0.0,Aiden McCallion,Rangers FC,0.0,Ahmet Bircan,Beşiktaş Jimnastik Kulübü,0.0,Alberto Costa,FC Porto,DEF,0.0
GW 309,4,Extra DEF,0.0,Alexander Schlager,FC Red Bull Salzburg,0.0,Aleksa Terzić,FC Red Bull Salzburg,0.0,Alan Varela,FC Porto,0.0,Alaettin Ekici,Fenerbahçe Spor Kulübü,0.0,Alexander Bah,SL Benfica,DEF,0.0
GW 308,1,Extra DEF,0.0,Adem Ağaoğlu,Trabzonspor Kulübü,0.0,Abdülkerim Bardakcı,Galatasaray Spor Kulübü,0.0,Abdou Fall,Fenerbahçe Spor Kulübü,0.0,Ada Yüzgeç,Galatasaray Spor Kulübü,0.0,Adam Montgomery,Celtic FC,DEF,0.0
GW 308,2,Extra DEF,0.0,Ahmet Yıldırım,Trabzonspor Kulübü,0.0,Adrian Barišić,Sporting Braga,0.0,Adnan Fettahoğlu,Fenerbahçe Spor Kulübü,0.0,Ahmed Kutucu,Galatasaray Spor Kulübü,0.0,Afonso Sousa,Sporting Braga,DEF,0.0
GW 308,3,Extra DEF,0.0,Alaa Bellaarouch,Sporting Braga,0.0,Ahmet Tekke,Trabzonspor Kulübü,0.0,Aiden McCallion,Rangers FC,0.0,Ahmet Bircan,Beşiktaş Jimnastik Kulübü,0.0,Alberto Costa,FC Porto,DEF,0.0
GW 308,4,Extra DEF,0.0,Alexander Schlager,FC Red Bull Salzburg,0.0,Aleksa Terzić,FC Red Bull Salzburg,0.0,Alan Varela,FC Porto,0.0,Alaettin Ekici,Fenerbahçe Spor Kulübü,0.0,Alexander Bah,SL Benfica,DEF,0.0
GW 307,1,Extra DEF,0.0,Adem Ağaoğlu,Trabzonspor Kulübü,0.0,Abdülkerim Bardakcı,Galatasaray Spor Kulübü,0.0,Abdou Fall,Fenerbahçe Spor Kulübü,0.0,Ada Yüzgeç,Galatasaray Spor Kulübü,0.0,Adam Montgomery,Celtic FC,DEF,0.0
GW 307,2,Extra DEF,0.0,Ahmet Yıldırım,Trabzonspor Kulübü,0.0,Adrian Barišić,Sporting Braga,0.0,Adnan Fettahoğlu,Fenerbahçe Spor Kulübü,0.0,Ahmed Kutucu,Galatasaray Spor Kulübü,0.0,Afonso Sousa,Sporting Braga,DEF,0.0
GW 307,3,Extra DEF,0.0,Alaa Bellaarouch,Sporting Braga,0.0,Ahmet Tekke,Trabzonspor Kulübü,0.0,Aiden McCallion,Rangers FC,0.0,Ahmet Bircan,Beşiktaş Jimnastik Kulübü,0.0,Alberto Costa,FC Porto,DEF,0.0
GW 307,4,Extra DEF,0.0,Alexander Schlager,FC Red Bull Salzburg,0.0,Aleksa Terzić,FC Red Bull Salzburg,0.0,Alan Varela,FC Porto,0.0,Alaettin Ekici,Fenerbahçe Spor Kulübü,0.0,Alexander Bah,SL Benfica,DEF,0.0
GW 306,1,Extra DEF,0.0,Adem Ağaoğlu,Trabzonspor Kulübü,0.0,Abdülkerim Bardakcı,Galatasaray Spor Kulübü,0.0,Abdou Fall,Fenerbahçe Spor Kulübü,0.0,Ada Yüzgeç,Galatasaray Spor Kulübü,0.0,Adam Montgomery,Celtic FC,DEF,0.0
GW 306,2,Extra DEF,0.0,Ahmet Yıldırım,Trabzonspor Kulübü,0.0,Adrian Barišić,Sporting Braga,0.0,Adnan Fettahoğlu,Fenerbahçe Spor Kulübü,0.0,Ahmed Kutucu,Galatasaray Spor Kulübü,0.0,Afonso Sousa,Sporting Braga,DEF,0.0
GW 306,3,Extra DEF,0.0,Alaa Bellaarouch,Sporting Braga,0.0,Ahmet Tekke,Trabzonspor Kulübü,0.0,Aiden McCallion,Rangers FC,0.0,Ahmet Bircan,Beşiktaş Jimnastik Kulübü,0.0,Alberto Costa,FC Porto,DEF,0.0
GW 306,4,Extra DEF,0.0,Alexander Schlager,FC Red Bull Salzburg,0.0,Aleksa Terzić,FC Red Bull Salzburg,0.0,Alan Varela,FC Porto,0.0,Alaettin Ekici,Fenerbahçe Spor Kulübü,0.0,Alexander Bah,SL Benfica,DEF,0.0
GW 305,1,Extra DEF,0.0,Adem Ağaoğlu,Trabzonspor Kulübü,0.0,Abdülkerim Bardakcı,Galatasaray Spor Kulübü,0.0,Abdou Fall,Fenerbahçe Spor Kulübü,0.0,Ada Yüzgeç,Galatasaray Spor Kulübü,0.0,Adam Montgomery,Celtic FC,DEF,0.0
GW 305,2,Extra DEF,0.0,Ahmet Yıldırım,Trabzonspor Kulübü,0.0,Adrian Barišić,Sporting Braga,0.0,Adnan Fettahoğlu,Fenerbahçe Spor Kulübü,0.0,Ahmed Kutucu,Galatasaray Spor Kulübü,0.0,Afonso Sousa,Sporting Braga,DEF,0.0
GW 305,3,Extra DEF,0.0,Alaa Bellaarouch,Sporting Braga,0.0,Ahmet Tekke,Trabzonspor Kulübü,0.0,Aiden McCallion,Rangers FC,0.0,Ahmet Bircan,Beşiktaş Jimnastik Kulübü,0.0,Alberto Costa,FC Porto,DEF,0.0
GW 305,4,Extra DEF,0.0,Alexander Schlager,FC Red Bull Salzburg,0.0,Aleksa Terzić,FC Red Bull Salzburg,0.0,Alan Varela,FC Porto,0.0,Alaettin Ekici,Fenerbahçe Spor Kulübü,0.0,Alexander Bah,SL Benfica,DEF,0.0
GW 304,1,Extra DEF,0.0,Adem Ağaoğlu,Trabzonspor Kulübü,0.0,Abdülkerim Bardakcı,Galatasaray Spor Kulübü,0.0,Abdou Fall,Fenerbahçe Spor Kulübü,0.0,Ada Yüzgeç,Galatasaray Spor Kulübü,0.0,Adam Montgomery,Celtic FC,DEF,0.0
GW 304,2,Extra DEF,0.0,Ahmet Yıldırım,Trabzonspor Kulübü,0.0,Adrian Barišić,Sporting Braga,0.0,Adnan Fettahoğlu,Fenerbahçe Spor Kulübü,0.0,Ahmed Kutucu,Galatasaray Spor Kulübü,0.0,Afonso Sousa,Sporting Braga,DEF,0.0
GW 304,3,Extra DEF,0.0,Alaa Bellaarouch,Sporting Braga,0.0,Ahmet Tekke,Trabzonspor Kulübü,0.0,Aiden McCallion,Rangers FC,0.0,Ahmet Bircan,Beşiktaş Jimnastik Kulübü,0.0,Alberto Costa,FC Porto,DEF,0.0
GW 304,4,Extra DEF,0.0,Alexander Schlager,FC Red Bull Salzburg,0.0,Aleksa Terzić,FC Red Bull Salzburg,0.0,Alan Varela,FC Porto,0.0,Alaettin Ekici,Fenerbahçe Spor Kulübü,0.0,Alexander Bah,SL Benfica,DEF,0.0
GW 303,1,Extra DEF,0.0,Adem Ağaoğlu,Trabzonspor Kulübü,0.0,Abdülkerim Bardakcı,Galatasaray Spor Kulübü,0.0,Abdou Fall,Fenerbahçe Spor Kulübü,0.0,Ada Yüzgeç,Galatasaray Spor Kulübü,0.0,Adam Montgomery,Celtic FC,DEF,0.0
GW 303,2,Extra DEF,0.0,Ahmet Yıldırım,Trabzonspor Kulübü,0.0,Adrian Barišić,Sporting Braga,0.0,Adnan Fettahoğlu,Fenerbahçe Spor Kulübü,0.0,Ahmed Kutucu,Galatasaray Spor Kulübü,0.0,Afonso Sousa,Sporting Braga,DEF,0.0
GW 303,3,Extra DEF,0.0,Alaa Bellaarouch,Sporting Braga,0.0,Ahmet Tekke,Trabzonspor Kulübü,0.0,Aiden McCallion,Rangers FC,0.0,Ahmet Bircan,Beşiktaş Jimnastik Kulübü,0.0,Alberto Costa,FC Porto,DEF,0.0
GW 303,4,Extra DEF,0.0,Alexander Schlager,FC Red Bull Salzburg,0.0,Aleksa Terzić,FC Red Bull Salzburg,0.0,Alan Varela,FC Porto,0.0,Alaettin Ekici,Fenerbahçe Spor Kulübü,0.0,Alexander Bah,SL Benfica,DEF,0.0
GW 302,1,Extra DEF,0.0,Adem Ağaoğlu,Trabzonspor Kulübü,0.0,Abdülkerim Bardakcı,Galatasaray Spor Kulübü,0.0,Abdou Fall,Fenerbahçe Spor Kulübü,0.0,Ada Yüzgeç,Galatasaray Spor Kulübü,0.0,Adam Montgomery,Celtic FC,DEF,0.0
GW 302,2,Extra DEF,0.0,Ahmet Yıldırım,Trabzonspor Kulübü,0.0,Adrian Barišić,Sporting Braga,0.0,Adnan Fettahoğlu,Fenerbahçe Spor Kulübü,0.0,Ahmed Kutucu,Galatasaray Spor Kulübü,0.0,Afonso Sousa,Sporting Braga,DEF,0.0
GW 302,3,Extra DEF,0.0,Alaa Bellaarouch,Sporting Braga,0.0,Ahmet Tekke,Trabzonspor Kulübü,0.0,Aiden McCallion,Rangers FC,0.0,Ahmet Bircan,Beşiktaş Jimnastik Kulübü,0.0,Alberto Costa,FC Porto,DEF,0.0
GW 302,4,Extra DEF,0.0,Alexander Schlager,FC Red Bull Salzburg,0.0,Aleksa Terzić,FC Red Bull Salzburg,0.0,Alan Varela,FC Porto,0.0,Alaettin Ekici,Fenerbahçe Spor Kulübü,0.0,Alexander Bah,SL Benfica,DEF,0.0
GW 301,1,Extra DEF,0.0,Adem Ağaoğlu,Trabzonspor Kulübü,0.0,Abdülkerim Bardakcı,Galatasaray Spor Kulübü,0.0,Abdou Fall,Fenerbahçe Spor Kulübü,0.0,Ada Yüzgeç,Galatasaray Spor Kulübü,0.0,Adam Montgomery,Celtic FC,DEF,0.0
GW 301,2,Extra DEF,0.0,Ahmet Yıldırım,Trabzonspor Kulübü,0.0,Adrian Barišić,Sporting Braga,0.0,Adnan Fettahoğlu,Fenerbahçe Spor Kulübü,0.0,Ahmed Kutucu,Galatasaray Spor Kulübü,0.0,Afonso Sousa,Sporting Braga,DEF,0.0
GW 301,3,Extra DEF,0.0,Alaa Bellaarouch,Sporting Braga,0.0,Ahmet Tekke,Trabzonspor Kulübü,0.0,Aiden McCallion,Rangers FC,0.0,Ahmet Bircan,Beşiktaş Jimnastik Kulübü,0.0,Alberto Costa,FC Porto,DEF,0.0
GW 301,4,Extra DEF,0.0,Alexander Schlager,FC Red Bull Salzburg,0.0,Aleksa Terzić,FC Red Bull Salzburg,0.0,Alan Varela,FC Porto,0.0,Alaettin Ekici,Fenerbahçe Spor Kulübü,0.0,Alexander Bah,SL Benfica,DEF,0.0
GW 300,1,Extra DEF,0.0,Adem Ağaoğlu,Trabzonspor Kulübü,0.0,Abdülkerim Bardakcı,Galatasaray Spor Kulübü,0.0,Abdou Fall,Fenerbahçe Spor Kulübü,0.0,Ada Yüzgeç,Galatasaray Spor Kulübü,0.0,Adam Montgomery,Celtic FC,DEF,0.0
GW 300,2,Extra DEF,0.0,Ahmet Yıldırım,Trabzonspor Kulübü,0.0,Adrian Barišić,Sporting Braga,0.0,Adnan Fettahoğlu,Fenerbahçe Spor Kulübü,0.0,Ahmed Kutucu,Galatasaray Spor Kulübü,0.0,Afonso Sousa,Sporting Braga,DEF,0.0
GW 300,3,Extra DEF,0.0,Alaa Bellaarouch,Sporting Braga,0.0,Ahmet Tekke,Trabzonspor Kulübü,0.0,Aiden McCallion,Rangers FC,0.0,Ahmet Bircan,Beşiktaş Jimnastik Kulübü,0.0,Alberto Costa,FC Porto,DEF,0.0
GW 300,4,Extra DEF,0.0,Alexander Schlager,FC Red Bull Salzburg,0.0,Aleksa Terzić,FC Red Bull Salzburg,0.0,Alan Varela,FC Porto,0.0,Alaettin Ekici,Fenerbahçe Spor Kulübü,0.0,Alexander Bah,SL Benfica,DEF,0.0
GW 299,1,Extra DEF,0.0,Adem Ağaoğlu,Trabzonspor Kulübü,0.0,Abdülkerim Bardakcı,Galatasaray Spor Kulübü,0.0,Abdou Fall,Fenerbahçe Spor Kulübü,0.0,Ada Yüzgeç,Galatasaray Spor Kulübü,0.0,Adam Montgomery,Celtic FC,DEF,0.0
GW 299,2,Extra DEF,0.0,Ahmet Yıldırım,Trabzonspor Kulübü,0.0,Adrian Barišić,Sporting Braga,0.0,Adnan Fettahoğlu,Fenerbahçe Spor Kulübü,0.0,Ahmed Kutucu,Galatasaray Spor Kulübü,0.0,Afonso Sousa,Sporting Braga,DEF,0.0
GW 299,3,Extra DEF,0.0,Alaa Bellaarouch,Sporting Braga,0.0,Ahmet Tekke,Trabzonspor Kulübü,0.0,Aiden McCallion,Rangers FC,0.0,Ahmet Bircan,Beşiktaş Jimnastik Kulübü,0.0,Alberto Costa,FC Porto,DEF,0.0
GW 299,4,Extra DEF,0.0,Alexander Schlager,FC Red Bull Salzburg,0.0,Aleksa Terzić,FC Red Bull Salzburg,0.0,Alan Varela,FC Porto,0.0,Alaettin Ekici,Fenerbahçe Spor Kulübü,0.0,Alexander Bah,SL Benfica,DEF,0.0
GW 298,1,Extra DEF,0.0,Adem Ağaoğlu,Trabzonspor Kulübü,0.0,Abdülkerim Bardakcı,Galatasaray Spor Kulübü,0.0,Abdou Fall,Fenerbahçe Spor Kulübü,0.0,Ada Yüzgeç,Galatasaray Spor Kulübü,0.0,Adam Montgomery,Celtic FC,DEF,0.0
GW 298,2,Extra DEF,0.0,Ahmet Yıldırım,Trabzonspor Kulübü,0.0,Adrian Barišić,Sporting Braga,0.0,Adnan Fettahoğlu,Fenerbahçe Spor Kulübü,0.0,Ahmed Kutucu,Galatasaray Spor Kulübü,0.0,Afonso Sousa,Sporting Braga,DEF,0.0
GW 298,3,Extra DEF,0.0,Alaa Bellaarouch,Sporting Braga,0.0,Ahmet Tekke,Trabzonspor Kulübü,0.0,Aiden McCallion,Rangers FC,0.0,Ahmet Bircan,Beşiktaş Jimnastik Kulübü,0.0,Alberto Costa,FC Porto,DEF,0.0
GW 298,4,Extra DEF,0.0,Alexander Schlager,FC Red Bull Salzburg,0.0,Aleksa Terzić,FC Red Bull Salzburg,0.0,Alan Varela,FC Porto,0.0,Alaettin Ekici,Fenerbahçe Spor Kulübü,0.0,Alexander Bah,SL Benfica,DEF,0.0
GW 297,1,Extra DEF,0.0,Adem Ağaoğlu,Trabzonspor Kulübü,0.0,Abdülkerim Bardakcı,Galatasaray Spor Kulübü,0.0,Abdou Fall,Fenerbahçe Spor Kulübü,0.0,Ada Yüzgeç,Galatasaray Spor Kulübü,0.0,Adam Montgomery,Celtic FC,DEF,0.0
GW 297,2,Extra DEF,0.0,Ahmet Yıldırım,Trabzonspor Kulübü,0.0,Adrian Barišić,Sporting Braga,0.0,Adnan Fettahoğlu,Fenerbahçe Spor Kulübü,0.0,Ahmed Kutucu,Galatasaray Spor Kulübü,0.0,Afonso Sousa,Sporting Braga,DEF,0.0
GW 297,3,Extra DEF,0.0,Alaa Bellaarouch,Sporting Braga,0.0,Ahmet Tekke,Trabzonspor Kulübü,0.0,Aiden McCallion,Rangers FC,0.0,Ahmet Bircan,Beşiktaş Jimnastik Kulübü,0.0,Alberto Costa,FC Porto,DEF,0.0
GW 297,4,Extra DEF,0.0,Alexander Schlager,FC Red Bull Salzburg,0.0,Aleksa Terzić,FC Red Bull Salzburg,0.0,Alan Varela,FC Porto,0.0,Alaettin Ekici,Fenerbahçe Spor Kulübü,0.0,Alexander Bah,SL Benfica,DEF,0.0
GW 296,1,Extra DEF,0.0,Adem Ağaoğlu,Trabzonspor Kulübü,0.0,Abdülkerim Bardakcı,Galatasaray Spor Kulübü,0.0,Abdou Fall,Fenerbahçe Spor Kulübü,0.0,Ada Yüzgeç,Galatasaray Spor Kulübü,0.0,Adam Montgomery,Celtic FC,DEF,0.0
GW 296,2,Extra DEF,0.0,Ahmet Yıldırım,Trabzonspor Kulübü,0.0,Adrian Barišić,Sporting Braga,0.0,Adnan Fettahoğlu,Fenerbahçe Spor Kulübü,0.0,Ahmed Kutucu,Galatasaray Spor Kulübü,0.0,Afonso Sousa,Sporting Braga,DEF,0.0
GW 296,3,Extra DEF,0.0,Alaa Bellaarouch,Sporting Braga,0.0,Ahmet Tekke,Trabzonspor Kulübü,0.0,Aiden McCallion,Rangers FC,0.0,Ahmet Bircan,Beşiktaş Jimnastik Kulübü,0.0,Alberto Costa,FC Porto,DEF,0.0
GW 296,4,Extra DEF,0.0,Alexander Schlager,FC Red Bull Salzburg,0.0,Aleksa Terzić,FC Red Bull Salzburg,0.0,Alan Varela,FC Porto,0.0,Alaettin Ekici,Fenerbahçe Spor Kulübü,0.0,Alexander Bah,SL Benfica,DEF,0.0
GW 295,1,Extra DEF,0.0,Adem Ağaoğlu,Trabzonspor Kulübü,0.0,Abdülkerim Bardakcı,Galatasaray Spor Kulübü,0.0,Abdou Fall,Fenerbahçe Spor Kulübü,0.0,Ada Yüzgeç,Galatasaray Spor Kulübü,0.0,Adam Montgomery,Celtic FC,DEF,0.0
GW 295,2,Extra DEF,0.0,Ahmet Yıldırım,Trabzonspor Kulübü,0.0,Adrian Barišić,Sporting Braga,0.0,Adnan Fettahoğlu,Fenerbahçe Spor Kulübü,0.0,Ahmed Kutucu,Galatasaray Spor Kulübü,0.0,Afonso Sousa,Sporting Braga,DEF,0.0
GW 295,3,Extra DEF,0.0,Alaa Bellaarouch,Sporting Braga,0.0,Ahmet Tekke,Trabzonspor Kulübü,0.0,Aiden McCallion,Rangers FC,0.0,Ahmet Bircan,Beşiktaş Jimnastik Kulübü,0.0,Alberto Costa,FC Porto,DEF,0.0
GW 295,4,Extra DEF,0.0,Alexander Schlager,FC Red Bull Salzburg,0.0,Aleksa Terzić,FC Red Bull Salzburg,0.0,Alan Varela,FC Porto,0.0,Alaettin Ekici,Fenerbahçe Spor Kulübü,0.0,Alexander Bah,SL Benfica,DEF,0.0
GW 294,1,Extra DEF,0.0,Adem Ağaoğlu,Trabzonspor Kulübü,0.0,Abdülkerim Bardakcı,Galatasaray Spor Kulübü,0.0,Abdou Fall,Fenerbahçe Spor Kulübü,0.0,Ada Yüzgeç,Galatasaray Spor Kulübü,0.0,Adam Montgomery,Celtic FC,DEF,0.0
GW 294,2,Extra DEF,0.0,Ahmet Yıldırım,Trabzonspor Kulübü,0.0,Adrian Barišić,Sporting Braga,0.0,Adnan Fettahoğlu,Fenerbahçe Spor Kulübü,0.0,Ahmed Kutucu,Galatasaray Spor Kulübü,0.0,Afonso Sousa,Sporting Braga,DEF,0.0
GW 294,3,Extra DEF,0.0,Alaa Bellaarouch,Sporting Braga,0.0,Ahmet Tekke,Trabzonspor Kulübü,0.0,Aiden McCallion,Rangers FC,0.0,Ahmet Bircan,Beşiktaş Jimnastik Kulübü,0.0,Alberto Costa,FC Porto,DEF,0.0
GW 294,4,Extra DEF,0.0,Alexander Schlager,FC Red Bull Salzburg,0.0,Aleksa Terzić,FC Red Bull Salzburg,0.0,Alan Varela,FC Porto,0.0,Alaettin Ekici,Fenerbahçe Spor Kulübü,0.0,Alexander Bah,SL Benfica,DEF,0.0
GW 293,1,Extra DEF,0.0,Adem Ağaoğlu,Trabzonspor Kulübü,0.0,Abdülkerim Bardakcı,Galatasaray Spor Kulübü,0.0,Abdou Fall,Fenerbahçe Spor Kulübü,0.0,Ada Yüzgeç,Galatasaray Spor Kulübü,0.0,Adam Montgomery,Celtic FC,DEF,0.0
GW 293,2,Extra DEF,0.0,Ahmet Yıldırım,Trabzonspor Kulübü,0.0,Adrian Barišić,Sporting Braga,0.0,Adnan Fettahoğlu,Fenerbahçe Spor Kulübü,0.0,Ahmed Kutucu,Galatasaray Spor Kulübü,0.0,Afonso Sousa,Sporting Braga,DEF,0.0
GW 293,3,Extra DEF,0.0,Alaa Bellaarouch,Sporting Braga,0.0,Ahmet Tekke,Trabzonspor Kulübü,0.0,Aiden McCallion,Rangers FC,0.0,Ahmet Bircan,Beşiktaş Jimnastik Kulübü,0.0,Alberto Costa,FC Porto,DEF,0.0
GW 293,4,Extra DEF,0.0,Alexander Schlager,FC Red Bull Salzburg,0.0,Aleksa Terzić,FC Red Bull Salzburg,0.0,Alan Varela,FC Porto,0.0,Alaettin Ekici,Fenerbahçe Spor Kulübü,0.0,Alexander Bah,SL Benfica,DEF,0.0
GW 292,1,Extra DEF,0.0,Adem Ağaoğlu,Trabzonspor Kulübü,0.0,Abdülkerim Bardakcı,Galatasaray Spor Kulübü,0.0,Abdou Fall,Fenerbahçe Spor Kulübü,0.0,Ada Yüzgeç,Galatasaray Spor Kulübü,0.0,Adam Montgomery,Celtic FC,DEF,0.0
GW 292,2,Extra DEF,0.0,Ahmet Yıldırım,Trabzonspor Kulübü,0.0,Adrian Barišić,Sporting Braga,0.0,Adnan Fettahoğlu,Fenerbahçe Spor Kulübü,0.0,Ahmed Kutucu,Galatasaray Spor Kulübü,0.0,Afonso Sousa,Sporting Braga,DEF,0.0
GW 292,3,Extra DEF,0.0,Alaa Bellaarouch,Sporting Braga,0.0,Ahmet Tekke,Trabzonspor Kulübü,0.0,Aiden McCallion,Rangers FC,0.0,Ahmet Bircan,Beşiktaş Jimnastik Kulübü,0.0,Alberto Costa,FC Porto,DEF,0.0
GW 292,4,Extra DEF,0.0,Alexander Schlager,FC Red Bull Salzburg,0.0,Aleksa Terzić,FC Red Bull Salzburg,0.0,Alan Varela,FC Porto,0.0,Alaettin Ekici,Fenerbahçe Spor Kulübü,0.0,Alexander Bah,SL Benfica,DEF,0.0
GW 291,1,Extra DEF,0.0,Adem Ağaoğlu,Trabzonspor Kulübü,0.0,Abdülkerim Bardakcı,Galatasaray Spor Kulübü,0.0,Abdou Fall,Fenerbahçe Spor Kulübü,0.0,Ada Yüzgeç,Galatasaray Spor Kulübü,0.0,Adam Montgomery,Celtic FC,DEF,0.0
GW 291,2,Extra DEF,0.0,Ahmet Yıldırım,Trabzonspor Kulübü,0.0,Adrian Barišić,Sporting Braga,0.0,Adnan Fettahoğlu,Fenerbahçe Spor Kulübü,0.0,Ahmed Kutucu,Galatasaray Spor Kulübü,0.0,Afonso Sousa,Sporting Braga,DEF,0.0
GW 291,3,Extra DEF,0.0,Alaa Bellaarouch,Sporting Braga,0.0,Ahmet Tekke,Trabzonspor Kulübü,0.0,Aiden McCallion,Rangers FC,0.0,Ahmet Bircan,Beşiktaş Jimnastik Kulübü,0.0,Alberto Costa,FC Porto,DEF,0.0
GW 291,4,Extra DEF,0.0,Alexander Schlager,FC Red Bull Salzburg,0.0,Aleksa Terzić,FC Red Bull Salzburg,0.0,Alan Varela,FC Porto,0.0,Alaettin Ekici,Fenerbahçe Spor Kulübü,0.0,Alexander Bah,SL Benfica,DEF,0.0
GW 290,1,Extra DEF,0.0,Adem Ağaoğlu,Trabzonspor Kulübü,0.0,Abdülkerim Bardakcı,Galatasaray Spor Kulübü,0.0,Abdou Fall,Fenerbahçe Spor Kulübü,0.0,Ada Yüzgeç,Galatasaray Spor Kulübü,0.0,Adam Montgomery,Celtic FC,DEF,0.0
GW 290,2,Extra DEF,0.0,Ahmet Yıldırım,Trabzonspor Kulübü,0.0,Adrian Barišić,Sporting Braga,0.0,Adnan Fettahoğlu,Fenerbahçe Spor Kulübü,0.0,Ahmed Kutucu,Galatasaray Spor Kulübü,0.0,Afonso Sousa,Sporting Braga,DEF,0.0
GW 290,3,Extra DEF,0.0,Alaa Bellaarouch,Sporting Braga,0.0,Ahmet Tekke,Trabzonspor Kulübü,0.0,Aiden McCallion,Rangers FC,0.0,Ahmet Bircan,Beşiktaş Jimnastik Kulübü,0.0,Alberto Costa,FC Porto,DEF,0.0
GW 290,4,Extra DEF,0.0,Alexander Schlager,FC Red Bull Salzburg,0.0,Aleksa Terzić,FC Red Bull Salzburg,0.0,Alan Varela,FC Porto,0.0,Alaettin Ekici,Fenerbahçe Spor Kulübü,0.0,Alexander Bah,SL Benfica,DEF,0.0
GW 289,1,Extra DEF,0.0,Adem Ağaoğlu,Trabzonspor Kulübü,0.0,Abdülkerim Bardakcı,Galatasaray Spor Kulübü,0.0,Abdou Fall,Fenerbahçe Spor Kulübü,0.0,Ada Yüzgeç,Galatasaray Spor Kulübü,0.0,Adam Montgomery,Celtic FC,DEF,0.0
GW 289,2,Extra DEF,0.0,Ahmet Yıldırım,Trabzonspor Kulübü,0.0,Adrian Barišić,Sporting Braga,0.0,Adnan Fettahoğlu,Fenerbahçe Spor Kulübü,0.0,Ahmed Kutucu,Galatasaray Spor Kulübü,0.0,Afonso Sousa,Sporting Braga,DEF,0.0
GW 289,3,Extra DEF,0.0,Alaa Bellaarouch,Sporting Braga,0.0,Ahmet Tekke,Trabzonspor Kulübü,0.0,Aiden McCallion,Rangers FC,0.0,Ahmet Bircan,Beşiktaş Jimnastik Kulübü,0.0,Alberto Costa,FC Porto,DEF,0.0
GW 289,4,Extra DEF,0.0,Alexander Schlager,FC Red Bull Salzburg,0.0,Aleksa Terzić,FC Red Bull Salzburg,0.0,Alan Varela,FC Porto,0.0,Alaettin Ekici,Fenerbahçe Spor Kulübü,0.0,Alexander Bah,SL Benfica,DEF,0.0
GW 288,1,Extra DEF,0.0,Adem Ağaoğlu,Trabzonspor Kulübü,0.0,Abdülkerim Bardakcı,Galatasaray Spor Kulübü,0.0,Abdou Fall,Fenerbahçe Spor Kulübü,0.0,Ada Yüzgeç,Galatasaray Spor Kulübü,0.0,Adam Montgomery,Celtic FC,DEF,0.0
GW 288,2,Extra DEF,0.0,Ahmet Yıldırım,Trabzonspor Kulübü,0.0,Adrian Barišić,Sporting Braga,0.0,Adnan Fettahoğlu,Fenerbahçe Spor Kulübü,0.0,Ahmed Kutucu,Galatasaray Spor Kulübü,0.0,Afonso Sousa,Sporting Braga,DEF,0.0
GW 288,3,Extra DEF,0.0,Alaa Bellaarouch,Sporting Braga,0.0,Ahmet Tekke,Trabzonspor Kulübü,0.0,Aiden McCallion,Rangers FC,0.0,Ahmet Bircan,Beşiktaş Jimnastik Kulübü,0.0,Alberto Costa,FC Porto,DEF,0.0
GW 288,4,Extra DEF,0.0,Alexander Schlager,FC Red Bull Salzburg,0.0,Aleksa Terzić,FC Red Bull Salzburg,0.0,Alan Varela,FC Porto,0.0,Alaettin Ekici,Fenerbahçe Spor Kulübü,0.0,Alexander Bah,SL Benfica,DEF,0.0
GW 287,1,Extra DEF,0.0,Adem Ağaoğlu,Trabzonspor Kulübü,0.0,Abdülkerim Bardakcı,Galatasaray Spor Kulübü,0.0,Abdou Fall,Fenerbahçe Spor Kulübü,0.0,Ada Yüzgeç,Galatasaray Spor Kulübü,0.0,Adam Montgomery,Celtic FC,DEF,0.0
GW 287,2,Extra DEF,0.0,Ahmet Yıldırım,Trabzonspor Kulübü,0.0,Adrian Barišić,Sporting Braga,0.0,Adnan Fettahoğlu,Fenerbahçe Spor Kulübü,0.0,Ahmed Kutucu,Galatasaray Spor Kulübü,0.0,Afonso Sousa,Sporting Braga,DEF,0.0
GW 287,3,Extra DEF,0.0,Alaa Bellaarouch,Sporting Braga,0.0,Ahmet Tekke,Trabzonspor Kulübü,0.0,Aiden McCallion,Rangers FC,0.0,Ahmet Bircan,Beşiktaş Jimnastik Kulübü,0.0,Alberto Costa,FC Porto,DEF,0.0
GW 287,4,Extra DEF,0.0,Alexander Schlager,FC Red Bull Salzburg,0.0,Aleksa Terzić,FC Red Bull Salzburg,0.0,Alan Varela,FC Porto,0.0,Alaettin Ekici,Fenerbahçe Spor Kulübü,0.0,Alexander Bah,SL Benfica,DEF,0.0
GW 286,1,Extra DEF,0.0,Adem Ağaoğlu,Trabzonspor Kulübü,0.0,Abdülkerim Bardakcı,Galatasaray Spor Kulübü,0.0,Abdou Fall,Fenerbahçe Spor Kulübü,0.0,Ada Yüzgeç,Galatasaray Spor Kulübü,0.0,Adam Montgomery,Celtic FC,DEF,0.0
GW 286,2,Extra DEF,0.0,Ahmet Yıldırım,Trabzonspor Kulübü,0.0,Adrian Barišić,Sporting Braga,0.0,Adnan Fettahoğlu,Fenerbahçe Spor Kulübü,0.0,Ahmed Kutucu,Galatasaray Spor Kulübü,0.0,Afonso Sousa,Sporting Braga,DEF,0.0
GW 286,3,Extra DEF,0.0,Alaa Bellaarouch,Sporting Braga,0.0,Ahmet Tekke,Trabzonspor Kulübü,0.0,Aiden McCallion,Rangers FC,0.0,Ahmet Bircan,Beşiktaş Jimnastik Kulübü,0.0,Alberto Costa,FC Porto,DEF,0.0
GW 286,4,Extra DEF,0.0,Alexander Schlager,FC Red Bull Salzburg,0.0,Aleksa Terzić,FC Red Bull Salzburg,0.0,Alan Varela,FC Porto,0.0,Alaettin Ekici,Fenerbahçe Spor Kulübü,0.0,Alexander Bah,SL Benfica,DEF,0.0
GW 285,1,Extra DEF,0.0,Adem Ağaoğlu,Trabzonspor Kulübü,0.0,Abdülkerim Bardakcı,Galatasaray Spor Kulübü,0.0,Abdou Fall,Fenerbahçe Spor Kulübü,0.0,Ada Yüzgeç,Galatasaray Spor Kulübü,0.0,Adam Montgomery,Celtic FC,DEF,0.0
GW 285,2,Extra DEF,0.0,Ahmet Yıldırım,Trabzonspor Kulübü,0.0,Adrian Barišić,Sporting Braga,0.0,Adnan Fettahoğlu,Fenerbahçe Spor Kulübü,0.0,Ahmed Kutucu,Galatasaray Spor Kulübü,0.0,Afonso Sousa,Sporting Braga,DEF,0.0
GW 285,3,Extra DEF,0.0,Alaa Bellaarouch,Sporting Braga,0.0,Ahmet Tekke,Trabzonspor Kulübü,0.0,Aiden McCallion,Rangers FC,0.0,Ahmet Bircan,Beşiktaş Jimnastik Kulübü,0.0,Alberto Costa,FC Porto,DEF,0.0
GW 285,4,Extra DEF,0.0,Alexander Schlager,FC Red Bull Salzburg,0.0,Aleksa Terzić,FC Red Bull Salzburg,0.0,Alan Varela,FC Porto,0.0,Alaettin Ekici,Fenerbahçe Spor Kulübü,0.0,Alexander Bah,SL Benfica,DEF,0.0
GW 284,1,Extra DEF,0.0,Adem Ağaoğlu,Trabzonspor Kulübü,0.0,Abdülkerim Bardakcı,Galatasaray Spor Kulübü,0.0,Abdou Fall,Fenerbahçe Spor Kulübü,0.0,Ada Yüzgeç,Galatasaray Spor Kulübü,0.0,Adam Montgomery,Celtic FC,DEF,0.0
GW 284,2,Extra DEF,0.0,Ahmet Yıldırım,Trabzonspor Kulübü,0.0,Adrian Barišić,Sporting Braga,0.0,Adnan Fettahoğlu,Fenerbahçe Spor Kulübü,0.0,Ahmed Kutucu,Galatasaray Spor Kulübü,0.0,Afonso Sousa,Sporting Braga,DEF,0.0
GW 284,3,Extra DEF,0.0,Alaa Bellaarouch,Sporting Braga,0.0,Ahmet Tekke,Trabzonspor Kulübü,0.0,Aiden McCallion,Rangers FC,0.0,Ahmet Bircan,Beşiktaş Jimnastik Kulübü,0.0,Alberto Costa,FC Porto,DEF,0.0
GW 284,4,Extra DEF,0.0,Alexander Schlager,FC Red Bull Salzburg,0.0,Aleksa Terzić,FC Red Bull Salzburg,0.0,Alan Varela,FC Porto,0.0,Alaettin Ekici,Fenerbahçe Spor Kulübü,0.0,Alexander Bah,SL Benfica,DEF,0.0
GW 283,1,Extra DEF,0.0,Adem Ağaoğlu,Trabzonspor Kulübü,0.0,Abdülkerim Bardakcı,Galatasaray Spor Kulübü,0.0,Abdou Fall,Fenerbahçe Spor Kulübü,0.0,Ada Yüzgeç,Galatasaray Spor Kulübü,0.0,Adam Montgomery,Celtic FC,DEF,0.0
GW 283,2,Extra DEF,0.0,Ahmet Yıldırım,Trabzonspor Kulübü,0.0,Adrian Barišić,Sporting Braga,0.0,Adnan Fettahoğlu,Fenerbahçe Spor Kulübü,0.0,Ahmed Kutucu,Galatasaray Spor Kulübü,0.0,Afonso Sousa,Sporting Braga,DEF,0.0
GW 283,3,Extra DEF,0.0,Alaa Bellaarouch,Sporting Braga,0.0,Ahmet Tekke,Trabzonspor Kulübü,0.0,Aiden McCallion,Rangers FC,0.0,Ahmet Bircan,Beşiktaş Jimnastik Kulübü,0.0,Alberto Costa,FC Porto,DEF,0.0
GW 283,4,Extra DEF,0.0,Alexander Schlager,FC Red Bull Salzburg,0.0,Aleksa Terzić,FC Red Bull Salzburg,0.0,Alan Varela,FC Porto,0.0,Alaettin Ekici,Fenerbahçe Spor Kulübü,0.0,Alexander Bah,SL Benfica,DEF,0.0
GW 282,1,Extra DEF,0.0,Adem Ağaoğlu,Trabzonspor Kulübü,0.0,Abdülkerim Bardakcı,Galatasaray Spor Kulübü,0.0,Abdou Fall,Fenerbahçe Spor Kulübü,0.0,Ada Yüzgeç,Galatasaray Spor Kulübü,0.0,Adam Montgomery,Celtic FC,DEF,0.0
GW 282,2,Extra DEF,0.0,Ahmet Yıldırım,Trabzonspor Kulübü,0.0,Adrian Barišić,Sporting Braga,0.0,Adnan Fettahoğlu,Fenerbahçe Spor Kulübü,0.0,Ahmed Kutucu,Galatasaray Spor Kulübü,0.0,Afonso Sousa,Sporting Braga,DEF,0.0
GW 282,3,Extra DEF,0.0,Alaa Bellaarouch,Sporting Braga,0.0,Ahmet Tekke,Trabzonspor Kulübü,0.0,Aiden McCallion,Rangers FC,0.0,Ahmet Bircan,Beşiktaş Jimnastik Kulübü,0.0,Alberto Costa,FC Porto,DEF,0.0
GW 282,4,Extra DEF,0.0,Alexander Schlager,FC Red Bull Salzburg,0.0,Aleksa Terzić,FC Red Bull Salzburg,0.0,Alan Varela,FC Porto,0.0,Alaettin Ekici,Fenerbahçe Spor Kulübü,0.0,Alexander Bah,SL Benfica,DEF,0.0
GW 281,1,Extra DEF,0.0,Adem Ağaoğlu,Trabzonspor Kulübü,0.0,Abdülkerim Bardakcı,Galatasaray Spor Kulübü,0.0,Abdou Fall,Fenerbahçe Spor Kulübü,0.0,Ada Yüzgeç,Galatasaray Spor Kulübü,0.0,Adam Montgomery,Celtic FC,DEF,0.0
GW 281,2,Extra DEF,0.0,Ahmet Yıldırım,Trabzonspor Kulübü,0.0,Adrian Barišić,Sporting Braga,0.0,Adnan Fettahoğlu,Fenerbahçe Spor Kulübü,0.0,Ahmed Kutucu,Galatasaray Spor Kulübü,0.0,Afonso Sousa,Sporting Braga,DEF,0.0
GW 281,3,Extra DEF,0.0,Alaa Bellaarouch,Sporting Braga,0.0,Ahmet Tekke,Trabzonspor Kulübü,0.0,Aiden McCallion,Rangers FC,0.0,Ahmet Bircan,Beşiktaş Jimnastik Kulübü,0.0,Alberto Costa,FC Porto,DEF,0.0
GW 281,4,Extra DEF,0.0,Alexander Schlager,FC Red Bull Salzburg,0.0,Aleksa Terzić,FC Red Bull Salzburg,0.0,Alan Varela,FC Porto,0.0,Alaettin Ekici,Fenerbahçe Spor Kulübü,0.0,Alexander Bah,SL Benfica,DEF,0.0
GW 280,1,Extra DEF,0.0,Adem Ağaoğlu,Trabzonspor Kulübü,0.0,Abdülkerim Bardakcı,Galatasaray Spor Kulübü,0.0,Abdou Fall,Fenerbahçe Spor Kulübü,0.0,Ada Yüzgeç,Galatasaray Spor Kulübü,0.0,Adam Montgomery,Celtic FC,DEF,0.0
GW 280,2,Extra DEF,0.0,Ahmet Yıldırım,Trabzonspor Kulübü,0.0,Adrian Barišić,Sporting Braga,0.0,Adnan Fettahoğlu,Fenerbahçe Spor Kulübü,0.0,Ahmed Kutucu,Galatasaray Spor Kulübü,0.0,Afonso Sousa,Sporting Braga,DEF,0.0
GW 280,3,Extra DEF,0.0,Alaa Bellaarouch,Sporting Braga,0.0,Ahmet Tekke,Trabzonspor Kulübü,0.0,Aiden McCallion,Rangers FC,0.0,Ahmet Bircan,Beşiktaş Jimnastik Kulübü,0.0,Alberto Costa,FC Porto,DEF,0.0
GW 280,4,Extra DEF,0.0,Alexander Schlager,FC Red Bull Salzburg,0.0,Aleksa Terzić,FC Red Bull Salzburg,0.0,Alan Varela,FC Porto,0.0,Alaettin Ekici,Fenerbahçe Spor Kulübü,0.0,Alexander Bah,SL Benfica,DEF,0.0
GW 279,1,Extra DEF,0.0,Adem Ağaoğlu,Trabzonspor Kulübü,0.0,Abdülkerim Bardakcı,Galatasaray Spor Kulübü,0.0,Abdou Fall,Fenerbahçe Spor Kulübü,0.0,Ada Yüzgeç,Galatasaray Spor Kulübü,0.0,Adam Montgomery,Celtic FC,DEF,0.0
GW 279,2,Extra DEF,0.0,Ahmet Yıldırım,Trabzonspor Kulübü,0.0,Adrian Barišić,Sporting Braga,0.0,Adnan Fettahoğlu,Fenerbahçe Spor Kulübü,0.0,Ahmed Kutucu,Galatasaray Spor Kulübü,0.0,Afonso Sousa,Sporting Braga,DEF,0.0
GW 279,3,Extra DEF,0.0,Alaa Bellaarouch,Sporting Braga,0.0,Ahmet Tekke,Trabzonspor Kulübü,0.0,Aiden McCallion,Rangers FC,0.0,Ahmet Bircan,Beşiktaş Jimnastik Kulübü,0.0,Alberto Costa,FC Porto,DEF,0.0
GW 279,4,Extra DEF,0.0,Alexander Schlager,FC Red Bull Salzburg,0.0,Aleksa Terzić,FC Red Bull Salzburg,0.0,Alan Varela,FC Porto,0.0,Alaettin Ekici,Fenerbahçe Spor Kulübü,0.0,Alexander Bah,SL Benfica,DEF,0.0
GW 278,1,Extra DEF,0.0,Adem Ağaoğlu,Trabzonspor Kulübü,0.0,Abdülkerim Bardakcı,Galatasaray Spor Kulübü,0.0,Abdou Fall,Fenerbahçe Spor Kulübü,0.0,Ada Yüzgeç,Galatasaray Spor Kulübü,0.0,Adam Montgomery,Celtic FC,DEF,0.0
GW 278,2,Extra DEF,0.0,Ahmet Yıldırım,Trabzonspor Kulübü,0.0,Adrian Barišić,Sporting Braga,0.0,Adnan Fettahoğlu,Fenerbahçe Spor Kulübü,0.0,Ahmed Kutucu,Galatasaray Spor Kulübü,0.0,Afonso Sousa,Sporting Braga,DEF,0.0
GW 278,3,Extra DEF,0.0,Alaa Bellaarouch,Sporting Braga,0.0,Ahmet Tekke,Trabzonspor Kulübü,0.0,Aiden McCallion,Rangers FC,0.0,Ahmet Bircan,Beşiktaş Jimnastik Kulübü,0.0,Alberto Costa,FC Porto,DEF,0.0
GW 278,4,Extra DEF,0.0,Alexander Schlager,FC Red Bull Salzburg,0.0,Aleksa Terzić,FC Red Bull Salzburg,0.0,Alan Varela,FC Porto,0.0,Alaettin Ekici,Fenerbahçe Spor Kulübü,0.0,Alexander Bah,SL Benfica,DEF,0.0
GW 277,1,Extra DEF,0.0,Adem Ağaoğlu,Trabzonspor Kulübü,0.0,Abdülkerim Bardakcı,Galatasaray Spor Kulübü,0.0,Abdou Fall,Fenerbahçe Spor Kulübü,0.0,Ada Yüzgeç,Galatasaray Spor Kulübü,0.0,Adam Montgomery,Celtic FC,DEF,0.0
GW 277,2,Extra DEF,0.0,Ahmet Yıldırım,Trabzonspor Kulübü,0.0,Adrian Barišić,Sporting Braga,0.0,Adnan Fettahoğlu,Fenerbahçe Spor Kulübü,0.0,Ahmed Kutucu,Galatasaray Spor Kulübü,0.0,Afonso Sousa,Sporting Braga,DEF,0.0
GW 277,3,Extra DEF,0.0,Alaa Bellaarouch,Sporting Braga,0.0,Ahmet Tekke,Trabzonspor Kulübü,0.0,Aiden McCallion,Rangers FC,0.0,Ahmet Bircan,Beşiktaş Jimnastik Kulübü,0.0,Alberto Costa,FC Porto,DEF,0.0
GW 277,4,Extra DEF,0.0,Alexander Schlager,FC Red Bull Salzburg,0.0,Aleksa Terzić,FC Red Bull Salzburg,0.0,Alan Varela,FC Porto,0.0,Alaettin Ekici,Fenerbahçe Spor Kulübü,0.0,Alexander Bah,SL Benfica,DEF,0.0
GW 276,1,Extra DEF,0.0,Adem Ağaoğlu,Trabzonspor Kulübü,0.0,Abdülkerim Bardakcı,Galatasaray Spor Kulübü,0.0,Abdou Fall,Fenerbahçe Spor Kulübü,0.0,Ada Yüzgeç,Galatasaray Spor Kulübü,0.0,Adam Montgomery,Celtic FC,DEF,0.0
GW 276,2,Extra DEF,0.0,Ahmet Yıldırım,Trabzonspor Kulübü,0.0,Adrian Barišić,Sporting Braga,0.0,Adnan Fettahoğlu,Fenerbahçe Spor Kulübü,0.0,Ahmed Kutucu,Galatasaray Spor Kulübü,0.0,Afonso Sousa,Sporting Braga,DEF,0.0
GW 276,3,Extra DEF,0.0,Alaa Bellaarouch,Sporting Braga,0.0,Ahmet Tekke,Trabzonspor Kulübü,0.0,Aiden McCallion,Rangers FC,0.0,Ahmet Bircan,Beşiktaş Jimnastik Kulübü,0.0,Alberto Costa,FC Porto,DEF,0.0
GW 276,4,Extra DEF,0.0,Alexander Schlager,FC Red Bull Salzburg,0.0,Aleksa Terzić,FC Red Bull Salzburg,0.0,Alan Varela,FC Porto,0.0,Alaettin Ekici,Fenerbahçe Spor Kulübü,0.0,Alexander Bah,SL Benfica,DEF,0.0
GW 275,1,Extra DEF,0.0,Adem Ağaoğlu,Trabzonspor Kulübü,0.0,Abdülkerim Bardakcı,Galatasaray Spor Kulübü,0.0,Abdou Fall,Fenerbahçe Spor Kulübü,0.0,Ada Yüzgeç,Galatasaray Spor Kulübü,0.0,Adam Montgomery,Celtic FC,DEF,0.0
GW 275,2,Extra DEF,0.0,Ahmet Yıldırım,Trabzonspor Kulübü,0.0,Adrian Barišić,Sporting Braga,0.0,Adnan Fettahoğlu,Fenerbahçe Spor Kulübü,0.0,Ahmed Kutucu,Galatasaray Spor Kulübü,0.0,Afonso Sousa,Sporting Braga,DEF,0.0
GW 275,3,Extra DEF,0.0,Alaa Bellaarouch,Sporting Braga,0.0,Ahmet Tekke,Trabzonspor Kulübü,0.0,Aiden McCallion,Rangers FC,0.0,Ahmet Bircan,Beşiktaş Jimnastik Kulübü,0.0,Alberto Costa,FC Porto,DEF,0.0
GW 275,4,Extra DEF,0.0,Alexander Schlager,FC Red Bull Salzburg,0.0,Aleksa Terzić,FC Red Bull Salzburg,0.0,Alan Varela,FC Porto,0.0,Alaettin Ekici,Fenerbahçe Spor Kulübü,0.0,Alexander Bah,SL Benfica,DEF,0.0
GW 274,1,Extra DEF,0.0,Adem Ağaoğlu,Trabzonspor Kulübü,0.0,Abdülkerim Bardakcı,Galatasaray Spor Kulübü,0.0,Abdou Fall,Fenerbahçe Spor Kulübü,0.0,Ada Yüzgeç,Galatasaray Spor Kulübü,0.0,Adam Montgomery,Celtic FC,DEF,0.0
GW 274,2,Extra DEF,0.0,Ahmet Yıldırım,Trabzonspor Kulübü,0.0,Adrian Barišić,Sporting Braga,0.0,Adnan Fettahoğlu,Fenerbahçe Spor Kulübü,0.0,Ahmed Kutucu,Galatasaray Spor Kulübü,0.0,Afonso Sousa,Sporting Braga,DEF,0.0
GW 274,3,Extra DEF,0.0,Alaa Bellaarouch,Sporting Braga,0.0,Ahmet Tekke,Trabzonspor Kulübü,0.0,Aiden McCallion,Rangers FC,0.0,Ahmet Bircan,Beşiktaş Jimnastik Kulübü,0.0,Alberto Costa,FC Porto,DEF,0.0
GW 274,4,Extra DEF,0.0,Alexander Schlager,FC Red Bull Salzburg,0.0,Aleksa Terzić,FC Red Bull Salzburg,0.0,Alan Varela,FC Porto,0.0,Alaettin Ekici,Fenerbahçe Spor Kulübü,0.0,Alexander Bah,SL Benfica,DEF,0.0
GW 273,1,Extra DEF,0.0,Adem Ağaoğlu,Trabzonspor Kulübü,0.0,Abdülkerim Bardakcı,Galatasaray Spor Kulübü,0.0,Abdou Fall,Fenerbahçe Spor Kulübü,0.0,Ada Yüzgeç,Galatasaray Spor Kulübü,0.0,Adam Montgomery,Celtic FC,DEF,0.0
GW 273,2,Extra DEF,0.0,Ahmet Yıldırım,Trabzonspor Kulübü,0.0,Adrian Barišić,Sporting Braga,0.0,Adnan Fettahoğlu,Fenerbahçe Spor Kulübü,0.0,Ahmed Kutucu,Galatasaray Spor Kulübü,0.0,Afonso Sousa,Sporting Braga,DEF,0.0
GW 273,3,Extra DEF,0.0,Alaa Bellaarouch,Sporting Braga,0.0,Ahmet Tekke,Trabzonspor Kulübü,0.0,Aiden McCallion,Rangers FC,0.0,Ahmet Bircan,Beşiktaş Jimnastik Kulübü,0.0,Alberto Costa,FC Porto,DEF,0.0
GW 273,4,Extra DEF,0.0,Alexander Schlager,FC Red Bull Salzburg,0.0,Aleksa Terzić,FC Red Bull Salzburg,0.0,Alan Varela,FC Porto,0.0,Alaettin Ekici,Fenerbahçe Spor Kulübü,0.0,Alexander Bah,SL Benfica,DEF,0.0
GW 272,1,Extra DEF,0.0,Adem Ağaoğlu,Trabzonspor Kulübü,0.0,Abdülkerim Bardakcı,Galatasaray Spor Kulübü,0.0,Abdou Fall,Fenerbahçe Spor Kulübü,0.0,Ada Yüzgeç,Galatasaray Spor Kulübü,0.0,Adam Montgomery,Celtic FC,DEF,0.0
GW 272,2,Extra DEF,0.0,Ahmet Yıldırım,Trabzonspor Kulübü,0.0,Adrian Barišić,Sporting Braga,0.0,Adnan Fettahoğlu,Fenerbahçe Spor Kulübü,0.0,Ahmed Kutucu,Galatasaray Spor Kulübü,0.0,Afonso Sousa,Sporting Braga,DEF,0.0
GW 272,3,Extra DEF,0.0,Alaa Bellaarouch,Sporting Braga,0.0,Ahmet Tekke,Trabzonspor Kulübü,0.0,Aiden McCallion,Rangers FC,0.0,Ahmet Bircan,Beşiktaş Jimnastik Kulübü,0.0,Alberto Costa,FC Porto,DEF,0.0
GW 272,4,Extra DEF,0.0,Alexander Schlager,FC Red Bull Salzburg,0.0,Aleksa Terzić,FC Red Bull Salzburg,0.0,Alan Varela,FC Porto,0.0,Alaettin Ekici,Fenerbahçe Spor Kulübü,0.0,Alexander Bah,SL Benfica,DEF,0.0
GW 271,1,Extra DEF,0.0,Adem Ağaoğlu,Trabzonspor Kulübü,0.0,Abdülkerim Bardakcı,Galatasaray Spor Kulübü,0.0,Abdou Fall,Fenerbahçe Spor Kulübü,0.0,Ada Yüzgeç,Galatasaray Spor Kulübü,0.0,Adam Montgomery,Celtic FC,DEF,0.0
GW 271,2,Extra DEF,0.0,Ahmet Yıldırım,Trabzonspor Kulübü,0.0,Adrian Barišić,Sporting Braga,0.0,Adnan Fettahoğlu,Fenerbahçe Spor Kulübü,0.0,Ahmed Kutucu,Galatasaray Spor Kulübü,0.0,Afonso Sousa,Sporting Braga,DEF,0.0
GW 271,3,Extra DEF,0.0,Alaa Bellaarouch,Sporting Braga,0.0,Ahmet Tekke,Trabzonspor Kulübü,0.0,Aiden McCallion,Rangers FC,0.0,Ahmet Bircan,Beşiktaş Jimnastik Kulübü,0.0,Alberto Costa,FC Porto,DEF,0.0
GW 271,4,Extra DEF,0.0,Alexander Schlager,FC Red Bull Salzburg,0.0,Aleksa Terzić,FC Red Bull Salzburg,0.0,Alan Varela,FC Porto,0.0,Alaettin Ekici,Fenerbahçe Spor Kulübü,0.0,Alexander Bah,SL Benfica,DEF,0.0
GW 270,1,Extra DEF,0.0,Adem Ağaoğlu,Trabzonspor Kulübü,0.0,Abdülkerim Bardakcı,Galatasaray Spor Kulübü,0.0,Abdou Fall,Fenerbahçe Spor Kulübü,0.0,Ada Yüzgeç,Galatasaray Spor Kulübü,0.0,Adam Montgomery,Celtic FC,DEF,0.0
GW 270,2,Extra DEF,0.0,Ahmet Yıldırım,Trabzonspor Kulübü,0.0,Adrian Barišić,Sporting Braga,0.0,Adnan Fettahoğlu,Fenerbahçe Spor Kulübü,0.0,Ahmed Kutucu,Galatasaray Spor Kulübü,0.0,Afonso Sousa,Sporting Braga,DEF,0.0
GW 270,3,Extra DEF,0.0,Alaa Bellaarouch,Sporting Braga,0.0,Ahmet Tekke,Trabzonspor Kulübü,0.0,Aiden McCallion,Rangers FC,0.0,Ahmet Bircan,Beşiktaş Jimnastik Kulübü,0.0,Alberto Costa,FC Porto,DEF,0.0
GW 270,4,Extra DEF,0.0,Alexander Schlager,FC Red Bull Salzburg,0.0,Aleksa Terzić,FC Red Bull Salzburg,0.0,Alan Varela,FC Porto,0.0,Alaettin Ekici,Fenerbahçe Spor Kulübü,0.0,Alexander Bah,SL Benfica,DEF,0.0
GW 269,1,Extra DEF,0.0,Adem Ağaoğlu,Trabzonspor Kulübü,0.0,Abdülkerim Bardakcı,Galatasaray Spor Kulübü,0.0,Abdou Fall,Fenerbahçe Spor Kulübü,0.0,Ada Yüzgeç,Galatasaray Spor Kulübü,0.0,Adam Montgomery,Celtic FC,DEF,0.0
GW 269,2,Extra DEF,0.0,Ahmet Yıldırım,Trabzonspor Kulübü,0.0,Adrian Barišić,Sporting Braga,0.0,Adnan Fettahoğlu,Fenerbahçe Spor Kulübü,0.0,Ahmed Kutucu,Galatasaray Spor Kulübü,0.0,Afonso Sousa,Sporting Braga,DEF,0.0
GW 269,3,Extra DEF,0.0,Alaa Bellaarouch,Sporting Braga,0.0,Ahmet Tekke,Trabzonspor Kulübü,0.0,Aiden McCallion,Rangers FC,0.0,Ahmet Bircan,Beşiktaş Jimnastik Kulübü,0.0,Alberto Costa,FC Porto,DEF,0.0
GW 269,4,Extra DEF,0.0,Alexander Schlager,FC Red Bull Salzburg,0.0,Aleksa Terzić,FC Red Bull Salzburg,0.0,Alan Varela,FC Porto,0.0,Alaettin Ekici,Fenerbahçe Spor Kulübü,0.0,Alexander Bah,SL Benfica,DEF,0.0
GW 268,1,Extra DEF,0.0,Adem Ağaoğlu,Trabzonspor Kulübü,0.0,Abdülkerim Bardakcı,Galatasaray Spor Kulübü,0.0,Abdou Fall,Fenerbahçe Spor Kulübü,0.0,Ada Yüzgeç,Galatasaray Spor Kulübü,0.0,Adam Montgomery,Celtic FC,DEF,0.0
GW 268,2,Extra DEF,0.0,Ahmet Yıldırım,Trabzonspor Kulübü,0.0,Adrian Barišić,Sporting Braga,0.0,Adnan Fettahoğlu,Fenerbahçe Spor Kulübü,0.0,Ahmed Kutucu,Galatasaray Spor Kulübü,0.0,Afonso Sousa,Sporting Braga,DEF,0.0
GW 268,3,Extra DEF,0.0,Alaa Bellaarouch,Sporting Braga,0.0,Ahmet Tekke,Trabzonspor Kulübü,0.0,Aiden McCallion,Rangers FC,0.0,Ahmet Bircan,Beşiktaş Jimnastik Kulübü,0.0,Alberto Costa,FC Porto,DEF,0.0
GW 268,4,Extra DEF,0.0,Alexander Schlager,FC Red Bull Salzburg,0.0,Aleksa Terzić,FC Red Bull Salzburg,0.0,Alan Varela,FC Porto,0.0,Alaettin Ekici,Fenerbahçe Spor Kulübü,0.0,Alexander Bah,SL Benfica,DEF,0.0
GW 267,1,Extra DEF,0.0,Adem Ağaoğlu,Trabzonspor Kulübü,0.0,Abdülkerim Bardakcı,Galatasaray Spor Kulübü,0.0,Abdou Fall,Fenerbahçe Spor Kulübü,0.0,Ada Yüzgeç,Galatasaray Spor Kulübü,0.0,Adam Montgomery,Celtic FC,DEF,0.0
GW 267,2,Extra DEF,0.0,Ahmet Yıldırım,Trabzonspor Kulübü,0.0,Adrian Barišić,Sporting Braga,0.0,Adnan Fettahoğlu,Fenerbahçe Spor Kulübü,0.0,Ahmed Kutucu,Galatasaray Spor Kulübü,0.0,Afonso Sousa,Sporting Braga,DEF,0.0
GW 267,3,Extra DEF,0.0,Alaa Bellaarouch,Sporting Braga,0.0,Ahmet Tekke,Trabzonspor Kulübü,0.0,Aiden McCallion,Rangers FC,0.0,Ahmet Bircan,Beşiktaş Jimnastik Kulübü,0.0,Alberto Costa,FC Porto,DEF,0.0
GW 267,4,Extra DEF,0.0,Alexander Schlager,FC Red Bull Salzburg,0.0,Aleksa Terzić,FC Red Bull Salzburg,0.0,Alan Varela,FC Porto,0.0,Alaettin Ekici,Fenerbahçe Spor Kulübü,0.0,Alexander Bah,SL Benfica,DEF,0.0
GW 266,1,Extra DEF,0.0,Adem Ağaoğlu,Trabzonspor Kulübü,0.0,Abdülkerim Bardakcı,Galatasaray Spor Kulübü,0.0,Abdou Fall,Fenerbahçe Spor Kulübü,0.0,Ada Yüzgeç,Galatasaray Spor Kulübü,0.0,Adam Montgomery,Celtic FC,DEF,0.0
GW 266,2,Extra DEF,0.0,Ahmet Yıldırım,Trabzonspor Kulübü,0.0,Adrian Barišić,Sporting Braga,0.0,Adnan Fettahoğlu,Fenerbahçe Spor Kulübü,0.0,Ahmed Kutucu,Galatasaray Spor Kulübü,0.0,Afonso Sousa,Sporting Braga,DEF,0.0
GW 266,3,Extra DEF,0.0,Alaa Bellaarouch,Sporting Braga,0.0,Ahmet Tekke,Trabzonspor Kulübü,0.0,Aiden McCallion,Rangers FC,0.0,Ahmet Bircan,Beşiktaş Jimnastik Kulübü,0.0,Alberto Costa,FC Porto,DEF,0.0
GW 266,4,Extra DEF,0.0,Alexander Schlager,FC Red Bull Salzburg,0.0,Aleksa Terzić,FC Red Bull Salzburg,0.0,Alan Varela,FC Porto,0.0,Alaettin Ekici,Fenerbahçe Spor Kulübü,0.0,Alexander Bah,SL Benfica,DEF,0.0
GW 265,1,Extra DEF,0.0,Adem Ağaoğlu,Trabzonspor Kulübü,0.0,Abdülkerim Bardakcı,Galatasaray Spor Kulübü,0.0,Abdou Fall,Fenerbahçe Spor Kulübü,0.0,Ada Yüzgeç,Galatasaray Spor Kulübü,0.0,Adam Montgomery,Celtic FC,DEF,0.0
GW 265,2,Extra DEF,0.0,Ahmet Yıldırım,Trabzonspor Kulübü,0.0,Adrian Barišić,Sporting Braga,0.0,Adnan Fettahoğlu,Fenerbahçe Spor Kulübü,0.0,Ahmed Kutucu,Galatasaray Spor Kulübü,0.0,Afonso Sousa,Sporting Braga,DEF,0.0
GW 265,3,Extra DEF,0.0,Alaa Bellaarouch,Sporting Braga,0.0,Ahmet Tekke,Trabzonspor Kulübü,0.0,Aiden McCallion,Rangers FC,0.0,Ahmet Bircan,Beşiktaş Jimnastik Kulübü,0.0,Alberto Costa,FC Porto,DEF,0.0
GW 265,4,Extra DEF,0.0,Alexander Schlager,FC Red Bull Salzburg,0.0,Aleksa Terzić,FC Red Bull Salzburg,0.0,Alan Varela,FC Porto,0.0,Alaettin Ekici,Fenerbahçe Spor Kulübü,0.0,Alexander Bah,SL Benfica,DEF,0.0
GW 264,1,Extra DEF,0.0,Adem Ağaoğlu,Trabzonspor Kulübü,0.0,Abdülkerim Bardakcı,Galatasaray Spor Kulübü,0.0,Abdou Fall,Fenerbahçe Spor Kulübü,0.0,Ada Yüzgeç,Galatasaray Spor Kulübü,0.0,Adam Montgomery,Celtic FC,DEF,0.0
GW 264,2,Extra DEF,0.0,Ahmet Yıldırım,Trabzonspor Kulübü,0.0,Adrian Barišić,Sporting Braga,0.0,Adnan Fettahoğlu,Fenerbahçe Spor Kulübü,0.0,Ahmed Kutucu,Galatasaray Spor Kulübü,0.0,Afonso Sousa,Sporting Braga,DEF,0.0
GW 264,3,Extra DEF,0.0,Alaa Bellaarouch,Sporting Braga,0.0,Ahmet Tekke,Trabzonspor Kulübü,0.0,Aiden McCallion,Rangers FC,0.0,Ahmet Bircan,Beşiktaş Jimnastik Kulübü,0.0,Alberto Costa,FC Porto,DEF,0.0
GW 264,4,Extra DEF,0.0,Alexander Schlager,FC Red Bull Salzburg,0.0,Aleksa Terzić,FC Red Bull Salzburg,0.0,Alan Varela,FC Porto,0.0,Alaettin Ekici,Fenerbahçe Spor Kulübü,0.0,Alexander Bah,SL Benfica,DEF,0.0
GW 263,1,Extra DEF,0.0,Adem Ağaoğlu,Trabzonspor Kulübü,0.0,Abdülkerim Bardakcı,Galatasaray Spor Kulübü,0.0,Abdou Fall,Fenerbahçe Spor Kulübü,0.0,Ada Yüzgeç,Galatasaray Spor Kulübü,0.0,Adam Montgomery,Celtic FC,DEF,0.0
GW 263,2,Extra DEF,0.0,Ahmet Yıldırım,Trabzonspor Kulübü,0.0,Adrian Barišić,Sporting Braga,0.0,Adnan Fettahoğlu,Fenerbahçe Spor Kulübü,0.0,Ahmed Kutucu,Galatasaray Spor Kulübü,0.0,Afonso Sousa,Sporting Braga,DEF,0.0
GW 263,3,Extra DEF,0.0,Alaa Bellaarouch,Sporting Braga,0.0,Ahmet Tekke,Trabzonspor Kulübü,0.0,Aiden McCallion,Rangers FC,0.0,Ahmet Bircan,Beşiktaş Jimnastik Kulübü,0.0,Alberto Costa,FC Porto,DEF,0.0
GW 263,4,Extra DEF,0.0,Alexander Schlager,FC Red Bull Salzburg,0.0,Aleksa Terzić,FC Red Bull Salzburg,0.0,Alan Varela,FC Porto,0.0,Alaettin Ekici,Fenerbahçe Spor Kulübü,0.0,Alexander Bah,SL Benfica,DEF,0.0
GW 262,1,Extra DEF,0.0,Adem Ağaoğlu,Trabzonspor Kulübü,0.0,Abdülkerim Bardakcı,Galatasaray Spor Kulübü,0.0,Abdou Fall,Fenerbahçe Spor Kulübü,0.0,Ada Yüzgeç,Galatasaray Spor Kulübü,0.0,Adam Montgomery,Celtic FC,DEF,0.0
GW 262,2,Extra DEF,0.0,Ahmet Yıldırım,Trabzonspor Kulübü,0.0,Adrian Barišić,Sporting Braga,0.0,Adnan Fettahoğlu,Fenerbahçe Spor Kulübü,0.0,Ahmed Kutucu,Galatasaray Spor Kulübü,0.0,Afonso Sousa,Sporting Braga,DEF,0.0
GW 262,3,Extra DEF,0.0,Alaa Bellaarouch,Sporting Braga,0.0,Ahmet Tekke,Trabzonspor Kulübü,0.0,Aiden McCallion,Rangers FC,0.0,Ahmet Bircan,Beşiktaş Jimnastik Kulübü,0.0,Alberto Costa,FC Porto,DEF,0.0
GW 262,4,Extra DEF,0.0,Alexander Schlager,FC Red Bull Salzburg,0.0,Aleksa Terzić,FC Red Bull Salzburg,0.0,Alan Varela,FC Porto,0.0,Alaettin Ekici,Fenerbahçe Spor Kulübü,0.0,Alexander Bah,SL Benfica,DEF,0.0
GW 261,1,Extra DEF,0.0,Adem Ağaoğlu,Trabzonspor Kulübü,0.0,Abdülkerim Bardakcı,Galatasaray Spor Kulübü,0.0,Abdou Fall,Fenerbahçe Spor Kulübü,0.0,Ada Yüzgeç,Galatasaray Spor Kulübü,0.0,Adam Montgomery,Celtic FC,DEF,0.0
GW 261,2,Extra DEF,0.0,Ahmet Yıldırım,Trabzonspor Kulübü,0.0,Adrian Barišić,Sporting Braga,0.0,Adnan Fettahoğlu,Fenerbahçe Spor Kulübü,0.0,Ahmed Kutucu,Galatasaray Spor Kulübü,0.0,Afonso Sousa,Sporting Braga,DEF,0.0
GW 261,3,Extra DEF,0.0,Alaa Bellaarouch,Sporting Braga,0.0,Ahmet Tekke,Trabzonspor Kulübü,0.0,Aiden McCallion,Rangers FC,0.0,Ahmet Bircan,Beşiktaş Jimnastik Kulübü,0.0,Alberto Costa,FC Porto,DEF,0.0
GW 261,4,Extra DEF,0.0,Alexander Schlager,FC Red Bull Salzburg,0.0,Aleksa Terzić,FC Red Bull Salzburg,0.0,Alan Varela,FC Porto,0.0,Alaettin Ekici,Fenerbahçe Spor Kulübü,0.0,Alexander Bah,SL Benfica,DEF,0.0
GW 260,1,Extra DEF,0.0,Adem Ağaoğlu,Trabzonspor Kulübü,0.0,Abdülkerim Bardakcı,Galatasaray Spor Kulübü,0.0,Abdou Fall,Fenerbahçe Spor Kulübü,0.0,Ada Yüzgeç,Galatasaray Spor Kulübü,0.0,Adam Montgomery,Celtic FC,DEF,0.0
GW 260,2,Extra DEF,0.0,Ahmet Yıldırım,Trabzonspor Kulübü,0.0,Adrian Barišić,Sporting Braga,0.0,Adnan Fettahoğlu,Fenerbahçe Spor Kulübü,0.0,Ahmed Kutucu,Galatasaray Spor Kulübü,0.0,Afonso Sousa,Sporting Braga,DEF,0.0
GW 260,3,Extra DEF,0.0,Alaa Bellaarouch,Sporting Braga,0.0,Ahmet Tekke,Trabzonspor Kulübü,0.0,Aiden McCallion,Rangers FC,0.0,Ahmet Bircan,Beşiktaş Jimnastik Kulübü,0.0,Alberto Costa,FC Porto,DEF,0.0
GW 260,4,Extra DEF,0.0,Alexander Schlager,FC Red Bull Salzburg,0.0,Aleksa Terzić,FC Red Bull Salzburg,0.0,Alan Varela,FC Porto,0.0,Alaettin Ekici,Fenerbahçe Spor Kulübü,0.0,Alexander Bah,SL Benfica,DEF,0.0
GW 259,1,Extra DEF,0.0,Adem Ağaoğlu,Trabzonspor Kulübü,0.0,Abdülkerim Bardakcı,Galatasaray Spor Kulübü,0.0,Abdou Fall,Fenerbahçe Spor Kulübü,0.0,Ada Yüzgeç,Galatasaray Spor Kulübü,0.0,Adam Montgomery,Celtic FC,DEF,0.0
GW 259,2,Extra DEF,0.0,Ahmet Yıldırım,Trabzonspor Kulübü,0.0,Adrian Barišić,Sporting Braga,0.0,Adnan Fettahoğlu,Fenerbahçe Spor Kulübü,0.0,Ahmed Kutucu,Galatasaray Spor Kulübü,0.0,Afonso Sousa,Sporting Braga,DEF,0.0
GW 259,3,Extra DEF,0.0,Alaa Bellaarouch,Sporting Braga,0.0,Ahmet Tekke,Trabzonspor Kulübü,0.0,Aiden McCallion,Rangers FC,0.0,Ahmet Bircan,Beşiktaş Jimnastik Kulübü,0.0,Alberto Costa,FC Porto,DEF,0.0
GW 259,4,Extra DEF,0.0,Alexander Schlager,FC Red Bull Salzburg,0.0,Aleksa Terzić,FC Red Bull Salzburg,0.0,Alan Varela,FC Porto,0.0,Alaettin Ekici,Fenerbahçe Spor Kulübü,0.0,Alexander Bah,SL Benfica,DEF,0.0
GW 258,1,Extra DEF,0.0,Adem Ağaoğlu,Trabzonspor Kulübü,0.0,Abdülkerim Bardakcı,Galatasaray Spor Kulübü,0.0,Abdou Fall,Fenerbahçe Spor Kulübü,0.0,Ada Yüzgeç,Galatasaray Spor Kulübü,0.0,Adam Montgomery,Celtic FC,DEF,0.0
GW 258,2,Extra DEF,0.0,Ahmet Yıldırım,Trabzonspor Kulübü,0.0,Adrian Barišić,Sporting Braga,0.0,Adnan Fettahoğlu,Fenerbahçe Spor Kulübü,0.0,Ahmed Kutucu,Galatasaray Spor Kulübü,0.0,Afonso Sousa,Sporting Braga,DEF,0.0
GW 258,3,Extra DEF,0.0,Alaa Bellaarouch,Sporting Braga,0.0,Ahmet Tekke,Trabzonspor Kulübü,0.0,Aiden McCallion,Rangers FC,0.0,Ahmet Bircan,Beşiktaş Jimnastik Kulübü,0.0,Alberto Costa,FC Porto,DEF,0.0
GW 258,4,Extra DEF,0.0,Alexander Schlager,FC Red Bull Salzburg,0.0,Aleksa Terzić,FC Red Bull Salzburg,0.0,Alan Varela,FC Porto,0.0,Alaettin Ekici,Fenerbahçe Spor Kulübü,0.0,Alexander Bah,SL Benfica,DEF,0.0
GW 257,1,Extra DEF,0.0,Adem Ağaoğlu,Trabzonspor Kulübü,0.0,Abdülkerim Bardakcı,Galatasaray Spor Kulübü,0.0,Abdou Fall,Fenerbahçe Spor Kulübü,0.0,Ada Yüzgeç,Galatasaray Spor Kulübü,0.0,Adam Montgomery,Celtic FC,DEF,0.0
GW 257,2,Extra DEF,0.0,Ahmet Yıldırım,Trabzonspor Kulübü,0.0,Adrian Barišić,Sporting Braga,0.0,Adnan Fettahoğlu,Fenerbahçe Spor Kulübü,0.0,Ahmed Kutucu,Galatasaray Spor Kulübü,0.0,Afonso Sousa,Sporting Braga,DEF,0.0
GW 257,3,Extra DEF,0.0,Alaa Bellaarouch,Sporting Braga,0.0,Ahmet Tekke,Trabzonspor Kulübü,0.0,Aiden McCallion,Rangers FC,0.0,Ahmet Bircan,Beşiktaş Jimnastik Kulübü,0.0,Alberto Costa,FC Porto,DEF,0.0
GW 257,4,Extra DEF,0.0,Alexander Schlager,FC Red Bull Salzburg,0.0,Aleksa Terzić,FC Red Bull Salzburg,0.0,Alan Varela,FC Porto,0.0,Alaettin Ekici,Fenerbahçe Spor Kulübü,0.0,Alexander Bah,SL Benfica,DEF,0.0
GW 256,1,Extra DEF,0.0,Adem Ağaoğlu,Trabzonspor Kulübü,0.0,Abdülkerim Bardakcı,Galatasaray Spor Kulübü,0.0,Abdou Fall,Fenerbahçe Spor Kulübü,0.0,Ada Yüzgeç,Galatasaray Spor Kulübü,0.0,Adam Montgomery,Celtic FC,DEF,0.0
GW 256,2,Extra DEF,0.0,Ahmet Yıldırım,Trabzonspor Kulübü,0.0,Adrian Barišić,Sporting Braga,0.0,Adnan Fettahoğlu,Fenerbahçe Spor Kulübü,0.0,Ahmed Kutucu,Galatasaray Spor Kulübü,0.0,Afonso Sousa,Sporting Braga,DEF,0.0
GW 256,3,Extra DEF,0.0,Alaa Bellaarouch,Sporting Braga,0.0,Ahmet Tekke,Trabzonspor Kulübü,0.0,Aiden McCallion,Rangers FC,0.0,Ahmet Bircan,Beşiktaş Jimnastik Kulübü,0.0,Alberto Costa,FC Porto,DEF,0.0
GW 256,4,Extra DEF,0.0,Alexander Schlager,FC Red Bull Salzburg,0.0,Aleksa Terzić,FC Red Bull Salzburg,0.0,Alan Varela,FC Porto,0.0,Alaettin Ekici,Fenerbahçe Spor Kulübü,0.0,Alexander Bah,SL Benfica,DEF,0.0
GW 255,1,Extra DEF,0.0,Adem Ağaoğlu,Trabzonspor Kulübü,0.0,Abdülkerim Bardakcı,Galatasaray Spor Kulübü,0.0,Abdou Fall,Fenerbahçe Spor Kulübü,0.0,Ada Yüzgeç,Galatasaray Spor Kulübü,0.0,Adam Montgomery,Celtic FC,DEF,0.0
GW 255,2,Extra DEF,0.0,Ahmet Yıldırım,Trabzonspor Kulübü,0.0,Adrian Barišić,Sporting Braga,0.0,Adnan Fettahoğlu,Fenerbahçe Spor Kulübü,0.0,Ahmed Kutucu,Galatasaray Spor Kulübü,0.0,Afonso Sousa,Sporting Braga,DEF,0.0
GW 255,3,Extra DEF,0.0,Alaa Bellaarouch,Sporting Braga,0.0,Ahmet Tekke,Trabzonspor Kulübü,0.0,Aiden McCallion,Rangers FC,0.0,Ahmet Bircan,Beşiktaş Jimnastik Kulübü,0.0,Alberto Costa,FC Porto,DEF,0.0
GW 255,4,Extra DEF,0.0,Alexander Schlager,FC Red Bull Salzburg,0.0,Aleksa Terzić,FC Red Bull Salzburg,0.0,Alan Varela,FC Porto,0.0,Alaettin Ekici,Fenerbahçe Spor Kulübü,0.0,Alexander Bah,SL Benfica,DEF,0.0
GW 254,1,Extra DEF,0.0,Adem Ağaoğlu,Trabzonspor Kulübü,0.0,Abdülkerim Bardakcı,Galatasaray Spor Kulübü,0.0,Abdou Fall,Fenerbahçe Spor Kulübü,0.0,Ada Yüzgeç,Galatasaray Spor Kulübü,0.0,Adam Montgomery,Celtic FC,DEF,0.0
GW 254,2,Extra DEF,0.0,Ahmet Yıldırım,Trabzonspor Kulübü,0.0,Adrian Barišić,Sporting Braga,0.0,Adnan Fettahoğlu,Fenerbahçe Spor Kulübü,0.0,Ahmed Kutucu,Galatasaray Spor Kulübü,0.0,Afonso Sousa,Sporting Braga,DEF,0.0
GW 254,3,Extra DEF,0.0,Alaa Bellaarouch,Sporting Braga,0.0,Ahmet Tekke,Trabzonspor Kulübü,0.0,Aiden McCallion,Rangers FC,0.0,Ahmet Bircan,Beşiktaş Jimnastik Kulübü,0.0,Alberto Costa,FC Porto,DEF,0.0
GW 254,4,Extra DEF,0.0,Alexander Schlager,FC Red Bull Salzburg,0.0,Aleksa Terzić,FC Red Bull Salzburg,0.0,Alan Varela,FC Porto,0.0,Alaettin Ekici,Fenerbahçe Spor Kulübü,0.0,Alexander Bah,SL Benfica,DEF,0.0
GW 253,1,Extra DEF,0.0,Adem Ağaoğlu,Trabzonspor Kulübü,0.0,Abdülkerim Bardakcı,Galatasaray Spor Kulübü,0.0,Abdou Fall,Fenerbahçe Spor Kulübü,0.0,Ada Yüzgeç,Galatasaray Spor Kulübü,0.0,Adam Montgomery,Celtic FC,DEF,0.0
GW 253,2,Extra DEF,0.0,Ahmet Yıldırım,Trabzonspor Kulübü,0.0,Adrian Barišić,Sporting Braga,0.0,Adnan Fettahoğlu,Fenerbahçe Spor Kulübü,0.0,Ahmed Kutucu,Galatasaray Spor Kulübü,0.0,Afonso Sousa,Sporting Braga,DEF,0.0
GW 253,3,Extra DEF,0.0,Alaa Bellaarouch,Sporting Braga,0.0,Ahmet Tekke,Trabzonspor Kulübü,0.0,Aiden McCallion,Rangers FC,0.0,Ahmet Bircan,Beşiktaş Jimnastik Kulübü,0.0,Alberto Costa,FC Porto,DEF,0.0
GW 253,4,Extra DEF,0.0,Alexander Schlager,FC Red Bull Salzburg,0.0,Aleksa Terzić,FC Red Bull Salzburg,0.0,Alan Varela,FC Porto,0.0,Alaettin Ekici,Fenerbahçe Spor Kulübü,0.0,Alexander Bah,SL Benfica,DEF,0.0
GW 252,1,Extra DEF,0.0,Adem Ağaoğlu,Trabzonspor Kulübü,0.0,Abdülkerim Bardakcı,Galatasaray Spor Kulübü,0.0,Abdou Fall,Fenerbahçe Spor Kulübü,0.0,Ada Yüzgeç,Galatasaray Spor Kulübü,0.0,Adam Montgomery,Celtic FC,DEF,0.0
GW 252,2,Extra DEF,0.0,Ahmet Yıldırım,Trabzonspor Kulübü,0.0,Adrian Barišić,Sporting Braga,0.0,Adnan Fettahoğlu,Fenerbahçe Spor Kulübü,0.0,Ahmed Kutucu,Galatasaray Spor Kulübü,0.0,Afonso Sousa,Sporting Braga,DEF,0.0
GW 252,3,Extra DEF,0.0,Alaa Bellaarouch,Sporting Braga,0.0,Ahmet Tekke,Trabzonspor Kulübü,0.0,Aiden McCallion,Rangers FC,0.0,Ahmet Bircan,Beşiktaş Jimnastik Kulübü,0.0,Alberto Costa,FC Porto,DEF,0.0
GW 252,4,Extra DEF,0.0,Alexander Schlager,FC Red Bull Salzburg,0.0,Aleksa Terzić,FC Red Bull Salzburg,0.0,Alan Varela,FC Porto,0.0,Alaettin Ekici,Fenerbahçe Spor Kulübü,0.0,Alexander Bah,SL Benfica,DEF,0.0
GW 251,1,Extra DEF,0.0,Adem Ağaoğlu,Trabzonspor Kulübü,0.0,Abdülkerim Bardakcı,Galatasaray Spor Kulübü,0.0,Abdou Fall,Fenerbahçe Spor Kulübü,0.0,Ada Yüzgeç,Galatasaray Spor Kulübü,0.0,Adam Montgomery,Celtic FC,DEF,0.0
GW 251,2,Extra DEF,0.0,Ahmet Yıldırım,Trabzonspor Kulübü,0.0,Adrian Barišić,Sporting Braga,0.0,Adnan Fettahoğlu,Fenerbahçe Spor Kulübü,0.0,Ahmed Kutucu,Galatasaray Spor Kulübü,0.0,Afonso Sousa,Sporting Braga,DEF,0.0
GW 251,3,Extra DEF,0.0,Alaa Bellaarouch,Sporting Braga,0.0,Ahmet Tekke,Trabzonspor Kulübü,0.0,Aiden McCallion,Rangers FC,0.0,Ahmet Bircan,Beşiktaş Jimnastik Kulübü,0.0,Alberto Costa,FC Porto,DEF,0.0
GW 251,4,Extra DEF,0.0,Alexander Schlager,FC Red Bull Salzburg,0.0,Aleksa Terzić,FC Red Bull Salzburg,0.0,Alan Varela,FC Porto,0.0,Alaettin Ekici,Fenerbahçe Spor Kulübü,0.0,Alexander Bah,SL Benfica,DEF,0.0
GW 250,1,Extra DEF,0.0,Adem Ağaoğlu,Trabzonspor Kulübü,0.0,Abdülkerim Bardakcı,Galatasaray Spor Kulübü,0.0,Abdou Fall,Fenerbahçe Spor Kulübü,0.0,Ada Yüzgeç,Galatasaray Spor Kulübü,0.0,Adam Montgomery,Celtic FC,DEF,0.0
GW 250,2,Extra DEF,0.0,Ahmet Yıldırım,Trabzonspor Kulübü,0.0,Adrian Barišić,Sporting Braga,0.0,Adnan Fettahoğlu,Fenerbahçe Spor Kulübü,0.0,Ahmed Kutucu,Galatasaray Spor Kulübü,0.0,Afonso Sousa,Sporting Braga,DEF,0.0
GW 250,3,Extra DEF,0.0,Alaa Bellaarouch,Sporting Braga,0.0,Ahmet Tekke,Trabzonspor Kulübü,0.0,Aiden McCallion,Rangers FC,0.0,Ahmet Bircan,Beşiktaş Jimnastik Kulübü,0.0,Alberto Costa,FC Porto,DEF,0.0
GW 250,4,Extra DEF,0.0,Alexander Schlager,FC Red Bull Salzburg,0.0,Aleksa Terzić,FC Red Bull Salzburg,0.0,Alan Varela,FC Porto,0.0,Alaettin Ekici,Fenerbahçe Spor Kulübü,0.0,Alexander Bah,SL Benfica,DEF,0.0
GW 249,1,Extra DEF,0.0,Adem Ağaoğlu,Trabzonspor Kulübü,0.0,Abdülkerim Bardakcı,Galatasaray Spor Kulübü,0.0,Abdou Fall,Fenerbahçe Spor Kulübü,0.0,Ada Yüzgeç,Galatasaray Spor Kulübü,0.0,Adam Montgomery,Celtic FC,DEF,0.0
GW 249,2,Extra DEF,0.0,Ahmet Yıldırım,Trabzonspor Kulübü,0.0,Adrian Barišić,Sporting Braga,0.0,Adnan Fettahoğlu,Fenerbahçe Spor Kulübü,0.0,Ahmed Kutucu,Galatasaray Spor Kulübü,0.0,Afonso Sousa,Sporting Braga,DEF,0.0
GW 249,3,Extra DEF,0.0,Alaa Bellaarouch,Sporting Braga,0.0,Ahmet Tekke,Trabzonspor Kulübü,0.0,Aiden McCallion,Rangers FC,0.0,Ahmet Bircan,Beşiktaş Jimnastik Kulübü,0.0,Alberto Costa,FC Porto,DEF,0.0
GW 249,4,Extra DEF,0.0,Alexander Schlager,FC Red Bull Salzburg,0.0,Aleksa Terzić,FC Red Bull Salzburg,0.0,Alan Varela,FC Porto,0.0,Alaettin Ekici,Fenerbahçe Spor Kulübü,0.0,Alexander Bah,SL Benfica,DEF,0.0
GW 248,1,Extra DEF,0.0,Adem Ağaoğlu,Trabzonspor Kulübü,0.0,Abdülkerim Bardakcı,Galatasaray Spor Kulübü,0.0,Abdou Fall,Fenerbahçe Spor Kulübü,0.0,Ada Yüzgeç,Galatasaray Spor Kulübü,0.0,Adam Montgomery,Celtic FC,DEF,0.0
GW 248,2,Extra DEF,0.0,Ahmet Yıldırım,Trabzonspor Kulübü,0.0,Adrian Barišić,Sporting Braga,0.0,Adnan Fettahoğlu,Fenerbahçe Spor Kulübü,0.0,Ahmed Kutucu,Galatasaray Spor Kulübü,0.0,Afonso Sousa,Sporting Braga,DEF,0.0
GW 248,3,Extra DEF,0.0,Alaa Bellaarouch,Sporting Braga,0.0,Ahmet Tekke,Trabzonspor Kulübü,0.0,Aiden McCallion,Rangers FC,0.0,Ahmet Bircan,Beşiktaş Jimnastik Kulübü,0.0,Alberto Costa,FC Porto,DEF,0.0
GW 248,4,Extra DEF,0.0,Alexander Schlager,FC Red Bull Salzburg,0.0,Aleksa Terzić,FC Red Bull Salzburg,0.0,Alan Varela,FC Porto,0.0,Alaettin Ekici,Fenerbahçe Spor Kulübü,0.0,Alexander Bah,SL Benfica,DEF,0.0
GW 247,1,Extra DEF,0.0,Adem Ağaoğlu,Trabzonspor Kulübü,0.0,Abdülkerim Bardakcı,Galatasaray Spor Kulübü,0.0,Abdou Fall,Fenerbahçe Spor Kulübü,0.0,Ada Yüzgeç,Galatasaray Spor Kulübü,0.0,Adam Montgomery,Celtic FC,DEF,0.0
GW 247,2,Extra DEF,0.0,Ahmet Yıldırım,Trabzonspor Kulübü,0.0,Adrian Barišić,Sporting Braga,0.0,Adnan Fettahoğlu,Fenerbahçe Spor Kulübü,0.0,Ahmed Kutucu,Galatasaray Spor Kulübü,0.0,Afonso Sousa,Sporting Braga,DEF,0.0
GW 247,3,Extra DEF,0.0,Alaa Bellaarouch,Sporting Braga,0.0,Ahmet Tekke,Trabzonspor Kulübü,0.0,Aiden McCallion,Rangers FC,0.0,Ahmet Bircan,Beşiktaş Jimnastik Kulübü,0.0,Alberto Costa,FC Porto,DEF,0.0
GW 247,4,Extra DEF,0.0,Alexander Schlager,FC Red Bull Salzburg,0.0,Aleksa Terzić,FC Red Bull Salzburg,0.0,Alan Varela,FC Porto,0.0,Alaettin Ekici,Fenerbahçe Spor Kulübü,0.0,Alexander Bah,SL Benfica,DEF,0.0
GW 246,1,Extra DEF,0.0,Adem Ağaoğlu,Trabzonspor Kulübü,0.0,Abdülkerim Bardakcı,Galatasaray Spor Kulübü,0.0,Abdou Fall,Fenerbahçe Spor Kulübü,0.0,Ada Yüzgeç,Galatasaray Spor Kulübü,0.0,Adam Montgomery,Celtic FC,DEF,0.0
GW 246,2,Extra DEF,0.0,Ahmet Yıldırım,Trabzonspor Kulübü,0.0,Adrian Barišić,Sporting Braga,0.0,Adnan Fettahoğlu,Fenerbahçe Spor Kulübü,0.0,Ahmed Kutucu,Galatasaray Spor Kulübü,0.0,Afonso Sousa,Sporting Braga,DEF,0.0
GW 246,3,Extra DEF,0.0,Alaa Bellaarouch,Sporting Braga,0.0,Ahmet Tekke,Trabzonspor Kulübü,0.0,Aiden McCallion,Rangers FC,0.0,Ahmet Bircan,Beşiktaş Jimnastik Kulübü,0.0,Alberto Costa,FC Porto,DEF,0.0
GW 246,4,Extra DEF,0.0,Alexander Schlager,FC Red Bull Salzburg,0.0,Aleksa Terzić,FC Red Bull Salzburg,0.0,Alan Varela,FC Porto,0.0,Alaettin Ekici,Fenerbahçe Spor Kulübü,0.0,Alexander Bah,SL Benfica,DEF,0.0
GW 245,1,Extra DEF,0.0,Adem Ağaoğlu,Trabzonspor Kulübü,0.0,Abdülkerim Bardakcı,Galatasaray Spor Kulübü,0.0,Abdou Fall,Fenerbahçe Spor Kulübü,0.0,Ada Yüzgeç,Galatasaray Spor Kulübü,0.0,Adam Montgomery,Celtic FC,DEF,0.0
GW 245,2,Extra DEF,0.0,Ahmet Yıldırım,Trabzonspor Kulübü,0.0,Adrian Barišić,Sporting Braga,0.0,Adnan Fettahoğlu,Fenerbahçe Spor Kulübü,0.0,Ahmed Kutucu,Galatasaray Spor Kulübü,0.0,Afonso Sousa,Sporting Braga,DEF,0.0
GW 245,3,Extra DEF,0.0,Alaa Bellaarouch,Sporting Braga,0.0,Ahmet Tekke,Trabzonspor Kulübü,0.0,Aiden McCallion,Rangers FC,0.0,Ahmet Bircan,Beşiktaş Jimnastik Kulübü,0.0,Alberto Costa,FC Porto,DEF,0.0
GW 245,4,Extra DEF,0.0,Alexander Schlager,FC Red Bull Salzburg,0.0,Aleksa Terzić,FC Red Bull Salzburg,0.0,Alan Varela,FC Porto,0.0,Alaettin Ekici,Fenerbahçe Spor Kulübü,0.0,Alexander Bah,SL Benfica,DEF,0.0
GW 244,1,Extra DEF,0.0,Adem Ağaoğlu,Trabzonspor Kulübü,0.0,Abdülkerim Bardakcı,Galatasaray Spor Kulübü,0.0,Abdou Fall,Fenerbahçe Spor Kulübü,0.0,Ada Yüzgeç,Galatasaray Spor Kulübü,0.0,Adam Montgomery,Celtic FC,DEF,0.0
GW 244,2,Extra DEF,0.0,Ahmet Yıldırım,Trabzonspor Kulübü,0.0,Adrian Barišić,Sporting Braga,0.0,Adnan Fettahoğlu,Fenerbahçe Spor Kulübü,0.0,Ahmed Kutucu,Galatasaray Spor Kulübü,0.0,Afonso Sousa,Sporting Braga,DEF,0.0
GW 244,3,Extra DEF,0.0,Alaa Bellaarouch,Sporting Braga,0.0,Ahmet Tekke,Trabzonspor Kulübü,0.0,Aiden McCallion,Rangers FC,0.0,Ahmet Bircan,Beşiktaş Jimnastik Kulübü,0.0,Alberto Costa,FC Porto,DEF,0.0
GW 244,4,Extra DEF,0.0,Alexander Schlager,FC Red Bull Salzburg,0.0,Aleksa Terzić,FC Red Bull Salzburg,0.0,Alan Varela,FC Porto,0.0,Alaettin Ekici,Fenerbahçe Spor Kulübü,0.0,Alexander Bah,SL Benfica,DEF,0.0
GW 243,1,Extra DEF,0.0,Adem Ağaoğlu,Trabzonspor Kulübü,0.0,Abdülkerim Bardakcı,Galatasaray Spor Kulübü,0.0,Abdou Fall,Fenerbahçe Spor Kulübü,0.0,Ada Yüzgeç,Galatasaray Spor Kulübü,0.0,Adam Montgomery,Celtic FC,DEF,0.0
GW 243,2,Extra DEF,0.0,Ahmet Yıldırım,Trabzonspor Kulübü,0.0,Adrian Barišić,Sporting Braga,0.0,Adnan Fettahoğlu,Fenerbahçe Spor Kulübü,0.0,Ahmed Kutucu,Galatasaray Spor Kulübü,0.0,Afonso Sousa,Sporting Braga,DEF,0.0
GW 243,3,Extra DEF,0.0,Alaa Bellaarouch,Sporting Braga,0.0,Ahmet Tekke,Trabzonspor Kulübü,0.0,Aiden McCallion,Rangers FC,0.0,Ahmet Bircan,Beşiktaş Jimnastik Kulübü,0.0,Alberto Costa,FC Porto,DEF,0.0
GW 243,4,Extra DEF,0.0,Alexander Schlager,FC Red Bull Salzburg,0.0,Aleksa Terzić,FC Red Bull Salzburg,0.0,Alan Varela,FC Porto,0.0,Alaettin Ekici,Fenerbahçe Spor Kulübü,0.0,Alexander Bah,SL Benfica,DEF,0.0
GW 242,1,Extra DEF,0.0,Adem Ağaoğlu,Trabzonspor Kulübü,0.0,Abdülkerim Bardakcı,Galatasaray Spor Kulübü,0.0,Abdou Fall,Fenerbahçe Spor Kulübü,0.0,Ada Yüzgeç,Galatasaray Spor Kulübü,0.0,Adam Montgomery,Celtic FC,DEF,0.0
GW 242,2,Extra DEF,0.0,Ahmet Yıldırım,Trabzonspor Kulübü,0.0,Adrian Barišić,Sporting Braga,0.0,Adnan Fettahoğlu,Fenerbahçe Spor Kulübü,0.0,Ahmed Kutucu,Galatasaray Spor Kulübü,0.0,Afonso Sousa,Sporting Braga,DEF,0.0
GW 242,3,Extra DEF,0.0,Alaa Bellaarouch,Sporting Braga,0.0,Ahmet Tekke,Trabzonspor Kulübü,0.0,Aiden McCallion,Rangers FC,0.0,Ahmet Bircan,Beşiktaş Jimnastik Kulübü,0.0,Alberto Costa,FC Porto,DEF,0.0
GW 242,4,Extra DEF,0.0,Alexander Schlager,FC Red Bull Salzburg,0.0,Aleksa Terzić,FC Red Bull Salzburg,0.0,Alan Varela,FC Porto,0.0,Alaettin Ekici,Fenerbahçe Spor Kulübü,0.0,Alexander Bah,SL Benfica,DEF,0.0
GW 241,1,Extra DEF,0.0,Adem Ağaoğlu,Trabzonspor Kulübü,0.0,Abdülkerim Bardakcı,Galatasaray Spor Kulübü,0.0,Abdou Fall,Fenerbahçe Spor Kulübü,0.0,Ada Yüzgeç,Galatasaray Spor Kulübü,0.0,Adam Montgomery,Celtic FC,DEF,0.0
GW 241,2,Extra DEF,0.0,Ahmet Yıldırım,Trabzonspor Kulübü,0.0,Adrian Barišić,Sporting Braga,0.0,Adnan Fettahoğlu,Fenerbahçe Spor Kulübü,0.0,Ahmed Kutucu,Galatasaray Spor Kulübü,0.0,Afonso Sousa,Sporting Braga,DEF,0.0
GW 241,3,Extra DEF,0.0,Alaa Bellaarouch,Sporting Braga,0.0,Ahmet Tekke,Trabzonspor Kulübü,0.0,Aiden McCallion,Rangers FC,0.0,Ahmet Bircan,Beşiktaş Jimnastik Kulübü,0.0,Alberto Costa,FC Porto,DEF,0.0
GW 241,4,Extra DEF,0.0,Alexander Schlager,FC Red Bull Salzburg,0.0,Aleksa Terzić,FC Red Bull Salzburg,0.0,Alan Varela,FC Porto,0.0,Alaettin Ekici,Fenerbahçe Spor Kulübü,0.0,Alexander Bah,SL Benfica,DEF,0.0
GW 240,1,Extra DEF,0.0,Adem Ağaoğlu,Trabzonspor Kulübü,0.0,Abdülkerim Bardakcı,Galatasaray Spor Kulübü,0.0,Abdou Fall,Fenerbahçe Spor Kulübü,0.0,Ada Yüzgeç,Galatasaray Spor Kulübü,0.0,Adam Montgomery,Celtic FC,DEF,0.0
GW 240,2,Extra DEF,0.0,Ahmet Yıldırım,Trabzonspor Kulübü,0.0,Adrian Barišić,Sporting Braga,0.0,Adnan Fettahoğlu,Fenerbahçe Spor Kulübü,0.0,Ahmed Kutucu,Galatasaray Spor Kulübü,0.0,Afonso Sousa,Sporting Braga,DEF,0.0
GW 240,3,Extra DEF,0.0,Alaa Bellaarouch,Sporting Braga,0.0,Ahmet Tekke,Trabzonspor Kulübü,0.0,Aiden McCallion,Rangers FC,0.0,Ahmet Bircan,Beşiktaş Jimnastik Kulübü,0.0,Alberto Costa,FC Porto,DEF,0.0
GW 240,4,Extra DEF,0.0,Alexander Schlager,FC Red Bull Salzburg,0.0,Aleksa Terzić,FC Red Bull Salzburg,0.0,Alan Varela,FC Porto,0.0,Alaettin Ekici,Fenerbahçe Spor Kulübü,0.0,Alexander Bah,SL Benfica,DEF,0.0
GW 239,1,Extra DEF,0.0,Adem Ağaoğlu,Trabzonspor Kulübü,0.0,Abdülkerim Bardakcı,Galatasaray Spor Kulübü,0.0,Abdou Fall,Fenerbahçe Spor Kulübü,0.0,Ada Yüzgeç,Galatasaray Spor Kulübü,0.0,Adam Montgomery,Celtic FC,DEF,0.0
GW 239,2,Extra DEF,0.0,Ahmet Yıldırım,Trabzonspor Kulübü,0.0,Adrian Barišić,Sporting Braga,0.0,Adnan Fettahoğlu,Fenerbahçe Spor Kulübü,0.0,Ahmed Kutucu,Galatasaray Spor Kulübü,0.0,Afonso Sousa,Sporting Braga,DEF,0.0
GW 239,3,Extra DEF,0.0,Alaa Bellaarouch,Sporting Braga,0.0,Ahmet Tekke,Trabzonspor Kulübü,0.0,Aiden McCallion,Rangers FC,0.0,Ahmet Bircan,Beşiktaş Jimnastik Kulübü,0.0,Alberto Costa,FC Porto,DEF,0.0
GW 239,4,Extra DEF,0.0,Alexander Schlager,FC Red Bull Salzburg,0.0,Aleksa Terzić,FC Red Bull Salzburg,0.0,Alan Varela,FC Porto,0.0,Alaettin Ekici,Fenerbahçe Spor Kulübü,0.0,Alexander Bah,SL Benfica,DEF,0.0
GW 238,1,Extra DEF,0.0,Adem Ağaoğlu,Trabzonspor Kulübü,0.0,Abdülkerim Bardakcı,Galatasaray Spor Kulübü,0.0,Abdou Fall,Fenerbahçe Spor Kulübü,0.0,Ada Yüzgeç,Galatasaray Spor Kulübü,0.0,Adam Montgomery,Celtic FC,DEF,0.0
GW 238,2,Extra DEF,0.0,Ahmet Yıldırım,Trabzonspor Kulübü,0.0,Adrian Barišić,Sporting Braga,0.0,Adnan Fettahoğlu,Fenerbahçe Spor Kulübü,0.0,Ahmed Kutucu,Galatasaray Spor Kulübü,0.0,Afonso Sousa,Sporting Braga,DEF,0.0
GW 238,3,Extra DEF,0.0,Alaa Bellaarouch,Sporting Braga,0.0,Ahmet Tekke,Trabzonspor Kulübü,0.0,Aiden McCallion,Rangers FC,0.0,Ahmet Bircan,Beşiktaş Jimnastik Kulübü,0.0,Alberto Costa,FC Porto,DEF,0.0
GW 238,4,Extra DEF,0.0,Alexander Schlager,FC Red Bull Salzburg,0.0,Aleksa Terzić,FC Red Bull Salzburg,0.0,Alan Varela,FC Porto,0.0,Alaettin Ekici,Fenerbahçe Spor Kulübü,0.0,Alexander Bah,SL Benfica,DEF,0.0
GW 237,1,Extra DEF,0.0,Adem Ağaoğlu,Trabzonspor Kulübü,0.0,Abdülkerim Bardakcı,Galatasaray Spor Kulübü,0.0,Abdou Fall,Fenerbahçe Spor Kulübü,0.0,Ada Yüzgeç,Galatasaray Spor Kulübü,0.0,Adam Montgomery,Celtic FC,DEF,0.0
GW 237,2,Extra DEF,0.0,Ahmet Yıldırım,Trabzonspor Kulübü,0.0,Adrian Barišić,Sporting Braga,0.0,Adnan Fettahoğlu,Fenerbahçe Spor Kulübü,0.0,Ahmed Kutucu,Galatasaray Spor Kulübü,0.0,Afonso Sousa,Sporting Braga,DEF,0.0
GW 237,3,Extra DEF,0.0,Alaa Bellaarouch,Sporting Braga,0.0,Ahmet Tekke,Trabzonspor Kulübü,0.0,Aiden McCallion,Rangers FC,0.0,Ahmet Bircan,Beşiktaş Jimnastik Kulübü,0.0,Alberto Costa,FC Porto,DEF,0.0
GW 237,4,Extra DEF,0.0,Alexander Schlager,FC Red Bull Salzburg,0.0,Aleksa Terzić,FC Red Bull Salzburg,0.0,Alan Varela,FC Porto,0.0,Alaettin Ekici,Fenerbahçe Spor Kulübü,0.0,Alexander Bah,SL Benfica,DEF,0.0
GW 236,1,Extra DEF,0.0,Adem Ağaoğlu,Trabzonspor Kulübü,0.0,Abdülkerim Bardakcı,Galatasaray Spor Kulübü,0.0,Abdou Fall,Fenerbahçe Spor Kulübü,0.0,Ada Yüzgeç,Galatasaray Spor Kulübü,0.0,Adam Montgomery,Celtic FC,DEF,0.0
GW 236,2,Extra DEF,0.0,Ahmet Yıldırım,Trabzonspor Kulübü,0.0,Adrian Barišić,Sporting Braga,0.0,Adnan Fettahoğlu,Fenerbahçe Spor Kulübü,0.0,Ahmed Kutucu,Galatasaray Spor Kulübü,0.0,Afonso Sousa,Sporting Braga,DEF,0.0
GW 236,3,Extra DEF,0.0,Alaa Bellaarouch,Sporting Braga,0.0,Ahmet Tekke,Trabzonspor Kulübü,0.0,Aiden McCallion,Rangers FC,0.0,Ahmet Bircan,Beşiktaş Jimnastik Kulübü,0.0,Alberto Costa,FC Porto,DEF,0.0
GW 236,4,Extra DEF,0.0,Alexander Schlager,FC Red Bull Salzburg,0.0,Aleksa Terzić,FC Red Bull Salzburg,0.0,Alan Varela,FC Porto,0.0,Alaettin Ekici,Fenerbahçe Spor Kulübü,0.0,Alexander Bah,SL Benfica,DEF,0.0
GW 235,1,Extra DEF,0.0,Adem Ağaoğlu,Trabzonspor Kulübü,0.0,Abdülkerim Bardakcı,Galatasaray Spor Kulübü,0.0,Abdou Fall,Fenerbahçe Spor Kulübü,0.0,Ada Yüzgeç,Galatasaray Spor Kulübü,0.0,Adam Montgomery,Celtic FC,DEF,0.0
GW 235,2,Extra DEF,0.0,Ahmet Yıldırım,Trabzonspor Kulübü,0.0,Adrian Barišić,Sporting Braga,0.0,Adnan Fettahoğlu,Fenerbahçe Spor Kulübü,0.0,Ahmed Kutucu,Galatasaray Spor Kulübü,0.0,Afonso Sousa,Sporting Braga,DEF,0.0
GW 235,3,Extra DEF,0.0,Alaa Bellaarouch,Sporting Braga,0.0,Ahmet Tekke,Trabzonspor Kulübü,0.0,Aiden McCallion,Rangers FC,0.0,Ahmet Bircan,Beşiktaş Jimnastik Kulübü,0.0,Alberto Costa,FC Porto,DEF,0.0
GW 235,4,Extra DEF,0.0,Alexander Schlager,FC Red Bull Salzburg,0.0,Aleksa Terzić,FC Red Bull Salzburg,0.0,Alan Varela,FC Porto,0.0,Alaettin Ekici,Fenerbahçe Spor Kulübü,0.0,Alexander Bah,SL Benfica,DEF,0.0
GW 234,1,Extra DEF,0.0,Adem Ağaoğlu,Trabzonspor Kulübü,0.0,Abdülkerim Bardakcı,Galatasaray Spor Kulübü,0.0,Abdou Fall,Fenerbahçe Spor Kulübü,0.0,Ada Yüzgeç,Galatasaray Spor Kulübü,0.0,Adam Montgomery,Celtic FC,DEF,0.0
GW 234,2,Extra DEF,0.0,Ahmet Yıldırım,Trabzonspor Kulübü,0.0,Adrian Barišić,Sporting Braga,0.0,Adnan Fettahoğlu,Fenerbahçe Spor Kulübü,0.0,Ahmed Kutucu,Galatasaray Spor Kulübü,0.0,Afonso Sousa,Sporting Braga,DEF,0.0
GW 234,3,Extra DEF,0.0,Alaa Bellaarouch,Sporting Braga,0.0,Ahmet Tekke,Trabzonspor Kulübü,0.0,Aiden McCallion,Rangers FC,0.0,Ahmet Bircan,Beşiktaş Jimnastik Kulübü,0.0,Alberto Costa,FC Porto,DEF,0.0
GW 234,4,Extra DEF,0.0,Alexander Schlager,FC Red Bull Salzburg,0.0,Aleksa Terzić,FC Red Bull Salzburg,0.0,Alan Varela,FC Porto,0.0,Alaettin Ekici,Fenerbahçe Spor Kulübü,0.0,Alexander Bah,SL Benfica,DEF,0.0
GW 233,1,Extra DEF,0.0,Adem Ağaoğlu,Trabzonspor Kulübü,0.0,Abdülkerim Bardakcı,Galatasaray Spor Kulübü,0.0,Abdou Fall,Fenerbahçe Spor Kulübü,0.0,Ada Yüzgeç,Galatasaray Spor Kulübü,0.0,Adam Montgomery,Celtic FC,DEF,0.0
GW 233,2,Extra DEF,0.0,Ahmet Yıldırım,Trabzonspor Kulübü,0.0,Adrian Barišić,Sporting Braga,0.0,Adnan Fettahoğlu,Fenerbahçe Spor Kulübü,0.0,Ahmed Kutucu,Galatasaray Spor Kulübü,0.0,Afonso Sousa,Sporting Braga,DEF,0.0
GW 233,3,Extra DEF,0.0,Alaa Bellaarouch,Sporting Braga,0.0,Ahmet Tekke,Trabzonspor Kulübü,0.0,Aiden McCallion,Rangers FC,0.0,Ahmet Bircan,Beşiktaş Jimnastik Kulübü,0.0,Alberto Costa,FC Porto,DEF,0.0
GW 233,4,Extra DEF,0.0,Alexander Schlager,FC Red Bull Salzburg,0.0,Aleksa Terzić,FC Red Bull Salzburg,0.0,Alan Varela,FC Porto,0.0,Alaettin Ekici,Fenerbahçe Spor Kulübü,0.0,Alexander Bah,SL Benfica,DEF,0.0
GW 232,1,Extra DEF,0.0,Adem Ağaoğlu,Trabzonspor Kulübü,0.0,Abdülkerim Bardakcı,Galatasaray Spor Kulübü,0.0,Abdou Fall,Fenerbahçe Spor Kulübü,0.0,Ada Yüzgeç,Galatasaray Spor Kulübü,0.0,Adam Montgomery,Celtic FC,DEF,0.0
GW 232,2,Extra DEF,0.0,Ahmet Yıldırım,Trabzonspor Kulübü,0.0,Adrian Barišić,Sporting Braga,0.0,Adnan Fettahoğlu,Fenerbahçe Spor Kulübü,0.0,Ahmed Kutucu,Galatasaray Spor Kulübü,0.0,Afonso Sousa,Sporting Braga,DEF,0.0
GW 232,3,Extra DEF,0.0,Alaa Bellaarouch,Sporting Braga,0.0,Ahmet Tekke,Trabzonspor Kulübü,0.0,Aiden McCallion,Rangers FC,0.0,Ahmet Bircan,Beşiktaş Jimnastik Kulübü,0.0,Alberto Costa,FC Porto,DEF,0.0
GW 232,4,Extra DEF,0.0,Alexander Schlager,FC Red Bull Salzburg,0.0,Aleksa Terzić,FC Red Bull Salzburg,0.0,Alan Varela,FC Porto,0.0,Alaettin Ekici,Fenerbahçe Spor Kulübü,0.0,Alexander Bah,SL Benfica,DEF,0.0
GW 231,1,Extra DEF,0.0,Adem Ağaoğlu,Trabzonspor Kulübü,0.0,Abdülkerim Bardakcı,Galatasaray Spor Kulübü,0.0,Abdou Fall,Fenerbahçe Spor Kulübü,0.0,Ada Yüzgeç,Galatasaray Spor Kulübü,0.0,Adam Montgomery,Celtic FC,DEF,0.0
GW 231,2,Extra DEF,0.0,Ahmet Yıldırım,Trabzonspor Kulübü,0.0,Adrian Barišić,Sporting Braga,0.0,Adnan Fettahoğlu,Fenerbahçe Spor Kulübü,0.0,Ahmed Kutucu,Galatasaray Spor Kulübü,0.0,Afonso Sousa,Sporting Braga,DEF,0.0
GW 231,3,Extra DEF,0.0,Alaa Bellaarouch,Sporting Braga,0.0,Ahmet Tekke,Trabzonspor Kulübü,0.0,Aiden McCallion,Rangers FC,0.0,Ahmet Bircan,Beşiktaş Jimnastik Kulübü,0.0,Alberto Costa,FC Porto,DEF,0.0
GW 231,4,Extra DEF,0.0,Alexander Schlager,FC Red Bull Salzburg,0.0,Aleksa Terzić,FC Red Bull Salzburg,0.0,Alan Varela,FC Porto,0.0,Alaettin Ekici,Fenerbahçe Spor Kulübü,0.0,Alexander Bah,SL Benfica,DEF,0.0
GW 230,1,Extra DEF,0.0,Adem Ağaoğlu,Trabzonspor Kulübü,0.0,Abdülkerim Bardakcı,Galatasaray Spor Kulübü,0.0,Abdou Fall,Fenerbahçe Spor Kulübü,0.0,Ada Yüzgeç,Galatasaray Spor Kulübü,0.0,Adam Montgomery,Celtic FC,DEF,0.0
GW 230,2,Extra DEF,0.0,Ahmet Yıldırım,Trabzonspor Kulübü,0.0,Adrian Barišić,Sporting Braga,0.0,Adnan Fettahoğlu,Fenerbahçe Spor Kulübü,0.0,Ahmed Kutucu,Galatasaray Spor Kulübü,0.0,Afonso Sousa,Sporting Braga,DEF,0.0
GW 230,3,Extra DEF,0.0,Alaa Bellaarouch,Sporting Braga,0.0,Ahmet Tekke,Trabzonspor Kulübü,0.0,Aiden McCallion,Rangers FC,0.0,Ahmet Bircan,Beşiktaş Jimnastik Kulübü,0.0,Alberto Costa,FC Porto,DEF,0.0
GW 230,4,Extra DEF,0.0,Alexander Schlager,FC Red Bull Salzburg,0.0,Aleksa Terzić,FC Red Bull Salzburg,0.0,Alan Varela,FC Porto,0.0,Alaettin Ekici,Fenerbahçe Spor Kulübü,0.0,Alexander Bah,SL Benfica,DEF,0.0
GW 229,1,Extra DEF,0.0,Adem Ağaoğlu,Trabzonspor Kulübü,0.0,Abdülkerim Bardakcı,Galatasaray Spor Kulübü,0.0,Abdou Fall,Fenerbahçe Spor Kulübü,0.0,Ada Yüzgeç,Galatasaray Spor Kulübü,0.0,Adam Montgomery,Celtic FC,DEF,0.0
GW 229,2,Extra DEF,0.0,Ahmet Yıldırım,Trabzonspor Kulübü,0.0,Adrian Barišić,Sporting Braga,0.0,Adnan Fettahoğlu,Fenerbahçe Spor Kulübü,0.0,Ahmed Kutucu,Galatasaray Spor Kulübü,0.0,Afonso Sousa,Sporting Braga,DEF,0.0
GW 229,3,Extra DEF,0.0,Alaa Bellaarouch,Sporting Braga,0.0,Ahmet Tekke,Trabzonspor Kulübü,0.0,Aiden McCallion,Rangers FC,0.0,Ahmet Bircan,Beşiktaş Jimnastik Kulübü,0.0,Alberto Costa,FC Porto,DEF,0.0
GW 229,4,Extra DEF,0.0,Alexander Schlager,FC Red Bull Salzburg,0.0,Aleksa Terzić,FC Red Bull Salzburg,0.0,Alan Varela,FC Porto,0.0,Alaettin Ekici,Fenerbahçe Spor Kulübü,0.0,Alexander Bah,SL Benfica,DEF,0.0
GW 228,1,Extra DEF,0.0,Adem Ağaoğlu,Trabzonspor Kulübü,0.0,Abdülkerim Bardakcı,Galatasaray Spor Kulübü,0.0,Abdou Fall,Fenerbahçe Spor Kulübü,0.0,Ada Yüzgeç,Galatasaray Spor Kulübü,0.0,Adam Montgomery,Celtic FC,DEF,0.0
GW 228,2,Extra DEF,0.0,Ahmet Yıldırım,Trabzonspor Kulübü,0.0,Adrian Barišić,Sporting Braga,0.0,Adnan Fettahoğlu,Fenerbahçe Spor Kulübü,0.0,Ahmed Kutucu,Galatasaray Spor Kulübü,0.0,Afonso Sousa,Sporting Braga,DEF,0.0
GW 228,3,Extra DEF,0.0,Alaa Bellaarouch,Sporting Braga,0.0,Ahmet Tekke,Trabzonspor Kulübü,0.0,Aiden McCallion,Rangers FC,0.0,Ahmet Bircan,Beşiktaş Jimnastik Kulübü,0.0,Alberto Costa,FC Porto,DEF,0.0
GW 228,4,Extra DEF,0.0,Alexander Schlager,FC Red Bull Salzburg,0.0,Aleksa Terzić,FC Red Bull Salzburg,0.0,Alan Varela,FC Porto,0.0,Alaettin Ekici,Fenerbahçe Spor Kulübü,0.0,Alexander Bah,SL Benfica,DEF,0.0
GW 227,1,Extra DEF,0.0,Adem Ağaoğlu,Trabzonspor Kulübü,0.0,Abdülkerim Bardakcı,Galatasaray Spor Kulübü,0.0,Abdou Fall,Fenerbahçe Spor Kulübü,0.0,Ada Yüzgeç,Galatasaray Spor Kulübü,0.0,Adam Montgomery,Celtic FC,DEF,0.0
GW 227,2,Extra DEF,0.0,Ahmet Yıldırım,Trabzonspor Kulübü,0.0,Adrian Barišić,Sporting Braga,0.0,Adnan Fettahoğlu,Fenerbahçe Spor Kulübü,0.0,Ahmed Kutucu,Galatasaray Spor Kulübü,0.0,Afonso Sousa,Sporting Braga,DEF,0.0
GW 227,3,Extra DEF,0.0,Alaa Bellaarouch,Sporting Braga,0.0,Ahmet Tekke,Trabzonspor Kulübü,0.0,Aiden McCallion,Rangers FC,0.0,Ahmet Bircan,Beşiktaş Jimnastik Kulübü,0.0,Alberto Costa,FC Porto,DEF,0.0
GW 227,4,Extra DEF,0.0,Alexander Schlager,FC Red Bull Salzburg,0.0,Aleksa Terzić,FC Red Bull Salzburg,0.0,Alan Varela,FC Porto,0.0,Alaettin Ekici,Fenerbahçe Spor Kulübü,0.0,Alexander Bah,SL Benfica,DEF,0.0
GW 226,1,Extra DEF,0.0,Adem Ağaoğlu,Trabzonspor Kulübü,0.0,Abdülkerim Bardakcı,Galatasaray Spor Kulübü,0.0,Abdou Fall,Fenerbahçe Spor Kulübü,0.0,Ada Yüzgeç,Galatasaray Spor Kulübü,0.0,Adam Montgomery,Celtic FC,DEF,0.0
GW 226,2,Extra DEF,0.0,Ahmet Yıldırım,Trabzonspor Kulübü,0.0,Adrian Barišić,Sporting Braga,0.0,Adnan Fettahoğlu,Fenerbahçe Spor Kulübü,0.0,Ahmed Kutucu,Galatasaray Spor Kulübü,0.0,Afonso Sousa,Sporting Braga,DEF,0.0
GW 226,3,Extra DEF,0.0,Alaa Bellaarouch,Sporting Braga,0.0,Ahmet Tekke,Trabzonspor Kulübü,0.0,Aiden McCallion,Rangers FC,0.0,Ahmet Bircan,Beşiktaş Jimnastik Kulübü,0.0,Alberto Costa,FC Porto,DEF,0.0
GW 226,4,Extra DEF,0.0,Alexander Schlager,FC Red Bull Salzburg,0.0,Aleksa Terzić,FC Red Bull Salzburg,0.0,Alan Varela,FC Porto,0.0,Alaettin Ekici,Fenerbahçe Spor Kulübü,0.0,Alexander Bah,SL Benfica,DEF,0.0
GW 225,1,Extra DEF,0.0,Adem Ağaoğlu,Trabzonspor Kulübü,0.0,Abdülkerim Bardakcı,Galatasaray Spor Kulübü,0.0,Abdou Fall,Fenerbahçe Spor Kulübü,0.0,Ada Yüzgeç,Galatasaray Spor Kulübü,0.0,Adam Montgomery,Celtic FC,DEF,0.0
GW 225,2,Extra DEF,0.0,Ahmet Yıldırım,Trabzonspor Kulübü,0.0,Adrian Barišić,Sporting Braga,0.0,Adnan Fettahoğlu,Fenerbahçe Spor Kulübü,0.0,Ahmed Kutucu,Galatasaray Spor Kulübü,0.0,Afonso Sousa,Sporting Braga,DEF,0.0
GW 225,3,Extra DEF,0.0,Alaa Bellaarouch,Sporting Braga,0.0,Ahmet Tekke,Trabzonspor Kulübü,0.0,Aiden McCallion,Rangers FC,0.0,Ahmet Bircan,Beşiktaş Jimnastik Kulübü,0.0,Alberto Costa,FC Porto,DEF,0.0
GW 225,4,Extra DEF,0.0,Alexander Schlager,FC Red Bull Salzburg,0.0,Aleksa Terzić,FC Red Bull Salzburg,0.0,Alan Varela,FC Porto,0.0,Alaettin Ekici,Fenerbahçe Spor Kulübü,0.0,Alexander Bah,SL Benfica,DEF,0.0
GW 224,1,Extra DEF,0.0,Adem Ağaoğlu,Trabzonspor Kulübü,0.0,Abdülkerim Bardakcı,Galatasaray Spor Kulübü,0.0,Abdou Fall,Fenerbahçe Spor Kulübü,0.0,Ada Yüzgeç,Galatasaray Spor Kulübü,0.0,Adam Montgomery,Celtic FC,DEF,0.0
GW 224,2,Extra DEF,0.0,Ahmet Yıldırım,Trabzonspor Kulübü,0.0,Adrian Barišić,Sporting Braga,0.0,Adnan Fettahoğlu,Fenerbahçe Spor Kulübü,0.0,Ahmed Kutucu,Galatasaray Spor Kulübü,0.0,Afonso Sousa,Sporting Braga,DEF,0.0
GW 224,3,Extra DEF,0.0,Alaa Bellaarouch,Sporting Braga,0.0,Ahmet Tekke,Trabzonspor Kulübü,0.0,Aiden McCallion,Rangers FC,0.0,Ahmet Bircan,Beşiktaş Jimnastik Kulübü,0.0,Alberto Costa,FC Porto,DEF,0.0
GW 224,4,Extra DEF,0.0,Alexander Schlager,FC Red Bull Salzburg,0.0,Aleksa Terzić,FC Red Bull Salzburg,0.0,Alan Varela,FC Porto,0.0,Alaettin Ekici,Fenerbahçe Spor Kulübü,0.0,Alexander Bah,SL Benfica,DEF,0.0
GW 223,1,Extra DEF,0.0,Adem Ağaoğlu,Trabzonspor Kulübü,0.0,Abdülkerim Bardakcı,Galatasaray Spor Kulübü,0.0,Abdou Fall,Fenerbahçe Spor Kulübü,0.0,Ada Yüzgeç,Galatasaray Spor Kulübü,0.0,Adam Montgomery,Celtic FC,DEF,0.0
GW 223,2,Extra DEF,0.0,Ahmet Yıldırım,Trabzonspor Kulübü,0.0,Adrian Barišić,Sporting Braga,0.0,Adnan Fettahoğlu,Fenerbahçe Spor Kulübü,0.0,Ahmed Kutucu,Galatasaray Spor Kulübü,0.0,Afonso Sousa,Sporting Braga,DEF,0.0
GW 223,3,Extra DEF,0.0,Alaa Bellaarouch,Sporting Braga,0.0,Ahmet Tekke,Trabzonspor Kulübü,0.0,Aiden McCallion,Rangers FC,0.0,Ahmet Bircan,Beşiktaş Jimnastik Kulübü,0.0,Alberto Costa,FC Porto,DEF,0.0
GW 223,4,Extra DEF,0.0,Alexander Schlager,FC Red Bull Salzburg,0.0,Aleksa Terzić,FC Red Bull Salzburg,0.0,Alan Varela,FC Porto,0.0,Alaettin Ekici,Fenerbahçe Spor Kulübü,0.0,Alexander Bah,SL Benfica,DEF,0.0
GW 222,1,Extra DEF,0.0,Adem Ağaoğlu,Trabzonspor Kulübü,0.0,Abdülkerim Bardakcı,Galatasaray Spor Kulübü,0.0,Abdou Fall,Fenerbahçe Spor Kulübü,0.0,Ada Yüzgeç,Galatasaray Spor Kulübü,0.0,Adam Montgomery,Celtic FC,DEF,0.0
GW 222,2,Extra DEF,0.0,Ahmet Yıldırım,Trabzonspor Kulübü,0.0,Adrian Barišić,Sporting Braga,0.0,Adnan Fettahoğlu,Fenerbahçe Spor Kulübü,0.0,Ahmed Kutucu,Galatasaray Spor Kulübü,0.0,Afonso Sousa,Sporting Braga,DEF,0.0
GW 222,3,Extra DEF,0.0,Alaa Bellaarouch,Sporting Braga,0.0,Ahmet Tekke,Trabzonspor Kulübü,0.0,Aiden McCallion,Rangers FC,0.0,Ahmet Bircan,Beşiktaş Jimnastik Kulübü,0.0,Alberto Costa,FC Porto,DEF,0.0
GW 222,4,Extra DEF,0.0,Alexander Schlager,FC Red Bull Salzburg,0.0,Aleksa Terzić,FC Red Bull Salzburg,0.0,Alan Varela,FC Porto,0.0,Alaettin Ekici,Fenerbahçe Spor Kulübü,0.0,Alexander Bah,SL Benfica,DEF,0.0
GW 221,1,Extra DEF,0.0,Adem Ağaoğlu,Trabzonspor Kulübü,0.0,Abdülkerim Bardakcı,Galatasaray Spor Kulübü,0.0,Abdou Fall,Fenerbahçe Spor Kulübü,0.0,Ada Yüzgeç,Galatasaray Spor Kulübü,0.0,Adam Montgomery,Celtic FC,DEF,0.0
GW 221,2,Extra DEF,0.0,Ahmet Yıldırım,Trabzonspor Kulübü,0.0,Adrian Barišić,Sporting Braga,0.0,Adnan Fettahoğlu,Fenerbahçe Spor Kulübü,0.0,Ahmed Kutucu,Galatasaray Spor Kulübü,0.0,Afonso Sousa,Sporting Braga,DEF,0.0
GW 221,3,Extra DEF,0.0,Alaa Bellaarouch,Sporting Braga,0.0,Ahmet Tekke,Trabzonspor Kulübü,0.0,Aiden McCallion,Rangers FC,0.0,Ahmet Bircan,Beşiktaş Jimnastik Kulübü,0.0,Alberto Costa,FC Porto,DEF,0.0
GW 221,4,Extra DEF,0.0,Alexander Schlager,FC Red Bull Salzburg,0.0,Aleksa Terzić,FC Red Bull Salzburg,0.0,Alan Varela,FC Porto,0.0,Alaettin Ekici,Fenerbahçe Spor Kulübü,0.0,Alexander Bah,SL Benfica,DEF,0.0
GW 220,1,Extra DEF,0.0,Adem Ağaoğlu,Trabzonspor Kulübü,0.0,Abdülkerim Bardakcı,Galatasaray Spor Kulübü,0.0,Abdou Fall,Fenerbahçe Spor Kulübü,0.0,Ada Yüzgeç,Galatasaray Spor Kulübü,0.0,Adam Montgomery,Celtic FC,DEF,0.0
GW 220,2,Extra DEF,0.0,Ahmet Yıldırım,Trabzonspor Kulübü,0.0,Adrian Barišić,Sporting Braga,0.0,Adnan Fettahoğlu,Fenerbahçe Spor Kulübü,0.0,Ahmed Kutucu,Galatasaray Spor Kulübü,0.0,Afonso Sousa,Sporting Braga,DEF,0.0
GW 220,3,Extra DEF,0.0,Alaa Bellaarouch,Sporting Braga,0.0,Ahmet Tekke,Trabzonspor Kulübü,0.0,Aiden McCallion,Rangers FC,0.0,Ahmet Bircan,Beşiktaş Jimnastik Kulübü,0.0,Alberto Costa,FC Porto,DEF,0.0
GW 220,4,Extra DEF,0.0,Alexander Schlager,FC Red Bull Salzburg,0.0,Aleksa Terzić,FC Red Bull Salzburg,0.0,Alan Varela,FC Porto,0.0,Alaettin Ekici,Fenerbahçe Spor Kulübü,0.0,Alexander Bah,SL Benfica,DEF,0.0
GW 219,1,Extra DEF,0.0,Adem Ağaoğlu,Trabzonspor Kulübü,0.0,Abdülkerim Bardakcı,Galatasaray Spor Kulübü,0.0,Abdou Fall,Fenerbahçe Spor Kulübü,0.0,Ada Yüzgeç,Galatasaray Spor Kulübü,0.0,Adam Montgomery,Celtic FC,DEF,0.0
GW 219,2,Extra DEF,0.0,Ahmet Yıldırım,Trabzonspor Kulübü,0.0,Adrian Barišić,Sporting Braga,0.0,Adnan Fettahoğlu,Fenerbahçe Spor Kulübü,0.0,Ahmed Kutucu,Galatasaray Spor Kulübü,0.0,Afonso Sousa,Sporting Braga,DEF,0.0
GW 219,3,Extra DEF,0.0,Alaa Bellaarouch,Sporting Braga,0.0,Ahmet Tekke,Trabzonspor Kulübü,0.0,Aiden McCallion,Rangers FC,0.0,Ahmet Bircan,Beşiktaş Jimnastik Kulübü,0.0,Alberto Costa,FC Porto,DEF,0.0
GW 219,4,Extra DEF,0.0,Alexander Schlager,FC Red Bull Salzburg,0.0,Aleksa Terzić,FC Red Bull Salzburg,0.0,Alan Varela,FC Porto,0.0,Alaettin Ekici,Fenerbahçe Spor Kulübü,0.0,Alexander Bah,SL Benfica,DEF,0.0
GW 218,1,Extra DEF,0.0,Adem Ağaoğlu,Trabzonspor Kulübü,0.0,Abdülkerim Bardakcı,Galatasaray Spor Kulübü,0.0,Abdou Fall,Fenerbahçe Spor Kulübü,0.0,Ada Yüzgeç,Galatasaray Spor Kulübü,0.0,Adam Montgomery,Celtic FC,DEF,0.0
GW 218,2,Extra DEF,0.0,Ahmet Yıldırım,Trabzonspor Kulübü,0.0,Adrian Barišić,Sporting Braga,0.0,Adnan Fettahoğlu,Fenerbahçe Spor Kulübü,0.0,Ahmed Kutucu,Galatasaray Spor Kulübü,0.0,Afonso Sousa,Sporting Braga,DEF,0.0
GW 218,3,Extra DEF,0.0,Alaa Bellaarouch,Sporting Braga,0.0,Ahmet Tekke,Trabzonspor Kulübü,0.0,Aiden McCallion,Rangers FC,0.0,Ahmet Bircan,Beşiktaş Jimnastik Kulübü,0.0,Alberto Costa,FC Porto,DEF,0.0
GW 218,4,Extra DEF,0.0,Alexander Schlager,FC Red Bull Salzburg,0.0,Aleksa Terzić,FC Red Bull Salzburg,0.0,Alan Varela,FC Porto,0.0,Alaettin Ekici,Fenerbahçe Spor Kulübü,0.0,Alexander Bah,SL Benfica,DEF,0.0
GW 217,1,Extra DEF,0.0,Adem Ağaoğlu,Trabzonspor Kulübü,0.0,Abdülkerim Bardakcı,Galatasaray Spor Kulübü,0.0,Abdou Fall,Fenerbahçe Spor Kulübü,0.0,Ada Yüzgeç,Galatasaray Spor Kulübü,0.0,Adam Montgomery,Celtic FC,DEF,0.0
GW 217,2,Extra DEF,0.0,Ahmet Yıldırım,Trabzonspor Kulübü,0.0,Adrian Barišić,Sporting Braga,0.0,Adnan Fettahoğlu,Fenerbahçe Spor Kulübü,0.0,Ahmed Kutucu,Galatasaray Spor Kulübü,0.0,Afonso Sousa,Sporting Braga,DEF,0.0
GW 217,3,Extra DEF,0.0,Alaa Bellaarouch,Sporting Braga,0.0,Ahmet Tekke,Trabzonspor Kulübü,0.0,Aiden McCallion,Rangers FC,0.0,Ahmet Bircan,Beşiktaş Jimnastik Kulübü,0.0,Alberto Costa,FC Porto,DEF,0.0
GW 217,4,Extra DEF,0.0,Alexander Schlager,FC Red Bull Salzburg,0.0,Aleksa Terzić,FC Red Bull Salzburg,0.0,Alan Varela,FC Porto,0.0,Alaettin Ekici,Fenerbahçe Spor Kulübü,0.0,Alexander Bah,SL Benfica,DEF,0.0
GW 216,1,Extra DEF,0.0,Adem Ağaoğlu,Trabzonspor Kulübü,0.0,Abdülkerim Bardakcı,Galatasaray Spor Kulübü,0.0,Abdou Fall,Fenerbahçe Spor Kulübü,0.0,Ada Yüzgeç,Galatasaray Spor Kulübü,0.0,Adam Montgomery,Celtic FC,DEF,0.0
GW 216,2,Extra DEF,0.0,Ahmet Yıldırım,Trabzonspor Kulübü,0.0,Adrian Barišić,Sporting Braga,0.0,Adnan Fettahoğlu,Fenerbahçe Spor Kulübü,0.0,Ahmed Kutucu,Galatasaray Spor Kulübü,0.0,Afonso Sousa,Sporting Braga,DEF,0.0
GW 216,3,Extra DEF,0.0,Alaa Bellaarouch,Sporting Braga,0.0,Ahmet Tekke,Trabzonspor Kulübü,0.0,Aiden McCallion,Rangers FC,0.0,Ahmet Bircan,Beşiktaş Jimnastik Kulübü,0.0,Alberto Costa,FC Porto,DEF,0.0
GW 216,4,Extra DEF,0.0,Alexander Schlager,FC Red Bull Salzburg,0.0,Aleksa Terzić,FC Red Bull Salzburg,0.0,Alan Varela,FC Porto,0.0,Alaettin Ekici,Fenerbahçe Spor Kulübü,0.0,Alexander Bah,SL Benfica,DEF,0.0
GW 215,1,Extra DEF,0.0,Adem Ağaoğlu,Trabzonspor Kulübü,0.0,Abdülkerim Bardakcı,Galatasaray Spor Kulübü,0.0,Abdou Fall,Fenerbahçe Spor Kulübü,0.0,Ada Yüzgeç,Galatasaray Spor Kulübü,0.0,Adam Montgomery,Celtic FC,DEF,0.0
GW 215,2,Extra DEF,0.0,Ahmet Yıldırım,Trabzonspor Kulübü,0.0,Adrian Barišić,Sporting Braga,0.0,Adnan Fettahoğlu,Fenerbahçe Spor Kulübü,0.0,Ahmed Kutucu,Galatasaray Spor Kulübü,0.0,Afonso Sousa,Sporting Braga,DEF,0.0
GW 215,3,Extra DEF,0.0,Alaa Bellaarouch,Sporting Braga,0.0,Ahmet Tekke,Trabzonspor Kulübü,0.0,Aiden McCallion,Rangers FC,0.0,Ahmet Bircan,Beşiktaş Jimnastik Kulübü,0.0,Alberto Costa,FC Porto,DEF,0.0
GW 215,4,Extra DEF,0.0,Alexander Schlager,FC Red Bull Salzburg,0.0,Aleksa Terzić,FC Red Bull Salzburg,0.0,Alan Varela,FC Porto,0.0,Alaettin Ekici,Fenerbahçe Spor Kulübü,0.0,Alexander Bah,SL Benfica,DEF,0.0
GW 214,1,Extra DEF,0.0,Adem Ağaoğlu,Trabzonspor Kulübü,0.0,Abdülkerim Bardakcı,Galatasaray Spor Kulübü,0.0,Abdou Fall,Fenerbahçe Spor Kulübü,0.0,Ada Yüzgeç,Galatasaray Spor Kulübü,0.0,Adam Montgomery,Celtic FC,DEF,0.0
GW 214,2,Extra DEF,0.0,Ahmet Yıldırım,Trabzonspor Kulübü,0.0,Adrian Barišić,Sporting Braga,0.0,Adnan Fettahoğlu,Fenerbahçe Spor Kulübü,0.0,Ahmed Kutucu,Galatasaray Spor Kulübü,0.0,Afonso Sousa,Sporting Braga,DEF,0.0
GW 214,3,Extra DEF,0.0,Alaa Bellaarouch,Sporting Braga,0.0,Ahmet Tekke,Trabzonspor Kulübü,0.0,Aiden McCallion,Rangers FC,0.0,Ahmet Bircan,Beşiktaş Jimnastik Kulübü,0.0,Alberto Costa,FC Porto,DEF,0.0
GW 214,4,Extra DEF,0.0,Alexander Schlager,FC Red Bull Salzburg,0.0,Aleksa Terzić,FC Red Bull Salzburg,0.0,Alan Varela,FC Porto,0.0,Alaettin Ekici,Fenerbahçe Spor Kulübü,0.0,Alexander Bah,SL Benfica,DEF,0.0
GW 213,1,Extra DEF,0.0,Adem Ağaoğlu,Trabzonspor Kulübü,0.0,Abdülkerim Bardakcı,Galatasaray Spor Kulübü,0.0,Abdou Fall,Fenerbahçe Spor Kulübü,0.0,Ada Yüzgeç,Galatasaray Spor Kulübü,0.0,Adam Montgomery,Celtic FC,DEF,0.0
GW 213,2,Extra DEF,0.0,Ahmet Yıldırım,Trabzonspor Kulübü,0.0,Adrian Barišić,Sporting Braga,0.0,Adnan Fettahoğlu,Fenerbahçe Spor Kulübü,0.0,Ahmed Kutucu,Galatasaray Spor Kulübü,0.0,Afonso Sousa,Sporting Braga,DEF,0.0
GW 213,3,Extra DEF,0.0,Alaa Bellaarouch,Sporting Braga,0.0,Ahmet Tekke,Trabzonspor Kulübü,0.0,Aiden McCallion,Rangers FC,0.0,Ahmet Bircan,Beşiktaş Jimnastik Kulübü,0.0,Alberto Costa,FC Porto,DEF,0.0
GW 213,4,Extra DEF,0.0,Alexander Schlager,FC Red Bull Salzburg,0.0,Aleksa Terzić,FC Red Bull Salzburg,0.0,Alan Varela,FC Porto,0.0,Alaettin Ekici,Fenerbahçe Spor Kulübü,0.0,Alexander Bah,SL Benfica,DEF,0.0
GW 212,1,Extra DEF,0.0,Adem Ağaoğlu,Trabzonspor Kulübü,0.0,Abdülkerim Bardakcı,Galatasaray Spor Kulübü,0.0,Abdou Fall,Fenerbahçe Spor Kulübü,0.0,Ada Yüzgeç,Galatasaray Spor Kulübü,0.0,Adam Montgomery,Celtic FC,DEF,0.0
GW 212,2,Extra DEF,0.0,Ahmet Yıldırım,Trabzonspor Kulübü,0.0,Adrian Barišić,Sporting Braga,0.0,Adnan Fettahoğlu,Fenerbahçe Spor Kulübü,0.0,Ahmed Kutucu,Galatasaray Spor Kulübü,0.0,Afonso Sousa,Sporting Braga,DEF,0.0
GW 212,3,Extra DEF,0.0,Alaa Bellaarouch,Sporting Braga,0.0,Ahmet Tekke,Trabzonspor Kulübü,0.0,Aiden McCallion,Rangers FC,0.0,Ahmet Bircan,Beşiktaş Jimnastik Kulübü,0.0,Alberto Costa,FC Porto,DEF,0.0
GW 212,4,Extra DEF,0.0,Alexander Schlager,FC Red Bull Salzburg,0.0,Aleksa Terzić,FC Red Bull Salzburg,0.0,Alan Varela,FC Porto,0.0,Alaettin Ekici,Fenerbahçe Spor Kulübü,0.0,Alexander Bah,SL Benfica,DEF,0.0
GW 211,1,Extra DEF,0.0,Adem Ağaoğlu,Trabzonspor Kulübü,0.0,Abdülkerim Bardakcı,Galatasaray Spor Kulübü,0.0,Abdou Fall,Fenerbahçe Spor Kulübü,0.0,Ada Yüzgeç,Galatasaray Spor Kulübü,0.0,Adam Montgomery,Celtic FC,DEF,0.0
GW 211,2,Extra DEF,0.0,Ahmet Yıldırım,Trabzonspor Kulübü,0.0,Adrian Barišić,Sporting Braga,0.0,Adnan Fettahoğlu,Fenerbahçe Spor Kulübü,0.0,Ahmed Kutucu,Galatasaray Spor Kulübü,0.0,Afonso Sousa,Sporting Braga,DEF,0.0
GW 211,3,Extra DEF,0.0,Alaa Bellaarouch,Sporting Braga,0.0,Ahmet Tekke,Trabzonspor Kulübü,0.0,Aiden McCallion,Rangers FC,0.0,Ahmet Bircan,Beşiktaş Jimnastik Kulübü,0.0,Alberto Costa,FC Porto,DEF,0.0
GW 211,4,Extra DEF,0.0,Alexander Schlager,FC Red Bull Salzburg,0.0,Aleksa Terzić,FC Red Bull Salzburg,0.0,Alan Varela,FC Porto,0.0,Alaettin Ekici,Fenerbahçe Spor Kulübü,0.0,Alexander Bah,SL Benfica,DEF,0.0
GW 210,1,Extra DEF,0.0,Adem Ağaoğlu,Trabzonspor Kulübü,0.0,Abdülkerim Bardakcı,Galatasaray Spor Kulübü,0.0,Abdou Fall,Fenerbahçe Spor Kulübü,0.0,Ada Yüzgeç,Galatasaray Spor Kulübü,0.0,Adam Montgomery,Celtic FC,DEF,0.0
GW 210,2,Extra DEF,0.0,Ahmet Yıldırım,Trabzonspor Kulübü,0.0,Adrian Barišić,Sporting Braga,0.0,Adnan Fettahoğlu,Fenerbahçe Spor Kulübü,0.0,Ahmed Kutucu,Galatasaray Spor Kulübü,0.0,Afonso Sousa,Sporting Braga,DEF,0.0
GW 210,3,Extra DEF,0.0,Alaa Bellaarouch,Sporting Braga,0.0,Ahmet Tekke,Trabzonspor Kulübü,0.0,Aiden McCallion,Rangers FC,0.0,Ahmet Bircan,Beşiktaş Jimnastik Kulübü,0.0,Alberto Costa,FC Porto,DEF,0.0
GW 210,4,Extra DEF,0.0,Alexander Schlager,FC Red Bull Salzburg,0.0,Aleksa Terzić,FC Red Bull Salzburg,0.0,Alan Varela,FC Porto,0.0,Alaettin Ekici,Fenerbahçe Spor Kulübü,0.0,Alexander Bah,SL Benfica,DEF,0.0
GW 209,1,Extra DEF,0.0,Adem Ağaoğlu,Trabzonspor Kulübü,0.0,Abdülkerim Bardakcı,Galatasaray Spor Kulübü,0.0,Abdou Fall,Fenerbahçe Spor Kulübü,0.0,Ada Yüzgeç,Galatasaray Spor Kulübü,0.0,Adam Montgomery,Celtic FC,DEF,0.0
GW 209,2,Extra DEF,0.0,Ahmet Yıldırım,Trabzonspor Kulübü,0.0,Adrian Barišić,Sporting Braga,0.0,Adnan Fettahoğlu,Fenerbahçe Spor Kulübü,0.0,Ahmed Kutucu,Galatasaray Spor Kulübü,0.0,Afonso Sousa,Sporting Braga,DEF,0.0
GW 209,3,Extra DEF,0.0,Alaa Bellaarouch,Sporting Braga,0.0,Ahmet Tekke,Trabzonspor Kulübü,0.0,Aiden McCallion,Rangers FC,0.0,Ahmet Bircan,Beşiktaş Jimnastik Kulübü,0.0,Alberto Costa,FC Porto,DEF,0.0
GW 209,4,Extra DEF,0.0,Alexander Schlager,FC Red Bull Salzburg,0.0,Aleksa Terzić,FC Red Bull Salzburg,0.0,Alan Varela,FC Porto,0.0,Alaettin Ekici,Fenerbahçe Spor Kulübü,0.0,Alexander Bah,SL Benfica,DEF,0.0
GW 208,1,Extra DEF,0.0,Adem Ağaoğlu,Trabzonspor Kulübü,0.0,Abdülkerim Bardakcı,Galatasaray Spor Kulübü,0.0,Abdou Fall,Fenerbahçe Spor Kulübü,0.0,Ada Yüzgeç,Galatasaray Spor Kulübü,0.0,Adam Montgomery,Celtic FC,DEF,0.0
GW 208,2,Extra DEF,0.0,Ahmet Yıldırım,Trabzonspor Kulübü,0.0,Adrian Barišić,Sporting Braga,0.0,Adnan Fettahoğlu,Fenerbahçe Spor Kulübü,0.0,Ahmed Kutucu,Galatasaray Spor Kulübü,0.0,Afonso Sousa,Sporting Braga,DEF,0.0
GW 208,3,Extra DEF,0.0,Alaa Bellaarouch,Sporting Braga,0.0,Ahmet Tekke,Trabzonspor Kulübü,0.0,Aiden McCallion,Rangers FC,0.0,Ahmet Bircan,Beşiktaş Jimnastik Kulübü,0.0,Alberto Costa,FC Porto,DEF,0.0
GW 208,4,Extra DEF,0.0,Alexander Schlager,FC Red Bull Salzburg,0.0,Aleksa Terzić,FC Red Bull Salzburg,0.0,Alan Varela,FC Porto,0.0,Alaettin Ekici,Fenerbahçe Spor Kulübü,0.0,Alexander Bah,SL Benfica,DEF,0.0
GW 207,1,Extra DEF,0.0,Adem Ağaoğlu,Trabzonspor Kulübü,0.0,Abdülkerim Bardakcı,Galatasaray Spor Kulübü,0.0,Abdou Fall,Fenerbahçe Spor Kulübü,0.0,Ada Yüzgeç,Galatasaray Spor Kulübü,0.0,Adam Montgomery,Celtic FC,DEF,0.0
GW 207,2,Extra DEF,0.0,Ahmet Yıldırım,Trabzonspor Kulübü,0.0,Adrian Barišić,Sporting Braga,0.0,Adnan Fettahoğlu,Fenerbahçe Spor Kulübü,0.0,Ahmed Kutucu,Galatasaray Spor Kulübü,0.0,Afonso Sousa,Sporting Braga,DEF,0.0
GW 207,3,Extra DEF,0.0,Alaa Bellaarouch,Sporting Braga,0.0,Ahmet Tekke,Trabzonspor Kulübü,0.0,Aiden McCallion,Rangers FC,0.0,Ahmet Bircan,Beşiktaş Jimnastik Kulübü,0.0,Alberto Costa,FC Porto,DEF,0.0
GW 207,4,Extra DEF,0.0,Alexander Schlager,FC Red Bull Salzburg,0.0,Aleksa Terzić,FC Red Bull Salzburg,0.0,Alan Varela,FC Porto,0.0,Alaettin Ekici,Fenerbahçe Spor Kulübü,0.0,Alexander Bah,SL Benfica,DEF,0.0
GW 206,1,Extra DEF,0.0,Adem Ağaoğlu,Trabzonspor Kulübü,0.0,Abdülkerim Bardakcı,Galatasaray Spor Kulübü,0.0,Abdou Fall,Fenerbahçe Spor Kulübü,0.0,Ada Yüzgeç,Galatasaray Spor Kulübü,0.0,Adam Montgomery,Celtic FC,DEF,0.0
GW 206,2,Extra DEF,0.0,Ahmet Yıldırım,Trabzonspor Kulübü,0.0,Adrian Barišić,Sporting Braga,0.0,Adnan Fettahoğlu,Fenerbahçe Spor Kulübü,0.0,Ahmed Kutucu,Galatasaray Spor Kulübü,0.0,Afonso Sousa,Sporting Braga,DEF,0.0
GW 206,3,Extra DEF,0.0,Alaa Bellaarouch,Sporting Braga,0.0,Ahmet Tekke,Trabzonspor Kulübü,0.0,Aiden McCallion,Rangers FC,0.0,Ahmet Bircan,Beşiktaş Jimnastik Kulübü,0.0,Alberto Costa,FC Porto,DEF,0.0
GW 206,4,Extra DEF,0.0,Alexander Schlager,FC Red Bull Salzburg,0.0,Aleksa Terzić,FC Red Bull Salzburg,0.0,Alan Varela,FC Porto,0.0,Alaettin Ekici,Fenerbahçe Spor Kulübü,0.0,Alexander Bah,SL Benfica,DEF,0.0
GW 205,1,Extra DEF,0.0,Adem Ağaoğlu,Trabzonspor Kulübü,0.0,Abdülkerim Bardakcı,Galatasaray Spor Kulübü,0.0,Abdou Fall,Fenerbahçe Spor Kulübü,0.0,Ada Yüzgeç,Galatasaray Spor Kulübü,0.0,Adam Montgomery,Celtic FC,DEF,0.0
GW 205,2,Extra DEF,0.0,Ahmet Yıldırım,Trabzonspor Kulübü,0.0,Adrian Barišić,Sporting Braga,0.0,Adnan Fettahoğlu,Fenerbahçe Spor Kulübü,0.0,Ahmed Kutucu,Galatasaray Spor Kulübü,0.0,Afonso Sousa,Sporting Braga,DEF,0.0
GW 205,3,Extra DEF,0.0,Alaa Bellaarouch,Sporting Braga,0.0,Ahmet Tekke,Trabzonspor Kulübü,0.0,Aiden McCallion,Rangers FC,0.0,Ahmet Bircan,Beşiktaş Jimnastik Kulübü,0.0,Alberto Costa,FC Porto,DEF,0.0
GW 205,4,Extra DEF,0.0,Alexander Schlager,FC Red Bull Salzburg,0.0,Aleksa Terzić,FC Red Bull Salzburg,0.0,Alan Varela,FC Porto,0.0,Alaettin Ekici,Fenerbahçe Spor Kulübü,0.0,Alexander Bah,SL Benfica,DEF,0.0
GW 204,1,Extra DEF,0.0,Adem Ağaoğlu,Trabzonspor Kulübü,0.0,Abdülkerim Bardakcı,Galatasaray Spor Kulübü,0.0,Abdou Fall,Fenerbahçe Spor Kulübü,0.0,Ada Yüzgeç,Galatasaray Spor Kulübü,0.0,Adam Montgomery,Celtic FC,DEF,0.0
GW 204,2,Extra DEF,0.0,Ahmet Yıldırım,Trabzonspor Kulübü,0.0,Adrian Barišić,Sporting Braga,0.0,Adnan Fettahoğlu,Fenerbahçe Spor Kulübü,0.0,Ahmed Kutucu,Galatasaray Spor Kulübü,0.0,Afonso Sousa,Sporting Braga,DEF,0.0
GW 204,3,Extra DEF,0.0,Alaa Bellaarouch,Sporting Braga,0.0,Ahmet Tekke,Trabzonspor Kulübü,0.0,Aiden McCallion,Rangers FC,0.0,Ahmet Bircan,Beşiktaş Jimnastik Kulübü,0.0,Alberto Costa,FC Porto,DEF,0.0
GW 204,4,Extra DEF,0.0,Alexander Schlager,FC Red Bull Salzburg,0.0,Aleksa Terzić,FC Red Bull Salzburg,0.0,Alan Varela,FC Porto,0.0,Alaettin Ekici,Fenerbahçe Spor Kulübü,0.0,Alexander Bah,SL Benfica,DEF,0.0
GW 203,1,Extra DEF,0.0,Adem Ağaoğlu,Trabzonspor Kulübü,0.0,Abdülkerim Bardakcı,Galatasaray Spor Kulübü,0.0,Abdou Fall,Fenerbahçe Spor Kulübü,0.0,Ada Yüzgeç,Galatasaray Spor Kulübü,0.0,Adam Montgomery,Celtic FC,DEF,0.0
GW 203,2,Extra DEF,0.0,Ahmet Yıldırım,Trabzonspor Kulübü,0.0,Adrian Barišić,Sporting Braga,0.0,Adnan Fettahoğlu,Fenerbahçe Spor Kulübü,0.0,Ahmed Kutucu,Galatasaray Spor Kulübü,0.0,Afonso Sousa,Sporting Braga,DEF,0.0
GW 203,3,Extra DEF,0.0,Alaa Bellaarouch,Sporting Braga,0.0,Ahmet Tekke,Trabzonspor Kulübü,0.0,Aiden McCallion,Rangers FC,0.0,Ahmet Bircan,Beşiktaş Jimnastik Kulübü,0.0,Alberto Costa,FC Porto,DEF,0.0
GW 203,4,Extra DEF,0.0,Alexander Schlager,FC Red Bull Salzburg,0.0,Aleksa Terzić,FC Red Bull Salzburg,0.0,Alan Varela,FC Porto,0.0,Alaettin Ekici,Fenerbahçe Spor Kulübü,0.0,Alexander Bah,SL Benfica,DEF,0.0
GW 202,1,Extra DEF,0.0,Adem Ağaoğlu,Trabzonspor Kulübü,0.0,Abdülkerim Bardakcı,Galatasaray Spor Kulübü,0.0,Abdou Fall,Fenerbahçe Spor Kulübü,0.0,Ada Yüzgeç,Galatasaray Spor Kulübü,0.0,Adam Montgomery,Celtic FC,DEF,0.0
GW 202,2,Extra DEF,0.0,Ahmet Yıldırım,Trabzonspor Kulübü,0.0,Adrian Barišić,Sporting Braga,0.0,Adnan Fettahoğlu,Fenerbahçe Spor Kulübü,0.0,Ahmed Kutucu,Galatasaray Spor Kulübü,0.0,Afonso Sousa,Sporting Braga,DEF,0.0
GW 202,3,Extra DEF,0.0,Alaa Bellaarouch,Sporting Braga,0.0,Ahmet Tekke,Trabzonspor Kulübü,0.0,Aiden McCallion,Rangers FC,0.0,Ahmet Bircan,Beşiktaş Jimnastik Kulübü,0.0,Alberto Costa,FC Porto,DEF,0.0
GW 202,4,Extra DEF,0.0,Alexander Schlager,FC Red Bull Salzburg,0.0,Aleksa Terzić,FC Red Bull Salzburg,0.0,Alan Varela,FC Porto,0.0,Alaettin Ekici,Fenerbahçe Spor Kulübü,0.0,Alexander Bah,SL Benfica,DEF,0.0
GW 201,1,Extra DEF,0.0,Adem Ağaoğlu,Trabzonspor Kulübü,0.0,Abdülkerim Bardakcı,Galatasaray Spor Kulübü,0.0,Abdou Fall,Fenerbahçe Spor Kulübü,0.0,Ada Yüzgeç,Galatasaray Spor Kulübü,0.0,Adam Montgomery,Celtic FC,DEF,0.0
GW 201,2,Extra DEF,0.0,Ahmet Yıldırım,Trabzonspor Kulübü,0.0,Adrian Barišić,Sporting Braga,0.0,Adnan Fettahoğlu,Fenerbahçe Spor Kulübü,0.0,Ahmed Kutucu,Galatasaray Spor Kulübü,0.0,Afonso Sousa,Sporting Braga,DEF,0.0
GW 201,3,Extra DEF,0.0,Alaa Bellaarouch,Sporting Braga,0.0,Ahmet Tekke,Trabzonspor Kulübü,0.0,Aiden McCallion,Rangers FC,0.0,Ahmet Bircan,Beşiktaş Jimnastik Kulübü,0.0,Alberto Costa,FC Porto,DEF,0.0
GW 201,4,Extra DEF,0.0,Alexander Schlager,FC Red Bull Salzburg,0.0,Aleksa Terzić,FC Red Bull Salzburg,0.0,Alan Varela,FC Porto,0.0,Alaettin Ekici,Fenerbahçe Spor Kulübü,0.0,Alexander Bah,SL Benfica,DEF,0.0
GW 200,1,Extra DEF,0.0,Adem Ağaoğlu,Trabzonspor Kulübü,0.0,Abdülkerim Bardakcı,Galatasaray Spor Kulübü,0.0,Abdou Fall,Fenerbahçe Spor Kulübü,0.0,Ada Yüzgeç,Galatasaray Spor Kulübü,0.0,Adam Montgomery,Celtic FC,DEF,0.0
GW 200,2,Extra DEF,0.0,Ahmet Yıldırım,Trabzonspor Kulübü,0.0,Adrian Barišić,Sporting Braga,0.0,Adnan Fettahoğlu,Fenerbahçe Spor Kulübü,0.0,Ahmed Kutucu,Galatasaray Spor Kulübü,0.0,Afonso Sousa,Sporting Braga,DEF,0.0
GW 200,3,Extra DEF,0.0,Alaa Bellaarouch,Sporting Braga,0.0,Ahmet Tekke,Trabzonspor Kulübü,0.0,Aiden McCallion,Rangers FC,0.0,Ahmet Bircan,Beşiktaş Jimnastik Kulübü,0.0,Alberto Costa,FC Porto,DEF,0.0
GW 200,4,Extra DEF,0.0,Alexander Schlager,FC Red Bull Salzburg,0.0,Aleksa Terzić,FC Red Bull Salzburg,0.0,Alan Varela,FC Porto,0.0,Alaettin Ekici,Fenerbahçe Spor Kulübü,0.0,Alexander Bah,SL Benfica,DEF,0.0
GW 199,1,Extra DEF,0.0,Adem Ağaoğlu,Trabzonspor Kulübü,0.0,Abdülkerim Bardakcı,Galatasaray Spor Kulübü,0.0,Abdou Fall,Fenerbahçe Spor Kulübü,0.0,Ada Yüzgeç,Galatasaray Spor Kulübü,0.0,Adam Montgomery,Celtic FC,DEF,0.0
GW 199,2,Extra DEF,0.0,Ahmet Yıldırım,Trabzonspor Kulübü,0.0,Adrian Barišić,Sporting Braga,0.0,Adnan Fettahoğlu,Fenerbahçe Spor Kulübü,0.0,Ahmed Kutucu,Galatasaray Spor Kulübü,0.0,Afonso Sousa,Sporting Braga,DEF,0.0
GW 199,3,Extra DEF,0.0,Alaa Bellaarouch,Sporting Braga,0.0,Ahmet Tekke,Trabzonspor Kulübü,0.0,Aiden McCallion,Rangers FC,0.0,Ahmet Bircan,Beşiktaş Jimnastik Kulübü,0.0,Alberto Costa,FC Porto,DEF,0.0
GW 199,4,Extra DEF,0.0,Alexander Schlager,FC Red Bull Salzburg,0.0,Aleksa Terzić,FC Red Bull Salzburg,0.0,Alan Varela,FC Porto,0.0,Alaettin Ekici,Fenerbahçe Spor Kulübü,0.0,Alexander Bah,SL Benfica,DEF,0.0
GW 198,1,Extra DEF,0.0,Adem Ağaoğlu,Trabzonspor Kulübü,0.0,Abdülkerim Bardakcı,Galatasaray Spor Kulübü,0.0,Abdou Fall,Fenerbahçe Spor Kulübü,0.0,Ada Yüzgeç,Galatasaray Spor Kulübü,0.0,Adam Montgomery,Celtic FC,DEF,0.0
GW 198,2,Extra DEF,0.0,Ahmet Yıldırım,Trabzonspor Kulübü,0.0,Adrian Barišić,Sporting Braga,0.0,Adnan Fettahoğlu,Fenerbahçe Spor Kulübü,0.0,Ahmed Kutucu,Galatasaray Spor Kulübü,0.0,Afonso Sousa,Sporting Braga,DEF,0.0
GW 198,3,Extra DEF,0.0,Alaa Bellaarouch,Sporting Braga,0.0,Ahmet Tekke,Trabzonspor Kulübü,0.0,Aiden McCallion,Rangers FC,0.0,Ahmet Bircan,Beşiktaş Jimnastik Kulübü,0.0,Alberto Costa,FC Porto,DEF,0.0
GW 198,4,Extra DEF,0.0,Alexander Schlager,FC Red Bull Salzburg,0.0,Aleksa Terzić,FC Red Bull Salzburg,0.0,Alan Varela,FC Porto,0.0,Alaettin Ekici,Fenerbahçe Spor Kulübü,0.0,Alexander Bah,SL Benfica,DEF,0.0
GW 197,1,Extra DEF,0.0,Adem Ağaoğlu,Trabzonspor Kulübü,0.0,Abdülkerim Bardakcı,Galatasaray Spor Kulübü,0.0,Abdou Fall,Fenerbahçe Spor Kulübü,0.0,Ada Yüzgeç,Galatasaray Spor Kulübü,0.0,Adam Montgomery,Celtic FC,DEF,0.0
GW 197,2,Extra DEF,0.0,Ahmet Yıldırım,Trabzonspor Kulübü,0.0,Adrian Barišić,Sporting Braga,0.0,Adnan Fettahoğlu,Fenerbahçe Spor Kulübü,0.0,Ahmed Kutucu,Galatasaray Spor Kulübü,0.0,Afonso Sousa,Sporting Braga,DEF,0.0
GW 197,3,Extra DEF,0.0,Alaa Bellaarouch,Sporting Braga,0.0,Ahmet Tekke,Trabzonspor Kulübü,0.0,Aiden McCallion,Rangers FC,0.0,Ahmet Bircan,Beşiktaş Jimnastik Kulübü,0.0,Alberto Costa,FC Porto,DEF,0.0
GW 197,4,Extra DEF,0.0,Alexander Schlager,FC Red Bull Salzburg,0.0,Aleksa Terzić,FC Red Bull Salzburg,0.0,Alan Varela,FC Porto,0.0,Alaettin Ekici,Fenerbahçe Spor Kulübü,0.0,Alexander Bah,SL Benfica,DEF,0.0
GW 196,1,Extra DEF,0.0,Adem Ağaoğlu,Trabzonspor Kulübü,0.0,Abdülkerim Bardakcı,Galatasaray Spor Kulübü,0.0,Abdou Fall,Fenerbahçe Spor Kulübü,0.0,Ada Yüzgeç,Galatasaray Spor Kulübü,0.0,Adam Montgomery,Celtic FC,DEF,0.0
GW 196,2,Extra DEF,0.0,Ahmet Yıldırım,Trabzonspor Kulübü,0.0,Adrian Barišić,Sporting Braga,0.0,Adnan Fettahoğlu,Fenerbahçe Spor Kulübü,0.0,Ahmed Kutucu,Galatasaray Spor Kulübü,0.0,Afonso Sousa,Sporting Braga,DEF,0.0
GW 196,3,Extra DEF,0.0,Alaa Bellaarouch,Sporting Braga,0.0,Ahmet Tekke,Trabzonspor Kulübü,0.0,Aiden McCallion,Rangers FC,0.0,Ahmet Bircan,Beşiktaş Jimnastik Kulübü,0.0,Alberto Costa,FC Porto,DEF,0.0
GW 196,4,Extra DEF,0.0,Alexander Schlager,FC Red Bull Salzburg,0.0,Aleksa Terzić,FC Red Bull Salzburg,0.0,Alan Varela,FC Porto,0.0,Alaettin Ekici,Fenerbahçe Spor Kulübü,0.0,Alexander Bah,SL Benfica,DEF,0.0
GW 195,1,Extra DEF,0.0,Adem Ağaoğlu,Trabzonspor Kulübü,0.0,Abdülkerim Bardakcı,Galatasaray Spor Kulübü,0.0,Abdou Fall,Fenerbahçe Spor Kulübü,0.0,Ada Yüzgeç,Galatasaray Spor Kulübü,0.0,Adam Montgomery,Celtic FC,DEF,0.0
GW 195,2,Extra DEF,0.0,Ahmet Yıldırım,Trabzonspor Kulübü,0.0,Adrian Barišić,Sporting Braga,0.0,Adnan Fettahoğlu,Fenerbahçe Spor Kulübü,0.0,Ahmed Kutucu,Galatasaray Spor Kulübü,0.0,Afonso Sousa,Sporting Braga,DEF,0.0
GW 195,3,Extra DEF,0.0,Alaa Bellaarouch,Sporting Braga,0.0,Ahmet Tekke,Trabzonspor Kulübü,0.0,Aiden McCallion,Rangers FC,0.0,Ahmet Bircan,Beşiktaş Jimnastik Kulübü,0.0,Alberto Costa,FC Porto,DEF,0.0
GW 195,4,Extra DEF,0.0,Alexander Schlager,FC Red Bull Salzburg,0.0,Aleksa Terzić,FC Red Bull Salzburg,0.0,Alan Varela,FC Porto,0.0,Alaettin Ekici,Fenerbahçe Spor Kulübü,0.0,Alexander Bah,SL Benfica,DEF,0.0
GW 194,1,Extra DEF,0.0,Adem Ağaoğlu,Trabzonspor Kulübü,0.0,Abdülkerim Bardakcı,Galatasaray Spor Kulübü,0.0,Abdou Fall,Fenerbahçe Spor Kulübü,0.0,Ada Yüzgeç,Galatasaray Spor Kulübü,0.0,Adam Montgomery,Celtic FC,DEF,0.0
GW 194,2,Extra DEF,0.0,Ahmet Yıldırım,Trabzonspor Kulübü,0.0,Adrian Barišić,Sporting Braga,0.0,Adnan Fettahoğlu,Fenerbahçe Spor Kulübü,0.0,Ahmed Kutucu,Galatasaray Spor Kulübü,0.0,Afonso Sousa,Sporting Braga,DEF,0.0
GW 194,3,Extra DEF,0.0,Alaa Bellaarouch,Sporting Braga,0.0,Ahmet Tekke,Trabzonspor Kulübü,0.0,Aiden McCallion,Rangers FC,0.0,Ahmet Bircan,Beşiktaş Jimnastik Kulübü,0.0,Alberto Costa,FC Porto,DEF,0.0
GW 194,4,Extra DEF,0.0,Alexander Schlager,FC Red Bull Salzburg,0.0,Aleksa Terzić,FC Red Bull Salzburg,0.0,Alan Varela,FC Porto,0.0,Alaettin Ekici,Fenerbahçe Spor Kulübü,0.0,Alexander Bah,SL Benfica,DEF,0.0
GW 193,1,Extra DEF,0.0,Adem Ağaoğlu,Trabzonspor Kulübü,0.0,Abdülkerim Bardakcı,Galatasaray Spor Kulübü,0.0,Abdou Fall,Fenerbahçe Spor Kulübü,0.0,Ada Yüzgeç,Galatasaray Spor Kulübü,0.0,Adam Montgomery,Celtic FC,DEF,0.0
GW 193,2,Extra DEF,0.0,Ahmet Yıldırım,Trabzonspor Kulübü,0.0,Adrian Barišić,Sporting Braga,0.0,Adnan Fettahoğlu,Fenerbahçe Spor Kulübü,0.0,Ahmed Kutucu,Galatasaray Spor Kulübü,0.0,Afonso Sousa,Sporting Braga,DEF,0.0
GW 193,3,Extra DEF,0.0,Alaa Bellaarouch,Sporting Braga,0.0,Ahmet Tekke,Trabzonspor Kulübü,0.0,Aiden McCallion,Rangers FC,0.0,Ahmet Bircan,Beşiktaş Jimnastik Kulübü,0.0,Alberto Costa,FC Porto,DEF,0.0
GW 193,4,Extra DEF,0.0,Alexander Schlager,FC Red Bull Salzburg,0.0,Aleksa Terzić,FC Red Bull Salzburg,0.0,Alan Varela,FC Porto,0.0,Alaettin Ekici,Fenerbahçe Spor Kulübü,0.0,Alexander Bah,SL Benfica,DEF,0.0
GW 192,1,Extra DEF,0.0,Adem Ağaoğlu,Trabzonspor Kulübü,0.0,Abdülkerim Bardakcı,Galatasaray Spor Kulübü,0.0,Abdou Fall,Fenerbahçe Spor Kulübü,0.0,Ada Yüzgeç,Galatasaray Spor Kulübü,0.0,Adam Montgomery,Celtic FC,DEF,0.0
GW 192,2,Extra DEF,0.0,Ahmet Yıldırım,Trabzonspor Kulübü,0.0,Adrian Barišić,Sporting Braga,0.0,Adnan Fettahoğlu,Fenerbahçe Spor Kulübü,0.0,Ahmed Kutucu,Galatasaray Spor Kulübü,0.0,Afonso Sousa,Sporting Braga,DEF,0.0
GW 192,3,Extra DEF,0.0,Alaa Bellaarouch,Sporting Braga,0.0,Ahmet Tekke,Trabzonspor Kulübü,0.0,Aiden McCallion,Rangers FC,0.0,Ahmet Bircan,Beşiktaş Jimnastik Kulübü,0.0,Alberto Costa,FC Porto,DEF,0.0
GW 192,4,Extra DEF,0.0,Alexander Schlager,FC Red Bull Salzburg,0.0,Aleksa Terzić,FC Red Bull Salzburg,0.0,Alan Varela,FC Porto,0.0,Alaettin Ekici,Fenerbahçe Spor Kulübü,0.0,Alexander Bah,SL Benfica,DEF,0.0
GW 191,1,Extra DEF,0.0,Adem Ağaoğlu,Trabzonspor Kulübü,0.0,Abdülkerim Bardakcı,Galatasaray Spor Kulübü,0.0,Abdou Fall,Fenerbahçe Spor Kulübü,0.0,Ada Yüzgeç,Galatasaray Spor Kulübü,0.0,Adam Montgomery,Celtic FC,DEF,0.0
GW 191,2,Extra DEF,0.0,Ahmet Yıldırım,Trabzonspor Kulübü,0.0,Adrian Barišić,Sporting Braga,0.0,Adnan Fettahoğlu,Fenerbahçe Spor Kulübü,0.0,Ahmed Kutucu,Galatasaray Spor Kulübü,0.0,Afonso Sousa,Sporting Braga,DEF,0.0
GW 191,3,Extra DEF,0.0,Alaa Bellaarouch,Sporting Braga,0.0,Ahmet Tekke,Trabzonspor Kulübü,0.0,Aiden McCallion,Rangers FC,0.0,Ahmet Bircan,Beşiktaş Jimnastik Kulübü,0.0,Alberto Costa,FC Porto,DEF,0.0
GW 191,4,Extra DEF,0.0,Alexander Schlager,FC Red Bull Salzburg,0.0,Aleksa Terzić,FC Red Bull Salzburg,0.0,Alan Varela,FC Porto,0.0,Alaettin Ekici,Fenerbahçe Spor Kulübü,0.0,Alexander Bah,SL Benfica,DEF,0.0
GW 190,1,Extra DEF,0.0,Adem Ağaoğlu,Trabzonspor Kulübü,0.0,Abdülkerim Bardakcı,Galatasaray Spor Kulübü,0.0,Abdou Fall,Fenerbahçe Spor Kulübü,0.0,Ada Yüzgeç,Galatasaray Spor Kulübü,0.0,Adam Montgomery,Celtic FC,DEF,0.0
GW 190,2,Extra DEF,0.0,Ahmet Yıldırım,Trabzonspor Kulübü,0.0,Adrian Barišić,Sporting Braga,0.0,Adnan Fettahoğlu,Fenerbahçe Spor Kulübü,0.0,Ahmed Kutucu,Galatasaray Spor Kulübü,0.0,Afonso Sousa,Sporting Braga,DEF,0.0
GW 190,3,Extra DEF,0.0,Alaa Bellaarouch,Sporting Braga,0.0,Ahmet Tekke,Trabzonspor Kulübü,0.0,Aiden McCallion,Rangers FC,0.0,Ahmet Bircan,Beşiktaş Jimnastik Kulübü,0.0,Alberto Costa,FC Porto,DEF,0.0
GW 190,4,Extra DEF,0.0,Alexander Schlager,FC Red Bull Salzburg,0.0,Aleksa Terzić,FC Red Bull Salzburg,0.0,Alan Varela,FC Porto,0.0,Alaettin Ekici,Fenerbahçe Spor Kulübü,0.0,Alexander Bah,SL Benfica,DEF,0.0
GW 189,1,Extra DEF,0.0,Adem Ağaoğlu,Trabzonspor Kulübü,0.0,Abdülkerim Bardakcı,Galatasaray Spor Kulübü,0.0,Abdou Fall,Fenerbahçe Spor Kulübü,0.0,Ada Yüzgeç,Galatasaray Spor Kulübü,0.0,Adam Montgomery,Celtic FC,DEF,0.0
GW 189,2,Extra DEF,0.0,Ahmet Yıldırım,Trabzonspor Kulübü,0.0,Adrian Barišić,Sporting Braga,0.0,Adnan Fettahoğlu,Fenerbahçe Spor Kulübü,0.0,Ahmed Kutucu,Galatasaray Spor Kulübü,0.0,Afonso Sousa,Sporting Braga,DEF,0.0
GW 189,3,Extra DEF,0.0,Alaa Bellaarouch,Sporting Braga,0.0,Ahmet Tekke,Trabzonspor Kulübü,0.0,Aiden McCallion,Rangers FC,0.0,Ahmet Bircan,Beşiktaş Jimnastik Kulübü,0.0,Alberto Costa,FC Porto,DEF,0.0
GW 189,4,Extra DEF,0.0,Alexander Schlager,FC Red Bull Salzburg,0.0,Aleksa Terzić,FC Red Bull Salzburg,0.0,Alan Varela,FC Porto,0.0,Alaettin Ekici,Fenerbahçe Spor Kulübü,0.0,Alexander Bah,SL Benfica,DEF,0.0
GW 188,1,Extra DEF,0.0,Adem Ağaoğlu,Trabzonspor Kulübü,0.0,Abdülkerim Bardakcı,Galatasaray Spor Kulübü,0.0,Abdou Fall,Fenerbahçe Spor Kulübü,0.0,Ada Yüzgeç,Galatasaray Spor Kulübü,0.0,Adam Montgomery,Celtic FC,DEF,0.0
GW 188,2,Extra DEF,0.0,Ahmet Yıldırım,Trabzonspor Kulübü,0.0,Adrian Barišić,Sporting Braga,0.0,Adnan Fettahoğlu,Fenerbahçe Spor Kulübü,0.0,Ahmed Kutucu,Galatasaray Spor Kulübü,0.0,Afonso Sousa,Sporting Braga,DEF,0.0
GW 188,3,Extra DEF,0.0,Alaa Bellaarouch,Sporting Braga,0.0,Ahmet Tekke,Trabzonspor Kulübü,0.0,Aiden McCallion,Rangers FC,0.0,Ahmet Bircan,Beşiktaş Jimnastik Kulübü,0.0,Alberto Costa,FC Porto,DEF,0.0
GW 188,4,Extra DEF,0.0,Alexander Schlager,FC Red Bull Salzburg,0.0,Aleksa Terzić,FC Red Bull Salzburg,0.0,Alan Varela,FC Porto,0.0,Alaettin Ekici,Fenerbahçe Spor Kulübü,0.0,Alexander Bah,SL Benfica,DEF,0.0
GW 187,1,Extra DEF,0.0,Adem Ağaoğlu,Trabzonspor Kulübü,0.0,Abdülkerim Bardakcı,Galatasaray Spor Kulübü,0.0,Abdou Fall,Fenerbahçe Spor Kulübü,0.0,Ada Yüzgeç,Galatasaray Spor Kulübü,0.0,Adam Montgomery,Celtic FC,DEF,0.0
GW 187,2,Extra DEF,0.0,Ahmet Yıldırım,Trabzonspor Kulübü,0.0,Adrian Barišić,Sporting Braga,0.0,Adnan Fettahoğlu,Fenerbahçe Spor Kulübü,0.0,Ahmed Kutucu,Galatasaray Spor Kulübü,0.0,Afonso Sousa,Sporting Braga,DEF,0.0
GW 187,3,Extra DEF,0.0,Alaa Bellaarouch,Sporting Braga,0.0,Ahmet Tekke,Trabzonspor Kulübü,0.0,Aiden McCallion,Rangers FC,0.0,Ahmet Bircan,Beşiktaş Jimnastik Kulübü,0.0,Alberto Costa,FC Porto,DEF,0.0
GW 187,4,Extra DEF,0.0,Alexander Schlager,FC Red Bull Salzburg,0.0,Aleksa Terzić,FC Red Bull Salzburg,0.0,Alan Varela,FC Porto,0.0,Alaettin Ekici,Fenerbahçe Spor Kulübü,0.0,Alexander Bah,SL Benfica,DEF,0.0
GW 186,1,Extra DEF,0.0,Adem Ağaoğlu,Trabzonspor Kulübü,0.0,Abdülkerim Bardakcı,Galatasaray Spor Kulübü,0.0,Abdou Fall,Fenerbahçe Spor Kulübü,0.0,Ada Yüzgeç,Galatasaray Spor Kulübü,0.0,Adam Montgomery,Celtic FC,DEF,0.0
GW 186,2,Extra DEF,0.0,Ahmet Yıldırım,Trabzonspor Kulübü,0.0,Adrian Barišić,Sporting Braga,0.0,Adnan Fettahoğlu,Fenerbahçe Spor Kulübü,0.0,Ahmed Kutucu,Galatasaray Spor Kulübü,0.0,Afonso Sousa,Sporting Braga,DEF,0.0
GW 186,3,Extra DEF,0.0,Alaa Bellaarouch,Sporting Braga,0.0,Ahmet Tekke,Trabzonspor Kulübü,0.0,Aiden McCallion,Rangers FC,0.0,Ahmet Bircan,Beşiktaş Jimnastik Kulübü,0.0,Alberto Costa,FC Porto,DEF,0.0
GW 186,4,Extra DEF,0.0,Alexander Schlager,FC Red Bull Salzburg,0.0,Aleksa Terzić,FC Red Bull Salzburg,0.0,Alan Varela,FC Porto,0.0,Alaettin Ekici,Fenerbahçe Spor Kulübü,0.0,Alexander Bah,SL Benfica,DEF,0.0
GW 185,1,Extra DEF,0.0,Adem Ağaoğlu,Trabzonspor Kulübü,0.0,Abdülkerim Bardakcı,Galatasaray Spor Kulübü,0.0,Abdou Fall,Fenerbahçe Spor Kulübü,0.0,Ada Yüzgeç,Galatasaray Spor Kulübü,0.0,Adam Montgomery,Celtic FC,DEF,0.0
GW 185,2,Extra DEF,0.0,Ahmet Yıldırım,Trabzonspor Kulübü,0.0,Adrian Barišić,Sporting Braga,0.0,Adnan Fettahoğlu,Fenerbahçe Spor Kulübü,0.0,Ahmed Kutucu,Galatasaray Spor Kulübü,0.0,Afonso Sousa,Sporting Braga,DEF,0.0
GW 185,3,Extra DEF,0.0,Alaa Bellaarouch,Sporting Braga,0.0,Ahmet Tekke,Trabzonspor Kulübü,0.0,Aiden McCallion,Rangers FC,0.0,Ahmet Bircan,Beşiktaş Jimnastik Kulübü,0.0,Alberto Costa,FC Porto,DEF,0.0
GW 185,4,Extra DEF,0.0,Alexander Schlager,FC Red Bull Salzburg,0.0,Aleksa Terzić,FC Red Bull Salzburg,0.0,Alan Varela,FC Porto,0.0,Alaettin Ekici,Fenerbahçe Spor Kulübü,0.0,Alexander Bah,SL Benfica,DEF,0.0
GW 184,1,Extra DEF,0.0,Adem Ağaoğlu,Trabzonspor Kulübü,0.0,Abdülkerim Bardakcı,Galatasaray Spor Kulübü,0.0,Abdou Fall,Fenerbahçe Spor Kulübü,0.0,Ada Yüzgeç,Galatasaray Spor Kulübü,0.0,Adam Montgomery,Celtic FC,DEF,0.0
GW 184,2,Extra DEF,0.0,Ahmet Yıldırım,Trabzonspor Kulübü,0.0,Adrian Barišić,Sporting Braga,0.0,Adnan Fettahoğlu,Fenerbahçe Spor Kulübü,0.0,Ahmed Kutucu,Galatasaray Spor Kulübü,0.0,Afonso Sousa,Sporting Braga,DEF,0.0
GW 184,3,Extra DEF,0.0,Alaa Bellaarouch,Sporting Braga,0.0,Ahmet Tekke,Trabzonspor Kulübü,0.0,Aiden McCallion,Rangers FC,0.0,Ahmet Bircan,Beşiktaş Jimnastik Kulübü,0.0,Alberto Costa,FC Porto,DEF,0.0
GW 184,4,Extra DEF,0.0,Alexander Schlager,FC Red Bull Salzburg,0.0,Aleksa Terzić,FC Red Bull Salzburg,0.0,Alan Varela,FC Porto,0.0,Alaettin Ekici,Fenerbahçe Spor Kulübü,0.0,Alexander Bah,SL Benfica,DEF,0.0
GW 183,1,Extra DEF,0.0,Adem Ağaoğlu,Trabzonspor Kulübü,0.0,Abdülkerim Bardakcı,Galatasaray Spor Kulübü,0.0,Abdou Fall,Fenerbahçe Spor Kulübü,0.0,Ada Yüzgeç,Galatasaray Spor Kulübü,0.0,Adam Montgomery,Celtic FC,DEF,0.0
GW 183,2,Extra DEF,0.0,Ahmet Yıldırım,Trabzonspor Kulübü,0.0,Adrian Barišić,Sporting Braga,0.0,Adnan Fettahoğlu,Fenerbahçe Spor Kulübü,0.0,Ahmed Kutucu,Galatasaray Spor Kulübü,0.0,Afonso Sousa,Sporting Braga,DEF,0.0
GW 183,3,Extra DEF,0.0,Alaa Bellaarouch,Sporting Braga,0.0,Ahmet Tekke,Trabzonspor Kulübü,0.0,Aiden McCallion,Rangers FC,0.0,Ahmet Bircan,Beşiktaş Jimnastik Kulübü,0.0,Alberto Costa,FC Porto,DEF,0.0
GW 183,4,Extra DEF,0.0,Alexander Schlager,FC Red Bull Salzburg,0.0,Aleksa Terzić,FC Red Bull Salzburg,0.0,Alan Varela,FC Porto,0.0,Alaettin Ekici,Fenerbahçe Spor Kulübü,0.0,Alexander Bah,SL Benfica,DEF,0.0
GW 182,1,Extra DEF,0.0,Adem Ağaoğlu,Trabzonspor Kulübü,0.0,Abdülkerim Bardakcı,Galatasaray Spor Kulübü,0.0,Abdou Fall,Fenerbahçe Spor Kulübü,0.0,Ada Yüzgeç,Galatasaray Spor Kulübü,0.0,Adam Montgomery,Celtic FC,DEF,0.0
GW 182,2,Extra DEF,0.0,Ahmet Yıldırım,Trabzonspor Kulübü,0.0,Adrian Barišić,Sporting Braga,0.0,Adnan Fettahoğlu,Fenerbahçe Spor Kulübü,0.0,Ahmed Kutucu,Galatasaray Spor Kulübü,0.0,Afonso Sousa,Sporting Braga,DEF,0.0
GW 182,3,Extra DEF,0.0,Alaa Bellaarouch,Sporting Braga,0.0,Ahmet Tekke,Trabzonspor Kulübü,0.0,Aiden McCallion,Rangers FC,0.0,Ahmet Bircan,Beşiktaş Jimnastik Kulübü,0.0,Alberto Costa,FC Porto,DEF,0.0
GW 182,4,Extra DEF,0.0,Alexander Schlager,FC Red Bull Salzburg,0.0,Aleksa Terzić,FC Red Bull Salzburg,0.0,Alan Varela,FC Porto,0.0,Alaettin Ekici,Fenerbahçe Spor Kulübü,0.0,Alexander Bah,SL Benfica,DEF,0.0
GW 181,1,Extra DEF,0.0,Adem Ağaoğlu,Trabzonspor Kulübü,0.0,Abdülkerim Bardakcı,Galatasaray Spor Kulübü,0.0,Abdou Fall,Fenerbahçe Spor Kulübü,0.0,Ada Yüzgeç,Galatasaray Spor Kulübü,0.0,Adam Montgomery,Celtic FC,DEF,0.0
GW 181,2,Extra DEF,0.0,Ahmet Yıldırım,Trabzonspor Kulübü,0.0,Adrian Barišić,Sporting Braga,0.0,Adnan Fettahoğlu,Fenerbahçe Spor Kulübü,0.0,Ahmed Kutucu,Galatasaray Spor Kulübü,0.0,Afonso Sousa,Sporting Braga,DEF,0.0
GW 181,3,Extra DEF,0.0,Alaa Bellaarouch,Sporting Braga,0.0,Ahmet Tekke,Trabzonspor Kulübü,0.0,Aiden McCallion,Rangers FC,0.0,Ahmet Bircan,Beşiktaş Jimnastik Kulübü,0.0,Alberto Costa,FC Porto,DEF,0.0
GW 181,4,Extra DEF,0.0,Alexander Schlager,FC Red Bull Salzburg,0.0,Aleksa Terzić,FC Red Bull Salzburg,0.0,Alan Varela,FC Porto,0.0,Alaettin Ekici,Fenerbahçe Spor Kulübü,0.0,Alexander Bah,SL Benfica,DEF,0.0
GW 180,1,Extra DEF,0.0,Adem Ağaoğlu,Trabzonspor Kulübü,0.0,Abdülkerim Bardakcı,Galatasaray Spor Kulübü,0.0,Abdou Fall,Fenerbahçe Spor Kulübü,0.0,Ada Yüzgeç,Galatasaray Spor Kulübü,0.0,Adam Montgomery,Celtic FC,DEF,0.0
GW 180,2,Extra DEF,0.0,Ahmet Yıldırım,Trabzonspor Kulübü,0.0,Adrian Barišić,Sporting Braga,0.0,Adnan Fettahoğlu,Fenerbahçe Spor Kulübü,0.0,Ahmed Kutucu,Galatasaray Spor Kulübü,0.0,Afonso Sousa,Sporting Braga,DEF,0.0
GW 180,3,Extra DEF,0.0,Alaa Bellaarouch,Sporting Braga,0.0,Ahmet Tekke,Trabzonspor Kulübü,0.0,Aiden McCallion,Rangers FC,0.0,Ahmet Bircan,Beşiktaş Jimnastik Kulübü,0.0,Alberto Costa,FC Porto,DEF,0.0
GW 180,4,Extra DEF,0.0,Alexander Schlager,FC Red Bull Salzburg,0.0,Aleksa Terzić,FC Red Bull Salzburg,0.0,Alan Varela,FC Porto,0.0,Alaettin Ekici,Fenerbahçe Spor Kulübü,0.0,Alexander Bah,SL Benfica,DEF,0.0
GW 179,1,Extra DEF,0.0,Adem Ağaoğlu,Trabzonspor Kulübü,0.0,Abdülkerim Bardakcı,Galatasaray Spor Kulübü,0.0,Abdou Fall,Fenerbahçe Spor Kulübü,0.0,Ada Yüzgeç,Galatasaray Spor Kulübü,0.0,Adam Montgomery,Celtic FC,DEF,0.0
GW 179,2,Extra DEF,0.0,Ahmet Yıldırım,Trabzonspor Kulübü,0.0,Adrian Barišić,Sporting Braga,0.0,Adnan Fettahoğlu,Fenerbahçe Spor Kulübü,0.0,Ahmed Kutucu,Galatasaray Spor Kulübü,0.0,Afonso Sousa,Sporting Braga,DEF,0.0
GW 179,3,Extra DEF,0.0,Alaa Bellaarouch,Sporting Braga,0.0,Ahmet Tekke,Trabzonspor Kulübü,0.0,Aiden McCallion,Rangers FC,0.0,Ahmet Bircan,Beşiktaş Jimnastik Kulübü,0.0,Alberto Costa,FC Porto,DEF,0.0
GW 179,4,Extra DEF,0.0,Alexander Schlager,FC Red Bull Salzburg,0.0,Aleksa Terzić,FC Red Bull Salzburg,0.0,Alan Varela,FC Porto,0.0,Alaettin Ekici,Fenerbahçe Spor Kulübü,0.0,Alexander Bah,SL Benfica,DEF,0.0
GW 178,1,Extra DEF,0.0,Adem Ağaoğlu,Trabzonspor Kulübü,0.0,Abdülkerim Bardakcı,Galatasaray Spor Kulübü,0.0,Abdou Fall,Fenerbahçe Spor Kulübü,0.0,Ada Yüzgeç,Galatasaray Spor Kulübü,0.0,Adam Montgomery,Celtic FC,DEF,0.0
GW 178,2,Extra DEF,0.0,Ahmet Yıldırım,Trabzonspor Kulübü,0.0,Adrian Barišić,Sporting Braga,0.0,Adnan Fettahoğlu,Fenerbahçe Spor Kulübü,0.0,Ahmed Kutucu,Galatasaray Spor Kulübü,0.0,Afonso Sousa,Sporting Braga,DEF,0.0
GW 178,3,Extra DEF,0.0,Alaa Bellaarouch,Sporting Braga,0.0,Ahmet Tekke,Trabzonspor Kulübü,0.0,Aiden McCallion,Rangers FC,0.0,Ahmet Bircan,Beşiktaş Jimnastik Kulübü,0.0,Alberto Costa,FC Porto,DEF,0.0
GW 178,4,Extra DEF,0.0,Alexander Schlager,FC Red Bull Salzburg,0.0,Aleksa Terzić,FC Red Bull Salzburg,0.0,Alan Varela,FC Porto,0.0,Alaettin Ekici,Fenerbahçe Spor Kulübü,0.0,Alexander Bah,SL Benfica,DEF,0.0
GW 177,1,Extra DEF,0.0,Adem Ağaoğlu,Trabzonspor Kulübü,0.0,Abdülkerim Bardakcı,Galatasaray Spor Kulübü,0.0,Abdou Fall,Fenerbahçe Spor Kulübü,0.0,Ada Yüzgeç,Galatasaray Spor Kulübü,0.0,Adam Montgomery,Celtic FC,DEF,0.0
GW 177,2,Extra DEF,0.0,Ahmet Yıldırım,Trabzonspor Kulübü,0.0,Adrian Barišić,Sporting Braga,0.0,Adnan Fettahoğlu,Fenerbahçe Spor Kulübü,0.0,Ahmed Kutucu,Galatasaray Spor Kulübü,0.0,Afonso Sousa,Sporting Braga,DEF,0.0
GW 177,3,Extra DEF,0.0,Alaa Bellaarouch,Sporting Braga,0.0,Ahmet Tekke,Trabzonspor Kulübü,0.0,Aiden McCallion,Rangers FC,0.0,Ahmet Bircan,Beşiktaş Jimnastik Kulübü,0.0,Alberto Costa,FC Porto,DEF,0.0
GW 177,4,Extra DEF,0.0,Alexander Schlager,FC Red Bull Salzburg,0.0,Aleksa Terzić,FC Red Bull Salzburg,0.0,Alan Varela,FC Porto,0.0,Alaettin Ekici,Fenerbahçe Spor Kulübü,0.0,Alexander Bah,SL Benfica,DEF,0.0
GW 176,1,Extra DEF,0.0,Adem Ağaoğlu,Trabzonspor Kulübü,0.0,Abdülkerim Bardakcı,Galatasaray Spor Kulübü,0.0,Abdou Fall,Fenerbahçe Spor Kulübü,0.0,Ada Yüzgeç,Galatasaray Spor Kulübü,0.0,Adam Montgomery,Celtic FC,DEF,0.0
GW 176,2,Extra DEF,0.0,Ahmet Yıldırım,Trabzonspor Kulübü,0.0,Adrian Barišić,Sporting Braga,0.0,Adnan Fettahoğlu,Fenerbahçe Spor Kulübü,0.0,Ahmed Kutucu,Galatasaray Spor Kulübü,0.0,Afonso Sousa,Sporting Braga,DEF,0.0
GW 176,3,Extra DEF,0.0,Alaa Bellaarouch,Sporting Braga,0.0,Ahmet Tekke,Trabzonspor Kulübü,0.0,Aiden McCallion,Rangers FC,0.0,Ahmet Bircan,Beşiktaş Jimnastik Kulübü,0.0,Alberto Costa,FC Porto,DEF,0.0
GW 176,4,Extra DEF,0.0,Alexander Schlager,FC Red Bull Salzburg,0.0,Aleksa Terzić,FC Red Bull Salzburg,0.0,Alan Varela,FC Porto,0.0,Alaettin Ekici,Fenerbahçe Spor Kulübü,0.0,Alexander Bah,SL Benfica,DEF,0.0
GW 175,1,Extra DEF,0.0,Adem Ağaoğlu,Trabzonspor Kulübü,0.0,Abdülkerim Bardakcı,Galatasaray Spor Kulübü,0.0,Abdou Fall,Fenerbahçe Spor Kulübü,0.0,Ada Yüzgeç,Galatasaray Spor Kulübü,0.0,Adam Montgomery,Celtic FC,DEF,0.0
GW 175,2,Extra DEF,0.0,Ahmet Yıldırım,Trabzonspor Kulübü,0.0,Adrian Barišić,Sporting Braga,0.0,Adnan Fettahoğlu,Fenerbahçe Spor Kulübü,0.0,Ahmed Kutucu,Galatasaray Spor Kulübü,0.0,Afonso Sousa,Sporting Braga,DEF,0.0
GW 175,3,Extra DEF,0.0,Alaa Bellaarouch,Sporting Braga,0.0,Ahmet Tekke,Trabzonspor Kulübü,0.0,Aiden McCallion,Rangers FC,0.0,Ahmet Bircan,Beşiktaş Jimnastik Kulübü,0.0,Alberto Costa,FC Porto,DEF,0.0
GW 175,4,Extra DEF,0.0,Alexander Schlager,FC Red Bull Salzburg,0.0,Aleksa Terzić,FC Red Bull Salzburg,0.0,Alan Varela,FC Porto,0.0,Alaettin Ekici,Fenerbahçe Spor Kulübü,0.0,Alexander Bah,SL Benfica,DEF,0.0
GW 174,1,Extra DEF,0.0,Adem Ağaoğlu,Trabzonspor Kulübü,0.0,Abdülkerim Bardakcı,Galatasaray Spor Kulübü,0.0,Abdou Fall,Fenerbahçe Spor Kulübü,0.0,Ada Yüzgeç,Galatasaray Spor Kulübü,0.0,Adam Montgomery,Celtic FC,DEF,0.0
GW 174,2,Extra DEF,0.0,Ahmet Yıldırım,Trabzonspor Kulübü,0.0,Adrian Barišić,Sporting Braga,0.0,Adnan Fettahoğlu,Fenerbahçe Spor Kulübü,0.0,Ahmed Kutucu,Galatasaray Spor Kulübü,0.0,Afonso Sousa,Sporting Braga,DEF,0.0
GW 174,3,Extra DEF,0.0,Alaa Bellaarouch,Sporting Braga,0.0,Ahmet Tekke,Trabzonspor Kulübü,0.0,Aiden McCallion,Rangers FC,0.0,Ahmet Bircan,Beşiktaş Jimnastik Kulübü,0.0,Alberto Costa,FC Porto,DEF,0.0
GW 174,4,Extra DEF,0.0,Alexander Schlager,FC Red Bull Salzburg,0.0,Aleksa Terzić,FC Red Bull Salzburg,0.0,Alan Varela,FC Porto,0.0,Alaettin Ekici,Fenerbahçe Spor Kulübü,0.0,Alexander Bah,SL Benfica,DEF,0.0
GW 173,1,Extra DEF,0.0,Adem Ağaoğlu,Trabzonspor Kulübü,0.0,Abdülkerim Bardakcı,Galatasaray Spor Kulübü,0.0,Abdou Fall,Fenerbahçe Spor Kulübü,0.0,Ada Yüzgeç,Galatasaray Spor Kulübü,0.0,Adam Montgomery,Celtic FC,DEF,0.0
GW 173,2,Extra DEF,0.0,Ahmet Yıldırım,Trabzonspor Kulübü,0.0,Adrian Barišić,Sporting Braga,0.0,Adnan Fettahoğlu,Fenerbahçe Spor Kulübü,0.0,Ahmed Kutucu,Galatasaray Spor Kulübü,0.0,Afonso Sousa,Sporting Braga,DEF,0.0
GW 173,3,Extra DEF,0.0,Alaa Bellaarouch,Sporting Braga,0.0,Ahmet Tekke,Trabzonspor Kulübü,0.0,Aiden McCallion,Rangers FC,0.0,Ahmet Bircan,Beşiktaş Jimnastik Kulübü,0.0,Alberto Costa,FC Porto,DEF,0.0
GW 173,4,Extra DEF,0.0,Alexander Schlager,FC Red Bull Salzburg,0.0,Aleksa Terzić,FC Red Bull Salzburg,0.0,Alan Varela,FC Porto,0.0,Alaettin Ekici,Fenerbahçe Spor Kulübü,0.0,Alexander Bah,SL Benfica,DEF,0.0
GW 172,1,Extra DEF,0.0,Adem Ağaoğlu,Trabzonspor Kulübü,0.0,Abdülkerim Bardakcı,Galatasaray Spor Kulübü,0.0,Abdou Fall,Fenerbahçe Spor Kulübü,0.0,Ada Yüzgeç,Galatasaray Spor Kulübü,0.0,Adam Montgomery,Celtic FC,DEF,0.0
GW 172,2,Extra DEF,0.0,Ahmet Yıldırım,Trabzonspor Kulübü,0.0,Adrian Barišić,Sporting Braga,0.0,Adnan Fettahoğlu,Fenerbahçe Spor Kulübü,0.0,Ahmed Kutucu,Galatasaray Spor Kulübü,0.0,Afonso Sousa,Sporting Braga,DEF,0.0
GW 172,3,Extra DEF,0.0,Alaa Bellaarouch,Sporting Braga,0.0,Ahmet Tekke,Trabzonspor Kulübü,0.0,Aiden McCallion,Rangers FC,0.0,Ahmet Bircan,Beşiktaş Jimnastik Kulübü,0.0,Alberto Costa,FC Porto,DEF,0.0
GW 172,4,Extra DEF,0.0,Alexander Schlager,FC Red Bull Salzburg,0.0,Aleksa Terzić,FC Red Bull Salzburg,0.0,Alan Varela,FC Porto,0.0,Alaettin Ekici,Fenerbahçe Spor Kulübü,0.0,Alexander Bah,SL Benfica,DEF,0.0
GW 171,1,Extra DEF,0.0,Adem Ağaoğlu,Trabzonspor Kulübü,0.0,Abdülkerim Bardakcı,Galatasaray Spor Kulübü,0.0,Abdou Fall,Fenerbahçe Spor Kulübü,0.0,Ada Yüzgeç,Galatasaray Spor Kulübü,0.0,Adam Montgomery,Celtic FC,DEF,0.0
GW 171,2,Extra DEF,0.0,Ahmet Yıldırım,Trabzonspor Kulübü,0.0,Adrian Barišić,Sporting Braga,0.0,Adnan Fettahoğlu,Fenerbahçe Spor Kulübü,0.0,Ahmed Kutucu,Galatasaray Spor Kulübü,0.0,Afonso Sousa,Sporting Braga,DEF,0.0
GW 171,3,Extra DEF,0.0,Alaa Bellaarouch,Sporting Braga,0.0,Ahmet Tekke,Trabzonspor Kulübü,0.0,Aiden McCallion,Rangers FC,0.0,Ahmet Bircan,Beşiktaş Jimnastik Kulübü,0.0,Alberto Costa,FC Porto,DEF,0.0
GW 171,4,Extra DEF,0.0,Alexander Schlager,FC Red Bull Salzburg,0.0,Aleksa Terzić,FC Red Bull Salzburg,0.0,Alan Varela,FC Porto,0.0,Alaettin Ekici,Fenerbahçe Spor Kulübü,0.0,Alexander Bah,SL Benfica,DEF,0.0
GW 170,1,Extra DEF,0.0,Adem Ağaoğlu,Trabzonspor Kulübü,0.0,Abdülkerim Bardakcı,Galatasaray Spor Kulübü,0.0,Abdou Fall,Fenerbahçe Spor Kulübü,0.0,Ada Yüzgeç,Galatasaray Spor Kulübü,0.0,Adam Montgomery,Celtic FC,DEF,0.0
GW 170,2,Extra DEF,0.0,Ahmet Yıldırım,Trabzonspor Kulübü,0.0,Adrian Barišić,Sporting Braga,0.0,Adnan Fettahoğlu,Fenerbahçe Spor Kulübü,0.0,Ahmed Kutucu,Galatasaray Spor Kulübü,0.0,Afonso Sousa,Sporting Braga,DEF,0.0
GW 170,3,Extra DEF,0.0,Alaa Bellaarouch,Sporting Braga,0.0,Ahmet Tekke,Trabzonspor Kulübü,0.0,Aiden McCallion,Rangers FC,0.0,Ahmet Bircan,Beşiktaş Jimnastik Kulübü,0.0,Alberto Costa,FC Porto,DEF,0.0
GW 170,4,Extra DEF,0.0,Alexander Schlager,FC Red Bull Salzburg,0.0,Aleksa Terzić,FC Red Bull Salzburg,0.0,Alan Varela,FC Porto,0.0,Alaettin Ekici,Fenerbahçe Spor Kulübü,0.0,Alexander Bah,SL Benfica,DEF,0.0
GW 169,1,Extra DEF,0.0,Adem Ağaoğlu,Trabzonspor Kulübü,0.0,Abdülkerim Bardakcı,Galatasaray Spor Kulübü,0.0,Abdou Fall,Fenerbahçe Spor Kulübü,0.0,Ada Yüzgeç,Galatasaray Spor Kulübü,0.0,Adam Montgomery,Celtic FC,DEF,0.0
GW 169,2,Extra DEF,0.0,Ahmet Yıldırım,Trabzonspor Kulübü,0.0,Adrian Barišić,Sporting Braga,0.0,Adnan Fettahoğlu,Fenerbahçe Spor Kulübü,0.0,Ahmed Kutucu,Galatasaray Spor Kulübü,0.0,Afonso Sousa,Sporting Braga,DEF,0.0
GW 169,3,Extra DEF,0.0,Alaa Bellaarouch,Sporting Braga,0.0,Ahmet Tekke,Trabzonspor Kulübü,0.0,Aiden McCallion,Rangers FC,0.0,Ahmet Bircan,Beşiktaş Jimnastik Kulübü,0.0,Alberto Costa,FC Porto,DEF,0.0
GW 169,4,Extra DEF,0.0,Alexander Schlager,FC Red Bull Salzburg,0.0,Aleksa Terzić,FC Red Bull Salzburg,0.0,Alan Varela,FC Porto,0.0,Alaettin Ekici,Fenerbahçe Spor Kulübü,0.0,Alexander Bah,SL Benfica,DEF,0.0
GW 168,1,Extra DEF,0.0,Adem Ağaoğlu,Trabzonspor Kulübü,0.0,Abdülkerim Bardakcı,Galatasaray Spor Kulübü,0.0,Abdou Fall,Fenerbahçe Spor Kulübü,0.0,Ada Yüzgeç,Galatasaray Spor Kulübü,0.0,Adam Montgomery,Celtic FC,DEF,0.0
GW 168,2,Extra DEF,0.0,Ahmet Yıldırım,Trabzonspor Kulübü,0.0,Adrian Barišić,Sporting Braga,0.0,Adnan Fettahoğlu,Fenerbahçe Spor Kulübü,0.0,Ahmed Kutucu,Galatasaray Spor Kulübü,0.0,Afonso Sousa,Sporting Braga,DEF,0.0
GW 168,3,Extra DEF,0.0,Alaa Bellaarouch,Sporting Braga,0.0,Ahmet Tekke,Trabzonspor Kulübü,0.0,Aiden McCallion,Rangers FC,0.0,Ahmet Bircan,Beşiktaş Jimnastik Kulübü,0.0,Alberto Costa,FC Porto,DEF,0.0
GW 168,4,Extra DEF,0.0,Alexander Schlager,FC Red Bull Salzburg,0.0,Aleksa Terzić,FC Red Bull Salzburg,0.0,Alan Varela,FC Porto,0.0,Alaettin Ekici,Fenerbahçe Spor Kulübü,0.0,Alexander Bah,SL Benfica,DEF,0.0
GW 167,1,Extra DEF,0.0,Adem Ağaoğlu,Trabzonspor Kulübü,0.0,Abdülkerim Bardakcı,Galatasaray Spor Kulübü,0.0,Abdou Fall,Fenerbahçe Spor Kulübü,0.0,Ada Yüzgeç,Galatasaray Spor Kulübü,0.0,Adam Montgomery,Celtic FC,DEF,0.0
GW 167,2,Extra DEF,0.0,Ahmet Yıldırım,Trabzonspor Kulübü,0.0,Adrian Barišić,Sporting Braga,0.0,Adnan Fettahoğlu,Fenerbahçe Spor Kulübü,0.0,Ahmed Kutucu,Galatasaray Spor Kulübü,0.0,Afonso Sousa,Sporting Braga,DEF,0.0
GW 167,3,Extra DEF,0.0,Alaa Bellaarouch,Sporting Braga,0.0,Ahmet Tekke,Trabzonspor Kulübü,0.0,Aiden McCallion,Rangers FC,0.0,Ahmet Bircan,Beşiktaş Jimnastik Kulübü,0.0,Alberto Costa,FC Porto,DEF,0.0
GW 167,4,Extra DEF,0.0,Alexander Schlager,FC Red Bull Salzburg,0.0,Aleksa Terzić,FC Red Bull Salzburg,0.0,Alan Varela,FC Porto,0.0,Alaettin Ekici,Fenerbahçe Spor Kulübü,0.0,Alexander Bah,SL Benfica,DEF,0.0
GW 166,1,Extra DEF,0.0,Adem Ağaoğlu,Trabzonspor Kulübü,0.0,Abdülkerim Bardakcı,Galatasaray Spor Kulübü,0.0,Abdou Fall,Fenerbahçe Spor Kulübü,0.0,Ada Yüzgeç,Galatasaray Spor Kulübü,0.0,Adam Montgomery,Celtic FC,DEF,0.0
GW 166,2,Extra DEF,0.0,Ahmet Yıldırım,Trabzonspor Kulübü,0.0,Adrian Barišić,Sporting Braga,0.0,Adnan Fettahoğlu,Fenerbahçe Spor Kulübü,0.0,Ahmed Kutucu,Galatasaray Spor Kulübü,0.0,Afonso Sousa,Sporting Braga,DEF,0.0
GW 166,3,Extra DEF,0.0,Alaa Bellaarouch,Sporting Braga,0.0,Ahmet Tekke,Trabzonspor Kulübü,0.0,Aiden McCallion,Rangers FC,0.0,Ahmet Bircan,Beşiktaş Jimnastik Kulübü,0.0,Alberto Costa,FC Porto,DEF,0.0
GW 166,4,Extra DEF,0.0,Alexander Schlager,FC Red Bull Salzburg,0.0,Aleksa Terzić,FC Red Bull Salzburg,0.0,Alan Varela,FC Porto,0.0,Alaettin Ekici,Fenerbahçe Spor Kulübü,0.0,Alexander Bah,SL Benfica,DEF,0.0
GW 165,1,Extra DEF,0.0,Adem Ağaoğlu,Trabzonspor Kulübü,0.0,Abdülkerim Bardakcı,Galatasaray Spor Kulübü,0.0,Abdou Fall,Fenerbahçe Spor Kulübü,0.0,Ada Yüzgeç,Galatasaray Spor Kulübü,0.0,Adam Montgomery,Celtic FC,DEF,0.0
GW 165,2,Extra DEF,0.0,Ahmet Yıldırım,Trabzonspor Kulübü,0.0,Adrian Barišić,Sporting Braga,0.0,Adnan Fettahoğlu,Fenerbahçe Spor Kulübü,0.0,Ahmed Kutucu,Galatasaray Spor Kulübü,0.0,Afonso Sousa,Sporting Braga,DEF,0.0
GW 165,3,Extra DEF,0.0,Alaa Bellaarouch,Sporting Braga,0.0,Ahmet Tekke,Trabzonspor Kulübü,0.0,Aiden McCallion,Rangers FC,0.0,Ahmet Bircan,Beşiktaş Jimnastik Kulübü,0.0,Alberto Costa,FC Porto,DEF,0.0
GW 165,4,Extra DEF,0.0,Alexander Schlager,FC Red Bull Salzburg,0.0,Aleksa Terzić,FC Red Bull Salzburg,0.0,Alan Varela,FC Porto,0.0,Alaettin Ekici,Fenerbahçe Spor Kulübü,0.0,Alexander Bah,SL Benfica,DEF,0.0
GW 164,1,Extra DEF,0.0,Adem Ağaoğlu,Trabzonspor Kulübü,0.0,Abdülkerim Bardakcı,Galatasaray Spor Kulübü,0.0,Abdou Fall,Fenerbahçe Spor Kulübü,0.0,Ada Yüzgeç,Galatasaray Spor Kulübü,0.0,Adam Montgomery,Celtic FC,DEF,0.0
GW 164,2,Extra DEF,0.0,Ahmet Yıldırım,Trabzonspor Kulübü,0.0,Adrian Barišić,Sporting Braga,0.0,Adnan Fettahoğlu,Fenerbahçe Spor Kulübü,0.0,Ahmed Kutucu,Galatasaray Spor Kulübü,0.0,Afonso Sousa,Sporting Braga,DEF,0.0
GW 164,3,Extra DEF,0.0,Alaa Bellaarouch,Sporting Braga,0.0,Ahmet Tekke,Trabzonspor Kulübü,0.0,Aiden McCallion,Rangers FC,0.0,Ahmet Bircan,Beşiktaş Jimnastik Kulübü,0.0,Alberto Costa,FC Porto,DEF,0.0
GW 164,4,Extra DEF,0.0,Alexander Schlager,FC Red Bull Salzburg,0.0,Aleksa Terzić,FC Red Bull Salzburg,0.0,Alan Varela,FC Porto,0.0,Alaettin Ekici,Fenerbahçe Spor Kulübü,0.0,Alexander Bah,SL Benfica,DEF,0.0
GW 163,1,Extra DEF,0.0,Adem Ağaoğlu,Trabzonspor Kulübü,0.0,Abdülkerim Bardakcı,Galatasaray Spor Kulübü,0.0,Abdou Fall,Fenerbahçe Spor Kulübü,0.0,Ada Yüzgeç,Galatasaray Spor Kulübü,0.0,Adam Montgomery,Celtic FC,DEF,0.0
GW 163,2,Extra DEF,0.0,Ahmet Yıldırım,Trabzonspor Kulübü,0.0,Adrian Barišić,Sporting Braga,0.0,Adnan Fettahoğlu,Fenerbahçe Spor Kulübü,0.0,Ahmed Kutucu,Galatasaray Spor Kulübü,0.0,Afonso Sousa,Sporting Braga,DEF,0.0
GW 163,3,Extra DEF,0.0,Alaa Bellaarouch,Sporting Braga,0.0,Ahmet Tekke,Trabzonspor Kulübü,0.0,Aiden McCallion,Rangers FC,0.0,Ahmet Bircan,Beşiktaş Jimnastik Kulübü,0.0,Alberto Costa,FC Porto,DEF,0.0
GW 163,4,Extra DEF,0.0,Alexander Schlager,FC Red Bull Salzburg,0.0,Aleksa Terzić,FC Red Bull Salzburg,0.0,Alan Varela,FC Porto,0.0,Alaettin Ekici,Fenerbahçe Spor Kulübü,0.0,Alexander Bah,SL Benfica,DEF,0.0
GW 162,1,Extra DEF,0.0,Adem Ağaoğlu,Trabzonspor Kulübü,0.0,Abdülkerim Bardakcı,Galatasaray Spor Kulübü,0.0,Abdou Fall,Fenerbahçe Spor Kulübü,0.0,Ada Yüzgeç,Galatasaray Spor Kulübü,0.0,Adam Montgomery,Celtic FC,DEF,0.0
GW 162,2,Extra DEF,0.0,Ahmet Yıldırım,Trabzonspor Kulübü,0.0,Adrian Barišić,Sporting Braga,0.0,Adnan Fettahoğlu,Fenerbahçe Spor Kulübü,0.0,Ahmed Kutucu,Galatasaray Spor Kulübü,0.0,Afonso Sousa,Sporting Braga,DEF,0.0
GW 162,3,Extra DEF,0.0,Alaa Bellaarouch,Sporting Braga,0.0,Ahmet Tekke,Trabzonspor Kulübü,0.0,Aiden McCallion,Rangers FC,0.0,Ahmet Bircan,Beşiktaş Jimnastik Kulübü,0.0,Alberto Costa,FC Porto,DEF,0.0
GW 162,4,Extra DEF,0.0,Alexander Schlager,FC Red Bull Salzburg,0.0,Aleksa Terzić,FC Red Bull Salzburg,0.0,Alan Varela,FC Porto,0.0,Alaettin Ekici,Fenerbahçe Spor Kulübü,0.0,Alexander Bah,SL Benfica,DEF,0.0
GW 161,1,Extra DEF,0.0,Adem Ağaoğlu,Trabzonspor Kulübü,0.0,Abdülkerim Bardakcı,Galatasaray Spor Kulübü,0.0,Abdou Fall,Fenerbahçe Spor Kulübü,0.0,Ada Yüzgeç,Galatasaray Spor Kulübü,0.0,Adam Montgomery,Celtic FC,DEF,0.0
GW 161,2,Extra DEF,0.0,Ahmet Yıldırım,Trabzonspor Kulübü,0.0,Adrian Barišić,Sporting Braga,0.0,Adnan Fettahoğlu,Fenerbahçe Spor Kulübü,0.0,Ahmed Kutucu,Galatasaray Spor Kulübü,0.0,Afonso Sousa,Sporting Braga,DEF,0.0
GW 161,3,Extra DEF,0.0,Alaa Bellaarouch,Sporting Braga,0.0,Ahmet Tekke,Trabzonspor Kulübü,0.0,Aiden McCallion,Rangers FC,0.0,Ahmet Bircan,Beşiktaş Jimnastik Kulübü,0.0,Alberto Costa,FC Porto,DEF,0.0
GW 161,4,Extra DEF,0.0,Alexander Schlager,FC Red Bull Salzburg,0.0,Aleksa Terzić,FC Red Bull Salzburg,0.0,Alan Varela,FC Porto,0.0,Alaettin Ekici,Fenerbahçe Spor Kulübü,0.0,Alexander Bah,SL Benfica,DEF,0.0
GW 160,1,Extra DEF,0.0,Adem Ağaoğlu,Trabzonspor Kulübü,0.0,Abdülkerim Bardakcı,Galatasaray Spor Kulübü,0.0,Abdou Fall,Fenerbahçe Spor Kulübü,0.0,Ada Yüzgeç,Galatasaray Spor Kulübü,0.0,Adam Montgomery,Celtic FC,DEF,0.0
GW 160,2,Extra DEF,0.0,Ahmet Yıldırım,Trabzonspor Kulübü,0.0,Adrian Barišić,Sporting Braga,0.0,Adnan Fettahoğlu,Fenerbahçe Spor Kulübü,0.0,Ahmed Kutucu,Galatasaray Spor Kulübü,0.0,Afonso Sousa,Sporting Braga,DEF,0.0
GW 160,3,Extra DEF,0.0,Alaa Bellaarouch,Sporting Braga,0.0,Ahmet Tekke,Trabzonspor Kulübü,0.0,Aiden McCallion,Rangers FC,0.0,Ahmet Bircan,Beşiktaş Jimnastik Kulübü,0.0,Alberto Costa,FC Porto,DEF,0.0
GW 160,4,Extra DEF,0.0,Alexander Schlager,FC Red Bull Salzburg,0.0,Aleksa Terzić,FC Red Bull Salzburg,0.0,Alan Varela,FC Porto,0.0,Alaettin Ekici,Fenerbahçe Spor Kulübü,0.0,Alexander Bah,SL Benfica,DEF,0.0
GW 159,1,Extra DEF,0.0,Adem Ağaoğlu,Trabzonspor Kulübü,0.0,Abdülkerim Bardakcı,Galatasaray Spor Kulübü,0.0,Abdou Fall,Fenerbahçe Spor Kulübü,0.0,Ada Yüzgeç,Galatasaray Spor Kulübü,0.0,Adam Montgomery,Celtic FC,DEF,0.0
GW 159,2,Extra DEF,0.0,Ahmet Yıldırım,Trabzonspor Kulübü,0.0,Adrian Barišić,Sporting Braga,0.0,Adnan Fettahoğlu,Fenerbahçe Spor Kulübü,0.0,Ahmed Kutucu,Galatasaray Spor Kulübü,0.0,Afonso Sousa,Sporting Braga,DEF,0.0
GW 159,3,Extra DEF,0.0,Alaa Bellaarouch,Sporting Braga,0.0,Ahmet Tekke,Trabzonspor Kulübü,0.0,Aiden McCallion,Rangers FC,0.0,Ahmet Bircan,Beşiktaş Jimnastik Kulübü,0.0,Alberto Costa,FC Porto,DEF,0.0
GW 159,4,Extra DEF,0.0,Alexander Schlager,FC Red Bull Salzburg,0.0,Aleksa Terzić,FC Red Bull Salzburg,0.0,Alan Varela,FC Porto,0.0,Alaettin Ekici,Fenerbahçe Spor Kulübü,0.0,Alexander Bah,SL Benfica,DEF,0.0
GW 158,1,Extra DEF,0.0,Adem Ağaoğlu,Trabzonspor Kulübü,0.0,Abdülkerim Bardakcı,Galatasaray Spor Kulübü,0.0,Abdou Fall,Fenerbahçe Spor Kulübü,0.0,Ada Yüzgeç,Galatasaray Spor Kulübü,0.0,Adam Montgomery,Celtic FC,DEF,0.0
GW 158,2,Extra DEF,0.0,Ahmet Yıldırım,Trabzonspor Kulübü,0.0,Adrian Barišić,Sporting Braga,0.0,Adnan Fettahoğlu,Fenerbahçe Spor Kulübü,0.0,Ahmed Kutucu,Galatasaray Spor Kulübü,0.0,Afonso Sousa,Sporting Braga,DEF,0.0
GW 158,3,Extra DEF,0.0,Alaa Bellaarouch,Sporting Braga,0.0,Ahmet Tekke,Trabzonspor Kulübü,0.0,Aiden McCallion,Rangers FC,0.0,Ahmet Bircan,Beşiktaş Jimnastik Kulübü,0.0,Alberto Costa,FC Porto,DEF,0.0
GW 158,4,Extra DEF,0.0,Alexander Schlager,FC Red Bull Salzburg,0.0,Aleksa Terzić,FC Red Bull Salzburg,0.0,Alan Varela,FC Porto,0.0,Alaettin Ekici,Fenerbahçe Spor Kulübü,0.0,Alexander Bah,SL Benfica,DEF,0.0
GW 157,1,Extra DEF,0.0,Adem Ağaoğlu,Trabzonspor Kulübü,0.0,Abdülkerim Bardakcı,Galatasaray Spor Kulübü,0.0,Abdou Fall,Fenerbahçe Spor Kulübü,0.0,Ada Yüzgeç,Galatasaray Spor Kulübü,0.0,Adam Montgomery,Celtic FC,DEF,0.0
GW 157,2,Extra DEF,0.0,Ahmet Yıldırım,Trabzonspor Kulübü,0.0,Adrian Barišić,Sporting Braga,0.0,Adnan Fettahoğlu,Fenerbahçe Spor Kulübü,0.0,Ahmed Kutucu,Galatasaray Spor Kulübü,0.0,Afonso Sousa,Sporting Braga,DEF,0.0
GW 157,3,Extra DEF,0.0,Alaa Bellaarouch,Sporting Braga,0.0,Ahmet Tekke,Trabzonspor Kulübü,0.0,Aiden McCallion,Rangers FC,0.0,Ahmet Bircan,Beşiktaş Jimnastik Kulübü,0.0,Alberto Costa,FC Porto,DEF,0.0
GW 157,4,Extra DEF,0.0,Alexander Schlager,FC Red Bull Salzburg,0.0,Aleksa Terzić,FC Red Bull Salzburg,0.0,Alan Varela,FC Porto,0.0,Alaettin Ekici,Fenerbahçe Spor Kulübü,0.0,Alexander Bah,SL Benfica,DEF,0.0
GW 156,1,Extra DEF,0.0,Adem Ağaoğlu,Trabzonspor Kulübü,0.0,Abdülkerim Bardakcı,Galatasaray Spor Kulübü,0.0,Abdou Fall,Fenerbahçe Spor Kulübü,0.0,Ada Yüzgeç,Galatasaray Spor Kulübü,0.0,Adam Montgomery,Celtic FC,DEF,0.0
GW 156,2,Extra DEF,0.0,Ahmet Yıldırım,Trabzonspor Kulübü,0.0,Adrian Barišić,Sporting Braga,0.0,Adnan Fettahoğlu,Fenerbahçe Spor Kulübü,0.0,Ahmed Kutucu,Galatasaray Spor Kulübü,0.0,Afonso Sousa,Sporting Braga,DEF,0.0
GW 156,3,Extra DEF,0.0,Alaa Bellaarouch,Sporting Braga,0.0,Ahmet Tekke,Trabzonspor Kulübü,0.0,Aiden McCallion,Rangers FC,0.0,Ahmet Bircan,Beşiktaş Jimnastik Kulübü,0.0,Alberto Costa,FC Porto,DEF,0.0
GW 156,4,Extra DEF,0.0,Alexander Schlager,FC Red Bull Salzburg,0.0,Aleksa Terzić,FC Red Bull Salzburg,0.0,Alan Varela,FC Porto,0.0,Alaettin Ekici,Fenerbahçe Spor Kulübü,0.0,Alexander Bah,SL Benfica,DEF,0.0
GW 155,1,Extra DEF,0.0,Adem Ağaoğlu,Trabzonspor Kulübü,0.0,Abdülkerim Bardakcı,Galatasaray Spor Kulübü,0.0,Abdou Fall,Fenerbahçe Spor Kulübü,0.0,Ada Yüzgeç,Galatasaray Spor Kulübü,0.0,Adam Montgomery,Celtic FC,DEF,0.0
GW 155,2,Extra DEF,0.0,Ahmet Yıldırım,Trabzonspor Kulübü,0.0,Adrian Barišić,Sporting Braga,0.0,Adnan Fettahoğlu,Fenerbahçe Spor Kulübü,0.0,Ahmed Kutucu,Galatasaray Spor Kulübü,0.0,Afonso Sousa,Sporting Braga,DEF,0.0
GW 155,3,Extra DEF,0.0,Alaa Bellaarouch,Sporting Braga,0.0,Ahmet Tekke,Trabzonspor Kulübü,0.0,Aiden McCallion,Rangers FC,0.0,Ahmet Bircan,Beşiktaş Jimnastik Kulübü,0.0,Alberto Costa,FC Porto,DEF,0.0
GW 155,4,Extra DEF,0.0,Alexander Schlager,FC Red Bull Salzburg,0.0,Aleksa Terzić,FC Red Bull Salzburg,0.0,Alan Varela,FC Porto,0.0,Alaettin Ekici,Fenerbahçe Spor Kulübü,0.0,Alexander Bah,SL Benfica,DEF,0.0
GW 154,1,Extra DEF,0.0,Adem Ağaoğlu,Trabzonspor Kulübü,0.0,Abdülkerim Bardakcı,Galatasaray Spor Kulübü,0.0,Abdou Fall,Fenerbahçe Spor Kulübü,0.0,Ada Yüzgeç,Galatasaray Spor Kulübü,0.0,Adam Montgomery,Celtic FC,DEF,0.0
GW 154,2,Extra DEF,0.0,Ahmet Yıldırım,Trabzonspor Kulübü,0.0,Adrian Barišić,Sporting Braga,0.0,Adnan Fettahoğlu,Fenerbahçe Spor Kulübü,0.0,Ahmed Kutucu,Galatasaray Spor Kulübü,0.0,Afonso Sousa,Sporting Braga,DEF,0.0
GW 154,3,Extra DEF,0.0,Alaa Bellaarouch,Sporting Braga,0.0,Ahmet Tekke,Trabzonspor Kulübü,0.0,Aiden McCallion,Rangers FC,0.0,Ahmet Bircan,Beşiktaş Jimnastik Kulübü,0.0,Alberto Costa,FC Porto,DEF,0.0
GW 154,4,Extra DEF,0.0,Alexander Schlager,FC Red Bull Salzburg,0.0,Aleksa Terzić,FC Red Bull Salzburg,0.0,Alan Varela,FC Porto,0.0,Alaettin Ekici,Fenerbahçe Spor Kulübü,0.0,Alexander Bah,SL Benfica,DEF,0.0
GW 153,1,Extra DEF,0.0,Adem Ağaoğlu,Trabzonspor Kulübü,0.0,Abdülkerim Bardakcı,Galatasaray Spor Kulübü,0.0,Abdou Fall,Fenerbahçe Spor Kulübü,0.0,Ada Yüzgeç,Galatasaray Spor Kulübü,0.0,Adam Montgomery,Celtic FC,DEF,0.0
GW 153,2,Extra DEF,0.0,Ahmet Yıldırım,Trabzonspor Kulübü,0.0,Adrian Barišić,Sporting Braga,0.0,Adnan Fettahoğlu,Fenerbahçe Spor Kulübü,0.0,Ahmed Kutucu,Galatasaray Spor Kulübü,0.0,Afonso Sousa,Sporting Braga,DEF,0.0
GW 153,3,Extra DEF,0.0,Alaa Bellaarouch,Sporting Braga,0.0,Ahmet Tekke,Trabzonspor Kulübü,0.0,Aiden McCallion,Rangers FC,0.0,Ahmet Bircan,Beşiktaş Jimnastik Kulübü,0.0,Alberto Costa,FC Porto,DEF,0.0
GW 153,4,Extra DEF,0.0,Alexander Schlager,FC Red Bull Salzburg,0.0,Aleksa Terzić,FC Red Bull Salzburg,0.0,Alan Varela,FC Porto,0.0,Alaettin Ekici,Fenerbahçe Spor Kulübü,0.0,Alexander Bah,SL Benfica,DEF,0.0
GW 152,1,Extra DEF,0.0,Adem Ağaoğlu,Trabzonspor Kulübü,0.0,Abdülkerim Bardakcı,Galatasaray Spor Kulübü,0.0,Abdou Fall,Fenerbahçe Spor Kulübü,0.0,Ada Yüzgeç,Galatasaray Spor Kulübü,0.0,Adam Montgomery,Celtic FC,DEF,0.0
GW 152,2,Extra DEF,0.0,Ahmet Yıldırım,Trabzonspor Kulübü,0.0,Adrian Barišić,Sporting Braga,0.0,Adnan Fettahoğlu,Fenerbahçe Spor Kulübü,0.0,Ahmed Kutucu,Galatasaray Spor Kulübü,0.0,Afonso Sousa,Sporting Braga,DEF,0.0
GW 152,3,Extra DEF,0.0,Alaa Bellaarouch,Sporting Braga,0.0,Ahmet Tekke,Trabzonspor Kulübü,0.0,Aiden McCallion,Rangers FC,0.0,Ahmet Bircan,Beşiktaş Jimnastik Kulübü,0.0,Alberto Costa,FC Porto,DEF,0.0
GW 152,4,Extra DEF,0.0,Alexander Schlager,FC Red Bull Salzburg,0.0,Aleksa Terzić,FC Red Bull Salzburg,0.0,Alan Varela,FC Porto,0.0,Alaettin Ekici,Fenerbahçe Spor Kulübü,0.0,Alexander Bah,SL Benfica,DEF,0.0
GW 151,1,Extra DEF,0.0,Adem Ağaoğlu,Trabzonspor Kulübü,0.0,Abdülkerim Bardakcı,Galatasaray Spor Kulübü,0.0,Abdou Fall,Fenerbahçe Spor Kulübü,0.0,Ada Yüzgeç,Galatasaray Spor Kulübü,0.0,Adam Montgomery,Celtic FC,DEF,0.0
GW 151,2,Extra DEF,0.0,Ahmet Yıldırım,Trabzonspor Kulübü,0.0,Adrian Barišić,Sporting Braga,0.0,Adnan Fettahoğlu,Fenerbahçe Spor Kulübü,0.0,Ahmed Kutucu,Galatasaray Spor Kulübü,0.0,Afonso Sousa,Sporting Braga,DEF,0.0
GW 151,3,Extra DEF,0.0,Alaa Bellaarouch,Sporting Braga,0.0,Ahmet Tekke,Trabzonspor Kulübü,0.0,Aiden McCallion,Rangers FC,0.0,Ahmet Bircan,Beşiktaş Jimnastik Kulübü,0.0,Alberto Costa,FC Porto,DEF,0.0
GW 151,4,Extra DEF,0.0,Alexander Schlager,FC Red Bull Salzburg,0.0,Aleksa Terzić,FC Red Bull Salzburg,0.0,Alan Varela,FC Porto,0.0,Alaettin Ekici,Fenerbahçe Spor Kulübü,0.0,Alexander Bah,SL Benfica,DEF,0.0
GW 150,1,Extra DEF,0.0,Adem Ağaoğlu,Trabzonspor Kulübü,0.0,Abdülkerim Bardakcı,Galatasaray Spor Kulübü,0.0,Abdou Fall,Fenerbahçe Spor Kulübü,0.0,Ada Yüzgeç,Galatasaray Spor Kulübü,0.0,Adam Montgomery,Celtic FC,DEF,0.0
GW 150,2,Extra DEF,0.0,Ahmet Yıldırım,Trabzonspor Kulübü,0.0,Adrian Barišić,Sporting Braga,0.0,Adnan Fettahoğlu,Fenerbahçe Spor Kulübü,0.0,Ahmed Kutucu,Galatasaray Spor Kulübü,0.0,Afonso Sousa,Sporting Braga,DEF,0.0
GW 150,3,Extra DEF,0.0,Alaa Bellaarouch,Sporting Braga,0.0,Ahmet Tekke,Trabzonspor Kulübü,0.0,Aiden McCallion,Rangers FC,0.0,Ahmet Bircan,Beşiktaş Jimnastik Kulübü,0.0,Alberto Costa,FC Porto,DEF,0.0
GW 150,4,Extra DEF,0.0,Alexander Schlager,FC Red Bull Salzburg,0.0,Aleksa Terzić,FC Red Bull Salzburg,0.0,Alan Varela,FC Porto,0.0,Alaettin Ekici,Fenerbahçe Spor Kulübü,0.0,Alexander Bah,SL Benfica,DEF,0.0
GW 149,1,Extra DEF,0.0,Adem Ağaoğlu,Trabzonspor Kulübü,0.0,Abdülkerim Bardakcı,Galatasaray Spor Kulübü,0.0,Abdou Fall,Fenerbahçe Spor Kulübü,0.0,Ada Yüzgeç,Galatasaray Spor Kulübü,0.0,Adam Montgomery,Celtic FC,DEF,0.0
GW 149,2,Extra DEF,0.0,Ahmet Yıldırım,Trabzonspor Kulübü,0.0,Adrian Barišić,Sporting Braga,0.0,Adnan Fettahoğlu,Fenerbahçe Spor Kulübü,0.0,Ahmed Kutucu,Galatasaray Spor Kulübü,0.0,Afonso Sousa,Sporting Braga,DEF,0.0
GW 149,3,Extra DEF,0.0,Alaa Bellaarouch,Sporting Braga,0.0,Ahmet Tekke,Trabzonspor Kulübü,0.0,Aiden McCallion,Rangers FC,0.0,Ahmet Bircan,Beşiktaş Jimnastik Kulübü,0.0,Alberto Costa,FC Porto,DEF,0.0
GW 149,4,Extra DEF,0.0,Alexander Schlager,FC Red Bull Salzburg,0.0,Aleksa Terzić,FC Red Bull Salzburg,0.0,Alan Varela,FC Porto,0.0,Alaettin Ekici,Fenerbahçe Spor Kulübü,0.0,Alexander Bah,SL Benfica,DEF,0.0
GW 148,1,Extra DEF,0.0,Adem Ağaoğlu,Trabzonspor Kulübü,0.0,Abdülkerim Bardakcı,Galatasaray Spor Kulübü,0.0,Abdou Fall,Fenerbahçe Spor Kulübü,0.0,Ada Yüzgeç,Galatasaray Spor Kulübü,0.0,Adam Montgomery,Celtic FC,DEF,0.0
GW 148,2,Extra DEF,0.0,Ahmet Yıldırım,Trabzonspor Kulübü,0.0,Adrian Barišić,Sporting Braga,0.0,Adnan Fettahoğlu,Fenerbahçe Spor Kulübü,0.0,Ahmed Kutucu,Galatasaray Spor Kulübü,0.0,Afonso Sousa,Sporting Braga,DEF,0.0
GW 148,3,Extra DEF,0.0,Alaa Bellaarouch,Sporting Braga,0.0,Ahmet Tekke,Trabzonspor Kulübü,0.0,Aiden McCallion,Rangers FC,0.0,Ahmet Bircan,Beşiktaş Jimnastik Kulübü,0.0,Alberto Costa,FC Porto,DEF,0.0
GW 148,4,Extra DEF,0.0,Alexander Schlager,FC Red Bull Salzburg,0.0,Aleksa Terzić,FC Red Bull Salzburg,0.0,Alan Varela,FC Porto,0.0,Alaettin Ekici,Fenerbahçe Spor Kulübü,0.0,Alexander Bah,SL Benfica,DEF,0.0
GW 147,1,Extra DEF,0.0,Adem Ağaoğlu,Trabzonspor Kulübü,0.0,Abdülkerim Bardakcı,Galatasaray Spor Kulübü,0.0,Abdou Fall,Fenerbahçe Spor Kulübü,0.0,Ada Yüzgeç,Galatasaray Spor Kulübü,0.0,Adam Montgomery,Celtic FC,DEF,0.0
GW 147,2,Extra DEF,0.0,Ahmet Yıldırım,Trabzonspor Kulübü,0.0,Adrian Barišić,Sporting Braga,0.0,Adnan Fettahoğlu,Fenerbahçe Spor Kulübü,0.0,Ahmed Kutucu,Galatasaray Spor Kulübü,0.0,Afonso Sousa,Sporting Braga,DEF,0.0
GW 147,3,Extra DEF,0.0,Alaa Bellaarouch,Sporting Braga,0.0,Ahmet Tekke,Trabzonspor Kulübü,0.0,Aiden McCallion,Rangers FC,0.0,Ahmet Bircan,Beşiktaş Jimnastik Kulübü,0.0,Alberto Costa,FC Porto,DEF,0.0
GW 147,4,Extra DEF,0.0,Alexander Schlager,FC Red Bull Salzburg,0.0,Aleksa Terzić,FC Red Bull Salzburg,0.0,Alan Varela,FC Porto,0.0,Alaettin Ekici,Fenerbahçe Spor Kulübü,0.0,Alexander Bah,SL Benfica,DEF,0.0
GW 146,1,Extra DEF,0.0,Adem Ağaoğlu,Trabzonspor Kulübü,0.0,Abdülkerim Bardakcı,Galatasaray Spor Kulübü,0.0,Abdou Fall,Fenerbahçe Spor Kulübü,0.0,Ada Yüzgeç,Galatasaray Spor Kulübü,0.0,Adam Montgomery,Celtic FC,DEF,0.0
GW 146,2,Extra DEF,0.0,Ahmet Yıldırım,Trabzonspor Kulübü,0.0,Adrian Barišić,Sporting Braga,0.0,Adnan Fettahoğlu,Fenerbahçe Spor Kulübü,0.0,Ahmed Kutucu,Galatasaray Spor Kulübü,0.0,Afonso Sousa,Sporting Braga,DEF,0.0
GW 146,3,Extra DEF,0.0,Alaa Bellaarouch,Sporting Braga,0.0,Ahmet Tekke,Trabzonspor Kulübü,0.0,Aiden McCallion,Rangers FC,0.0,Ahmet Bircan,Beşiktaş Jimnastik Kulübü,0.0,Alberto Costa,FC Porto,DEF,0.0
GW 146,4,Extra DEF,0.0,Alexander Schlager,FC Red Bull Salzburg,0.0,Aleksa Terzić,FC Red Bull Salzburg,0.0,Alan Varela,FC Porto,0.0,Alaettin Ekici,Fenerbahçe Spor Kulübü,0.0,Alexander Bah,SL Benfica,DEF,0.0
GW 145,1,Extra DEF,0.0,Adem Ağaoğlu,Trabzonspor Kulübü,0.0,Abdülkerim Bardakcı,Galatasaray Spor Kulübü,0.0,Abdou Fall,Fenerbahçe Spor Kulübü,0.0,Ada Yüzgeç,Galatasaray Spor Kulübü,0.0,Adam Montgomery,Celtic FC,DEF,0.0
GW 145,2,Extra DEF,0.0,Ahmet Yıldırım,Trabzonspor Kulübü,0.0,Adrian Barišić,Sporting Braga,0.0,Adnan Fettahoğlu,Fenerbahçe Spor Kulübü,0.0,Ahmed Kutucu,Galatasaray Spor Kulübü,0.0,Afonso Sousa,Sporting Braga,DEF,0.0
GW 145,3,Extra DEF,0.0,Alaa Bellaarouch,Sporting Braga,0.0,Ahmet Tekke,Trabzonspor Kulübü,0.0,Aiden McCallion,Rangers FC,0.0,Ahmet Bircan,Beşiktaş Jimnastik Kulübü,0.0,Alberto Costa,FC Porto,DEF,0.0
GW 145,4,Extra DEF,0.0,Alexander Schlager,FC Red Bull Salzburg,0.0,Aleksa Terzić,FC Red Bull Salzburg,0.0,Alan Varela,FC Porto,0.0,Alaettin Ekici,Fenerbahçe Spor Kulübü,0.0,Alexander Bah,SL Benfica,DEF,0.0
GW 144,1,Extra DEF,0.0,Adem Ağaoğlu,Trabzonspor Kulübü,0.0,Abdülkerim Bardakcı,Galatasaray Spor Kulübü,0.0,Abdou Fall,Fenerbahçe Spor Kulübü,0.0,Ada Yüzgeç,Galatasaray Spor Kulübü,0.0,Adam Montgomery,Celtic FC,DEF,0.0
GW 144,2,Extra DEF,0.0,Ahmet Yıldırım,Trabzonspor Kulübü,0.0,Adrian Barišić,Sporting Braga,0.0,Adnan Fettahoğlu,Fenerbahçe Spor Kulübü,0.0,Ahmed Kutucu,Galatasaray Spor Kulübü,0.0,Afonso Sousa,Sporting Braga,DEF,0.0
GW 144,3,Extra DEF,0.0,Alaa Bellaarouch,Sporting Braga,0.0,Ahmet Tekke,Trabzonspor Kulübü,0.0,Aiden McCallion,Rangers FC,0.0,Ahmet Bircan,Beşiktaş Jimnastik Kulübü,0.0,Alberto Costa,FC Porto,DEF,0.0
GW 144,4,Extra DEF,0.0,Alexander Schlager,FC Red Bull Salzburg,0.0,Aleksa Terzić,FC Red Bull Salzburg,0.0,Alan Varela,FC Porto,0.0,Alaettin Ekici,Fenerbahçe Spor Kulübü,0.0,Alexander Bah,SL Benfica,DEF,0.0
GW 143,1,Extra DEF,0.0,Adem Ağaoğlu,Trabzonspor Kulübü,0.0,Abdülkerim Bardakcı,Galatasaray Spor Kulübü,0.0,Abdou Fall,Fenerbahçe Spor Kulübü,0.0,Ada Yüzgeç,Galatasaray Spor Kulübü,0.0,Adam Montgomery,Celtic FC,DEF,0.0
GW 143,2,Extra DEF,0.0,Ahmet Yıldırım,Trabzonspor Kulübü,0.0,Adrian Barišić,Sporting Braga,0.0,Adnan Fettahoğlu,Fenerbahçe Spor Kulübü,0.0,Ahmed Kutucu,Galatasaray Spor Kulübü,0.0,Afonso Sousa,Sporting Braga,DEF,0.0
GW 143,3,Extra DEF,0.0,Alaa Bellaarouch,Sporting Braga,0.0,Ahmet Tekke,Trabzonspor Kulübü,0.0,Aiden McCallion,Rangers FC,0.0,Ahmet Bircan,Beşiktaş Jimnastik Kulübü,0.0,Alberto Costa,FC Porto,DEF,0.0
GW 143,4,Extra DEF,0.0,Alexander Schlager,FC Red Bull Salzburg,0.0,Aleksa Terzić,FC Red Bull Salzburg,0.0,Alan Varela,FC Porto,0.0,Alaettin Ekici,Fenerbahçe Spor Kulübü,0.0,Alexander Bah,SL Benfica,DEF,0.0
GW 142,1,Extra DEF,0.0,Adem Ağaoğlu,Trabzonspor Kulübü,0.0,Abdülkerim Bardakcı,Galatasaray Spor Kulübü,0.0,Abdou Fall,Fenerbahçe Spor Kulübü,0.0,Ada Yüzgeç,Galatasaray Spor Kulübü,0.0,Adam Montgomery,Celtic FC,DEF,0.0
GW 142,2,Extra DEF,0.0,Ahmet Yıldırım,Trabzonspor Kulübü,0.0,Adrian Barišić,Sporting Braga,0.0,Adnan Fettahoğlu,Fenerbahçe Spor Kulübü,0.0,Ahmed Kutucu,Galatasaray Spor Kulübü,0.0,Afonso Sousa,Sporting Braga,DEF,0.0
GW 142,3,Extra DEF,0.0,Alaa Bellaarouch,Sporting Braga,0.0,Ahmet Tekke,Trabzonspor Kulübü,0.0,Aiden McCallion,Rangers FC,0.0,Ahmet Bircan,Beşiktaş Jimnastik Kulübü,0.0,Alberto Costa,FC Porto,DEF,0.0
GW 142,4,Extra DEF,0.0,Alexander Schlager,FC Red Bull Salzburg,0.0,Aleksa Terzić,FC Red Bull Salzburg,0.0,Alan Varela,FC Porto,0.0,Alaettin Ekici,Fenerbahçe Spor Kulübü,0.0,Alexander Bah,SL Benfica,DEF,0.0
GW 141,1,Extra DEF,0.0,Adem Ağaoğlu,Trabzonspor Kulübü,0.0,Abdülkerim Bardakcı,Galatasaray Spor Kulübü,0.0,Abdou Fall,Fenerbahçe Spor Kulübü,0.0,Ada Yüzgeç,Galatasaray Spor Kulübü,0.0,Adam Montgomery,Celtic FC,DEF,0.0
GW 141,2,Extra DEF,0.0,Ahmet Yıldırım,Trabzonspor Kulübü,0.0,Adrian Barišić,Sporting Braga,0.0,Adnan Fettahoğlu,Fenerbahçe Spor Kulübü,0.0,Ahmed Kutucu,Galatasaray Spor Kulübü,0.0,Afonso Sousa,Sporting Braga,DEF,0.0
GW 141,3,Extra DEF,0.0,Alaa Bellaarouch,Sporting Braga,0.0,Ahmet Tekke,Trabzonspor Kulübü,0.0,Aiden McCallion,Rangers FC,0.0,Ahmet Bircan,Beşiktaş Jimnastik Kulübü,0.0,Alberto Costa,FC Porto,DEF,0.0
GW 141,4,Extra DEF,0.0,Alexander Schlager,FC Red Bull Salzburg,0.0,Aleksa Terzić,FC Red Bull Salzburg,0.0,Alan Varela,FC Porto,0.0,Alaettin Ekici,Fenerbahçe Spor Kulübü,0.0,Alexander Bah,SL Benfica,DEF,0.0
GW 140,1,Extra DEF,0.0,Adem Ağaoğlu,Trabzonspor Kulübü,0.0,Abdülkerim Bardakcı,Galatasaray Spor Kulübü,0.0,Abdou Fall,Fenerbahçe Spor Kulübü,0.0,Ada Yüzgeç,Galatasaray Spor Kulübü,0.0,Adam Montgomery,Celtic FC,DEF,0.0
GW 140,2,Extra DEF,0.0,Ahmet Yıldırım,Trabzonspor Kulübü,0.0,Adrian Barišić,Sporting Braga,0.0,Adnan Fettahoğlu,Fenerbahçe Spor Kulübü,0.0,Ahmed Kutucu,Galatasaray Spor Kulübü,0.0,Afonso Sousa,Sporting Braga,DEF,0.0
GW 140,3,Extra DEF,0.0,Alaa Bellaarouch,Sporting Braga,0.0,Ahmet Tekke,Trabzonspor Kulübü,0.0,Aiden McCallion,Rangers FC,0.0,Ahmet Bircan,Beşiktaş Jimnastik Kulübü,0.0,Alberto Costa,FC Porto,DEF,0.0
GW 140,4,Extra DEF,0.0,Alexander Schlager,FC Red Bull Salzburg,0.0,Aleksa Terzić,FC Red Bull Salzburg,0.0,Alan Varela,FC Porto,0.0,Alaettin Ekici,Fenerbahçe Spor Kulübü,0.0,Alexander Bah,SL Benfica,DEF,0.0
GW 139,1,Extra DEF,0.0,Adem Ağaoğlu,Trabzonspor Kulübü,0.0,Abdülkerim Bardakcı,Galatasaray Spor Kulübü,0.0,Abdou Fall,Fenerbahçe Spor Kulübü,0.0,Ada Yüzgeç,Galatasaray Spor Kulübü,0.0,Adam Montgomery,Celtic FC,DEF,0.0
GW 139,2,Extra DEF,0.0,Ahmet Yıldırım,Trabzonspor Kulübü,0.0,Adrian Barišić,Sporting Braga,0.0,Adnan Fettahoğlu,Fenerbahçe Spor Kulübü,0.0,Ahmed Kutucu,Galatasaray Spor Kulübü,0.0,Afonso Sousa,Sporting Braga,DEF,0.0
GW 139,3,Extra DEF,0.0,Alaa Bellaarouch,Sporting Braga,0.0,Ahmet Tekke,Trabzonspor Kulübü,0.0,Aiden McCallion,Rangers FC,0.0,Ahmet Bircan,Beşiktaş Jimnastik Kulübü,0.0,Alberto Costa,FC Porto,DEF,0.0
GW 139,4,Extra DEF,0.0,Alexander Schlager,FC Red Bull Salzburg,0.0,Aleksa Terzić,FC Red Bull Salzburg,0.0,Alan Varela,FC Porto,0.0,Alaettin Ekici,Fenerbahçe Spor Kulübü,0.0,Alexander Bah,SL Benfica,DEF,0.0
GW 138,1,Extra DEF,0.0,Adem Ağaoğlu,Trabzonspor Kulübü,0.0,Abdülkerim Bardakcı,Galatasaray Spor Kulübü,0.0,Abdou Fall,Fenerbahçe Spor Kulübü,0.0,Ada Yüzgeç,Galatasaray Spor Kulübü,0.0,Adam Montgomery,Celtic FC,DEF,0.0
GW 138,2,Extra DEF,0.0,Ahmet Yıldırım,Trabzonspor Kulübü,0.0,Adrian Barišić,Sporting Braga,0.0,Adnan Fettahoğlu,Fenerbahçe Spor Kulübü,0.0,Ahmed Kutucu,Galatasaray Spor Kulübü,0.0,Afonso Sousa,Sporting Braga,DEF,0.0
GW 138,3,Extra DEF,0.0,Alaa Bellaarouch,Sporting Braga,0.0,Ahmet Tekke,Trabzonspor Kulübü,0.0,Aiden McCallion,Rangers FC,0.0,Ahmet Bircan,Beşiktaş Jimnastik Kulübü,0.0,Alberto Costa,FC Porto,DEF,0.0
GW 138,4,Extra DEF,0.0,Alexander Schlager,FC Red Bull Salzburg,0.0,Aleksa Terzić,FC Red Bull Salzburg,0.0,Alan Varela,FC Porto,0.0,Alaettin Ekici,Fenerbahçe Spor Kulübü,0.0,Alexander Bah,SL Benfica,DEF,0.0
GW 137,1,Extra DEF,0.0,Adem Ağaoğlu,Trabzonspor Kulübü,0.0,Abdülkerim Bardakcı,Galatasaray Spor Kulübü,0.0,Abdou Fall,Fenerbahçe Spor Kulübü,0.0,Ada Yüzgeç,Galatasaray Spor Kulübü,0.0,Adam Montgomery,Celtic FC,DEF,0.0
GW 137,2,Extra DEF,0.0,Ahmet Yıldırım,Trabzonspor Kulübü,0.0,Adrian Barišić,Sporting Braga,0.0,Adnan Fettahoğlu,Fenerbahçe Spor Kulübü,0.0,Ahmed Kutucu,Galatasaray Spor Kulübü,0.0,Afonso Sousa,Sporting Braga,DEF,0.0
GW 137,3,Extra DEF,0.0,Alaa Bellaarouch,Sporting Braga,0.0,Ahmet Tekke,Trabzonspor Kulübü,0.0,Aiden McCallion,Rangers FC,0.0,Ahmet Bircan,Beşiktaş Jimnastik Kulübü,0.0,Alberto Costa,FC Porto,DEF,0.0
GW 137,4,Extra DEF,0.0,Alexander Schlager,FC Red Bull Salzburg,0.0,Aleksa Terzić,FC Red Bull Salzburg,0.0,Alan Varela,FC Porto,0.0,Alaettin Ekici,Fenerbahçe Spor Kulübü,0.0,Alexander Bah,SL Benfica,DEF,0.0
GW 136,1,Extra DEF,0.0,Adem Ağaoğlu,Trabzonspor Kulübü,0.0,Abdülkerim Bardakcı,Galatasaray Spor Kulübü,0.0,Abdou Fall,Fenerbahçe Spor Kulübü,0.0,Ada Yüzgeç,Galatasaray Spor Kulübü,0.0,Adam Montgomery,Celtic FC,DEF,0.0
GW 136,2,Extra DEF,0.0,Ahmet Yıldırım,Trabzonspor Kulübü,0.0,Adrian Barišić,Sporting Braga,0.0,Adnan Fettahoğlu,Fenerbahçe Spor Kulübü,0.0,Ahmed Kutucu,Galatasaray Spor Kulübü,0.0,Afonso Sousa,Sporting Braga,DEF,0.0
GW 136,3,Extra DEF,0.0,Alaa Bellaarouch,Sporting Braga,0.0,Ahmet Tekke,Trabzonspor Kulübü,0.0,Aiden McCallion,Rangers FC,0.0,Ahmet Bircan,Beşiktaş Jimnastik Kulübü,0.0,Alberto Costa,FC Porto,DEF,0.0
GW 136,4,Extra DEF,0.0,Alexander Schlager,FC Red Bull Salzburg,0.0,Aleksa Terzić,FC Red Bull Salzburg,0.0,Alan Varela,FC Porto,0.0,Alaettin Ekici,Fenerbahçe Spor Kulübü,0.0,Alexander Bah,SL Benfica,DEF,0.0
GW 135,1,Extra DEF,0.0,Adem Ağaoğlu,Trabzonspor Kulübü,0.0,Abdülkerim Bardakcı,Galatasaray Spor Kulübü,0.0,Abdou Fall,Fenerbahçe Spor Kulübü,0.0,Ada Yüzgeç,Galatasaray Spor Kulübü,0.0,Adam Montgomery,Celtic FC,DEF,0.0
GW 135,2,Extra DEF,0.0,Ahmet Yıldırım,Trabzonspor Kulübü,0.0,Adrian Barišić,Sporting Braga,0.0,Adnan Fettahoğlu,Fenerbahçe Spor Kulübü,0.0,Ahmed Kutucu,Galatasaray Spor Kulübü,0.0,Afonso Sousa,Sporting Braga,DEF,0.0
GW 135,3,Extra DEF,0.0,Alaa Bellaarouch,Sporting Braga,0.0,Ahmet Tekke,Trabzonspor Kulübü,0.0,Aiden McCallion,Rangers FC,0.0,Ahmet Bircan,Beşiktaş Jimnastik Kulübü,0.0,Alberto Costa,FC Porto,DEF,0.0
GW 135,4,Extra DEF,0.0,Alexander Schlager,FC Red Bull Salzburg,0.0,Aleksa Terzić,FC Red Bull Salzburg,0.0,Alan Varela,FC Porto,0.0,Alaettin Ekici,Fenerbahçe Spor Kulübü,0.0,Alexander Bah,SL Benfica,DEF,0.0
GW 134,1,Extra DEF,0.0,Adem Ağaoğlu,Trabzonspor Kulübü,0.0,Abdülkerim Bardakcı,Galatasaray Spor Kulübü,0.0,Abdou Fall,Fenerbahçe Spor Kulübü,0.0,Ada Yüzgeç,Galatasaray Spor Kulübü,0.0,Adam Montgomery,Celtic FC,DEF,0.0
GW 134,2,Extra DEF,0.0,Ahmet Yıldırım,Trabzonspor Kulübü,0.0,Adrian Barišić,Sporting Braga,0.0,Adnan Fettahoğlu,Fenerbahçe Spor Kulübü,0.0,Ahmed Kutucu,Galatasaray Spor Kulübü,0.0,Afonso Sousa,Sporting Braga,DEF,0.0
GW 134,3,Extra DEF,0.0,Alaa Bellaarouch,Sporting Braga,0.0,Ahmet Tekke,Trabzonspor Kulübü,0.0,Aiden McCallion,Rangers FC,0.0,Ahmet Bircan,Beşiktaş Jimnastik Kulübü,0.0,Alberto Costa,FC Porto,DEF,0.0
GW 134,4,Extra DEF,0.0,Alexander Schlager,FC Red Bull Salzburg,0.0,Aleksa Terzić,FC Red Bull Salzburg,0.0,Alan Varela,FC Porto,0.0,Alaettin Ekici,Fenerbahçe Spor Kulübü,0.0,Alexander Bah,SL Benfica,DEF,0.0
GW 133,1,Extra DEF,0.0,Adem Ağaoğlu,Trabzonspor Kulübü,0.0,Abdülkerim Bardakcı,Galatasaray Spor Kulübü,0.0,Abdou Fall,Fenerbahçe Spor Kulübü,0.0,Ada Yüzgeç,Galatasaray Spor Kulübü,0.0,Adam Montgomery,Celtic FC,DEF,0.0
GW 133,2,Extra DEF,0.0,Ahmet Yıldırım,Trabzonspor Kulübü,0.0,Adrian Barišić,Sporting Braga,0.0,Adnan Fettahoğlu,Fenerbahçe Spor Kulübü,0.0,Ahmed Kutucu,Galatasaray Spor Kulübü,0.0,Afonso Sousa,Sporting Braga,DEF,0.0
GW 133,3,Extra DEF,0.0,Alaa Bellaarouch,Sporting Braga,0.0,Ahmet Tekke,Trabzonspor Kulübü,0.0,Aiden McCallion,Rangers FC,0.0,Ahmet Bircan,Beşiktaş Jimnastik Kulübü,0.0,Alberto Costa,FC Porto,DEF,0.0
GW 133,4,Extra DEF,0.0,Alexander Schlager,FC Red Bull Salzburg,0.0,Aleksa Terzić,FC Red Bull Salzburg,0.0,Alan Varela,FC Porto,0.0,Alaettin Ekici,Fenerbahçe Spor Kulübü,0.0,Alexander Bah,SL Benfica,DEF,0.0
GW 132,1,Extra DEF,0.0,Adem Ağaoğlu,Trabzonspor Kulübü,0.0,Abdülkerim Bardakcı,Galatasaray Spor Kulübü,0.0,Abdou Fall,Fenerbahçe Spor Kulübü,0.0,Ada Yüzgeç,Galatasaray Spor Kulübü,0.0,Adam Montgomery,Celtic FC,DEF,0.0
GW 132,2,Extra DEF,0.0,Ahmet Yıldırım,Trabzonspor Kulübü,0.0,Adrian Barišić,Sporting Braga,0.0,Adnan Fettahoğlu,Fenerbahçe Spor Kulübü,0.0,Ahmed Kutucu,Galatasaray Spor Kulübü,0.0,Afonso Sousa,Sporting Braga,DEF,0.0
GW 132,3,Extra DEF,0.0,Alaa Bellaarouch,Sporting Braga,0.0,Ahmet Tekke,Trabzonspor Kulübü,0.0,Aiden McCallion,Rangers FC,0.0,Ahmet Bircan,Beşiktaş Jimnastik Kulübü,0.0,Alberto Costa,FC Porto,DEF,0.0
GW 132,4,Extra DEF,0.0,Alexander Schlager,FC Red Bull Salzburg,0.0,Aleksa Terzić,FC Red Bull Salzburg,0.0,Alan Varela,FC Porto,0.0,Alaettin Ekici,Fenerbahçe Spor Kulübü,0.0,Alexander Bah,SL Benfica,DEF,0.0
GW 131,1,Extra DEF,0.0,Adem Ağaoğlu,Trabzonspor Kulübü,0.0,Abdülkerim Bardakcı,Galatasaray Spor Kulübü,0.0,Abdou Fall,Fenerbahçe Spor Kulübü,0.0,Ada Yüzgeç,Galatasaray Spor Kulübü,0.0,Adam Montgomery,Celtic FC,DEF,0.0
GW 131,2,Extra DEF,0.0,Ahmet Yıldırım,Trabzonspor Kulübü,0.0,Adrian Barišić,Sporting Braga,0.0,Adnan Fettahoğlu,Fenerbahçe Spor Kulübü,0.0,Ahmed Kutucu,Galatasaray Spor Kulübü,0.0,Afonso Sousa,Sporting Braga,DEF,0.0
GW 131,3,Extra DEF,0.0,Alaa Bellaarouch,Sporting Braga,0.0,Ahmet Tekke,Trabzonspor Kulübü,0.0,Aiden McCallion,Rangers FC,0.0,Ahmet Bircan,Beşiktaş Jimnastik Kulübü,0.0,Alberto Costa,FC Porto,DEF,0.0
GW 131,4,Extra DEF,0.0,Alexander Schlager,FC Red Bull Salzburg,0.0,Aleksa Terzić,FC Red Bull Salzburg,0.0,Alan Varela,FC Porto,0.0,Alaettin Ekici,Fenerbahçe Spor Kulübü,0.0,Alexander Bah,SL Benfica,DEF,0.0
GW 130,1,Extra DEF,0.0,Adem Ağaoğlu,Trabzonspor Kulübü,0.0,Abdülkerim Bardakcı,Galatasaray Spor Kulübü,0.0,Abdou Fall,Fenerbahçe Spor Kulübü,0.0,Ada Yüzgeç,Galatasaray Spor Kulübü,0.0,Adam Montgomery,Celtic FC,DEF,0.0
GW 130,2,Extra DEF,0.0,Ahmet Yıldırım,Trabzonspor Kulübü,0.0,Adrian Barišić,Sporting Braga,0.0,Adnan Fettahoğlu,Fenerbahçe Spor Kulübü,0.0,Ahmed Kutucu,Galatasaray Spor Kulübü,0.0,Afonso Sousa,Sporting Braga,DEF,0.0
GW 130,3,Extra DEF,0.0,Alaa Bellaarouch,Sporting Braga,0.0,Ahmet Tekke,Trabzonspor Kulübü,0.0,Aiden McCallion,Rangers FC,0.0,Ahmet Bircan,Beşiktaş Jimnastik Kulübü,0.0,Alberto Costa,FC Porto,DEF,0.0
GW 130,4,Extra DEF,0.0,Alexander Schlager,FC Red Bull Salzburg,0.0,Aleksa Terzić,FC Red Bull Salzburg,0.0,Alan Varela,FC Porto,0.0,Alaettin Ekici,Fenerbahçe Spor Kulübü,0.0,Alexander Bah,SL Benfica,DEF,0.0
GW 129,1,Extra DEF,0.0,Adem Ağaoğlu,Trabzonspor Kulübü,0.0,Abdülkerim Bardakcı,Galatasaray Spor Kulübü,0.0,Abdou Fall,Fenerbahçe Spor Kulübü,0.0,Ada Yüzgeç,Galatasaray Spor Kulübü,0.0,Adam Montgomery,Celtic FC,DEF,0.0
GW 129,2,Extra DEF,0.0,Ahmet Yıldırım,Trabzonspor Kulübü,0.0,Adrian Barišić,Sporting Braga,0.0,Adnan Fettahoğlu,Fenerbahçe Spor Kulübü,0.0,Ahmed Kutucu,Galatasaray Spor Kulübü,0.0,Afonso Sousa,Sporting Braga,DEF,0.0
GW 129,3,Extra DEF,0.0,Alaa Bellaarouch,Sporting Braga,0.0,Ahmet Tekke,Trabzonspor Kulübü,0.0,Aiden McCallion,Rangers FC,0.0,Ahmet Bircan,Beşiktaş Jimnastik Kulübü,0.0,Alberto Costa,FC Porto,DEF,0.0
GW 129,4,Extra DEF,0.0,Alexander Schlager,FC Red Bull Salzburg,0.0,Aleksa Terzić,FC Red Bull Salzburg,0.0,Alan Varela,FC Porto,0.0,Alaettin Ekici,Fenerbahçe Spor Kulübü,0.0,Alexander Bah,SL Benfica,DEF,0.0
GW 128,1,Extra DEF,0.0,Adem Ağaoğlu,Trabzonspor Kulübü,0.0,Abdülkerim Bardakcı,Galatasaray Spor Kulübü,0.0,Abdou Fall,Fenerbahçe Spor Kulübü,0.0,Ada Yüzgeç,Galatasaray Spor Kulübü,0.0,Adam Montgomery,Celtic FC,DEF,0.0
GW 128,2,Extra DEF,0.0,Ahmet Yıldırım,Trabzonspor Kulübü,0.0,Adrian Barišić,Sporting Braga,0.0,Adnan Fettahoğlu,Fenerbahçe Spor Kulübü,0.0,Ahmed Kutucu,Galatasaray Spor Kulübü,0.0,Afonso Sousa,Sporting Braga,DEF,0.0
GW 128,3,Extra DEF,0.0,Alaa Bellaarouch,Sporting Braga,0.0,Ahmet Tekke,Trabzonspor Kulübü,0.0,Aiden McCallion,Rangers FC,0.0,Ahmet Bircan,Beşiktaş Jimnastik Kulübü,0.0,Alberto Costa,FC Porto,DEF,0.0
GW 128,4,Extra DEF,0.0,Alexander Schlager,FC Red Bull Salzburg,0.0,Aleksa Terzić,FC Red Bull Salzburg,0.0,Alan Varela,FC Porto,0.0,Alaettin Ekici,Fenerbahçe Spor Kulübü,0.0,Alexander Bah,SL Benfica,DEF,0.0
GW 127,1,Extra DEF,0.0,Adem Ağaoğlu,Trabzonspor Kulübü,0.0,Abdülkerim Bardakcı,Galatasaray Spor Kulübü,0.0,Abdou Fall,Fenerbahçe Spor Kulübü,0.0,Ada Yüzgeç,Galatasaray Spor Kulübü,0.0,Adam Montgomery,Celtic FC,DEF,0.0
GW 127,2,Extra DEF,0.0,Ahmet Yıldırım,Trabzonspor Kulübü,0.0,Adrian Barišić,Sporting Braga,0.0,Adnan Fettahoğlu,Fenerbahçe Spor Kulübü,0.0,Ahmed Kutucu,Galatasaray Spor Kulübü,0.0,Afonso Sousa,Sporting Braga,DEF,0.0
GW 127,3,Extra DEF,0.0,Alaa Bellaarouch,Sporting Braga,0.0,Ahmet Tekke,Trabzonspor Kulübü,0.0,Aiden McCallion,Rangers FC,0.0,Ahmet Bircan,Beşiktaş Jimnastik Kulübü,0.0,Alberto Costa,FC Porto,DEF,0.0
GW 127,4,Extra DEF,0.0,Alexander Schlager,FC Red Bull Salzburg,0.0,Aleksa Terzić,FC Red Bull Salzburg,0.0,Alan Varela,FC Porto,0.0,Alaettin Ekici,Fenerbahçe Spor Kulübü,0.0,Alexander Bah,SL Benfica,DEF,0.0
GW 126,1,Extra DEF,0.0,Adem Ağaoğlu,Trabzonspor Kulübü,0.0,Abdülkerim Bardakcı,Galatasaray Spor Kulübü,0.0,Abdou Fall,Fenerbahçe Spor Kulübü,0.0,Ada Yüzgeç,Galatasaray Spor Kulübü,0.0,Adam Montgomery,Celtic FC,DEF,0.0
GW 126,2,Extra DEF,0.0,Ahmet Yıldırım,Trabzonspor Kulübü,0.0,Adrian Barišić,Sporting Braga,0.0,Adnan Fettahoğlu,Fenerbahçe Spor Kulübü,0.0,Ahmed Kutucu,Galatasaray Spor Kulübü,0.0,Afonso Sousa,Sporting Braga,DEF,0.0
GW 126,3,Extra DEF,0.0,Alaa Bellaarouch,Sporting Braga,0.0,Ahmet Tekke,Trabzonspor Kulübü,0.0,Aiden McCallion,Rangers FC,0.0,Ahmet Bircan,Beşiktaş Jimnastik Kulübü,0.0,Alberto Costa,FC Porto,DEF,0.0
GW 126,4,Extra DEF,0.0,Alexander Schlager,FC Red Bull Salzburg,0.0,Aleksa Terzić,FC Red Bull Salzburg,0.0,Alan Varela,FC Porto,0.0,Alaettin Ekici,Fenerbahçe Spor Kulübü,0.0,Alexander Bah,SL Benfica,DEF,0.0
GW 125,1,Extra DEF,0.0,Adem Ağaoğlu,Trabzonspor Kulübü,0.0,Abdülkerim Bardakcı,Galatasaray Spor Kulübü,0.0,Abdou Fall,Fenerbahçe Spor Kulübü,0.0,Ada Yüzgeç,Galatasaray Spor Kulübü,0.0,Adam Montgomery,Celtic FC,DEF,0.0
GW 125,2,Extra DEF,0.0,Ahmet Yıldırım,Trabzonspor Kulübü,0.0,Adrian Barišić,Sporting Braga,0.0,Adnan Fettahoğlu,Fenerbahçe Spor Kulübü,0.0,Ahmed Kutucu,Galatasaray Spor Kulübü,0.0,Afonso Sousa,Sporting Braga,DEF,0.0
GW 125,3,Extra DEF,0.0,Alaa Bellaarouch,Sporting Braga,0.0,Ahmet Tekke,Trabzonspor Kulübü,0.0,Aiden McCallion,Rangers FC,0.0,Ahmet Bircan,Beşiktaş Jimnastik Kulübü,0.0,Alberto Costa,FC Porto,DEF,0.0
GW 125,4,Extra DEF,0.0,Alexander Schlager,FC Red Bull Salzburg,0.0,Aleksa Terzić,FC Red Bull Salzburg,0.0,Alan Varela,FC Porto,0.0,Alaettin Ekici,Fenerbahçe Spor Kulübü,0.0,Alexander Bah,SL Benfica,DEF,0.0
GW 124,1,Extra DEF,0.0,Adem Ağaoğlu,Trabzonspor Kulübü,0.0,Abdülkerim Bardakcı,Galatasaray Spor Kulübü,0.0,Abdou Fall,Fenerbahçe Spor Kulübü,0.0,Ada Yüzgeç,Galatasaray Spor Kulübü,0.0,Adam Montgomery,Celtic FC,DEF,0.0
GW 124,2,Extra DEF,0.0,Ahmet Yıldırım,Trabzonspor Kulübü,0.0,Adrian Barišić,Sporting Braga,0.0,Adnan Fettahoğlu,Fenerbahçe Spor Kulübü,0.0,Ahmed Kutucu,Galatasaray Spor Kulübü,0.0,Afonso Sousa,Sporting Braga,DEF,0.0
GW 124,3,Extra DEF,0.0,Alaa Bellaarouch,Sporting Braga,0.0,Ahmet Tekke,Trabzonspor Kulübü,0.0,Aiden McCallion,Rangers FC,0.0,Ahmet Bircan,Beşiktaş Jimnastik Kulübü,0.0,Alberto Costa,FC Porto,DEF,0.0
GW 124,4,Extra DEF,0.0,Alexander Schlager,FC Red Bull Salzburg,0.0,Aleksa Terzić,FC Red Bull Salzburg,0.0,Alan Varela,FC Porto,0.0,Alaettin Ekici,Fenerbahçe Spor Kulübü,0.0,Alexander Bah,SL Benfica,DEF,0.0
GW 123,1,Extra DEF,0.0,Adem Ağaoğlu,Trabzonspor Kulübü,0.0,Abdülkerim Bardakcı,Galatasaray Spor Kulübü,0.0,Abdou Fall,Fenerbahçe Spor Kulübü,0.0,Ada Yüzgeç,Galatasaray Spor Kulübü,0.0,Adam Montgomery,Celtic FC,DEF,0.0
GW 123,2,Extra DEF,0.0,Ahmet Yıldırım,Trabzonspor Kulübü,0.0,Adrian Barišić,Sporting Braga,0.0,Adnan Fettahoğlu,Fenerbahçe Spor Kulübü,0.0,Ahmed Kutucu,Galatasaray Spor Kulübü,0.0,Afonso Sousa,Sporting Braga,DEF,0.0
GW 123,3,Extra DEF,0.0,Alaa Bellaarouch,Sporting Braga,0.0,Ahmet Tekke,Trabzonspor Kulübü,0.0,Aiden McCallion,Rangers FC,0.0,Ahmet Bircan,Beşiktaş Jimnastik Kulübü,0.0,Alberto Costa,FC Porto,DEF,0.0
GW 123,4,Extra DEF,0.0,Alexander Schlager,FC Red Bull Salzburg,0.0,Aleksa Terzić,FC Red Bull Salzburg,0.0,Alan Varela,FC Porto,0.0,Alaettin Ekici,Fenerbahçe Spor Kulübü,0.0,Alexander Bah,SL Benfica,DEF,0.0
GW 122,1,Extra DEF,0.0,Adem Ağaoğlu,Trabzonspor Kulübü,0.0,Abdülkerim Bardakcı,Galatasaray Spor Kulübü,0.0,Abdou Fall,Fenerbahçe Spor Kulübü,0.0,Ada Yüzgeç,Galatasaray Spor Kulübü,0.0,Adam Montgomery,Celtic FC,DEF,0.0
GW 122,2,Extra DEF,0.0,Ahmet Yıldırım,Trabzonspor Kulübü,0.0,Adrian Barišić,Sporting Braga,0.0,Adnan Fettahoğlu,Fenerbahçe Spor Kulübü,0.0,Ahmed Kutucu,Galatasaray Spor Kulübü,0.0,Afonso Sousa,Sporting Braga,DEF,0.0
GW 122,3,Extra DEF,0.0,Alaa Bellaarouch,Sporting Braga,0.0,Ahmet Tekke,Trabzonspor Kulübü,0.0,Aiden McCallion,Rangers FC,0.0,Ahmet Bircan,Beşiktaş Jimnastik Kulübü,0.0,Alberto Costa,FC Porto,DEF,0.0
GW 122,4,Extra DEF,0.0,Alexander Schlager,FC Red Bull Salzburg,0.0,Aleksa Terzić,FC Red Bull Salzburg,0.0,Alan Varela,FC Porto,0.0,Alaettin Ekici,Fenerbahçe Spor Kulübü,0.0,Alexander Bah,SL Benfica,DEF,0.0
GW 121,1,Extra DEF,0.0,Adem Ağaoğlu,Trabzonspor Kulübü,0.0,Abdülkerim Bardakcı,Galatasaray Spor Kulübü,0.0,Abdou Fall,Fenerbahçe Spor Kulübü,0.0,Ada Yüzgeç,Galatasaray Spor Kulübü,0.0,Adam Montgomery,Celtic FC,DEF,0.0
GW 121,2,Extra DEF,0.0,Ahmet Yıldırım,Trabzonspor Kulübü,0.0,Adrian Barišić,Sporting Braga,0.0,Adnan Fettahoğlu,Fenerbahçe Spor Kulübü,0.0,Ahmed Kutucu,Galatasaray Spor Kulübü,0.0,Afonso Sousa,Sporting Braga,DEF,0.0
GW 121,3,Extra DEF,0.0,Alaa Bellaarouch,Sporting Braga,0.0,Ahmet Tekke,Trabzonspor Kulübü,0.0,Aiden McCallion,Rangers FC,0.0,Ahmet Bircan,Beşiktaş Jimnastik Kulübü,0.0,Alberto Costa,FC Porto,DEF,0.0
GW 121,4,Extra DEF,0.0,Alexander Schlager,FC Red Bull Salzburg,0.0,Aleksa Terzić,FC Red Bull Salzburg,0.0,Alan Varela,FC Porto,0.0,Alaettin Ekici,Fenerbahçe Spor Kulübü,0.0,Alexander Bah,SL Benfica,DEF,0.0
GW 120,1,Extra DEF,0.0,Adem Ağaoğlu,Trabzonspor Kulübü,0.0,Abdülkerim Bardakcı,Galatasaray Spor Kulübü,0.0,Abdou Fall,Fenerbahçe Spor Kulübü,0.0,Ada Yüzgeç,Galatasaray Spor Kulübü,0.0,Adam Montgomery,Celtic FC,DEF,0.0
GW 120,2,Extra DEF,0.0,Ahmet Yıldırım,Trabzonspor Kulübü,0.0,Adrian Barišić,Sporting Braga,0.0,Adnan Fettahoğlu,Fenerbahçe Spor Kulübü,0.0,Ahmed Kutucu,Galatasaray Spor Kulübü,0.0,Afonso Sousa,Sporting Braga,DEF,0.0
GW 120,3,Extra DEF,0.0,Alaa Bellaarouch,Sporting Braga,0.0,Ahmet Tekke,Trabzonspor Kulübü,0.0,Aiden McCallion,Rangers FC,0.0,Ahmet Bircan,Beşiktaş Jimnastik Kulübü,0.0,Alberto Costa,FC Porto,DEF,0.0
GW 120,4,Extra DEF,0.0,Alexander Schlager,FC Red Bull Salzburg,0.0,Aleksa Terzić,FC Red Bull Salzburg,0.0,Alan Varela,FC Porto,0.0,Alaettin Ekici,Fenerbahçe Spor Kulübü,0.0,Alexander Bah,SL Benfica,DEF,0.0
GW 119,1,Extra DEF,0.0,Adem Ağaoğlu,Trabzonspor Kulübü,0.0,Abdülkerim Bardakcı,Galatasaray Spor Kulübü,0.0,Abdou Fall,Fenerbahçe Spor Kulübü,0.0,Ada Yüzgeç,Galatasaray Spor Kulübü,0.0,Adam Montgomery,Celtic FC,DEF,0.0
GW 119,2,Extra DEF,0.0,Ahmet Yıldırım,Trabzonspor Kulübü,0.0,Adrian Barišić,Sporting Braga,0.0,Adnan Fettahoğlu,Fenerbahçe Spor Kulübü,0.0,Ahmed Kutucu,Galatasaray Spor Kulübü,0.0,Afonso Sousa,Sporting Braga,DEF,0.0
GW 119,3,Extra DEF,0.0,Alaa Bellaarouch,Sporting Braga,0.0,Ahmet Tekke,Trabzonspor Kulübü,0.0,Aiden McCallion,Rangers FC,0.0,Ahmet Bircan,Beşiktaş Jimnastik Kulübü,0.0,Alberto Costa,FC Porto,DEF,0.0
GW 119,4,Extra DEF,0.0,Alexander Schlager,FC Red Bull Salzburg,0.0,Aleksa Terzić,FC Red Bull Salzburg,0.0,Alan Varela,FC Porto,0.0,Alaettin Ekici,Fenerbahçe Spor Kulübü,0.0,Alexander Bah,SL Benfica,DEF,0.0
GW 118,1,Extra DEF,0.0,Adem Ağaoğlu,Trabzonspor Kulübü,0.0,Abdülkerim Bardakcı,Galatasaray Spor Kulübü,0.0,Abdou Fall,Fenerbahçe Spor Kulübü,0.0,Ada Yüzgeç,Galatasaray Spor Kulübü,0.0,Adam Montgomery,Celtic FC,DEF,0.0
GW 118,2,Extra DEF,0.0,Ahmet Yıldırım,Trabzonspor Kulübü,0.0,Adrian Barišić,Sporting Braga,0.0,Adnan Fettahoğlu,Fenerbahçe Spor Kulübü,0.0,Ahmed Kutucu,Galatasaray Spor Kulübü,0.0,Afonso Sousa,Sporting Braga,DEF,0.0
GW 118,3,Extra DEF,0.0,Alaa Bellaarouch,Sporting Braga,0.0,Ahmet Tekke,Trabzonspor Kulübü,0.0,Aiden McCallion,Rangers FC,0.0,Ahmet Bircan,Beşiktaş Jimnastik Kulübü,0.0,Alberto Costa,FC Porto,DEF,0.0
GW 118,4,Extra DEF,0.0,Alexander Schlager,FC Red Bull Salzburg,0.0,Aleksa Terzić,FC Red Bull Salzburg,0.0,Alan Varela,FC Porto,0.0,Alaettin Ekici,Fenerbahçe Spor Kulübü,0.0,Alexander Bah,SL Benfica,DEF,0.0
GW 117,1,Extra DEF,0.0,Adem Ağaoğlu,Trabzonspor Kulübü,0.0,Abdülkerim Bardakcı,Galatasaray Spor Kulübü,0.0,Abdou Fall,Fenerbahçe Spor Kulübü,0.0,Ada Yüzgeç,Galatasaray Spor Kulübü,0.0,Adam Montgomery,Celtic FC,DEF,0.0
GW 117,2,Extra DEF,0.0,Ahmet Yıldırım,Trabzonspor Kulübü,0.0,Adrian Barišić,Sporting Braga,0.0,Adnan Fettahoğlu,Fenerbahçe Spor Kulübü,0.0,Ahmed Kutucu,Galatasaray Spor Kulübü,0.0,Afonso Sousa,Sporting Braga,DEF,0.0
GW 117,3,Extra DEF,0.0,Alaa Bellaarouch,Sporting Braga,0.0,Ahmet Tekke,Trabzonspor Kulübü,0.0,Aiden McCallion,Rangers FC,0.0,Ahmet Bircan,Beşiktaş Jimnastik Kulübü,0.0,Alberto Costa,FC Porto,DEF,0.0
GW 117,4,Extra DEF,0.0,Alexander Schlager,FC Red Bull Salzburg,0.0,Aleksa Terzić,FC Red Bull Salzburg,0.0,Alan Varela,FC Porto,0.0,Alaettin Ekici,Fenerbahçe Spor Kulübü,0.0,Alexander Bah,SL Benfica,DEF,0.0
GW 116,1,Extra DEF,0.0,Adem Ağaoğlu,Trabzonspor Kulübü,0.0,Abdülkerim Bardakcı,Galatasaray Spor Kulübü,0.0,Abdou Fall,Fenerbahçe Spor Kulübü,0.0,Ada Yüzgeç,Galatasaray Spor Kulübü,0.0,Adam Montgomery,Celtic FC,DEF,0.0
GW 116,2,Extra DEF,0.0,Ahmet Yıldırım,Trabzonspor Kulübü,0.0,Adrian Barišić,Sporting Braga,0.0,Adnan Fettahoğlu,Fenerbahçe Spor Kulübü,0.0,Ahmed Kutucu,Galatasaray Spor Kulübü,0.0,Afonso Sousa,Sporting Braga,DEF,0.0
GW 116,3,Extra DEF,0.0,Alaa Bellaarouch,Sporting Braga,0.0,Ahmet Tekke,Trabzonspor Kulübü,0.0,Aiden McCallion,Rangers FC,0.0,Ahmet Bircan,Beşiktaş Jimnastik Kulübü,0.0,Alberto Costa,FC Porto,DEF,0.0
GW 116,4,Extra DEF,0.0,Alexander Schlager,FC Red Bull Salzburg,0.0,Aleksa Terzić,FC Red Bull Salzburg,0.0,Alan Varela,FC Porto,0.0,Alaettin Ekici,Fenerbahçe Spor Kulübü,0.0,Alexander Bah,SL Benfica,DEF,0.0
GW 115,1,Extra DEF,0.0,Adem Ağaoğlu,Trabzonspor Kulübü,0.0,Abdülkerim Bardakcı,Galatasaray Spor Kulübü,0.0,Abdou Fall,Fenerbahçe Spor Kulübü,0.0,Ada Yüzgeç,Galatasaray Spor Kulübü,0.0,Adam Montgomery,Celtic FC,DEF,0.0
GW 115,2,Extra DEF,0.0,Ahmet Yıldırım,Trabzonspor Kulübü,0.0,Adrian Barišić,Sporting Braga,0.0,Adnan Fettahoğlu,Fenerbahçe Spor Kulübü,0.0,Ahmed Kutucu,Galatasaray Spor Kulübü,0.0,Afonso Sousa,Sporting Braga,DEF,0.0
GW 115,3,Extra DEF,0.0,Alaa Bellaarouch,Sporting Braga,0.0,Ahmet Tekke,Trabzonspor Kulübü,0.0,Aiden McCallion,Rangers FC,0.0,Ahmet Bircan,Beşiktaş Jimnastik Kulübü,0.0,Alberto Costa,FC Porto,DEF,0.0
GW 115,4,Extra DEF,0.0,Alexander Schlager,FC Red Bull Salzburg,0.0,Aleksa Terzić,FC Red Bull Salzburg,0.0,Alan Varela,FC Porto,0.0,Alaettin Ekici,Fenerbahçe Spor Kulübü,0.0,Alexander Bah,SL Benfica,DEF,0.0
GW 114,1,Extra DEF,0.0,Adem Ağaoğlu,Trabzonspor Kulübü,0.0,Abdülkerim Bardakcı,Galatasaray Spor Kulübü,0.0,Abdou Fall,Fenerbahçe Spor Kulübü,0.0,Ada Yüzgeç,Galatasaray Spor Kulübü,0.0,Adam Montgomery,Celtic FC,DEF,0.0
GW 114,2,Extra DEF,0.0,Ahmet Yıldırım,Trabzonspor Kulübü,0.0,Adrian Barišić,Sporting Braga,0.0,Adnan Fettahoğlu,Fenerbahçe Spor Kulübü,0.0,Ahmed Kutucu,Galatasaray Spor Kulübü,0.0,Afonso Sousa,Sporting Braga,DEF,0.0
GW 114,3,Extra DEF,0.0,Alaa Bellaarouch,Sporting Braga,0.0,Ahmet Tekke,Trabzonspor Kulübü,0.0,Aiden McCallion,Rangers FC,0.0,Ahmet Bircan,Beşiktaş Jimnastik Kulübü,0.0,Alberto Costa,FC Porto,DEF,0.0
GW 114,4,Extra DEF,0.0,Alexander Schlager,FC Red Bull Salzburg,0.0,Aleksa Terzić,FC Red Bull Salzburg,0.0,Alan Varela,FC Porto,0.0,Alaettin Ekici,Fenerbahçe Spor Kulübü,0.0,Alexander Bah,SL Benfica,DEF,0.0
GW 113,1,Extra DEF,0.0,Adem Ağaoğlu,Trabzonspor Kulübü,0.0,Abdülkerim Bardakcı,Galatasaray Spor Kulübü,0.0,Abdou Fall,Fenerbahçe Spor Kulübü,0.0,Ada Yüzgeç,Galatasaray Spor Kulübü,0.0,Adam Montgomery,Celtic FC,DEF,0.0
GW 113,2,Extra DEF,0.0,Ahmet Yıldırım,Trabzonspor Kulübü,0.0,Adrian Barišić,Sporting Braga,0.0,Adnan Fettahoğlu,Fenerbahçe Spor Kulübü,0.0,Ahmed Kutucu,Galatasaray Spor Kulübü,0.0,Afonso Sousa,Sporting Braga,DEF,0.0
GW 113,3,Extra DEF,0.0,Alaa Bellaarouch,Sporting Braga,0.0,Ahmet Tekke,Trabzonspor Kulübü,0.0,Aiden McCallion,Rangers FC,0.0,Ahmet Bircan,Beşiktaş Jimnastik Kulübü,0.0,Alberto Costa,FC Porto,DEF,0.0
GW 113,4,Extra DEF,0.0,Alexander Schlager,FC Red Bull Salzburg,0.0,Aleksa Terzić,FC Red Bull Salzburg,0.0,Alan Varela,FC Porto,0.0,Alaettin Ekici,Fenerbahçe Spor Kulübü,0.0,Alexander Bah,SL Benfica,DEF,0.0
GW 112,1,Extra DEF,0.0,Adem Ağaoğlu,Trabzonspor Kulübü,0.0,Abdülkerim Bardakcı,Galatasaray Spor Kulübü,0.0,Abdou Fall,Fenerbahçe Spor Kulübü,0.0,Ada Yüzgeç,Galatasaray Spor Kulübü,0.0,Adam Montgomery,Celtic FC,DEF,0.0
GW 112,2,Extra DEF,0.0,Ahmet Yıldırım,Trabzonspor Kulübü,0.0,Adrian Barišić,Sporting Braga,0.0,Adnan Fettahoğlu,Fenerbahçe Spor Kulübü,0.0,Ahmed Kutucu,Galatasaray Spor Kulübü,0.0,Afonso Sousa,Sporting Braga,DEF,0.0
GW 112,3,Extra DEF,0.0,Alaa Bellaarouch,Sporting Braga,0.0,Ahmet Tekke,Trabzonspor Kulübü,0.0,Aiden McCallion,Rangers FC,0.0,Ahmet Bircan,Beşiktaş Jimnastik Kulübü,0.0,Alberto Costa,FC Porto,DEF,0.0
GW 112,4,Extra DEF,0.0,Alexander Schlager,FC Red Bull Salzburg,0.0,Aleksa Terzić,FC Red Bull Salzburg,0.0,Alan Varela,FC Porto,0.0,Alaettin Ekici,Fenerbahçe Spor Kulübü,0.0,Alexander Bah,SL Benfica,DEF,0.0
GW 111,1,Extra DEF,0.0,Adem Ağaoğlu,Trabzonspor Kulübü,0.0,Abdülkerim Bardakcı,Galatasaray Spor Kulübü,0.0,Abdou Fall,Fenerbahçe Spor Kulübü,0.0,Ada Yüzgeç,Galatasaray Spor Kulübü,0.0,Adam Montgomery,Celtic FC,DEF,0.0
GW 111,2,Extra DEF,0.0,Ahmet Yıldırım,Trabzonspor Kulübü,0.0,Adrian Barišić,Sporting Braga,0.0,Adnan Fettahoğlu,Fenerbahçe Spor Kulübü,0.0,Ahmed Kutucu,Galatasaray Spor Kulübü,0.0,Afonso Sousa,Sporting Braga,DEF,0.0
GW 111,3,Extra DEF,0.0,Alaa Bellaarouch,Sporting Braga,0.0,Ahmet Tekke,Trabzonspor Kulübü,0.0,Aiden McCallion,Rangers FC,0.0,Ahmet Bircan,Beşiktaş Jimnastik Kulübü,0.0,Alberto Costa,FC Porto,DEF,0.0
GW 111,4,Extra DEF,0.0,Alexander Schlager,FC Red Bull Salzburg,0.0,Aleksa Terzić,FC Red Bull Salzburg,0.0,Alan Varela,FC Porto,0.0,Alaettin Ekici,Fenerbahçe Spor Kulübü,0.0,Alexander Bah,SL Benfica,DEF,0.0
GW 110,1,Extra DEF,0.0,Adem Ağaoğlu,Trabzonspor Kulübü,0.0,Abdülkerim Bardakcı,Galatasaray Spor Kulübü,0.0,Abdou Fall,Fenerbahçe Spor Kulübü,0.0,Ada Yüzgeç,Galatasaray Spor Kulübü,0.0,Adam Montgomery,Celtic FC,DEF,0.0
GW 110,2,Extra DEF,0.0,Ahmet Yıldırım,Trabzonspor Kulübü,0.0,Adrian Barišić,Sporting Braga,0.0,Adnan Fettahoğlu,Fenerbahçe Spor Kulübü,0.0,Ahmed Kutucu,Galatasaray Spor Kulübü,0.0,Afonso Sousa,Sporting Braga,DEF,0.0
GW 110,3,Extra DEF,0.0,Alaa Bellaarouch,Sporting Braga,0.0,Ahmet Tekke,Trabzonspor Kulübü,0.0,Aiden McCallion,Rangers FC,0.0,Ahmet Bircan,Beşiktaş Jimnastik Kulübü,0.0,Alberto Costa,FC Porto,DEF,0.0
GW 110,4,Extra DEF,0.0,Alexander Schlager,FC Red Bull Salzburg,0.0,Aleksa Terzić,FC Red Bull Salzburg,0.0,Alan Varela,FC Porto,0.0,Alaettin Ekici,Fenerbahçe Spor Kulübü,0.0,Alexander Bah,SL Benfica,DEF,0.0
GW 109,1,Extra DEF,0.0,Adem Ağaoğlu,Trabzonspor Kulübü,0.0,Abdülkerim Bardakcı,Galatasaray Spor Kulübü,0.0,Abdou Fall,Fenerbahçe Spor Kulübü,0.0,Ada Yüzgeç,Galatasaray Spor Kulübü,0.0,Adam Montgomery,Celtic FC,DEF,0.0
GW 109,2,Extra DEF,0.0,Ahmet Yıldırım,Trabzonspor Kulübü,0.0,Adrian Barišić,Sporting Braga,0.0,Adnan Fettahoğlu,Fenerbahçe Spor Kulübü,0.0,Ahmed Kutucu,Galatasaray Spor Kulübü,0.0,Afonso Sousa,Sporting Braga,DEF,0.0
GW 109,3,Extra DEF,0.0,Alaa Bellaarouch,Sporting Braga,0.0,Ahmet Tekke,Trabzonspor Kulübü,0.0,Aiden McCallion,Rangers FC,0.0,Ahmet Bircan,Beşiktaş Jimnastik Kulübü,0.0,Alberto Costa,FC Porto,DEF,0.0
GW 109,4,Extra DEF,0.0,Alexander Schlager,FC Red Bull Salzburg,0.0,Aleksa Terzić,FC Red Bull Salzburg,0.0,Alan Varela,FC Porto,0.0,Alaettin Ekici,Fenerbahçe Spor Kulübü,0.0,Alexander Bah,SL Benfica,DEF,0.0
GW 108,1,Extra DEF,0.0,Adem Ağaoğlu,Trabzonspor Kulübü,0.0,Abdülkerim Bardakcı,Galatasaray Spor Kulübü,0.0,Abdou Fall,Fenerbahçe Spor Kulübü,0.0,Ada Yüzgeç,Galatasaray Spor Kulübü,0.0,Adam Montgomery,Celtic FC,DEF,0.0
GW 108,2,Extra DEF,0.0,Ahmet Yıldırım,Trabzonspor Kulübü,0.0,Adrian Barišić,Sporting Braga,0.0,Adnan Fettahoğlu,Fenerbahçe Spor Kulübü,0.0,Ahmed Kutucu,Galatasaray Spor Kulübü,0.0,Afonso Sousa,Sporting Braga,DEF,0.0
GW 108,3,Extra DEF,0.0,Alaa Bellaarouch,Sporting Braga,0.0,Ahmet Tekke,Trabzonspor Kulübü,0.0,Aiden McCallion,Rangers FC,0.0,Ahmet Bircan,Beşiktaş Jimnastik Kulübü,0.0,Alberto Costa,FC Porto,DEF,0.0
GW 108,4,Extra DEF,0.0,Alexander Schlager,FC Red Bull Salzburg,0.0,Aleksa Terzić,FC Red Bull Salzburg,0.0,Alan Varela,FC Porto,0.0,Alaettin Ekici,Fenerbahçe Spor Kulübü,0.0,Alexander Bah,SL Benfica,DEF,0.0
GW 107,1,Extra DEF,0.0,Adem Ağaoğlu,Trabzonspor Kulübü,0.0,Abdülkerim Bardakcı,Galatasaray Spor Kulübü,0.0,Abdou Fall,Fenerbahçe Spor Kulübü,0.0,Ada Yüzgeç,Galatasaray Spor Kulübü,0.0,Adam Montgomery,Celtic FC,DEF,0.0
GW 107,2,Extra DEF,0.0,Ahmet Yıldırım,Trabzonspor Kulübü,0.0,Adrian Barišić,Sporting Braga,0.0,Adnan Fettahoğlu,Fenerbahçe Spor Kulübü,0.0,Ahmed Kutucu,Galatasaray Spor Kulübü,0.0,Afonso Sousa,Sporting Braga,DEF,0.0
GW 107,3,Extra DEF,0.0,Alaa Bellaarouch,Sporting Braga,0.0,Ahmet Tekke,Trabzonspor Kulübü,0.0,Aiden McCallion,Rangers FC,0.0,Ahmet Bircan,Beşiktaş Jimnastik Kulübü,0.0,Alberto Costa,FC Porto,DEF,0.0
GW 107,4,Extra DEF,0.0,Alexander Schlager,FC Red Bull Salzburg,0.0,Aleksa Terzić,FC Red Bull Salzburg,0.0,Alan Varela,FC Porto,0.0,Alaettin Ekici,Fenerbahçe Spor Kulübü,0.0,Alexander Bah,SL Benfica,DEF,0.0
GW 106,1,Extra DEF,0.0,Adem Ağaoğlu,Trabzonspor Kulübü,0.0,Abdülkerim Bardakcı,Galatasaray Spor Kulübü,0.0,Abdou Fall,Fenerbahçe Spor Kulübü,0.0,Ada Yüzgeç,Galatasaray Spor Kulübü,0.0,Adam Montgomery,Celtic FC,DEF,0.0
GW 106,2,Extra DEF,0.0,Ahmet Yıldırım,Trabzonspor Kulübü,0.0,Adrian Barišić,Sporting Braga,0.0,Adnan Fettahoğlu,Fenerbahçe Spor Kulübü,0.0,Ahmed Kutucu,Galatasaray Spor Kulübü,0.0,Afonso Sousa,Sporting Braga,DEF,0.0
GW 106,3,Extra DEF,0.0,Alaa Bellaarouch,Sporting Braga,0.0,Ahmet Tekke,Trabzonspor Kulübü,0.0,Aiden McCallion,Rangers FC,0.0,Ahmet Bircan,Beşiktaş Jimnastik Kulübü,0.0,Alberto Costa,FC Porto,DEF,0.0
GW 106,4,Extra DEF,0.0,Alexander Schlager,FC Red Bull Salzburg,0.0,Aleksa Terzić,FC Red Bull Salzburg,0.0,Alan Varela,FC Porto,0.0,Alaettin Ekici,Fenerbahçe Spor Kulübü,0.0,Alexander Bah,SL Benfica,DEF,0.0
GW 105,1,Extra DEF,0.0,Adem Ağaoğlu,Trabzonspor Kulübü,0.0,Abdülkerim Bardakcı,Galatasaray Spor Kulübü,0.0,Abdou Fall,Fenerbahçe Spor Kulübü,0.0,Ada Yüzgeç,Galatasaray Spor Kulübü,0.0,Adam Montgomery,Celtic FC,DEF,0.0
GW 105,2,Extra DEF,0.0,Ahmet Yıldırım,Trabzonspor Kulübü,0.0,Adrian Barišić,Sporting Braga,0.0,Adnan Fettahoğlu,Fenerbahçe Spor Kulübü,0.0,Ahmed Kutucu,Galatasaray Spor Kulübü,0.0,Afonso Sousa,Sporting Braga,DEF,0.0
GW 105,3,Extra DEF,0.0,Alaa Bellaarouch,Sporting Braga,0.0,Ahmet Tekke,Trabzonspor Kulübü,0.0,Aiden McCallion,Rangers FC,0.0,Ahmet Bircan,Beşiktaş Jimnastik Kulübü,0.0,Alberto Costa,FC Porto,DEF,0.0
GW 105,4,Extra DEF,0.0,Alexander Schlager,FC Red Bull Salzburg,0.0,Aleksa Terzić,FC Red Bull Salzburg,0.0,Alan Varela,FC Porto,0.0,Alaettin Ekici,Fenerbahçe Spor Kulübü,0.0,Alexander Bah,SL Benfica,DEF,0.0
GW 104,1,Extra DEF,0.0,Adem Ağaoğlu,Trabzonspor Kulübü,0.0,Abdülkerim Bardakcı,Galatasaray Spor Kulübü,0.0,Abdou Fall,Fenerbahçe Spor Kulübü,0.0,Ada Yüzgeç,Galatasaray Spor Kulübü,0.0,Adam Montgomery,Celtic FC,DEF,0.0
GW 104,2,Extra DEF,0.0,Ahmet Yıldırım,Trabzonspor Kulübü,0.0,Adrian Barišić,Sporting Braga,0.0,Adnan Fettahoğlu,Fenerbahçe Spor Kulübü,0.0,Ahmed Kutucu,Galatasaray Spor Kulübü,0.0,Afonso Sousa,Sporting Braga,DEF,0.0
GW 104,3,Extra DEF,0.0,Alaa Bellaarouch,Sporting Braga,0.0,Ahmet Tekke,Trabzonspor Kulübü,0.0,Aiden McCallion,Rangers FC,0.0,Ahmet Bircan,Beşiktaş Jimnastik Kulübü,0.0,Alberto Costa,FC Porto,DEF,0.0
GW 104,4,Extra DEF,0.0,Alexander Schlager,FC Red Bull Salzburg,0.0,Aleksa Terzić,FC Red Bull Salzburg,0.0,Alan Varela,FC Porto,0.0,Alaettin Ekici,Fenerbahçe Spor Kulübü,0.0,Alexander Bah,SL Benfica,DEF,0.0
GW 103,1,Extra DEF,0.0,Adem Ağaoğlu,Trabzonspor Kulübü,0.0,Abdülkerim Bardakcı,Galatasaray Spor Kulübü,0.0,Abdou Fall,Fenerbahçe Spor Kulübü,0.0,Ada Yüzgeç,Galatasaray Spor Kulübü,0.0,Adam Montgomery,Celtic FC,DEF,0.0
GW 103,2,Extra DEF,0.0,Ahmet Yıldırım,Trabzonspor Kulübü,0.0,Adrian Barišić,Sporting Braga,0.0,Adnan Fettahoğlu,Fenerbahçe Spor Kulübü,0.0,Ahmed Kutucu,Galatasaray Spor Kulübü,0.0,Afonso Sousa,Sporting Braga,DEF,0.0
GW 103,3,Extra DEF,0.0,Alaa Bellaarouch,Sporting Braga,0.0,Ahmet Tekke,Trabzonspor Kulübü,0.0,Aiden McCallion,Rangers FC,0.0,Ahmet Bircan,Beşiktaş Jimnastik Kulübü,0.0,Alberto Costa,FC Porto,DEF,0.0
GW 103,4,Extra DEF,0.0,Alexander Schlager,FC Red Bull Salzburg,0.0,Aleksa Terzić,FC Red Bull Salzburg,0.0,Alan Varela,FC Porto,0.0,Alaettin Ekici,Fenerbahçe Spor Kulübü,0.0,Alexander Bah,SL Benfica,DEF,0.0
GW 102,1,Extra DEF,0.0,Adem Ağaoğlu,Trabzonspor Kulübü,0.0,Abdülkerim Bardakcı,Galatasaray Spor Kulübü,0.0,Abdou Fall,Fenerbahçe Spor Kulübü,0.0,Ada Yüzgeç,Galatasaray Spor Kulübü,0.0,Adam Montgomery,Celtic FC,DEF,0.0
GW 102,2,Extra DEF,0.0,Ahmet Yıldırım,Trabzonspor Kulübü,0.0,Adrian Barišić,Sporting Braga,0.0,Adnan Fettahoğlu,Fenerbahçe Spor Kulübü,0.0,Ahmed Kutucu,Galatasaray Spor Kulübü,0.0,Afonso Sousa,Sporting Braga,DEF,0.0
GW 102,3,Extra DEF,0.0,Alaa Bellaarouch,Sporting Braga,0.0,Ahmet Tekke,Trabzonspor Kulübü,0.0,Aiden McCallion,Rangers FC,0.0,Ahmet Bircan,Beşiktaş Jimnastik Kulübü,0.0,Alberto Costa,FC Porto,DEF,0.0
GW 102,4,Extra DEF,0.0,Alexander Schlager,FC Red Bull Salzburg,0.0,Aleksa Terzić,FC Red Bull Salzburg,0.0,Alan Varela,FC Porto,0.0,Alaettin Ekici,Fenerbahçe Spor Kulübü,0.0,Alexander Bah,SL Benfica,DEF,0.0
GW 101,1,Extra DEF,0.0,Adem Ağaoğlu,Trabzonspor Kulübü,0.0,Abdülkerim Bardakcı,Galatasaray Spor Kulübü,0.0,Abdou Fall,Fenerbahçe Spor Kulübü,0.0,Ada Yüzgeç,Galatasaray Spor Kulübü,0.0,Adam Montgomery,Celtic FC,DEF,0.0
GW 101,2,Extra DEF,0.0,Ahmet Yıldırım,Trabzonspor Kulübü,0.0,Adrian Barišić,Sporting Braga,0.0,Adnan Fettahoğlu,Fenerbahçe Spor Kulübü,0.0,Ahmed Kutucu,Galatasaray Spor Kulübü,0.0,Afonso Sousa,Sporting Braga,DEF,0.0
GW 101,3,Extra DEF,0.0,Alaa Bellaarouch,Sporting Braga,0.0,Ahmet Tekke,Trabzonspor Kulübü,0.0,Aiden McCallion,Rangers FC,0.0,Ahmet Bircan,Beşiktaş Jimnastik Kulübü,0.0,Alberto Costa,FC Porto,DEF,0.0
GW 101,4,Extra DEF,0.0,Alexander Schlager,FC Red Bull Salzburg,0.0,Aleksa Terzić,FC Red Bull Salzburg,0.0,Alan Varela,FC Porto,0.0,Alaettin Ekici,Fenerbahçe Spor Kulübü,0.0,Alexander Bah,SL Benfica,DEF,0.0
GW 100,1,Extra DEF,0.0,Adem Ağaoğlu,Trabzonspor Kulübü,0.0,Abdülkerim Bardakcı,Galatasaray Spor Kulübü,0.0,Abdou Fall,Fenerbahçe Spor Kulübü,0.0,Ada Yüzgeç,Galatasaray Spor Kulübü,0.0,Adam Montgomery,Celtic FC,DEF,0.0
GW 100,2,Extra DEF,0.0,Ahmet Yıldırım,Trabzonspor Kulübü,0.0,Adrian Barišić,Sporting Braga,0.0,Adnan Fettahoğlu,Fenerbahçe Spor Kulübü,0.0,Ahmed Kutucu,Galatasaray Spor Kulübü,0.0,Afonso Sousa,Sporting Braga,DEF,0.0
GW 100,3,Extra DEF,0.0,Alaa Bellaarouch,Sporting Braga,0.0,Ahmet Tekke,Trabzonspor Kulübü,0.0,Aiden McCallion,Rangers FC,0.0,Ahmet Bircan,Beşiktaş Jimnastik Kulübü,0.0,Alberto Costa,FC Porto,DEF,0.0
GW 100,4,Extra DEF,0.0,Alexander Schlager,FC Red Bull Salzburg,0.0,Aleksa Terzić,FC Red Bull Salzburg,0.0,Alan Varela,FC Porto,0.0,Alaettin Ekici,Fenerbahçe Spor Kulübü,0.0,Alexander Bah,SL Benfica,DEF,0.0
GW 99,1,Extra DEF,0.0,Adem Ağaoğlu,Trabzonspor Kulübü,0.0,Abdülkerim Bardakcı,Galatasaray Spor Kulübü,0.0,Abdou Fall,Fenerbahçe Spor Kulübü,0.0,Ada Yüzgeç,Galatasaray Spor Kulübü,0.0,Adam Montgomery,Celtic FC,DEF,0.0
GW 99,2,Extra DEF,0.0,Ahmet Yıldırım,Trabzonspor Kulübü,0.0,Adrian Barišić,Sporting Braga,0.0,Adnan Fettahoğlu,Fenerbahçe Spor Kulübü,0.0,Ahmed Kutucu,Galatasaray Spor Kulübü,0.0,Afonso Sousa,Sporting Braga,DEF,0.0
GW 99,3,Extra DEF,0.0,Alaa Bellaarouch,Sporting Braga,0.0,Ahmet Tekke,Trabzonspor Kulübü,0.0,Aiden McCallion,Rangers FC,0.0,Ahmet Bircan,Beşiktaş Jimnastik Kulübü,0.0,Alberto Costa,FC Porto,DEF,0.0
GW 99,4,Extra DEF,0.0,Alexander Schlager,FC Red Bull Salzburg,0.0,Aleksa Terzić,FC Red Bull Salzburg,0.0,Alan Varela,FC Porto,0.0,Alaettin Ekici,Fenerbahçe Spor Kulübü,0.0,Alexander Bah,SL Benfica,DEF,0.0
GW 98,1,Extra DEF,0.0,Adem Ağaoğlu,Trabzonspor Kulübü,0.0,Abdülkerim Bardakcı,Galatasaray Spor Kulübü,0.0,Abdou Fall,Fenerbahçe Spor Kulübü,0.0,Ada Yüzgeç,Galatasaray Spor Kulübü,0.0,Adam Montgomery,Celtic FC,DEF,0.0
GW 98,2,Extra DEF,0.0,Ahmet Yıldırım,Trabzonspor Kulübü,0.0,Adrian Barišić,Sporting Braga,0.0,Adnan Fettahoğlu,Fenerbahçe Spor Kulübü,0.0,Ahmed Kutucu,Galatasaray Spor Kulübü,0.0,Afonso Sousa,Sporting Braga,DEF,0.0
GW 98,3,Extra DEF,0.0,Alaa Bellaarouch,Sporting Braga,0.0,Ahmet Tekke,Trabzonspor Kulübü,0.0,Aiden McCallion,Rangers FC,0.0,Ahmet Bircan,Beşiktaş Jimnastik Kulübü,0.0,Alberto Costa,FC Porto,DEF,0.0
GW 98,4,Extra DEF,0.0,Alexander Schlager,FC Red Bull Salzburg,0.0,Aleksa Terzić,FC Red Bull Salzburg,0.0,Alan Varela,FC Porto,0.0,Alaettin Ekici,Fenerbahçe Spor Kulübü,0.0,Alexander Bah,SL Benfica,DEF,0.0
GW 97,1,Extra DEF,0.0,Adem Ağaoğlu,Trabzonspor Kulübü,0.0,Abdülkerim Bardakcı,Galatasaray Spor Kulübü,0.0,Abdou Fall,Fenerbahçe Spor Kulübü,0.0,Ada Yüzgeç,Galatasaray Spor Kulübü,0.0,Adam Montgomery,Celtic FC,DEF,0.0
GW 97,2,Extra DEF,0.0,Ahmet Yıldırım,Trabzonspor Kulübü,0.0,Adrian Barišić,Sporting Braga,0.0,Adnan Fettahoğlu,Fenerbahçe Spor Kulübü,0.0,Ahmed Kutucu,Galatasaray Spor Kulübü,0.0,Afonso Sousa,Sporting Braga,DEF,0.0
GW 97,3,Extra DEF,0.0,Alaa Bellaarouch,Sporting Braga,0.0,Ahmet Tekke,Trabzonspor Kulübü,0.0,Aiden McCallion,Rangers FC,0.0,Ahmet Bircan,Beşiktaş Jimnastik Kulübü,0.0,Alberto Costa,FC Porto,DEF,0.0
GW 97,4,Extra DEF,0.0,Alexander Schlager,FC Red Bull Salzburg,0.0,Aleksa Terzić,FC Red Bull Salzburg,0.0,Alan Varela,FC Porto,0.0,Alaettin Ekici,Fenerbahçe Spor Kulübü,0.0,Alexander Bah,SL Benfica,DEF,0.0
GW 96,1,Extra DEF,0.0,Adem Ağaoğlu,Trabzonspor Kulübü,0.0,Abdülkerim Bardakcı,Galatasaray Spor Kulübü,0.0,Abdou Fall,Fenerbahçe Spor Kulübü,0.0,Ada Yüzgeç,Galatasaray Spor Kulübü,0.0,Adam Montgomery,Celtic FC,DEF,0.0
GW 96,2,Extra DEF,0.0,Ahmet Yıldırım,Trabzonspor Kulübü,0.0,Adrian Barišić,Sporting Braga,0.0,Adnan Fettahoğlu,Fenerbahçe Spor Kulübü,0.0,Ahmed Kutucu,Galatasaray Spor Kulübü,0.0,Afonso Sousa,Sporting Braga,DEF,0.0
GW 96,3,Extra DEF,0.0,Alaa Bellaarouch,Sporting Braga,0.0,Ahmet Tekke,Trabzonspor Kulübü,0.0,Aiden McCallion,Rangers FC,0.0,Ahmet Bircan,Beşiktaş Jimnastik Kulübü,0.0,Alberto Costa,FC Porto,DEF,0.0
GW 96,4,Extra DEF,0.0,Alexander Schlager,FC Red Bull Salzburg,0.0,Aleksa Terzić,FC Red Bull Salzburg,0.0,Alan Varela,FC Porto,0.0,Alaettin Ekici,Fenerbahçe Spor Kulübü,0.0,Alexander Bah,SL Benfica,DEF,0.0
GW 95,1,Extra DEF,0.0,Adem Ağaoğlu,Trabzonspor Kulübü,0.0,Abdülkerim Bardakcı,Galatasaray Spor Kulübü,0.0,Abdou Fall,Fenerbahçe Spor Kulübü,0.0,Ada Yüzgeç,Galatasaray Spor Kulübü,0.0,Adam Montgomery,Celtic FC,DEF,0.0
GW 95,2,Extra DEF,0.0,Ahmet Yıldırım,Trabzonspor Kulübü,0.0,Adrian Barišić,Sporting Braga,0.0,Adnan Fettahoğlu,Fenerbahçe Spor Kulübü,0.0,Ahmed Kutucu,Galatasaray Spor Kulübü,0.0,Afonso Sousa,Sporting Braga,DEF,0.0
GW 95,3,Extra DEF,0.0,Alaa Bellaarouch,Sporting Braga,0.0,Ahmet Tekke,Trabzonspor Kulübü,0.0,Aiden McCallion,Rangers FC,0.0,Ahmet Bircan,Beşiktaş Jimnastik Kulübü,0.0,Alberto Costa,FC Porto,DEF,0.0
GW 95,4,Extra DEF,0.0,Alexander Schlager,FC Red Bull Salzburg,0.0,Aleksa Terzić,FC Red Bull Salzburg,0.0,Alan Varela,FC Porto,0.0,Alaettin Ekici,Fenerbahçe Spor Kulübü,0.0,Alexander Bah,SL Benfica,DEF,0.0
GW 94,1,Extra DEF,0.0,Adem Ağaoğlu,Trabzonspor Kulübü,0.0,Abdülkerim Bardakcı,Galatasaray Spor Kulübü,0.0,Abdou Fall,Fenerbahçe Spor Kulübü,0.0,Ada Yüzgeç,Galatasaray Spor Kulübü,0.0,Adam Montgomery,Celtic FC,DEF,0.0
GW 94,2,Extra DEF,0.0,Ahmet Yıldırım,Trabzonspor Kulübü,0.0,Adrian Barišić,Sporting Braga,0.0,Adnan Fettahoğlu,Fenerbahçe Spor Kulübü,0.0,Ahmed Kutucu,Galatasaray Spor Kulübü,0.0,Afonso Sousa,Sporting Braga,DEF,0.0
GW 94,3,Extra DEF,0.0,Alaa Bellaarouch,Sporting Braga,0.0,Ahmet Tekke,Trabzonspor Kulübü,0.0,Aiden McCallion,Rangers FC,0.0,Ahmet Bircan,Beşiktaş Jimnastik Kulübü,0.0,Alberto Costa,FC Porto,DEF,0.0
GW 94,4,Extra DEF,0.0,Alexander Schlager,FC Red Bull Salzburg,0.0,Aleksa Terzić,FC Red Bull Salzburg,0.0,Alan Varela,FC Porto,0.0,Alaettin Ekici,Fenerbahçe Spor Kulübü,0.0,Alexander Bah,SL Benfica,DEF,0.0
GW 93,1,Extra DEF,0.0,Adem Ağaoğlu,Trabzonspor Kulübü,0.0,Abdülkerim Bardakcı,Galatasaray Spor Kulübü,0.0,Abdou Fall,Fenerbahçe Spor Kulübü,0.0,Ada Yüzgeç,Galatasaray Spor Kulübü,0.0,Adam Montgomery,Celtic FC,DEF,0.0
GW 93,2,Extra DEF,0.0,Ahmet Yıldırım,Trabzonspor Kulübü,0.0,Adrian Barišić,Sporting Braga,0.0,Adnan Fettahoğlu,Fenerbahçe Spor Kulübü,0.0,Ahmed Kutucu,Galatasaray Spor Kulübü,0.0,Afonso Sousa,Sporting Braga,DEF,0.0
GW 93,3,Extra DEF,0.0,Alaa Bellaarouch,Sporting Braga,0.0,Ahmet Tekke,Trabzonspor Kulübü,0.0,Aiden McCallion,Rangers FC,0.0,Ahmet Bircan,Beşiktaş Jimnastik Kulübü,0.0,Alberto Costa,FC Porto,DEF,0.0
GW 93,4,Extra DEF,0.0,Alexander Schlager,FC Red Bull Salzburg,0.0,Aleksa Terzić,FC Red Bull Salzburg,0.0,Alan Varela,FC Porto,0.0,Alaettin Ekici,Fenerbahçe Spor Kulübü,0.0,Alexander Bah,SL Benfica,DEF,0.0
GW 92,1,Extra DEF,0.0,Adem Ağaoğlu,Trabzonspor Kulübü,0.0,Abdülkerim Bardakcı,Galatasaray Spor Kulübü,0.0,Abdou Fall,Fenerbahçe Spor Kulübü,0.0,Ada Yüzgeç,Galatasaray Spor Kulübü,0.0,Adam Montgomery,Celtic FC,DEF,0.0
GW 92,2,Extra DEF,0.0,Ahmet Yıldırım,Trabzonspor Kulübü,0.0,Adrian Barišić,Sporting Braga,0.0,Adnan Fettahoğlu,Fenerbahçe Spor Kulübü,0.0,Ahmed Kutucu,Galatasaray Spor Kulübü,0.0,Afonso Sousa,Sporting Braga,DEF,0.0
GW 92,3,Extra DEF,0.0,Alaa Bellaarouch,Sporting Braga,0.0,Ahmet Tekke,Trabzonspor Kulübü,0.0,Aiden McCallion,Rangers FC,0.0,Ahmet Bircan,Beşiktaş Jimnastik Kulübü,0.0,Alberto Costa,FC Porto,DEF,0.0
GW 92,4,Extra DEF,0.0,Alexander Schlager,FC Red Bull Salzburg,0.0,Aleksa Terzić,FC Red Bull Salzburg,0.0,Alan Varela,FC Porto,0.0,Alaettin Ekici,Fenerbahçe Spor Kulübü,0.0,Alexander Bah,SL Benfica,DEF,0.0
GW 91,1,Extra DEF,0.0,Adem Ağaoğlu,Trabzonspor Kulübü,0.0,Abdülkerim Bardakcı,Galatasaray Spor Kulübü,0.0,Abdou Fall,Fenerbahçe Spor Kulübü,0.0,Ada Yüzgeç,Galatasaray Spor Kulübü,0.0,Adam Montgomery,Celtic FC,DEF,0.0
GW 91,2,Extra DEF,0.0,Ahmet Yıldırım,Trabzonspor Kulübü,0.0,Adrian Barišić,Sporting Braga,0.0,Adnan Fettahoğlu,Fenerbahçe Spor Kulübü,0.0,Ahmed Kutucu,Galatasaray Spor Kulübü,0.0,Afonso Sousa,Sporting Braga,DEF,0.0
GW 91,3,Extra DEF,0.0,Alaa Bellaarouch,Sporting Braga,0.0,Ahmet Tekke,Trabzonspor Kulübü,0.0,Aiden McCallion,Rangers FC,0.0,Ahmet Bircan,Beşiktaş Jimnastik Kulübü,0.0,Alberto Costa,FC Porto,DEF,0.0
GW 91,4,Extra DEF,0.0,Alexander Schlager,FC Red Bull Salzburg,0.0,Aleksa Terzić,FC Red Bull Salzburg,0.0,Alan Varela,FC Porto,0.0,Alaettin Ekici,Fenerbahçe Spor Kulübü,0.0,Alexander Bah,SL Benfica,DEF,0.0
GW 90,1,Extra DEF,0.0,Adem Ağaoğlu,Trabzonspor Kulübü,0.0,Abdülkerim Bardakcı,Galatasaray Spor Kulübü,0.0,Abdou Fall,Fenerbahçe Spor Kulübü,0.0,Ada Yüzgeç,Galatasaray Spor Kulübü,0.0,Adam Montgomery,Celtic FC,DEF,0.0
GW 90,2,Extra DEF,0.0,Ahmet Yıldırım,Trabzonspor Kulübü,0.0,Adrian Barišić,Sporting Braga,0.0,Adnan Fettahoğlu,Fenerbahçe Spor Kulübü,0.0,Ahmed Kutucu,Galatasaray Spor Kulübü,0.0,Afonso Sousa,Sporting Braga,DEF,0.0
GW 90,3,Extra DEF,0.0,Alaa Bellaarouch,Sporting Braga,0.0,Ahmet Tekke,Trabzonspor Kulübü,0.0,Aiden McCallion,Rangers FC,0.0,Ahmet Bircan,Beşiktaş Jimnastik Kulübü,0.0,Alberto Costa,FC Porto,DEF,0.0
GW 90,4,Extra DEF,0.0,Alexander Schlager,FC Red Bull Salzburg,0.0,Aleksa Terzić,FC Red Bull Salzburg,0.0,Alan Varela,FC Porto,0.0,Alaettin Ekici,Fenerbahçe Spor Kulübü,0.0,Alexander Bah,SL Benfica,DEF,0.0
GW 89,1,Extra DEF,0.0,Adem Ağaoğlu,Trabzonspor Kulübü,0.0,Abdülkerim Bardakcı,Galatasaray Spor Kulübü,0.0,Abdou Fall,Fenerbahçe Spor Kulübü,0.0,Ada Yüzgeç,Galatasaray Spor Kulübü,0.0,Adam Montgomery,Celtic FC,DEF,0.0
GW 89,2,Extra DEF,0.0,Ahmet Yıldırım,Trabzonspor Kulübü,0.0,Adrian Barišić,Sporting Braga,0.0,Adnan Fettahoğlu,Fenerbahçe Spor Kulübü,0.0,Ahmed Kutucu,Galatasaray Spor Kulübü,0.0,Afonso Sousa,Sporting Braga,DEF,0.0
GW 89,3,Extra DEF,0.0,Alaa Bellaarouch,Sporting Braga,0.0,Ahmet Tekke,Trabzonspor Kulübü,0.0,Aiden McCallion,Rangers FC,0.0,Ahmet Bircan,Beşiktaş Jimnastik Kulübü,0.0,Alberto Costa,FC Porto,DEF,0.0
GW 89,4,Extra DEF,0.0,Alexander Schlager,FC Red Bull Salzburg,0.0,Aleksa Terzić,FC Red Bull Salzburg,0.0,Alan Varela,FC Porto,0.0,Alaettin Ekici,Fenerbahçe Spor Kulübü,0.0,Alexander Bah,SL Benfica,DEF,0.0
GW 88,1,Extra DEF,0.0,Adem Ağaoğlu,Trabzonspor Kulübü,0.0,Abdülkerim Bardakcı,Galatasaray Spor Kulübü,0.0,Abdou Fall,Fenerbahçe Spor Kulübü,0.0,Ada Yüzgeç,Galatasaray Spor Kulübü,0.0,Adam Montgomery,Celtic FC,DEF,0.0
GW 88,2,Extra DEF,0.0,Ahmet Yıldırım,Trabzonspor Kulübü,0.0,Adrian Barišić,Sporting Braga,0.0,Adnan Fettahoğlu,Fenerbahçe Spor Kulübü,0.0,Ahmed Kutucu,Galatasaray Spor Kulübü,0.0,Afonso Sousa,Sporting Braga,DEF,0.0
GW 88,3,Extra DEF,0.0,Alaa Bellaarouch,Sporting Braga,0.0,Ahmet Tekke,Trabzonspor Kulübü,0.0,Aiden McCallion,Rangers FC,0.0,Ahmet Bircan,Beşiktaş Jimnastik Kulübü,0.0,Alberto Costa,FC Porto,DEF,0.0
GW 88,4,Extra DEF,0.0,Alexander Schlager,FC Red Bull Salzburg,0.0,Aleksa Terzić,FC Red Bull Salzburg,0.0,Alan Varela,FC Porto,0.0,Alaettin Ekici,Fenerbahçe Spor Kulübü,0.0,Alexander Bah,SL Benfica,DEF,0.0
GW 87,1,Extra DEF,0.0,Adem Ağaoğlu,Trabzonspor Kulübü,0.0,Abdülkerim Bardakcı,Galatasaray Spor Kulübü,0.0,Abdou Fall,Fenerbahçe Spor Kulübü,0.0,Ada Yüzgeç,Galatasaray Spor Kulübü,0.0,Adam Montgomery,Celtic FC,DEF,0.0
GW 87,2,Extra DEF,0.0,Ahmet Yıldırım,Trabzonspor Kulübü,0.0,Adrian Barišić,Sporting Braga,0.0,Adnan Fettahoğlu,Fenerbahçe Spor Kulübü,0.0,Ahmed Kutucu,Galatasaray Spor Kulübü,0.0,Afonso Sousa,Sporting Braga,DEF,0.0
GW 87,3,Extra DEF,0.0,Alaa Bellaarouch,Sporting Braga,0.0,Ahmet Tekke,Trabzonspor Kulübü,0.0,Aiden McCallion,Rangers FC,0.0,Ahmet Bircan,Beşiktaş Jimnastik Kulübü,0.0,Alberto Costa,FC Porto,DEF,0.0
GW 87,4,Extra DEF,0.0,Alexander Schlager,FC Red Bull Salzburg,0.0,Aleksa Terzić,FC Red Bull Salzburg,0.0,Alan Varela,FC Porto,0.0,Alaettin Ekici,Fenerbahçe Spor Kulübü,0.0,Alexander Bah,SL Benfica,DEF,0.0
GW 86,1,Extra DEF,0.0,Adem Ağaoğlu,Trabzonspor Kulübü,0.0,Abdülkerim Bardakcı,Galatasaray Spor Kulübü,0.0,Abdou Fall,Fenerbahçe Spor Kulübü,0.0,Ada Yüzgeç,Galatasaray Spor Kulübü,0.0,Adam Montgomery,Celtic FC,DEF,0.0
GW 86,2,Extra DEF,0.0,Ahmet Yıldırım,Trabzonspor Kulübü,0.0,Adrian Barišić,Sporting Braga,0.0,Adnan Fettahoğlu,Fenerbahçe Spor Kulübü,0.0,Ahmed Kutucu,Galatasaray Spor Kulübü,0.0,Afonso Sousa,Sporting Braga,DEF,0.0
GW 86,3,Extra DEF,0.0,Alaa Bellaarouch,Sporting Braga,0.0,Ahmet Tekke,Trabzonspor Kulübü,0.0,Aiden McCallion,Rangers FC,0.0,Ahmet Bircan,Beşiktaş Jimnastik Kulübü,0.0,Alberto Costa,FC Porto,DEF,0.0
GW 86,4,Extra DEF,0.0,Alexander Schlager,FC Red Bull Salzburg,0.0,Aleksa Terzić,FC Red Bull Salzburg,0.0,Alan Varela,FC Porto,0.0,Alaettin Ekici,Fenerbahçe Spor Kulübü,0.0,Alexander Bah,SL Benfica,DEF,0.0
GW 85,1,Extra DEF,0.0,Adem Ağaoğlu,Trabzonspor Kulübü,0.0,Abdülkerim Bardakcı,Galatasaray Spor Kulübü,0.0,Abdou Fall,Fenerbahçe Spor Kulübü,0.0,Ada Yüzgeç,Galatasaray Spor Kulübü,0.0,Adam Montgomery,Celtic FC,DEF,0.0
GW 85,2,Extra DEF,0.0,Ahmet Yıldırım,Trabzonspor Kulübü,0.0,Adrian Barišić,Sporting Braga,0.0,Adnan Fettahoğlu,Fenerbahçe Spor Kulübü,0.0,Ahmed Kutucu,Galatasaray Spor Kulübü,0.0,Afonso Sousa,Sporting Braga,DEF,0.0
GW 85,3,Extra DEF,0.0,Alaa Bellaarouch,Sporting Braga,0.0,Ahmet Tekke,Trabzonspor Kulübü,0.0,Aiden McCallion,Rangers FC,0.0,Ahmet Bircan,Beşiktaş Jimnastik Kulübü,0.0,Alberto Costa,FC Porto,DEF,0.0
GW 85,4,Extra DEF,0.0,Alexander Schlager,FC Red Bull Salzburg,0.0,Aleksa Terzić,FC Red Bull Salzburg,0.0,Alan Varela,FC Porto,0.0,Alaettin Ekici,Fenerbahçe Spor Kulübü,0.0,Alexander Bah,SL Benfica,DEF,0.0
GW 84,1,Extra DEF,0.0,Adem Ağaoğlu,Trabzonspor Kulübü,0.0,Abdülkerim Bardakcı,Galatasaray Spor Kulübü,0.0,Abdou Fall,Fenerbahçe Spor Kulübü,0.0,Ada Yüzgeç,Galatasaray Spor Kulübü,0.0,Adam Montgomery,Celtic FC,DEF,0.0
GW 84,2,Extra DEF,0.0,Ahmet Yıldırım,Trabzonspor Kulübü,0.0,Adrian Barišić,Sporting Braga,0.0,Adnan Fettahoğlu,Fenerbahçe Spor Kulübü,0.0,Ahmed Kutucu,Galatasaray Spor Kulübü,0.0,Afonso Sousa,Sporting Braga,DEF,0.0
GW 84,3,Extra DEF,0.0,Alaa Bellaarouch,Sporting Braga,0.0,Ahmet Tekke,Trabzonspor Kulübü,0.0,Aiden McCallion,Rangers FC,0.0,Ahmet Bircan,Beşiktaş Jimnastik Kulübü,0.0,Alberto Costa,FC Porto,DEF,0.0
GW 84,4,Extra DEF,0.0,Alexander Schlager,FC Red Bull Salzburg,0.0,Aleksa Terzić,FC Red Bull Salzburg,0.0,Alan Varela,FC Porto,0.0,Alaettin Ekici,Fenerbahçe Spor Kulübü,0.0,Alexander Bah,SL Benfica,DEF,0.0
GW 83,1,Extra DEF,0.0,Adem Ağaoğlu,Trabzonspor Kulübü,0.0,Abdülkerim Bardakcı,Galatasaray Spor Kulübü,0.0,Abdou Fall,Fenerbahçe Spor Kulübü,0.0,Ada Yüzgeç,Galatasaray Spor Kulübü,0.0,Adam Montgomery,Celtic FC,DEF,0.0
GW 83,2,Extra DEF,0.0,Ahmet Yıldırım,Trabzonspor Kulübü,0.0,Adrian Barišić,Sporting Braga,0.0,Adnan Fettahoğlu,Fenerbahçe Spor Kulübü,0.0,Ahmed Kutucu,Galatasaray Spor Kulübü,0.0,Afonso Sousa,Sporting Braga,DEF,0.0
GW 83,3,Extra DEF,0.0,Alaa Bellaarouch,Sporting Braga,0.0,Ahmet Tekke,Trabzonspor Kulübü,0.0,Aiden McCallion,Rangers FC,0.0,Ahmet Bircan,Beşiktaş Jimnastik Kulübü,0.0,Alberto Costa,FC Porto,DEF,0.0
GW 83,4,Extra DEF,0.0,Alexander Schlager,FC Red Bull Salzburg,0.0,Aleksa Terzić,FC Red Bull Salzburg,0.0,Alan Varela,FC Porto,0.0,Alaettin Ekici,Fenerbahçe Spor Kulübü,0.0,Alexander Bah,SL Benfica,DEF,0.0
GW 82,1,Extra DEF,0.0,Adem Ağaoğlu,Trabzonspor Kulübü,0.0,Abdülkerim Bardakcı,Galatasaray Spor Kulübü,0.0,Abdou Fall,Fenerbahçe Spor Kulübü,0.0,Ada Yüzgeç,Galatasaray Spor Kulübü,0.0,Adam Montgomery,Celtic FC,DEF,0.0
GW 82,2,Extra DEF,0.0,Ahmet Yıldırım,Trabzonspor Kulübü,0.0,Adrian Barišić,Sporting Braga,0.0,Adnan Fettahoğlu,Fenerbahçe Spor Kulübü,0.0,Ahmed Kutucu,Galatasaray Spor Kulübü,0.0,Afonso Sousa,Sporting Braga,DEF,0.0
GW 82,3,Extra DEF,0.0,Alaa Bellaarouch,Sporting Braga,0.0,Ahmet Tekke,Trabzonspor Kulübü,0.0,Aiden McCallion,Rangers FC,0.0,Ahmet Bircan,Beşiktaş Jimnastik Kulübü,0.0,Alberto Costa,FC Porto,DEF,0.0
GW 82,4,Extra DEF,0.0,Alexander Schlager,FC Red Bull Salzburg,0.0,Aleksa Terzić,FC Red Bull Salzburg,0.0,Alan Varela,FC Porto,0.0,Alaettin Ekici,Fenerbahçe Spor Kulübü,0.0,Alexander Bah,SL Benfica,DEF,0.0
GW 81,1,Extra DEF,0.0,Adem Ağaoğlu,Trabzonspor Kulübü,0.0,Abdülkerim Bardakcı,Galatasaray Spor Kulübü,0.0,Abdou Fall,Fenerbahçe Spor Kulübü,0.0,Ada Yüzgeç,Galatasaray Spor Kulübü,0.0,Adam Montgomery,Celtic FC,DEF,0.0
GW 81,2,Extra DEF,0.0,Ahmet Yıldırım,Trabzonspor Kulübü,0.0,Adrian Barišić,Sporting Braga,0.0,Adnan Fettahoğlu,Fenerbahçe Spor Kulübü,0.0,Ahmed Kutucu,Galatasaray Spor Kulübü,0.0,Afonso Sousa,Sporting Braga,DEF,0.0
GW 81,3,Extra DEF,0.0,Alaa Bellaarouch,Sporting Braga,0.0,Ahmet Tekke,Trabzonspor Kulübü,0.0,Aiden McCallion,Rangers FC,0.0,Ahmet Bircan,Beşiktaş Jimnastik Kulübü,0.0,Alberto Costa,FC Porto,DEF,0.0
GW 81,4,Extra DEF,0.0,Alexander Schlager,FC Red Bull Salzburg,0.0,Aleksa Terzić,FC Red Bull Salzburg,0.0,Alan Varela,FC Porto,0.0,Alaettin Ekici,Fenerbahçe Spor Kulübü,0.0,Alexander Bah,SL Benfica,DEF,0.0
GW 80,1,Extra DEF,0.0,Adem Ağaoğlu,Trabzonspor Kulübü,0.0,Abdülkerim Bardakcı,Galatasaray Spor Kulübü,0.0,Abdou Fall,Fenerbahçe Spor Kulübü,0.0,Ada Yüzgeç,Galatasaray Spor Kulübü,0.0,Adam Montgomery,Celtic FC,DEF,0.0
GW 80,2,Extra DEF,0.0,Ahmet Yıldırım,Trabzonspor Kulübü,0.0,Adrian Barišić,Sporting Braga,0.0,Adnan Fettahoğlu,Fenerbahçe Spor Kulübü,0.0,Ahmed Kutucu,Galatasaray Spor Kulübü,0.0,Afonso Sousa,Sporting Braga,DEF,0.0
GW 80,3,Extra DEF,0.0,Alaa Bellaarouch,Sporting Braga,0.0,Ahmet Tekke,Trabzonspor Kulübü,0.0,Aiden McCallion,Rangers FC,0.0,Ahmet Bircan,Beşiktaş Jimnastik Kulübü,0.0,Alberto Costa,FC Porto,DEF,0.0
GW 80,4,Extra DEF,0.0,Alexander Schlager,FC Red Bull Salzburg,0.0,Aleksa Terzić,FC Red Bull Salzburg,0.0,Alan Varela,FC Porto,0.0,Alaettin Ekici,Fenerbahçe Spor Kulübü,0.0,Alexander Bah,SL Benfica,DEF,0.0
GW 79,1,Extra DEF,0.0,Adem Ağaoğlu,Trabzonspor Kulübü,0.0,Abdülkerim Bardakcı,Galatasaray Spor Kulübü,0.0,Abdou Fall,Fenerbahçe Spor Kulübü,0.0,Ada Yüzgeç,Galatasaray Spor Kulübü,0.0,Adam Montgomery,Celtic FC,DEF,0.0
GW 79,2,Extra DEF,0.0,Ahmet Yıldırım,Trabzonspor Kulübü,0.0,Adrian Barišić,Sporting Braga,0.0,Adnan Fettahoğlu,Fenerbahçe Spor Kulübü,0.0,Ahmed Kutucu,Galatasaray Spor Kulübü,0.0,Afonso Sousa,Sporting Braga,DEF,0.0
GW 79,3,Extra DEF,0.0,Alaa Bellaarouch,Sporting Braga,0.0,Ahmet Tekke,Trabzonspor Kulübü,0.0,Aiden McCallion,Rangers FC,0.0,Ahmet Bircan,Beşiktaş Jimnastik Kulübü,0.0,Alberto Costa,FC Porto,DEF,0.0
GW 79,4,Extra DEF,0.0,Alexander Schlager,FC Red Bull Salzburg,0.0,Aleksa Terzić,FC Red Bull Salzburg,0.0,Alan Varela,FC Porto,0.0,Alaettin Ekici,Fenerbahçe Spor Kulübü,0.0,Alexander Bah,SL Benfica,DEF,0.0
GW 78,1,Extra DEF,0.0,Adem Ağaoğlu,Trabzonspor Kulübü,0.0,Abdülkerim Bardakcı,Galatasaray Spor Kulübü,0.0,Abdou Fall,Fenerbahçe Spor Kulübü,0.0,Ada Yüzgeç,Galatasaray Spor Kulübü,0.0,Adam Montgomery,Celtic FC,DEF,0.0
GW 78,2,Extra DEF,0.0,Ahmet Yıldırım,Trabzonspor Kulübü,0.0,Adrian Barišić,Sporting Braga,0.0,Adnan Fettahoğlu,Fenerbahçe Spor Kulübü,0.0,Ahmed Kutucu,Galatasaray Spor Kulübü,0.0,Afonso Sousa,Sporting Braga,DEF,0.0
GW 78,3,Extra DEF,0.0,Alaa Bellaarouch,Sporting Braga,0.0,Ahmet Tekke,Trabzonspor Kulübü,0.0,Aiden McCallion,Rangers FC,0.0,Ahmet Bircan,Beşiktaş Jimnastik Kulübü,0.0,Alberto Costa,FC Porto,DEF,0.0
GW 78,4,Extra DEF,0.0,Alexander Schlager,FC Red Bull Salzburg,0.0,Aleksa Terzić,FC Red Bull Salzburg,0.0,Alan Varela,FC Porto,0.0,Alaettin Ekici,Fenerbahçe Spor Kulübü,0.0,Alexander Bah,SL Benfica,DEF,0.0
GW 77,1,Extra DEF,0.0,Adem Ağaoğlu,Trabzonspor Kulübü,0.0,Abdülkerim Bardakcı,Galatasaray Spor Kulübü,0.0,Abdou Fall,Fenerbahçe Spor Kulübü,0.0,Ada Yüzgeç,Galatasaray Spor Kulübü,0.0,Adam Montgomery,Celtic FC,DEF,0.0
GW 77,2,Extra DEF,0.0,Ahmet Yıldırım,Trabzonspor Kulübü,0.0,Adrian Barišić,Sporting Braga,0.0,Adnan Fettahoğlu,Fenerbahçe Spor Kulübü,0.0,Ahmed Kutucu,Galatasaray Spor Kulübü,0.0,Afonso Sousa,Sporting Braga,DEF,0.0
GW 77,3,Extra DEF,0.0,Alaa Bellaarouch,Sporting Braga,0.0,Ahmet Tekke,Trabzonspor Kulübü,0.0,Aiden McCallion,Rangers FC,0.0,Ahmet Bircan,Beşiktaş Jimnastik Kulübü,0.0,Alberto Costa,FC Porto,DEF,0.0
GW 77,4,Extra DEF,0.0,Alexander Schlager,FC Red Bull Salzburg,0.0,Aleksa Terzić,FC Red Bull Salzburg,0.0,Alan Varela,FC Porto,0.0,Alaettin Ekici,Fenerbahçe Spor Kulübü,0.0,Alexander Bah,SL Benfica,DEF,0.0
GW 76,1,Extra DEF,0.0,Adem Ağaoğlu,Trabzonspor Kulübü,0.0,Abdülkerim Bardakcı,Galatasaray Spor Kulübü,0.0,Abdou Fall,Fenerbahçe Spor Kulübü,0.0,Ada Yüzgeç,Galatasaray Spor Kulübü,0.0,Adam Montgomery,Celtic FC,DEF,0.0
GW 76,2,Extra DEF,0.0,Ahmet Yıldırım,Trabzonspor Kulübü,0.0,Adrian Barišić,Sporting Braga,0.0,Adnan Fettahoğlu,Fenerbahçe Spor Kulübü,0.0,Ahmed Kutucu,Galatasaray Spor Kulübü,0.0,Afonso Sousa,Sporting Braga,DEF,0.0
GW 76,3,Extra DEF,0.0,Alaa Bellaarouch,Sporting Braga,0.0,Ahmet Tekke,Trabzonspor Kulübü,0.0,Aiden McCallion,Rangers FC,0.0,Ahmet Bircan,Beşiktaş Jimnastik Kulübü,0.0,Alberto Costa,FC Porto,DEF,0.0
GW 76,4,Extra DEF,0.0,Alexander Schlager,FC Red Bull Salzburg,0.0,Aleksa Terzić,FC Red Bull Salzburg,0.0,Alan Varela,FC Porto,0.0,Alaettin Ekici,Fenerbahçe Spor Kulübü,0.0,Alexander Bah,SL Benfica,DEF,0.0
GW 75,1,Extra DEF,0.0,Adem Ağaoğlu,Trabzonspor Kulübü,0.0,Abdülkerim Bardakcı,Galatasaray Spor Kulübü,0.0,Abdou Fall,Fenerbahçe Spor Kulübü,0.0,Ada Yüzgeç,Galatasaray Spor Kulübü,0.0,Adam Montgomery,Celtic FC,DEF,0.0
GW 75,2,Extra DEF,0.0,Ahmet Yıldırım,Trabzonspor Kulübü,0.0,Adrian Barišić,Sporting Braga,0.0,Adnan Fettahoğlu,Fenerbahçe Spor Kulübü,0.0,Ahmed Kutucu,Galatasaray Spor Kulübü,0.0,Afonso Sousa,Sporting Braga,DEF,0.0
GW 75,3,Extra DEF,0.0,Alaa Bellaarouch,Sporting Braga,0.0,Ahmet Tekke,Trabzonspor Kulübü,0.0,Aiden McCallion,Rangers FC,0.0,Ahmet Bircan,Beşiktaş Jimnastik Kulübü,0.0,Alberto Costa,FC Porto,DEF,0.0
GW 75,4,Extra DEF,0.0,Alexander Schlager,FC Red Bull Salzburg,0.0,Aleksa Terzić,FC Red Bull Salzburg,0.0,Alan Varela,FC Porto,0.0,Alaettin Ekici,Fenerbahçe Spor Kulübü,0.0,Alexander Bah,SL Benfica,DEF,0.0
GW 74,1,Extra DEF,0.0,Adem Ağaoğlu,Trabzonspor Kulübü,0.0,Abdülkerim Bardakcı,Galatasaray Spor Kulübü,0.0,Abdou Fall,Fenerbahçe Spor Kulübü,0.0,Ada Yüzgeç,Galatasaray Spor Kulübü,0.0,Adam Montgomery,Celtic FC,DEF,0.0
GW 74,2,Extra DEF,0.0,Ahmet Yıldırım,Trabzonspor Kulübü,0.0,Adrian Barišić,Sporting Braga,0.0,Adnan Fettahoğlu,Fenerbahçe Spor Kulübü,0.0,Ahmed Kutucu,Galatasaray Spor Kulübü,0.0,Afonso Sousa,Sporting Braga,DEF,0.0
GW 74,3,Extra DEF,0.0,Alaa Bellaarouch,Sporting Braga,0.0,Ahmet Tekke,Trabzonspor Kulübü,0.0,Aiden McCallion,Rangers FC,0.0,Ahmet Bircan,Beşiktaş Jimnastik Kulübü,0.0,Alberto Costa,FC Porto,DEF,0.0
GW 74,4,Extra DEF,0.0,Alexander Schlager,FC Red Bull Salzburg,0.0,Aleksa Terzić,FC Red Bull Salzburg,0.0,Alan Varela,FC Porto,0.0,Alaettin Ekici,Fenerbahçe Spor Kulübü,0.0,Alexander Bah,SL Benfica,DEF,0.0
GW 73,1,Extra DEF,0.0,Adem Ağaoğlu,Trabzonspor Kulübü,0.0,Abdülkerim Bardakcı,Galatasaray Spor Kulübü,0.0,Abdou Fall,Fenerbahçe Spor Kulübü,0.0,Ada Yüzgeç,Galatasaray Spor Kulübü,0.0,Adam Montgomery,Celtic FC,DEF,0.0
GW 73,2,Extra DEF,0.0,Ahmet Yıldırım,Trabzonspor Kulübü,0.0,Adrian Barišić,Sporting Braga,0.0,Adnan Fettahoğlu,Fenerbahçe Spor Kulübü,0.0,Ahmed Kutucu,Galatasaray Spor Kulübü,0.0,Afonso Sousa,Sporting Braga,DEF,0.0
GW 73,3,Extra DEF,0.0,Alaa Bellaarouch,Sporting Braga,0.0,Ahmet Tekke,Trabzonspor Kulübü,0.0,Aiden McCallion,Rangers FC,0.0,Ahmet Bircan,Beşiktaş Jimnastik Kulübü,0.0,Alberto Costa,FC Porto,DEF,0.0
GW 73,4,Extra DEF,0.0,Alexander Schlager,FC Red Bull Salzburg,0.0,Aleksa Terzić,FC Red Bull Salzburg,0.0,Alan Varela,FC Porto,0.0,Alaettin Ekici,Fenerbahçe Spor Kulübü,0.0,Alexander Bah,SL Benfica,DEF,0.0
GW 72,1,Extra DEF,0.0,Adem Ağaoğlu,Trabzonspor Kulübü,0.0,Abdülkerim Bardakcı,Galatasaray Spor Kulübü,0.0,Abdou Fall,Fenerbahçe Spor Kulübü,0.0,Ada Yüzgeç,Galatasaray Spor Kulübü,0.0,Adam Montgomery,Celtic FC,DEF,0.0
GW 72,2,Extra DEF,0.0,Ahmet Yıldırım,Trabzonspor Kulübü,0.0,Adrian Barišić,Sporting Braga,0.0,Adnan Fettahoğlu,Fenerbahçe Spor Kulübü,0.0,Ahmed Kutucu,Galatasaray Spor Kulübü,0.0,Afonso Sousa,Sporting Braga,DEF,0.0
GW 72,3,Extra DEF,0.0,Alaa Bellaarouch,Sporting Braga,0.0,Ahmet Tekke,Trabzonspor Kulübü,0.0,Aiden McCallion,Rangers FC,0.0,Ahmet Bircan,Beşiktaş Jimnastik Kulübü,0.0,Alberto Costa,FC Porto,DEF,0.0
GW 72,4,Extra DEF,0.0,Alexander Schlager,FC Red Bull Salzburg,0.0,Aleksa Terzić,FC Red Bull Salzburg,0.0,Alan Varela,FC Porto,0.0,Alaettin Ekici,Fenerbahçe Spor Kulübü,0.0,Alexander Bah,SL Benfica,DEF,0.0
GW 71,1,Extra DEF,0.0,Adem Ağaoğlu,Trabzonspor Kulübü,0.0,Abdülkerim Bardakcı,Galatasaray Spor Kulübü,0.0,Abdou Fall,Fenerbahçe Spor Kulübü,0.0,Ada Yüzgeç,Galatasaray Spor Kulübü,0.0,Adam Montgomery,Celtic FC,DEF,0.0
GW 71,2,Extra DEF,0.0,Ahmet Yıldırım,Trabzonspor Kulübü,0.0,Adrian Barišić,Sporting Braga,0.0,Adnan Fettahoğlu,Fenerbahçe Spor Kulübü,0.0,Ahmed Kutucu,Galatasaray Spor Kulübü,0.0,Afonso Sousa,Sporting Braga,DEF,0.0
GW 71,3,Extra DEF,0.0,Alaa Bellaarouch,Sporting Braga,0.0,Ahmet Tekke,Trabzonspor Kulübü,0.0,Aiden McCallion,Rangers FC,0.0,Ahmet Bircan,Beşiktaş Jimnastik Kulübü,0.0,Alberto Costa,FC Porto,DEF,0.0
GW 71,4,Extra DEF,0.0,Alexander Schlager,FC Red Bull Salzburg,0.0,Aleksa Terzić,FC Red Bull Salzburg,0.0,Alan Varela,FC Porto,0.0,Alaettin Ekici,Fenerbahçe Spor Kulübü,0.0,Alexander Bah,SL Benfica,DEF,0.0
GW 70,1,Extra DEF,0.0,Adem Ağaoğlu,Trabzonspor Kulübü,0.0,Abdülkerim Bardakcı,Galatasaray Spor Kulübü,0.0,Abdou Fall,Fenerbahçe Spor Kulübü,0.0,Ada Yüzgeç,Galatasaray Spor Kulübü,0.0,Adam Montgomery,Celtic FC,DEF,0.0
GW 70,2,Extra DEF,0.0,Ahmet Yıldırım,Trabzonspor Kulübü,0.0,Adrian Barišić,Sporting Braga,0.0,Adnan Fettahoğlu,Fenerbahçe Spor Kulübü,0.0,Ahmed Kutucu,Galatasaray Spor Kulübü,0.0,Afonso Sousa,Sporting Braga,DEF,0.0
GW 70,3,Extra DEF,0.0,Alaa Bellaarouch,Sporting Braga,0.0,Ahmet Tekke,Trabzonspor Kulübü,0.0,Aiden McCallion,Rangers FC,0.0,Ahmet Bircan,Beşiktaş Jimnastik Kulübü,0.0,Alberto Costa,FC Porto,DEF,0.0
GW 70,4,Extra DEF,0.0,Alexander Schlager,FC Red Bull Salzburg,0.0,Aleksa Terzić,FC Red Bull Salzburg,0.0,Alan Varela,FC Porto,0.0,Alaettin Ekici,Fenerbahçe Spor Kulübü,0.0,Alexander Bah,SL Benfica,DEF,0.0
GW 69,1,Extra DEF,0.0,Adem Ağaoğlu,Trabzonspor Kulübü,0.0,Abdülkerim Bardakcı,Galatasaray Spor Kulübü,0.0,Abdou Fall,Fenerbahçe Spor Kulübü,0.0,Ada Yüzgeç,Galatasaray Spor Kulübü,0.0,Adam Montgomery,Celtic FC,DEF,0.0
GW 69,2,Extra DEF,0.0,Ahmet Yıldırım,Trabzonspor Kulübü,0.0,Adrian Barišić,Sporting Braga,0.0,Adnan Fettahoğlu,Fenerbahçe Spor Kulübü,0.0,Ahmed Kutucu,Galatasaray Spor Kulübü,0.0,Afonso Sousa,Sporting Braga,DEF,0.0
GW 69,3,Extra DEF,0.0,Alaa Bellaarouch,Sporting Braga,0.0,Ahmet Tekke,Trabzonspor Kulübü,0.0,Aiden McCallion,Rangers FC,0.0,Ahmet Bircan,Beşiktaş Jimnastik Kulübü,0.0,Alberto Costa,FC Porto,DEF,0.0
GW 69,4,Extra DEF,0.0,Alexander Schlager,FC Red Bull Salzburg,0.0,Aleksa Terzić,FC Red Bull Salzburg,0.0,Alan Varela,FC Porto,0.0,Alaettin Ekici,Fenerbahçe Spor Kulübü,0.0,Alexander Bah,SL Benfica,DEF,0.0
GW 68,1,Extra DEF,0.0,Adem Ağaoğlu,Trabzonspor Kulübü,0.0,Abdülkerim Bardakcı,Galatasaray Spor Kulübü,0.0,Abdou Fall,Fenerbahçe Spor Kulübü,0.0,Ada Yüzgeç,Galatasaray Spor Kulübü,0.0,Adam Montgomery,Celtic FC,DEF,0.0
GW 68,2,Extra DEF,0.0,Ahmet Yıldırım,Trabzonspor Kulübü,0.0,Adrian Barišić,Sporting Braga,0.0,Adnan Fettahoğlu,Fenerbahçe Spor Kulübü,0.0,Ahmed Kutucu,Galatasaray Spor Kulübü,0.0,Afonso Sousa,Sporting Braga,DEF,0.0
GW 68,3,Extra DEF,0.0,Alaa Bellaarouch,Sporting Braga,0.0,Ahmet Tekke,Trabzonspor Kulübü,0.0,Aiden McCallion,Rangers FC,0.0,Ahmet Bircan,Beşiktaş Jimnastik Kulübü,0.0,Alberto Costa,FC Porto,DEF,0.0
GW 68,4,Extra DEF,0.0,Alexander Schlager,FC Red Bull Salzburg,0.0,Aleksa Terzić,FC Red Bull Salzburg,0.0,Alan Varela,FC Porto,0.0,Alaettin Ekici,Fenerbahçe Spor Kulübü,0.0,Alexander Bah,SL Benfica,DEF,0.0
GW 67,1,Extra DEF,0.0,Adem Ağaoğlu,Trabzonspor Kulübü,0.0,Abdülkerim Bardakcı,Galatasaray Spor Kulübü,0.0,Abdou Fall,Fenerbahçe Spor Kulübü,0.0,Ada Yüzgeç,Galatasaray Spor Kulübü,0.0,Adam Montgomery,Celtic FC,DEF,0.0
GW 67,2,Extra DEF,0.0,Ahmet Yıldırım,Trabzonspor Kulübü,0.0,Adrian Barišić,Sporting Braga,0.0,Adnan Fettahoğlu,Fenerbahçe Spor Kulübü,0.0,Ahmed Kutucu,Galatasaray Spor Kulübü,0.0,Afonso Sousa,Sporting Braga,DEF,0.0
GW 67,3,Extra DEF,0.0,Alaa Bellaarouch,Sporting Braga,0.0,Ahmet Tekke,Trabzonspor Kulübü,0.0,Aiden McCallion,Rangers FC,0.0,Ahmet Bircan,Beşiktaş Jimnastik Kulübü,0.0,Alberto Costa,FC Porto,DEF,0.0
GW 67,4,Extra DEF,0.0,Alexander Schlager,FC Red Bull Salzburg,0.0,Aleksa Terzić,FC Red Bull Salzburg,0.0,Alan Varela,FC Porto,0.0,Alaettin Ekici,Fenerbahçe Spor Kulübü,0.0,Alexander Bah,SL Benfica,DEF,0.0
GW 66,1,Extra DEF,0.0,Adem Ağaoğlu,Trabzonspor Kulübü,0.0,Abdülkerim Bardakcı,Galatasaray Spor Kulübü,0.0,Abdou Fall,Fenerbahçe Spor Kulübü,0.0,Ada Yüzgeç,Galatasaray Spor Kulübü,0.0,Adam Montgomery,Celtic FC,DEF,0.0
GW 66,2,Extra DEF,0.0,Ahmet Yıldırım,Trabzonspor Kulübü,0.0,Adrian Barišić,Sporting Braga,0.0,Adnan Fettahoğlu,Fenerbahçe Spor Kulübü,0.0,Ahmed Kutucu,Galatasaray Spor Kulübü,0.0,Afonso Sousa,Sporting Braga,DEF,0.0
GW 66,3,Extra DEF,0.0,Alaa Bellaarouch,Sporting Braga,0.0,Ahmet Tekke,Trabzonspor Kulübü,0.0,Aiden McCallion,Rangers FC,0.0,Ahmet Bircan,Beşiktaş Jimnastik Kulübü,0.0,Alberto Costa,FC Porto,DEF,0.0
GW 66,4,Extra DEF,0.0,Alexander Schlager,FC Red Bull Salzburg,0.0,Aleksa Terzić,FC Red Bull Salzburg,0.0,Alan Varela,FC Porto,0.0,Alaettin Ekici,Fenerbahçe Spor Kulübü,0.0,Alexander Bah,SL Benfica,DEF,0.0
GW 65,1,Extra DEF,0.0,Adem Ağaoğlu,Trabzonspor Kulübü,0.0,Abdülkerim Bardakcı,Galatasaray Spor Kulübü,0.0,Abdou Fall,Fenerbahçe Spor Kulübü,0.0,Ada Yüzgeç,Galatasaray Spor Kulübü,0.0,Adam Montgomery,Celtic FC,DEF,0.0
GW 65,2,Extra DEF,0.0,Ahmet Yıldırım,Trabzonspor Kulübü,0.0,Adrian Barišić,Sporting Braga,0.0,Adnan Fettahoğlu,Fenerbahçe Spor Kulübü,0.0,Ahmed Kutucu,Galatasaray Spor Kulübü,0.0,Afonso Sousa,Sporting Braga,DEF,0.0
GW 65,3,Extra DEF,0.0,Alaa Bellaarouch,Sporting Braga,0.0,Ahmet Tekke,Trabzonspor Kulübü,0.0,Aiden McCallion,Rangers FC,0.0,Ahmet Bircan,Beşiktaş Jimnastik Kulübü,0.0,Alberto Costa,FC Porto,DEF,0.0
GW 65,4,Extra DEF,0.0,Alexander Schlager,FC Red Bull Salzburg,0.0,Aleksa Terzić,FC Red Bull Salzburg,0.0,Alan Varela,FC Porto,0.0,Alaettin Ekici,Fenerbahçe Spor Kulübü,0.0,Alexander Bah,SL Benfica,DEF,0.0
GW 64,1,Extra DEF,0.0,Adem Ağaoğlu,Trabzonspor Kulübü,0.0,Abdülkerim Bardakcı,Galatasaray Spor Kulübü,0.0,Abdou Fall,Fenerbahçe Spor Kulübü,0.0,Ada Yüzgeç,Galatasaray Spor Kulübü,0.0,Adam Montgomery,Celtic FC,DEF,0.0
GW 64,2,Extra DEF,0.0,Ahmet Yıldırım,Trabzonspor Kulübü,0.0,Adrian Barišić,Sporting Braga,0.0,Adnan Fettahoğlu,Fenerbahçe Spor Kulübü,0.0,Ahmed Kutucu,Galatasaray Spor Kulübü,0.0,Afonso Sousa,Sporting Braga,DEF,0.0
GW 64,3,Extra DEF,0.0,Alaa Bellaarouch,Sporting Braga,0.0,Ahmet Tekke,Trabzonspor Kulübü,0.0,Aiden McCallion,Rangers FC,0.0,Ahmet Bircan,Beşiktaş Jimnastik Kulübü,0.0,Alberto Costa,FC Porto,DEF,0.0
GW 64,4,Extra DEF,0.0,Alexander Schlager,FC Red Bull Salzburg,0.0,Aleksa Terzić,FC Red Bull Salzburg,0.0,Alan Varela,FC Porto,0.0,Alaettin Ekici,Fenerbahçe Spor Kulübü,0.0,Alexander Bah,SL Benfica,DEF,0.0
GW 63,1,Extra DEF,0.0,Adem Ağaoğlu,Trabzonspor Kulübü,0.0,Abdülkerim Bardakcı,Galatasaray Spor Kulübü,0.0,Abdou Fall,Fenerbahçe Spor Kulübü,0.0,Ada Yüzgeç,Galatasaray Spor Kulübü,0.0,Adam Montgomery,Celtic FC,DEF,0.0
GW 63,2,Extra DEF,0.0,Ahmet Yıldırım,Trabzonspor Kulübü,0.0,Adrian Barišić,Sporting Braga,0.0,Adnan Fettahoğlu,Fenerbahçe Spor Kulübü,0.0,Ahmed Kutucu,Galatasaray Spor Kulübü,0.0,Afonso Sousa,Sporting Braga,DEF,0.0
GW 63,3,Extra DEF,0.0,Alaa Bellaarouch,Sporting Braga,0.0,Ahmet Tekke,Trabzonspor Kulübü,0.0,Aiden McCallion,Rangers FC,0.0,Ahmet Bircan,Beşiktaş Jimnastik Kulübü,0.0,Alberto Costa,FC Porto,DEF,0.0
GW 63,4,Extra DEF,0.0,Alexander Schlager,FC Red Bull Salzburg,0.0,Aleksa Terzić,FC Red Bull Salzburg,0.0,Alan Varela,FC Porto,0.0,Alaettin Ekici,Fenerbahçe Spor Kulübü,0.0,Alexander Bah,SL Benfica,DEF,0.0
GW 62,1,Extra DEF,0.0,Adem Ağaoğlu,Trabzonspor Kulübü,0.0,Abdülkerim Bardakcı,Galatasaray Spor Kulübü,0.0,Abdou Fall,Fenerbahçe Spor Kulübü,0.0,Ada Yüzgeç,Galatasaray Spor Kulübü,0.0,Adam Montgomery,Celtic FC,DEF,0.0
GW 62,2,Extra DEF,0.0,Ahmet Yıldırım,Trabzonspor Kulübü,0.0,Adrian Barišić,Sporting Braga,0.0,Adnan Fettahoğlu,Fenerbahçe Spor Kulübü,0.0,Ahmed Kutucu,Galatasaray Spor Kulübü,0.0,Afonso Sousa,Sporting Braga,DEF,0.0
GW 62,3,Extra DEF,0.0,Alaa Bellaarouch,Sporting Braga,0.0,Ahmet Tekke,Trabzonspor Kulübü,0.0,Aiden McCallion,Rangers FC,0.0,Ahmet Bircan,Beşiktaş Jimnastik Kulübü,0.0,Alberto Costa,FC Porto,DEF,0.0
GW 62,4,Extra DEF,0.0,Alexander Schlager,FC Red Bull Salzburg,0.0,Aleksa Terzić,FC Red Bull Salzburg,0.0,Alan Varela,FC Porto,0.0,Alaettin Ekici,Fenerbahçe Spor Kulübü,0.0,Alexander Bah,SL Benfica,DEF,0.0
GW 61,1,Extra DEF,0.0,Adem Ağaoğlu,Trabzonspor Kulübü,0.0,Abdülkerim Bardakcı,Galatasaray Spor Kulübü,0.0,Abdou Fall,Fenerbahçe Spor Kulübü,0.0,Ada Yüzgeç,Galatasaray Spor Kulübü,0.0,Adam Montgomery,Celtic FC,DEF,0.0
GW 61,2,Extra DEF,0.0,Ahmet Yıldırım,Trabzonspor Kulübü,0.0,Adrian Barišić,Sporting Braga,0.0,Adnan Fettahoğlu,Fenerbahçe Spor Kulübü,0.0,Ahmed Kutucu,Galatasaray Spor Kulübü,0.0,Afonso Sousa,Sporting Braga,DEF,0.0
GW 61,3,Extra DEF,0.0,Alaa Bellaarouch,Sporting Braga,0.0,Ahmet Tekke,Trabzonspor Kulübü,0.0,Aiden McCallion,Rangers FC,0.0,Ahmet Bircan,Beşiktaş Jimnastik Kulübü,0.0,Alberto Costa,FC Porto,DEF,0.0
GW 61,4,Extra DEF,0.0,Alexander Schlager,FC Red Bull Salzburg,0.0,Aleksa Terzić,FC Red Bull Salzburg,0.0,Alan Varela,FC Porto,0.0,Alaettin Ekici,Fenerbahçe Spor Kulübü,0.0,Alexander Bah,SL Benfica,DEF,0.0
GW 60,1,Extra DEF,0.0,Adem Ağaoğlu,Trabzonspor Kulübü,0.0,Abdülkerim Bardakcı,Galatasaray Spor Kulübü,0.0,Abdou Fall,Fenerbahçe Spor Kulübü,0.0,Ada Yüzgeç,Galatasaray Spor Kulübü,0.0,Adam Montgomery,Celtic FC,DEF,0.0
GW 60,2,Extra DEF,0.0,Ahmet Yıldırım,Trabzonspor Kulübü,0.0,Adrian Barišić,Sporting Braga,0.0,Adnan Fettahoğlu,Fenerbahçe Spor Kulübü,0.0,Ahmed Kutucu,Galatasaray Spor Kulübü,0.0,Afonso Sousa,Sporting Braga,DEF,0.0
GW 60,3,Extra DEF,0.0,Alaa Bellaarouch,Sporting Braga,0.0,Ahmet Tekke,Trabzonspor Kulübü,0.0,Aiden McCallion,Rangers FC,0.0,Ahmet Bircan,Beşiktaş Jimnastik Kulübü,0.0,Alberto Costa,FC Porto,DEF,0.0
GW 60,4,Extra DEF,0.0,Alexander Schlager,FC Red Bull Salzburg,0.0,Aleksa Terzić,FC Red Bull Salzburg,0.0,Alan Varela,FC Porto,0.0,Alaettin Ekici,Fenerbahçe Spor Kulübü,0.0,Alexander Bah,SL Benfica,DEF,0.0
GW 59,1,Extra DEF,0.0,Adem Ağaoğlu,Trabzonspor Kulübü,0.0,Abdülkerim Bardakcı,Galatasaray Spor Kulübü,0.0,Abdou Fall,Fenerbahçe Spor Kulübü,0.0,Ada Yüzgeç,Galatasaray Spor Kulübü,0.0,Adam Montgomery,Celtic FC,DEF,0.0
GW 59,2,Extra DEF,0.0,Ahmet Yıldırım,Trabzonspor Kulübü,0.0,Adrian Barišić,Sporting Braga,0.0,Adnan Fettahoğlu,Fenerbahçe Spor Kulübü,0.0,Ahmed Kutucu,Galatasaray Spor Kulübü,0.0,Afonso Sousa,Sporting Braga,DEF,0.0
GW 59,3,Extra DEF,0.0,Alaa Bellaarouch,Sporting Braga,0.0,Ahmet Tekke,Trabzonspor Kulübü,0.0,Aiden McCallion,Rangers FC,0.0,Ahmet Bircan,Beşiktaş Jimnastik Kulübü,0.0,Alberto Costa,FC Porto,DEF,0.0
GW 59,4,Extra DEF,0.0,Alexander Schlager,FC Red Bull Salzburg,0.0,Aleksa Terzić,FC Red Bull Salzburg,0.0,Alan Varela,FC Porto,0.0,Alaettin Ekici,Fenerbahçe Spor Kulübü,0.0,Alexander Bah,SL Benfica,DEF,0.0
GW 58,1,Extra DEF,0.0,Adem Ağaoğlu,Trabzonspor Kulübü,0.0,Abdülkerim Bardakcı,Galatasaray Spor Kulübü,0.0,Abdou Fall,Fenerbahçe Spor Kulübü,0.0,Ada Yüzgeç,Galatasaray Spor Kulübü,0.0,Adam Montgomery,Celtic FC,DEF,0.0
GW 58,2,Extra DEF,0.0,Ahmet Yıldırım,Trabzonspor Kulübü,0.0,Adrian Barišić,Sporting Braga,0.0,Adnan Fettahoğlu,Fenerbahçe Spor Kulübü,0.0,Ahmed Kutucu,Galatasaray Spor Kulübü,0.0,Afonso Sousa,Sporting Braga,DEF,0.0
GW 58,3,Extra DEF,0.0,Alaa Bellaarouch,Sporting Braga,0.0,Ahmet Tekke,Trabzonspor Kulübü,0.0,Aiden McCallion,Rangers FC,0.0,Ahmet Bircan,Beşiktaş Jimnastik Kulübü,0.0,Alberto Costa,FC Porto,DEF,0.0
GW 58,4,Extra DEF,0.0,Alexander Schlager,FC Red Bull Salzburg,0.0,Aleksa Terzić,FC Red Bull Salzburg,0.0,Alan Varela,FC Porto,0.0,Alaettin Ekici,Fenerbahçe Spor Kulübü,0.0,Alexander Bah,SL Benfica,DEF,0.0
GW 57,1,Extra DEF,0.0,Adem Ağaoğlu,Trabzonspor Kulübü,0.0,Abdülkerim Bardakcı,Galatasaray Spor Kulübü,0.0,Abdou Fall,Fenerbahçe Spor Kulübü,0.0,Ada Yüzgeç,Galatasaray Spor Kulübü,0.0,Adam Montgomery,Celtic FC,DEF,0.0
GW 57,2,Extra DEF,0.0,Ahmet Yıldırım,Trabzonspor Kulübü,0.0,Adrian Barišić,Sporting Braga,0.0,Adnan Fettahoğlu,Fenerbahçe Spor Kulübü,0.0,Ahmed Kutucu,Galatasaray Spor Kulübü,0.0,Afonso Sousa,Sporting Braga,DEF,0.0
GW 57,3,Extra DEF,0.0,Alaa Bellaarouch,Sporting Braga,0.0,Ahmet Tekke,Trabzonspor Kulübü,0.0,Aiden McCallion,Rangers FC,0.0,Ahmet Bircan,Beşiktaş Jimnastik Kulübü,0.0,Alberto Costa,FC Porto,DEF,0.0
GW 57,4,Extra DEF,0.0,Alexander Schlager,FC Red Bull Salzburg,0.0,Aleksa Terzić,FC Red Bull Salzburg,0.0,Alan Varela,FC Porto,0.0,Alaettin Ekici,Fenerbahçe Spor Kulübü,0.0,Alexander Bah,SL Benfica,DEF,0.0
GW 56,1,Extra DEF,0.0,Adem Ağaoğlu,Trabzonspor Kulübü,0.0,Abdülkerim Bardakcı,Galatasaray Spor Kulübü,0.0,Abdou Fall,Fenerbahçe Spor Kulübü,0.0,Ada Yüzgeç,Galatasaray Spor Kulübü,0.0,Adam Montgomery,Celtic FC,DEF,0.0
GW 56,2,Extra DEF,0.0,Ahmet Yıldırım,Trabzonspor Kulübü,0.0,Adrian Barišić,Sporting Braga,0.0,Adnan Fettahoğlu,Fenerbahçe Spor Kulübü,0.0,Ahmed Kutucu,Galatasaray Spor Kulübü,0.0,Afonso Sousa,Sporting Braga,DEF,0.0
GW 56,3,Extra DEF,0.0,Alaa Bellaarouch,Sporting Braga,0.0,Ahmet Tekke,Trabzonspor Kulübü,0.0,Aiden McCallion,Rangers FC,0.0,Ahmet Bircan,Beşiktaş Jimnastik Kulübü,0.0,Alberto Costa,FC Porto,DEF,0.0
GW 56,4,Extra DEF,0.0,Alexander Schlager,FC Red Bull Salzburg,0.0,Aleksa Terzić,FC Red Bull Salzburg,0.0,Alan Varela,FC Porto,0.0,Alaettin Ekici,Fenerbahçe Spor Kulübü,0.0,Alexander Bah,SL Benfica,DEF,0.0
GW 55,1,Extra DEF,0.0,Adem Ağaoğlu,Trabzonspor Kulübü,0.0,Abdülkerim Bardakcı,Galatasaray Spor Kulübü,0.0,Abdou Fall,Fenerbahçe Spor Kulübü,0.0,Ada Yüzgeç,Galatasaray Spor Kulübü,0.0,Adam Montgomery,Celtic FC,DEF,0.0
GW 55,2,Extra DEF,0.0,Ahmet Yıldırım,Trabzonspor Kulübü,0.0,Adrian Barišić,Sporting Braga,0.0,Adnan Fettahoğlu,Fenerbahçe Spor Kulübü,0.0,Ahmed Kutucu,Galatasaray Spor Kulübü,0.0,Afonso Sousa,Sporting Braga,DEF,0.0
GW 55,3,Extra DEF,0.0,Alaa Bellaarouch,Sporting Braga,0.0,Ahmet Tekke,Trabzonspor Kulübü,0.0,Aiden McCallion,Rangers FC,0.0,Ahmet Bircan,Beşiktaş Jimnastik Kulübü,0.0,Alberto Costa,FC Porto,DEF,0.0
GW 55,4,Extra DEF,0.0,Alexander Schlager,FC Red Bull Salzburg,0.0,Aleksa Terzić,FC Red Bull Salzburg,0.0,Alan Varela,FC Porto,0.0,Alaettin Ekici,Fenerbahçe Spor Kulübü,0.0,Alexander Bah,SL Benfica,DEF,0.0
GW 54,1,Extra DEF,0.0,Adem Ağaoğlu,Trabzonspor Kulübü,0.0,Abdülkerim Bardakcı,Galatasaray Spor Kulübü,0.0,Abdou Fall,Fenerbahçe Spor Kulübü,0.0,Ada Yüzgeç,Galatasaray Spor Kulübü,0.0,Adam Montgomery,Celtic FC,DEF,0.0
GW 54,2,Extra DEF,0.0,Ahmet Yıldırım,Trabzonspor Kulübü,0.0,Adrian Barišić,Sporting Braga,0.0,Adnan Fettahoğlu,Fenerbahçe Spor Kulübü,0.0,Ahmed Kutucu,Galatasaray Spor Kulübü,0.0,Afonso Sousa,Sporting Braga,DEF,0.0
GW 54,3,Extra DEF,0.0,Alaa Bellaarouch,Sporting Braga,0.0,Ahmet Tekke,Trabzonspor Kulübü,0.0,Aiden McCallion,Rangers FC,0.0,Ahmet Bircan,Beşiktaş Jimnastik Kulübü,0.0,Alberto Costa,FC Porto,DEF,0.0
GW 54,4,Extra DEF,0.0,Alexander Schlager,FC Red Bull Salzburg,0.0,Aleksa Terzić,FC Red Bull Salzburg,0.0,Alan Varela,FC Porto,0.0,Alaettin Ekici,Fenerbahçe Spor Kulübü,0.0,Alexander Bah,SL Benfica,DEF,0.0
GW 53,1,Extra DEF,0.0,Adem Ağaoğlu,Trabzonspor Kulübü,0.0,Abdülkerim Bardakcı,Galatasaray Spor Kulübü,0.0,Abdou Fall,Fenerbahçe Spor Kulübü,0.0,Ada Yüzgeç,Galatasaray Spor Kulübü,0.0,Adam Montgomery,Celtic FC,DEF,0.0
GW 53,2,Extra DEF,0.0,Ahmet Yıldırım,Trabzonspor Kulübü,0.0,Adrian Barišić,Sporting Braga,0.0,Adnan Fettahoğlu,Fenerbahçe Spor Kulübü,0.0,Ahmed Kutucu,Galatasaray Spor Kulübü,0.0,Afonso Sousa,Sporting Braga,DEF,0.0
GW 53,3,Extra DEF,0.0,Alaa Bellaarouch,Sporting Braga,0.0,Ahmet Tekke,Trabzonspor Kulübü,0.0,Aiden McCallion,Rangers FC,0.0,Ahmet Bircan,Beşiktaş Jimnastik Kulübü,0.0,Alberto Costa,FC Porto,DEF,0.0
GW 53,4,Extra DEF,0.0,Alexander Schlager,FC Red Bull Salzburg,0.0,Aleksa Terzić,FC Red Bull Salzburg,0.0,Alan Varela,FC Porto,0.0,Alaettin Ekici,Fenerbahçe Spor Kulübü,0.0,Alexander Bah,SL Benfica,DEF,0.0
GW 52,1,Extra DEF,0.0,Adem Ağaoğlu,Trabzonspor Kulübü,0.0,Abdülkerim Bardakcı,Galatasaray Spor Kulübü,0.0,Abdou Fall,Fenerbahçe Spor Kulübü,0.0,Ada Yüzgeç,Galatasaray Spor Kulübü,0.0,Adam Montgomery,Celtic FC,DEF,0.0
GW 52,2,Extra DEF,0.0,Ahmet Yıldırım,Trabzonspor Kulübü,0.0,Adrian Barišić,Sporting Braga,0.0,Adnan Fettahoğlu,Fenerbahçe Spor Kulübü,0.0,Ahmed Kutucu,Galatasaray Spor Kulübü,0.0,Afonso Sousa,Sporting Braga,DEF,0.0
GW 52,3,Extra DEF,0.0,Alaa Bellaarouch,Sporting Braga,0.0,Ahmet Tekke,Trabzonspor Kulübü,0.0,Aiden McCallion,Rangers FC,0.0,Ahmet Bircan,Beşiktaş Jimnastik Kulübü,0.0,Alberto Costa,FC Porto,DEF,0.0
GW 52,4,Extra DEF,0.0,Alexander Schlager,FC Red Bull Salzburg,0.0,Aleksa Terzić,FC Red Bull Salzburg,0.0,Alan Varela,FC Porto,0.0,Alaettin Ekici,Fenerbahçe Spor Kulübü,0.0,Alexander Bah,SL Benfica,DEF,0.0
GW 51,1,Extra DEF,0.0,Adem Ağaoğlu,Trabzonspor Kulübü,0.0,Abdülkerim Bardakcı,Galatasaray Spor Kulübü,0.0,Abdou Fall,Fenerbahçe Spor Kulübü,0.0,Ada Yüzgeç,Galatasaray Spor Kulübü,0.0,Adam Montgomery,Celtic FC,DEF,0.0
GW 51,2,Extra DEF,0.0,Ahmet Yıldırım,Trabzonspor Kulübü,0.0,Adrian Barišić,Sporting Braga,0.0,Adnan Fettahoğlu,Fenerbahçe Spor Kulübü,0.0,Ahmed Kutucu,Galatasaray Spor Kulübü,0.0,Afonso Sousa,Sporting Braga,DEF,0.0
GW 51,3,Extra DEF,0.0,Alaa Bellaarouch,Sporting Braga,0.0,Ahmet Tekke,Trabzonspor Kulübü,0.0,Aiden McCallion,Rangers FC,0.0,Ahmet Bircan,Beşiktaş Jimnastik Kulübü,0.0,Alberto Costa,FC Porto,DEF,0.0
GW 51,4,Extra DEF,0.0,Alexander Schlager,FC Red Bull Salzburg,0.0,Aleksa Terzić,FC Red Bull Salzburg,0.0,Alan Varela,FC Porto,0.0,Alaettin Ekici,Fenerbahçe Spor Kulübü,0.0,Alexander Bah,SL Benfica,DEF,0.0
GW 50,1,Extra DEF,0.0,Adem Ağaoğlu,Trabzonspor Kulübü,0.0,Abdülkerim Bardakcı,Galatasaray Spor Kulübü,0.0,Abdou Fall,Fenerbahçe Spor Kulübü,0.0,Ada Yüzgeç,Galatasaray Spor Kulübü,0.0,Adam Montgomery,Celtic FC,DEF,0.0
GW 50,2,Extra DEF,0.0,Ahmet Yıldırım,Trabzonspor Kulübü,0.0,Adrian Barišić,Sporting Braga,0.0,Adnan Fettahoğlu,Fenerbahçe Spor Kulübü,0.0,Ahmed Kutucu,Galatasaray Spor Kulübü,0.0,Afonso Sousa,Sporting Braga,DEF,0.0
GW 50,3,Extra DEF,0.0,Alaa Bellaarouch,Sporting Braga,0.0,Ahmet Tekke,Trabzonspor Kulübü,0.0,Aiden McCallion,Rangers FC,0.0,Ahmet Bircan,Beşiktaş Jimnastik Kulübü,0.0,Alberto Costa,FC Porto,DEF,0.0
GW 50,4,Extra DEF,0.0,Alexander Schlager,FC Red Bull Salzburg,0.0,Aleksa Terzić,FC Red Bull Salzburg,0.0,Alan Varela,FC Porto,0.0,Alaettin Ekici,Fenerbahçe Spor Kulübü,0.0,Alexander Bah,SL Benfica,DEF,0.0
GW 49,1,Extra DEF,0.0,Adem Ağaoğlu,Trabzonspor Kulübü,0.0,Abdülkerim Bardakcı,Galatasaray Spor Kulübü,0.0,Abdou Fall,Fenerbahçe Spor Kulübü,0.0,Ada Yüzgeç,Galatasaray Spor Kulübü,0.0,Adam Montgomery,Celtic FC,DEF,0.0
GW 49,2,Extra DEF,0.0,Ahmet Yıldırım,Trabzonspor Kulübü,0.0,Adrian Barišić,Sporting Braga,0.0,Adnan Fettahoğlu,Fenerbahçe Spor Kulübü,0.0,Ahmed Kutucu,Galatasaray Spor Kulübü,0.0,Afonso Sousa,Sporting Braga,DEF,0.0
GW 49,3,Extra DEF,0.0,Alaa Bellaarouch,Sporting Braga,0.0,Ahmet Tekke,Trabzonspor Kulübü,0.0,Aiden McCallion,Rangers FC,0.0,Ahmet Bircan,Beşiktaş Jimnastik Kulübü,0.0,Alberto Costa,FC Porto,DEF,0.0
GW 49,4,Extra DEF,0.0,Alexander Schlager,FC Red Bull Salzburg,0.0,Aleksa Terzić,FC Red Bull Salzburg,0.0,Alan Varela,FC Porto,0.0,Alaettin Ekici,Fenerbahçe Spor Kulübü,0.0,Alexander Bah,SL Benfica,DEF,0.0
GW 48,1,Extra DEF,0.0,Adem Ağaoğlu,Trabzonspor Kulübü,0.0,Abdülkerim Bardakcı,Galatasaray Spor Kulübü,0.0,Abdou Fall,Fenerbahçe Spor Kulübü,0.0,Ada Yüzgeç,Galatasaray Spor Kulübü,0.0,Adam Montgomery,Celtic FC,DEF,0.0
GW 48,2,Extra DEF,0.0,Ahmet Yıldırım,Trabzonspor Kulübü,0.0,Adrian Barišić,Sporting Braga,0.0,Adnan Fettahoğlu,Fenerbahçe Spor Kulübü,0.0,Ahmed Kutucu,Galatasaray Spor Kulübü,0.0,Afonso Sousa,Sporting Braga,DEF,0.0
GW 48,3,Extra DEF,0.0,Alaa Bellaarouch,Sporting Braga,0.0,Ahmet Tekke,Trabzonspor Kulübü,0.0,Aiden McCallion,Rangers FC,0.0,Ahmet Bircan,Beşiktaş Jimnastik Kulübü,0.0,Alberto Costa,FC Porto,DEF,0.0
GW 48,4,Extra DEF,0.0,Alexander Schlager,FC Red Bull Salzburg,0.0,Aleksa Terzić,FC Red Bull Salzburg,0.0,Alan Varela,FC Porto,0.0,Alaettin Ekici,Fenerbahçe Spor Kulübü,0.0,Alexander Bah,SL Benfica,DEF,0.0
GW 47,1,Extra DEF,0.0,Adem Ağaoğlu,Trabzonspor Kulübü,0.0,Abdülkerim Bardakcı,Galatasaray Spor Kulübü,0.0,Abdou Fall,Fenerbahçe Spor Kulübü,0.0,Ada Yüzgeç,Galatasaray Spor Kulübü,0.0,Adam Montgomery,Celtic FC,DEF,0.0
GW 47,2,Extra DEF,0.0,Ahmet Yıldırım,Trabzonspor Kulübü,0.0,Adrian Barišić,Sporting Braga,0.0,Adnan Fettahoğlu,Fenerbahçe Spor Kulübü,0.0,Ahmed Kutucu,Galatasaray Spor Kulübü,0.0,Afonso Sousa,Sporting Braga,DEF,0.0
GW 47,3,Extra DEF,0.0,Alaa Bellaarouch,Sporting Braga,0.0,Ahmet Tekke,Trabzonspor Kulübü,0.0,Aiden McCallion,Rangers FC,0.0,Ahmet Bircan,Beşiktaş Jimnastik Kulübü,0.0,Alberto Costa,FC Porto,DEF,0.0
GW 47,4,Extra DEF,0.0,Alexander Schlager,FC Red Bull Salzburg,0.0,Aleksa Terzić,FC Red Bull Salzburg,0.0,Alan Varela,FC Porto,0.0,Alaettin Ekici,Fenerbahçe Spor Kulübü,0.0,Alexander Bah,SL Benfica,DEF,0.0
GW 46,1,Extra DEF,0.0,Adem Ağaoğlu,Trabzonspor Kulübü,0.0,Abdülkerim Bardakcı,Galatasaray Spor Kulübü,0.0,Abdou Fall,Fenerbahçe Spor Kulübü,0.0,Ada Yüzgeç,Galatasaray Spor Kulübü,0.0,Adam Montgomery,Celtic FC,DEF,0.0
GW 46,2,Extra DEF,0.0,Ahmet Yıldırım,Trabzonspor Kulübü,0.0,Adrian Barišić,Sporting Braga,0.0,Adnan Fettahoğlu,Fenerbahçe Spor Kulübü,0.0,Ahmed Kutucu,Galatasaray Spor Kulübü,0.0,Afonso Sousa,Sporting Braga,DEF,0.0
GW 46,3,Extra DEF,0.0,Alaa Bellaarouch,Sporting Braga,0.0,Ahmet Tekke,Trabzonspor Kulübü,0.0,Aiden McCallion,Rangers FC,0.0,Ahmet Bircan,Beşiktaş Jimnastik Kulübü,0.0,Alberto Costa,FC Porto,DEF,0.0
GW 46,4,Extra DEF,0.0,Alexander Schlager,FC Red Bull Salzburg,0.0,Aleksa Terzić,FC Red Bull Salzburg,0.0,Alan Varela,FC Porto,0.0,Alaettin Ekici,Fenerbahçe Spor Kulübü,0.0,Alexander Bah,SL Benfica,DEF,0.0
GW 45,1,Extra DEF,0.0,Adem Ağaoğlu,Trabzonspor Kulübü,0.0,Abdülkerim Bardakcı,Galatasaray Spor Kulübü,0.0,Abdou Fall,Fenerbahçe Spor Kulübü,0.0,Ada Yüzgeç,Galatasaray Spor Kulübü,0.0,Adam Montgomery,Celtic FC,DEF,0.0
GW 45,2,Extra DEF,0.0,Ahmet Yıldırım,Trabzonspor Kulübü,0.0,Adrian Barišić,Sporting Braga,0.0,Adnan Fettahoğlu,Fenerbahçe Spor Kulübü,0.0,Ahmed Kutucu,Galatasaray Spor Kulübü,0.0,Afonso Sousa,Sporting Braga,DEF,0.0
GW 45,3,Extra DEF,0.0,Alaa Bellaarouch,Sporting Braga,0.0,Ahmet Tekke,Trabzonspor Kulübü,0.0,Aiden McCallion,Rangers FC,0.0,Ahmet Bircan,Beşiktaş Jimnastik Kulübü,0.0,Alberto Costa,FC Porto,DEF,0.0
GW 45,4,Extra DEF,0.0,Alexander Schlager,FC Red Bull Salzburg,0.0,Aleksa Terzić,FC Red Bull Salzburg,0.0,Alan Varela,FC Porto,0.0,Alaettin Ekici,Fenerbahçe Spor Kulübü,0.0,Alexander Bah,SL Benfica,DEF,0.0
GW 44,1,Extra DEF,0.0,Adem Ağaoğlu,Trabzonspor Kulübü,0.0,Abdülkerim Bardakcı,Galatasaray Spor Kulübü,0.0,Abdou Fall,Fenerbahçe Spor Kulübü,0.0,Ada Yüzgeç,Galatasaray Spor Kulübü,0.0,Adam Montgomery,Celtic FC,DEF,0.0
GW 44,2,Extra DEF,0.0,Ahmet Yıldırım,Trabzonspor Kulübü,0.0,Adrian Barišić,Sporting Braga,0.0,Adnan Fettahoğlu,Fenerbahçe Spor Kulübü,0.0,Ahmed Kutucu,Galatasaray Spor Kulübü,0.0,Afonso Sousa,Sporting Braga,DEF,0.0
GW 44,3,Extra DEF,0.0,Alaa Bellaarouch,Sporting Braga,0.0,Ahmet Tekke,Trabzonspor Kulübü,0.0,Aiden McCallion,Rangers FC,0.0,Ahmet Bircan,Beşiktaş Jimnastik Kulübü,0.0,Alberto Costa,FC Porto,DEF,0.0
GW 44,4,Extra DEF,0.0,Alexander Schlager,FC Red Bull Salzburg,0.0,Aleksa Terzić,FC Red Bull Salzburg,0.0,Alan Varela,FC Porto,0.0,Alaettin Ekici,Fenerbahçe Spor Kulübü,0.0,Alexander Bah,SL Benfica,DEF,0.0
GW 43,1,Extra DEF,0.0,Adem Ağaoğlu,Trabzonspor Kulübü,0.0,Abdülkerim Bardakcı,Galatasaray Spor Kulübü,0.0,Abdou Fall,Fenerbahçe Spor Kulübü,0.0,Ada Yüzgeç,Galatasaray Spor Kulübü,0.0,Adam Montgomery,Celtic FC,DEF,0.0
GW 43,2,Extra DEF,0.0,Ahmet Yıldırım,Trabzonspor Kulübü,0.0,Adrian Barišić,Sporting Braga,0.0,Adnan Fettahoğlu,Fenerbahçe Spor Kulübü,0.0,Ahmed Kutucu,Galatasaray Spor Kulübü,0.0,Afonso Sousa,Sporting Braga,DEF,0.0
GW 43,3,Extra DEF,0.0,Alaa Bellaarouch,Sporting Braga,0.0,Ahmet Tekke,Trabzonspor Kulübü,0.0,Aiden McCallion,Rangers FC,0.0,Ahmet Bircan,Beşiktaş Jimnastik Kulübü,0.0,Alberto Costa,FC Porto,DEF,0.0
GW 43,4,Extra DEF,0.0,Alexander Schlager,FC Red Bull Salzburg,0.0,Aleksa Terzić,FC Red Bull Salzburg,0.0,Alan Varela,FC Porto,0.0,Alaettin Ekici,Fenerbahçe Spor Kulübü,0.0,Alexander Bah,SL Benfica,DEF,0.0
GW 42,1,Extra DEF,0.0,Adem Ağaoğlu,Trabzonspor Kulübü,0.0,Abdülkerim Bardakcı,Galatasaray Spor Kulübü,0.0,Abdou Fall,Fenerbahçe Spor Kulübü,0.0,Ada Yüzgeç,Galatasaray Spor Kulübü,0.0,Adam Montgomery,Celtic FC,DEF,0.0
GW 42,2,Extra DEF,0.0,Ahmet Yıldırım,Trabzonspor Kulübü,0.0,Adrian Barišić,Sporting Braga,0.0,Adnan Fettahoğlu,Fenerbahçe Spor Kulübü,0.0,Ahmed Kutucu,Galatasaray Spor Kulübü,0.0,Afonso Sousa,Sporting Braga,DEF,0.0
GW 42,3,Extra DEF,0.0,Alaa Bellaarouch,Sporting Braga,0.0,Ahmet Tekke,Trabzonspor Kulübü,0.0,Aiden McCallion,Rangers FC,0.0,Ahmet Bircan,Beşiktaş Jimnastik Kulübü,0.0,Alberto Costa,FC Porto,DEF,0.0
GW 42,4,Extra DEF,0.0,Alexander Schlager,FC Red Bull Salzburg,0.0,Aleksa Terzić,FC Red Bull Salzburg,0.0,Alan Varela,FC Porto,0.0,Alaettin Ekici,Fenerbahçe Spor Kulübü,0.0,Alexander Bah,SL Benfica,DEF,0.0
GW 41,1,Extra DEF,0.0,Adem Ağaoğlu,Trabzonspor Kulübü,0.0,Abdülkerim Bardakcı,Galatasaray Spor Kulübü,0.0,Abdou Fall,Fenerbahçe Spor Kulübü,0.0,Ada Yüzgeç,Galatasaray Spor Kulübü,0.0,Adam Montgomery,Celtic FC,DEF,0.0
GW 41,2,Extra DEF,0.0,Ahmet Yıldırım,Trabzonspor Kulübü,0.0,Adrian Barišić,Sporting Braga,0.0,Adnan Fettahoğlu,Fenerbahçe Spor Kulübü,0.0,Ahmed Kutucu,Galatasaray Spor Kulübü,0.0,Afonso Sousa,Sporting Braga,DEF,0.0
GW 41,3,Extra DEF,0.0,Alaa Bellaarouch,Sporting Braga,0.0,Ahmet Tekke,Trabzonspor Kulübü,0.0,Aiden McCallion,Rangers FC,0.0,Ahmet Bircan,Beşiktaş Jimnastik Kulübü,0.0,Alberto Costa,FC Porto,DEF,0.0
GW 41,4,Extra DEF,0.0,Alexander Schlager,FC Red Bull Salzburg,0.0,Aleksa Terzić,FC Red Bull Salzburg,0.0,Alan Varela,FC Porto,0.0,Alaettin Ekici,Fenerbahçe Spor Kulübü,0.0,Alexander Bah,SL Benfica,DEF,0.0
GW 40,1,Extra DEF,0.0,Adem Ağaoğlu,Trabzonspor Kulübü,0.0,Abdülkerim Bardakcı,Galatasaray Spor Kulübü,0.0,Abdou Fall,Fenerbahçe Spor Kulübü,0.0,Ada Yüzgeç,Galatasaray Spor Kulübü,0.0,Adam Montgomery,Celtic FC,DEF,0.0
GW 40,2,Extra DEF,0.0,Ahmet Yıldırım,Trabzonspor Kulübü,0.0,Adrian Barišić,Sporting Braga,0.0,Adnan Fettahoğlu,Fenerbahçe Spor Kulübü,0.0,Ahmed Kutucu,Galatasaray Spor Kulübü,0.0,Afonso Sousa,Sporting Braga,DEF,0.0
GW 40,3,Extra DEF,0.0,Alaa Bellaarouch,Sporting Braga,0.0,Ahmet Tekke,Trabzonspor Kulübü,0.0,Aiden McCallion,Rangers FC,0.0,Ahmet Bircan,Beşiktaş Jimnastik Kulübü,0.0,Alberto Costa,FC Porto,DEF,0.0
GW 40,4,Extra DEF,0.0,Alexander Schlager,FC Red Bull Salzburg,0.0,Aleksa Terzić,FC Red Bull Salzburg,0.0,Alan Varela,FC Porto,0.0,Alaettin Ekici,Fenerbahçe Spor Kulübü,0.0,Alexander Bah,SL Benfica,DEF,0.0
GW 39,1,Extra DEF,0.0,Adem Ağaoğlu,Trabzonspor Kulübü,0.0,Abdülkerim Bardakcı,Galatasaray Spor Kulübü,0.0,Abdou Fall,Fenerbahçe Spor Kulübü,0.0,Ada Yüzgeç,Galatasaray Spor Kulübü,0.0,Adam Montgomery,Celtic FC,DEF,0.0
GW 39,2,Extra DEF,0.0,Ahmet Yıldırım,Trabzonspor Kulübü,0.0,Adrian Barišić,Sporting Braga,0.0,Adnan Fettahoğlu,Fenerbahçe Spor Kulübü,0.0,Ahmed Kutucu,Galatasaray Spor Kulübü,0.0,Afonso Sousa,Sporting Braga,DEF,0.0
GW 39,3,Extra DEF,0.0,Alaa Bellaarouch,Sporting Braga,0.0,Ahmet Tekke,Trabzonspor Kulübü,0.0,Aiden McCallion,Rangers FC,0.0,Ahmet Bircan,Beşiktaş Jimnastik Kulübü,0.0,Alberto Costa,FC Porto,DEF,0.0
GW 39,4,Extra DEF,0.0,Alexander Schlager,FC Red Bull Salzburg,0.0,Aleksa Terzić,FC Red Bull Salzburg,0.0,Alan Varela,FC Porto,0.0,Alaettin Ekici,Fenerbahçe Spor Kulübü,0.0,Alexander Bah,SL Benfica,DEF,0.0
GW 38,1,Extra DEF,0.0,Adem Ağaoğlu,Trabzonspor Kulübü,0.0,Abdülkerim Bardakcı,Galatasaray Spor Kulübü,0.0,Abdou Fall,Fenerbahçe Spor Kulübü,0.0,Ada Yüzgeç,Galatasaray Spor Kulübü,0.0,Adam Montgomery,Celtic FC,DEF,0.0
GW 38,2,Extra DEF,0.0,Ahmet Yıldırım,Trabzonspor Kulübü,0.0,Adrian Barišić,Sporting Braga,0.0,Adnan Fettahoğlu,Fenerbahçe Spor Kulübü,0.0,Ahmed Kutucu,Galatasaray Spor Kulübü,0.0,Afonso Sousa,Sporting Braga,DEF,0.0
GW 38,3,Extra DEF,0.0,Alaa Bellaarouch,Sporting Braga,0.0,Ahmet Tekke,Trabzonspor Kulübü,0.0,Aiden McCallion,Rangers FC,0.0,Ahmet Bircan,Beşiktaş Jimnastik Kulübü,0.0,Alberto Costa,FC Porto,DEF,0.0
GW 38,4,Extra DEF,0.0,Alexander Schlager,FC Red Bull Salzburg,0.0,Aleksa Terzić,FC Red Bull Salzburg,0.0,Alan Varela,FC Porto,0.0,Alaettin Ekici,Fenerbahçe Spor Kulübü,0.0,Alexander Bah,SL Benfica,DEF,0.0
GW 37,1,Extra DEF,0.0,Adem Ağaoğlu,Trabzonspor Kulübü,0.0,Abdülkerim Bardakcı,Galatasaray Spor Kulübü,0.0,Abdou Fall,Fenerbahçe Spor Kulübü,0.0,Ada Yüzgeç,Galatasaray Spor Kulübü,0.0,Adam Montgomery,Celtic FC,DEF,0.0
GW 37,2,Extra DEF,0.0,Ahmet Yıldırım,Trabzonspor Kulübü,0.0,Adrian Barišić,Sporting Braga,0.0,Adnan Fettahoğlu,Fenerbahçe Spor Kulübü,0.0,Ahmed Kutucu,Galatasaray Spor Kulübü,0.0,Afonso Sousa,Sporting Braga,DEF,0.0
GW 37,3,Extra DEF,0.0,Alaa Bellaarouch,Sporting Braga,0.0,Ahmet Tekke,Trabzonspor Kulübü,0.0,Aiden McCallion,Rangers FC,0.0,Ahmet Bircan,Beşiktaş Jimnastik Kulübü,0.0,Alberto Costa,FC Porto,DEF,0.0
GW 37,4,Extra DEF,0.0,Alexander Schlager,FC Red Bull Salzburg,0.0,Aleksa Terzić,FC Red Bull Salzburg,0.0,Alan Varela,FC Porto,0.0,Alaettin Ekici,Fenerbahçe Spor Kulübü,0.0,Alexander Bah,SL Benfica,DEF,0.0
GW 36,1,Extra DEF,0.0,Adem Ağaoğlu,Trabzonspor Kulübü,0.0,Abdülkerim Bardakcı,Galatasaray Spor Kulübü,0.0,Abdou Fall,Fenerbahçe Spor Kulübü,0.0,Ada Yüzgeç,Galatasaray Spor Kulübü,0.0,Adam Montgomery,Celtic FC,DEF,0.0
GW 36,2,Extra DEF,0.0,Ahmet Yıldırım,Trabzonspor Kulübü,0.0,Adrian Barišić,Sporting Braga,0.0,Adnan Fettahoğlu,Fenerbahçe Spor Kulübü,0.0,Ahmed Kutucu,Galatasaray Spor Kulübü,0.0,Afonso Sousa,Sporting Braga,DEF,0.0
GW 36,3,Extra DEF,0.0,Alaa Bellaarouch,Sporting Braga,0.0,Ahmet Tekke,Trabzonspor Kulübü,0.0,Aiden McCallion,Rangers FC,0.0,Ahmet Bircan,Beşiktaş Jimnastik Kulübü,0.0,Alberto Costa,FC Porto,DEF,0.0
GW 36,4,Extra DEF,0.0,Alexander Schlager,FC Red Bull Salzburg,0.0,Aleksa Terzić,FC Red Bull Salzburg,0.0,Alan Varela,FC Porto,0.0,Alaettin Ekici,Fenerbahçe Spor Kulübü,0.0,Alexander Bah,SL Benfica,DEF,0.0
GW 35,1,Extra DEF,0.0,Adem Ağaoğlu,Trabzonspor Kulübü,0.0,Abdülkerim Bardakcı,Galatasaray Spor Kulübü,0.0,Abdou Fall,Fenerbahçe Spor Kulübü,0.0,Ada Yüzgeç,Galatasaray Spor Kulübü,0.0,Adam Montgomery,Celtic FC,DEF,0.0
GW 35,2,Extra DEF,0.0,Ahmet Yıldırım,Trabzonspor Kulübü,0.0,Adrian Barišić,Sporting Braga,0.0,Adnan Fettahoğlu,Fenerbahçe Spor Kulübü,0.0,Ahmed Kutucu,Galatasaray Spor Kulübü,0.0,Afonso Sousa,Sporting Braga,DEF,0.0
GW 35,3,Extra DEF,0.0,Alaa Bellaarouch,Sporting Braga,0.0,Ahmet Tekke,Trabzonspor Kulübü,0.0,Aiden McCallion,Rangers FC,0.0,Ahmet Bircan,Beşiktaş Jimnastik Kulübü,0.0,Alberto Costa,FC Porto,DEF,0.0
GW 35,4,Extra DEF,0.0,Alexander Schlager,FC Red Bull Salzburg,0.0,Aleksa Terzić,FC Red Bull Salzburg,0.0,Alan Varela,FC Porto,0.0,Alaettin Ekici,Fenerbahçe Spor Kulübü,0.0,Alexander Bah,SL Benfica,DEF,0.0
GW 34,1,Extra DEF,0.0,Adem Ağaoğlu,Trabzonspor Kulübü,0.0,Abdülkerim Bardakcı,Galatasaray Spor Kulübü,0.0,Abdou Fall,Fenerbahçe Spor Kulübü,0.0,Ada Yüzgeç,Galatasaray Spor Kulübü,0.0,Adam Montgomery,Celtic FC,DEF,0.0
GW 34,2,Extra DEF,0.0,Ahmet Yıldırım,Trabzonspor Kulübü,0.0,Adrian Barišić,Sporting Braga,0.0,Adnan Fettahoğlu,Fenerbahçe Spor Kulübü,0.0,Ahmed Kutucu,Galatasaray Spor Kulübü,0.0,Afonso Sousa,Sporting Braga,DEF,0.0
GW 34,3,Extra DEF,0.0,Alaa Bellaarouch,Sporting Braga,0.0,Ahmet Tekke,Trabzonspor Kulübü,0.0,Aiden McCallion,Rangers FC,0.0,Ahmet Bircan,Beşiktaş Jimnastik Kulübü,0.0,Alberto Costa,FC Porto,DEF,0.0
GW 34,4,Extra DEF,0.0,Alexander Schlager,FC Red Bull Salzburg,0.0,Aleksa Terzić,FC Red Bull Salzburg,0.0,Alan Varela,FC Porto,0.0,Alaettin Ekici,Fenerbahçe Spor Kulübü,0.0,Alexander Bah,SL Benfica,DEF,0.0
GW 33,1,Extra DEF,0.0,Adem Ağaoğlu,Trabzonspor Kulübü,0.0,Abdülkerim Bardakcı,Galatasaray Spor Kulübü,0.0,Abdou Fall,Fenerbahçe Spor Kulübü,0.0,Ada Yüzgeç,Galatasaray Spor Kulübü,0.0,Adam Montgomery,Celtic FC,DEF,0.0
GW 33,2,Extra DEF,0.0,Ahmet Yıldırım,Trabzonspor Kulübü,0.0,Adrian Barišić,Sporting Braga,0.0,Adnan Fettahoğlu,Fenerbahçe Spor Kulübü,0.0,Ahmed Kutucu,Galatasaray Spor Kulübü,0.0,Afonso Sousa,Sporting Braga,DEF,0.0
GW 33,3,Extra DEF,0.0,Alaa Bellaarouch,Sporting Braga,0.0,Ahmet Tekke,Trabzonspor Kulübü,0.0,Aiden McCallion,Rangers FC,0.0,Ahmet Bircan,Beşiktaş Jimnastik Kulübü,0.0,Alberto Costa,FC Porto,DEF,0.0
GW 33,4,Extra DEF,0.0,Alexander Schlager,FC Red Bull Salzburg,0.0,Aleksa Terzić,FC Red Bull Salzburg,0.0,Alan Varela,FC Porto,0.0,Alaettin Ekici,Fenerbahçe Spor Kulübü,0.0,Alexander Bah,SL Benfica,DEF,0.0
GW 32,1,Extra DEF,0.0,Adem Ağaoğlu,Trabzonspor Kulübü,0.0,Abdülkerim Bardakcı,Galatasaray Spor Kulübü,0.0,Abdou Fall,Fenerbahçe Spor Kulübü,0.0,Ada Yüzgeç,Galatasaray Spor Kulübü,0.0,Adam Montgomery,Celtic FC,DEF,0.0
GW 32,2,Extra DEF,0.0,Ahmet Yıldırım,Trabzonspor Kulübü,0.0,Adrian Barišić,Sporting Braga,0.0,Adnan Fettahoğlu,Fenerbahçe Spor Kulübü,0.0,Ahmed Kutucu,Galatasaray Spor Kulübü,0.0,Afonso Sousa,Sporting Braga,DEF,0.0
GW 32,3,Extra DEF,0.0,Alaa Bellaarouch,Sporting Braga,0.0,Ahmet Tekke,Trabzonspor Kulübü,0.0,Aiden McCallion,Rangers FC,0.0,Ahmet Bircan,Beşiktaş Jimnastik Kulübü,0.0,Alberto Costa,FC Porto,DEF,0.0
GW 32,4,Extra DEF,0.0,Alexander Schlager,FC Red Bull Salzburg,0.0,Aleksa Terzić,FC Red Bull Salzburg,0.0,Alan Varela,FC Porto,0.0,Alaettin Ekici,Fenerbahçe Spor Kulübü,0.0,Alexander Bah,SL Benfica,DEF,0.0
GW 31,1,Extra DEF,0.0,Adem Ağaoğlu,Trabzonspor Kulübü,0.0,Abdülkerim Bardakcı,Galatasaray Spor Kulübü,0.0,Abdou Fall,Fenerbahçe Spor Kulübü,0.0,Ada Yüzgeç,Galatasaray Spor Kulübü,0.0,Adam Montgomery,Celtic FC,DEF,0.0
GW 31,2,Extra DEF,0.0,Ahmet Yıldırım,Trabzonspor Kulübü,0.0,Adrian Barišić,Sporting Braga,0.0,Adnan Fettahoğlu,Fenerbahçe Spor Kulübü,0.0,Ahmed Kutucu,Galatasaray Spor Kulübü,0.0,Afonso Sousa,Sporting Braga,DEF,0.0
GW 31,3,Extra DEF,0.0,Alaa Bellaarouch,Sporting Braga,0.0,Ahmet Tekke,Trabzonspor Kulübü,0.0,Aiden McCallion,Rangers FC,0.0,Ahmet Bircan,Beşiktaş Jimnastik Kulübü,0.0,Alberto Costa,FC Porto,DEF,0.0
GW 31,4,Extra DEF,0.0,Alexander Schlager,FC Red Bull Salzburg,0.0,Aleksa Terzić,FC Red Bull Salzburg,0.0,Alan Varela,FC Porto,0.0,Alaettin Ekici,Fenerbahçe Spor Kulübü,0.0,Alexander Bah,SL Benfica,DEF,0.0
GW 30,1,Extra DEF,0.0,Adem Ağaoğlu,Trabzonspor Kulübü,0.0,Abdülkerim Bardakcı,Galatasaray Spor Kulübü,0.0,Abdou Fall,Fenerbahçe Spor Kulübü,0.0,Ada Yüzgeç,Galatasaray Spor Kulübü,0.0,Adam Montgomery,Celtic FC,DEF,0.0
GW 30,2,Extra DEF,0.0,Ahmet Yıldırım,Trabzonspor Kulübü,0.0,Adrian Barišić,Sporting Braga,0.0,Adnan Fettahoğlu,Fenerbahçe Spor Kulübü,0.0,Ahmed Kutucu,Galatasaray Spor Kulübü,0.0,Afonso Sousa,Sporting Braga,DEF,0.0
GW 30,3,Extra DEF,0.0,Alaa Bellaarouch,Sporting Braga,0.0,Ahmet Tekke,Trabzonspor Kulübü,0.0,Aiden McCallion,Rangers FC,0.0,Ahmet Bircan,Beşiktaş Jimnastik Kulübü,0.0,Alberto Costa,FC Porto,DEF,0.0
GW 30,4,Extra DEF,0.0,Alexander Schlager,FC Red Bull Salzburg,0.0,Aleksa Terzić,FC Red Bull Salzburg,0.0,Alan Varela,FC Porto,0.0,Alaettin Ekici,Fenerbahçe Spor Kulübü,0.0,Alexander Bah,SL Benfica,DEF,0.0
GW 29,1,Extra DEF,0.0,Adem Ağaoğlu,Trabzonspor Kulübü,0.0,Abdülkerim Bardakcı,Galatasaray Spor Kulübü,0.0,Abdou Fall,Fenerbahçe Spor Kulübü,0.0,Ada Yüzgeç,Galatasaray Spor Kulübü,0.0,Adam Montgomery,Celtic FC,DEF,0.0
GW 29,2,Extra DEF,0.0,Ahmet Yıldırım,Trabzonspor Kulübü,0.0,Adrian Barišić,Sporting Braga,0.0,Adnan Fettahoğlu,Fenerbahçe Spor Kulübü,0.0,Ahmed Kutucu,Galatasaray Spor Kulübü,0.0,Afonso Sousa,Sporting Braga,DEF,0.0
GW 29,3,Extra DEF,0.0,Alaa Bellaarouch,Sporting Braga,0.0,Ahmet Tekke,Trabzonspor Kulübü,0.0,Aiden McCallion,Rangers FC,0.0,Ahmet Bircan,Beşiktaş Jimnastik Kulübü,0.0,Alberto Costa,FC Porto,DEF,0.0
GW 29,4,Extra DEF,0.0,Alexander Schlager,FC Red Bull Salzburg,0.0,Aleksa Terzić,FC Red Bull Salzburg,0.0,Alan Varela,FC Porto,0.0,Alaettin Ekici,Fenerbahçe Spor Kulübü,0.0,Alexander Bah,SL Benfica,DEF,0.0
GW 28,1,Extra DEF,0.0,Adem Ağaoğlu,Trabzonspor Kulübü,0.0,Abdülkerim Bardakcı,Galatasaray Spor Kulübü,0.0,Abdou Fall,Fenerbahçe Spor Kulübü,0.0,Ada Yüzgeç,Galatasaray Spor Kulübü,0.0,Adam Montgomery,Celtic FC,DEF,0.0
GW 28,2,Extra DEF,0.0,Ahmet Yıldırım,Trabzonspor Kulübü,0.0,Adrian Barišić,Sporting Braga,0.0,Adnan Fettahoğlu,Fenerbahçe Spor Kulübü,0.0,Ahmed Kutucu,Galatasaray Spor Kulübü,0.0,Afonso Sousa,Sporting Braga,DEF,0.0
GW 28,3,Extra DEF,0.0,Alaa Bellaarouch,Sporting Braga,0.0,Ahmet Tekke,Trabzonspor Kulübü,0.0,Aiden McCallion,Rangers FC,0.0,Ahmet Bircan,Beşiktaş Jimnastik Kulübü,0.0,Alberto Costa,FC Porto,DEF,0.0
GW 28,4,Extra DEF,0.0,Alexander Schlager,FC Red Bull Salzburg,0.0,Aleksa Terzić,FC Red Bull Salzburg,0.0,Alan Varela,FC Porto,0.0,Alaettin Ekici,Fenerbahçe Spor Kulübü,0.0,Alexander Bah,SL Benfica,DEF,0.0
GW 27,1,Extra DEF,0.0,Adem Ağaoğlu,Trabzonspor Kulübü,0.0,Abdülkerim Bardakcı,Galatasaray Spor Kulübü,0.0,Abdou Fall,Fenerbahçe Spor Kulübü,0.0,Ada Yüzgeç,Galatasaray Spor Kulübü,0.0,Adam Montgomery,Celtic FC,DEF,0.0
GW 27,2,Extra DEF,0.0,Ahmet Yıldırım,Trabzonspor Kulübü,0.0,Adrian Barišić,Sporting Braga,0.0,Adnan Fettahoğlu,Fenerbahçe Spor Kulübü,0.0,Ahmed Kutucu,Galatasaray Spor Kulübü,0.0,Afonso Sousa,Sporting Braga,DEF,0.0
GW 27,3,Extra DEF,0.0,Alaa Bellaarouch,Sporting Braga,0.0,Ahmet Tekke,Trabzonspor Kulübü,0.0,Aiden McCallion,Rangers FC,0.0,Ahmet Bircan,Beşiktaş Jimnastik Kulübü,0.0,Alberto Costa,FC Porto,DEF,0.0
GW 27,4,Extra DEF,0.0,Alexander Schlager,FC Red Bull Salzburg,0.0,Aleksa Terzić,FC Red Bull Salzburg,0.0,Alan Varela,FC Porto,0.0,Alaettin Ekici,Fenerbahçe Spor Kulübü,0.0,Alexander Bah,SL Benfica,DEF,0.0
GW 26,1,Extra DEF,0.0,Adem Ağaoğlu,Trabzonspor Kulübü,0.0,Abdülkerim Bardakcı,Galatasaray Spor Kulübü,0.0,Abdou Fall,Fenerbahçe Spor Kulübü,0.0,Ada Yüzgeç,Galatasaray Spor Kulübü,0.0,Adam Montgomery,Celtic FC,DEF,0.0
GW 26,2,Extra DEF,0.0,Ahmet Yıldırım,Trabzonspor Kulübü,0.0,Adrian Barišić,Sporting Braga,0.0,Adnan Fettahoğlu,Fenerbahçe Spor Kulübü,0.0,Ahmed Kutucu,Galatasaray Spor Kulübü,0.0,Afonso Sousa,Sporting Braga,DEF,0.0
GW 26,3,Extra DEF,0.0,Alaa Bellaarouch,Sporting Braga,0.0,Ahmet Tekke,Trabzonspor Kulübü,0.0,Aiden McCallion,Rangers FC,0.0,Ahmet Bircan,Beşiktaş Jimnastik Kulübü,0.0,Alberto Costa,FC Porto,DEF,0.0
GW 26,4,Extra DEF,0.0,Alexander Schlager,FC Red Bull Salzburg,0.0,Aleksa Terzić,FC Red Bull Salzburg,0.0,Alan Varela,FC Porto,0.0,Alaettin Ekici,Fenerbahçe Spor Kulübü,0.0,Alexander Bah,SL Benfica,DEF,0.0
GW 25,1,Extra DEF,0.0,Adem Ağaoğlu,Trabzonspor Kulübü,0.0,Abdülkerim Bardakcı,Galatasaray Spor Kulübü,0.0,Abdou Fall,Fenerbahçe Spor Kulübü,0.0,Ada Yüzgeç,Galatasaray Spor Kulübü,0.0,Adam Montgomery,Celtic FC,DEF,0.0
GW 25,2,Extra DEF,0.0,Ahmet Yıldırım,Trabzonspor Kulübü,0.0,Adrian Barišić,Sporting Braga,0.0,Adnan Fettahoğlu,Fenerbahçe Spor Kulübü,0.0,Ahmed Kutucu,Galatasaray Spor Kulübü,0.0,Afonso Sousa,Sporting Braga,DEF,0.0
GW 25,3,Extra DEF,0.0,Alaa Bellaarouch,Sporting Braga,0.0,Ahmet Tekke,Trabzonspor Kulübü,0.0,Aiden McCallion,Rangers FC,0.0,Ahmet Bircan,Beşiktaş Jimnastik Kulübü,0.0,Alberto Costa,FC Porto,DEF,0.0
GW 25,4,Extra DEF,0.0,Alexander Schlager,FC Red Bull Salzburg,0.0,Aleksa Terzić,FC Red Bull Salzburg,0.0,Alan Varela,FC Porto,0.0,Alaettin Ekici,Fenerbahçe Spor Kulübü,0.0,Alexander Bah,SL Benfica,DEF,0.0
GW 24,1,Extra DEF,0.0,Adem Ağaoğlu,Trabzonspor Kulübü,0.0,Abdülkerim Bardakcı,Galatasaray Spor Kulübü,0.0,Abdou Fall,Fenerbahçe Spor Kulübü,0.0,Ada Yüzgeç,Galatasaray Spor Kulübü,0.0,Adam Montgomery,Celtic FC,DEF,0.0
GW 24,2,Extra DEF,0.0,Ahmet Yıldırım,Trabzonspor Kulübü,0.0,Adrian Barišić,Sporting Braga,0.0,Adnan Fettahoğlu,Fenerbahçe Spor Kulübü,0.0,Ahmed Kutucu,Galatasaray Spor Kulübü,0.0,Afonso Sousa,Sporting Braga,DEF,0.0
GW 24,3,Extra DEF,0.0,Alaa Bellaarouch,Sporting Braga,0.0,Ahmet Tekke,Trabzonspor Kulübü,0.0,Aiden McCallion,Rangers FC,0.0,Ahmet Bircan,Beşiktaş Jimnastik Kulübü,0.0,Alberto Costa,FC Porto,DEF,0.0
GW 24,4,Extra DEF,0.0,Alexander Schlager,FC Red Bull Salzburg,0.0,Aleksa Terzić,FC Red Bull Salzburg,0.0,Alan Varela,FC Porto,0.0,Alaettin Ekici,Fenerbahçe Spor Kulübü,0.0,Alexander Bah,SL Benfica,DEF,0.0
GW 23,1,Extra DEF,0.0,Adem Ağaoğlu,Trabzonspor Kulübü,0.0,Abdülkerim Bardakcı,Galatasaray Spor Kulübü,0.0,Abdou Fall,Fenerbahçe Spor Kulübü,0.0,Ada Yüzgeç,Galatasaray Spor Kulübü,0.0,Adam Montgomery,Celtic FC,DEF,0.0
GW 23,2,Extra DEF,0.0,Ahmet Yıldırım,Trabzonspor Kulübü,0.0,Adrian Barišić,Sporting Braga,0.0,Adnan Fettahoğlu,Fenerbahçe Spor Kulübü,0.0,Ahmed Kutucu,Galatasaray Spor Kulübü,0.0,Afonso Sousa,Sporting Braga,DEF,0.0
GW 23,3,Extra DEF,0.0,Alaa Bellaarouch,Sporting Braga,0.0,Ahmet Tekke,Trabzonspor Kulübü,0.0,Aiden McCallion,Rangers FC,0.0,Ahmet Bircan,Beşiktaş Jimnastik Kulübü,0.0,Alberto Costa,FC Porto,DEF,0.0
GW 23,4,Extra DEF,0.0,Alexander Schlager,FC Red Bull Salzburg,0.0,Aleksa Terzić,FC Red Bull Salzburg,0.0,Alan Varela,FC Porto,0.0,Alaettin Ekici,Fenerbahçe Spor Kulübü,0.0,Alexander Bah,SL Benfica,DEF,0.0
GW 22,1,Extra DEF,0.0,Adem Ağaoğlu,Trabzonspor Kulübü,0.0,Abdülkerim Bardakcı,Galatasaray Spor Kulübü,0.0,Abdou Fall,Fenerbahçe Spor Kulübü,0.0,Ada Yüzgeç,Galatasaray Spor Kulübü,0.0,Adam Montgomery,Celtic FC,DEF,0.0
GW 22,2,Extra DEF,0.0,Ahmet Yıldırım,Trabzonspor Kulübü,0.0,Adrian Barišić,Sporting Braga,0.0,Adnan Fettahoğlu,Fenerbahçe Spor Kulübü,0.0,Ahmed Kutucu,Galatasaray Spor Kulübü,0.0,Afonso Sousa,Sporting Braga,DEF,0.0
GW 22,3,Extra DEF,0.0,Alaa Bellaarouch,Sporting Braga,0.0,Ahmet Tekke,Trabzonspor Kulübü,0.0,Aiden McCallion,Rangers FC,0.0,Ahmet Bircan,Beşiktaş Jimnastik Kulübü,0.0,Alberto Costa,FC Porto,DEF,0.0
GW 22,4,Extra DEF,0.0,Alexander Schlager,FC Red Bull Salzburg,0.0,Aleksa Terzić,FC Red Bull Salzburg,0.0,Alan Varela,FC Porto,0.0,Alaettin Ekici,Fenerbahçe Spor Kulübü,0.0,Alexander Bah,SL Benfica,DEF,0.0
GW 21,1,Extra DEF,0.0,Adem Ağaoğlu,Trabzonspor Kulübü,0.0,Abdülkerim Bardakcı,Galatasaray Spor Kulübü,0.0,Abdou Fall,Fenerbahçe Spor Kulübü,0.0,Ada Yüzgeç,Galatasaray Spor Kulübü,0.0,Adam Montgomery,Celtic FC,DEF,0.0
GW 21,2,Extra DEF,0.0,Ahmet Yıldırım,Trabzonspor Kulübü,0.0,Adrian Barišić,Sporting Braga,0.0,Adnan Fettahoğlu,Fenerbahçe Spor Kulübü,0.0,Ahmed Kutucu,Galatasaray Spor Kulübü,0.0,Afonso Sousa,Sporting Braga,DEF,0.0
GW 21,3,Extra DEF,0.0,Alaa Bellaarouch,Sporting Braga,0.0,Ahmet Tekke,Trabzonspor Kulübü,0.0,Aiden McCallion,Rangers FC,0.0,Ahmet Bircan,Beşiktaş Jimnastik Kulübü,0.0,Alberto Costa,FC Porto,DEF,0.0
GW 21,4,Extra DEF,0.0,Alexander Schlager,FC Red Bull Salzburg,0.0,Aleksa Terzić,FC Red Bull Salzburg,0.0,Alan Varela,FC Porto,0.0,Alaettin Ekici,Fenerbahçe Spor Kulübü,0.0,Alexander Bah,SL Benfica,DEF,0.0
GW 20,1,Extra DEF,0.0,Adem Ağaoğlu,Trabzonspor Kulübü,0.0,Abdülkerim Bardakcı,Galatasaray Spor Kulübü,0.0,Abdou Fall,Fenerbahçe Spor Kulübü,0.0,Ada Yüzgeç,Galatasaray Spor Kulübü,0.0,Adam Montgomery,Celtic FC,DEF,0.0
GW 20,2,Extra DEF,0.0,Ahmet Yıldırım,Trabzonspor Kulübü,0.0,Adrian Barišić,Sporting Braga,0.0,Adnan Fettahoğlu,Fenerbahçe Spor Kulübü,0.0,Ahmed Kutucu,Galatasaray Spor Kulübü,0.0,Afonso Sousa,Sporting Braga,DEF,0.0
GW 20,3,Extra DEF,0.0,Alaa Bellaarouch,Sporting Braga,0.0,Ahmet Tekke,Trabzonspor Kulübü,0.0,Aiden McCallion,Rangers FC,0.0,Ahmet Bircan,Beşiktaş Jimnastik Kulübü,0.0,Alberto Costa,FC Porto,DEF,0.0
GW 20,4,Extra DEF,0.0,Alexander Schlager,FC Red Bull Salzburg,0.0,Aleksa Terzić,FC Red Bull Salzburg,0.0,Alan Varela,FC Porto,0.0,Alaettin Ekici,Fenerbahçe Spor Kulübü,0.0,Alexander Bah,SL Benfica,DEF,0.0
GW 19,1,Extra DEF,0.0,Adem Ağaoğlu,Trabzonspor Kulübü,0.0,Abdülkerim Bardakcı,Galatasaray Spor Kulübü,0.0,Abdou Fall,Fenerbahçe Spor Kulübü,0.0,Ada Yüzgeç,Galatasaray Spor Kulübü,0.0,Adam Montgomery,Celtic FC,DEF,0.0
GW 19,2,Extra DEF,0.0,Ahmet Yıldırım,Trabzonspor Kulübü,0.0,Adrian Barišić,Sporting Braga,0.0,Adnan Fettahoğlu,Fenerbahçe Spor Kulübü,0.0,Ahmed Kutucu,Galatasaray Spor Kulübü,0.0,Afonso Sousa,Sporting Braga,DEF,0.0
GW 19,3,Extra DEF,0.0,Alaa Bellaarouch,Sporting Braga,0.0,Ahmet Tekke,Trabzonspor Kulübü,0.0,Aiden McCallion,Rangers FC,0.0,Ahmet Bircan,Beşiktaş Jimnastik Kulübü,0.0,Alberto Costa,FC Porto,DEF,0.0
GW 19,4,Extra DEF,0.0,Alexander Schlager,FC Red Bull Salzburg,0.0,Aleksa Terzić,FC Red Bull Salzburg,0.0,Alan Varela,FC Porto,0.0,Alaettin Ekici,Fenerbahçe Spor Kulübü,0.0,Alexander Bah,SL Benfica,DEF,0.0
GW 18,1,Extra DEF,0.0,Adem Ağaoğlu,Trabzonspor Kulübü,0.0,Abdülkerim Bardakcı,Galatasaray Spor Kulübü,0.0,Abdou Fall,Fenerbahçe Spor Kulübü,0.0,Ada Yüzgeç,Galatasaray Spor Kulübü,0.0,Adam Montgomery,Celtic FC,DEF,0.0
GW 18,2,Extra DEF,0.0,Ahmet Yıldırım,Trabzonspor Kulübü,0.0,Adrian Barišić,Sporting Braga,0.0,Adnan Fettahoğlu,Fenerbahçe Spor Kulübü,0.0,Ahmed Kutucu,Galatasaray Spor Kulübü,0.0,Afonso Sousa,Sporting Braga,DEF,0.0
GW 18,3,Extra DEF,0.0,Alaa Bellaarouch,Sporting Braga,0.0,Ahmet Tekke,Trabzonspor Kulübü,0.0,Aiden McCallion,Rangers FC,0.0,Ahmet Bircan,Beşiktaş Jimnastik Kulübü,0.0,Alberto Costa,FC Porto,DEF,0.0
GW 18,4,Extra DEF,0.0,Alexander Schlager,FC Red Bull Salzburg,0.0,Aleksa Terzić,FC Red Bull Salzburg,0.0,Alan Varela,FC Porto,0.0,Alaettin Ekici,Fenerbahçe Spor Kulübü,0.0,Alexander Bah,SL Benfica,DEF,0.0
GW 17,1,Extra DEF,0.0,Adem Ağaoğlu,Trabzonspor Kulübü,0.0,Abdülkerim Bardakcı,Galatasaray Spor Kulübü,0.0,Abdou Fall,Fenerbahçe Spor Kulübü,0.0,Ada Yüzgeç,Galatasaray Spor Kulübü,0.0,Adam Montgomery,Celtic FC,DEF,0.0
GW 17,2,Extra DEF,0.0,Ahmet Yıldırım,Trabzonspor Kulübü,0.0,Adrian Barišić,Sporting Braga,0.0,Adnan Fettahoğlu,Fenerbahçe Spor Kulübü,0.0,Ahmed Kutucu,Galatasaray Spor Kulübü,0.0,Afonso Sousa,Sporting Braga,DEF,0.0
GW 17,3,Extra DEF,0.0,Alaa Bellaarouch,Sporting Braga,0.0,Ahmet Tekke,Trabzonspor Kulübü,0.0,Aiden McCallion,Rangers FC,0.0,Ahmet Bircan,Beşiktaş Jimnastik Kulübü,0.0,Alberto Costa,FC Porto,DEF,0.0
GW 17,4,Extra DEF,0.0,Alexander Schlager,FC Red Bull Salzburg,0.0,Aleksa Terzić,FC Red Bull Salzburg,0.0,Alan Varela,FC Porto,0.0,Alaettin Ekici,Fenerbahçe Spor Kulübü,0.0,Alexander Bah,SL Benfica,DEF,0.0
GW 16,1,Extra DEF,0.0,Adem Ağaoğlu,Trabzonspor Kulübü,0.0,Abdülkerim Bardakcı,Galatasaray Spor Kulübü,0.0,Abdou Fall,Fenerbahçe Spor Kulübü,0.0,Ada Yüzgeç,Galatasaray Spor Kulübü,0.0,Adam Montgomery,Celtic FC,DEF,0.0
GW 16,2,Extra DEF,0.0,Ahmet Yıldırım,Trabzonspor Kulübü,0.0,Adrian Barišić,Sporting Braga,0.0,Adnan Fettahoğlu,Fenerbahçe Spor Kulübü,0.0,Ahmed Kutucu,Galatasaray Spor Kulübü,0.0,Afonso Sousa,Sporting Braga,DEF,0.0
GW 16,3,Extra DEF,0.0,Alaa Bellaarouch,Sporting Braga,0.0,Ahmet Tekke,Trabzonspor Kulübü,0.0,Aiden McCallion,Rangers FC,0.0,Ahmet Bircan,Beşiktaş Jimnastik Kulübü,0.0,Alberto Costa,FC Porto,DEF,0.0
GW 16,4,Extra DEF,0.0,Alexander Schlager,FC Red Bull Salzburg,0.0,Aleksa Terzić,FC Red Bull Salzburg,0.0,Alan Varela,FC Porto,0.0,Alaettin Ekici,Fenerbahçe Spor Kulübü,0.0,Alexander Bah,SL Benfica,DEF,0.0
GW 15,1,Extra DEF,0.0,Adem Ağaoğlu,Trabzonspor Kulübü,0.0,Abdülkerim Bardakcı,Galatasaray Spor Kulübü,0.0,Abdou Fall,Fenerbahçe Spor Kulübü,0.0,Ada Yüzgeç,Galatasaray Spor Kulübü,0.0,Adam Montgomery,Celtic FC,DEF,0.0
GW 15,2,Extra DEF,0.0,Ahmet Yıldırım,Trabzonspor Kulübü,0.0,Adrian Barišić,Sporting Braga,0.0,Adnan Fettahoğlu,Fenerbahçe Spor Kulübü,0.0,Ahmed Kutucu,Galatasaray Spor Kulübü,0.0,Afonso Sousa,Sporting Braga,DEF,0.0
GW 15,3,Extra DEF,0.0,Alaa Bellaarouch,Sporting Braga,0.0,Ahmet Tekke,Trabzonspor Kulübü,0.0,Aiden McCallion,Rangers FC,0.0,Ahmet Bircan,Beşiktaş Jimnastik Kulübü,0.0,Alberto Costa,FC Porto,DEF,0.0
GW 15,4,Extra DEF,0.0,Alexander Schlager,FC Red Bull Salzburg,0.0,Aleksa Terzić,FC Red Bull Salzburg,0.0,Alan Varela,FC Porto,0.0,Alaettin Ekici,Fenerbahçe Spor Kulübü,0.0,Alexander Bah,SL Benfica,DEF,0.0
GW 14,1,Extra DEF,0.0,Adem Ağaoğlu,Trabzonspor Kulübü,0.0,Abdülkerim Bardakcı,Galatasaray Spor Kulübü,0.0,Abdou Fall,Fenerbahçe Spor Kulübü,0.0,Ada Yüzgeç,Galatasaray Spor Kulübü,0.0,Adam Montgomery,Celtic FC,DEF,0.0
GW 14,2,Extra DEF,0.0,Ahmet Yıldırım,Trabzonspor Kulübü,0.0,Adrian Barišić,Sporting Braga,0.0,Adnan Fettahoğlu,Fenerbahçe Spor Kulübü,0.0,Ahmed Kutucu,Galatasaray Spor Kulübü,0.0,Afonso Sousa,Sporting Braga,DEF,0.0
GW 14,3,Extra DEF,0.0,Alaa Bellaarouch,Sporting Braga,0.0,Ahmet Tekke,Trabzonspor Kulübü,0.0,Aiden McCallion,Rangers FC,0.0,Ahmet Bircan,Beşiktaş Jimnastik Kulübü,0.0,Alberto Costa,FC Porto,DEF,0.0
GW 14,4,Extra DEF,0.0,Alexander Schlager,FC Red Bull Salzburg,0.0,Aleksa Terzić,FC Red Bull Salzburg,0.0,Alan Varela,FC Porto,0.0,Alaettin Ekici,Fenerbahçe Spor Kulübü,0.0,Alexander Bah,SL Benfica,DEF,0.0
GW 13,1,Extra DEF,0.0,Adem Ağaoğlu,Trabzonspor Kulübü,0.0,Abdülkerim Bardakcı,Galatasaray Spor Kulübü,0.0,Abdou Fall,Fenerbahçe Spor Kulübü,0.0,Ada Yüzgeç,Galatasaray Spor Kulübü,0.0,Adam Montgomery,Celtic FC,DEF,0.0
GW 13,2,Extra DEF,0.0,Ahmet Yıldırım,Trabzonspor Kulübü,0.0,Adrian Barišić,Sporting Braga,0.0,Adnan Fettahoğlu,Fenerbahçe Spor Kulübü,0.0,Ahmed Kutucu,Galatasaray Spor Kulübü,0.0,Afonso Sousa,Sporting Braga,DEF,0.0
GW 13,3,Extra DEF,0.0,Alaa Bellaarouch,Sporting Braga,0.0,Ahmet Tekke,Trabzonspor Kulübü,0.0,Aiden McCallion,Rangers FC,0.0,Ahmet Bircan,Beşiktaş Jimnastik Kulübü,0.0,Alberto Costa,FC Porto,DEF,0.0
GW 13,4,Extra DEF,0.0,Alexander Schlager,FC Red Bull Salzburg,0.0,Aleksa Terzić,FC Red Bull Salzburg,0.0,Alan Varela,FC Porto,0.0,Alaettin Ekici,Fenerbahçe Spor Kulübü,0.0,Alexander Bah,SL Benfica,DEF,0.0
GW 12,1,Extra DEF,0.0,Adem Ağaoğlu,Trabzonspor Kulübü,0.0,Abdülkerim Bardakcı,Galatasaray Spor Kulübü,0.0,Abdou Fall,Fenerbahçe Spor Kulübü,0.0,Ada Yüzgeç,Galatasaray Spor Kulübü,0.0,Adam Montgomery,Celtic FC,DEF,0.0
GW 12,2,Extra DEF,0.0,Ahmet Yıldırım,Trabzonspor Kulübü,0.0,Adrian Barišić,Sporting Braga,0.0,Adnan Fettahoğlu,Fenerbahçe Spor Kulübü,0.0,Ahmed Kutucu,Galatasaray Spor Kulübü,0.0,Afonso Sousa,Sporting Braga,DEF,0.0
GW 12,3,Extra DEF,0.0,Alaa Bellaarouch,Sporting Braga,0.0,Ahmet Tekke,Trabzonspor Kulübü,0.0,Aiden McCallion,Rangers FC,0.0,Ahmet Bircan,Beşiktaş Jimnastik Kulübü,0.0,Alberto Costa,FC Porto,DEF,0.0
GW 12,4,Extra DEF,0.0,Alexander Schlager,FC Red Bull Salzburg,0.0,Aleksa Terzić,FC Red Bull Salzburg,0.0,Alan Varela,FC Porto,0.0,Alaettin Ekici,Fenerbahçe Spor Kulübü,0.0,Alexander Bah,SL Benfica,DEF,0.0
GW 11,1,Extra DEF,0.0,Adem Ağaoğlu,Trabzonspor Kulübü,0.0,Abdülkerim Bardakcı,Galatasaray Spor Kulübü,0.0,Abdou Fall,Fenerbahçe Spor Kulübü,0.0,Ada Yüzgeç,Galatasaray Spor Kulübü,0.0,Adam Montgomery,Celtic FC,DEF,0.0
GW 11,2,Extra DEF,0.0,Ahmet Yıldırım,Trabzonspor Kulübü,0.0,Adrian Barišić,Sporting Braga,0.0,Adnan Fettahoğlu,Fenerbahçe Spor Kulübü,0.0,Ahmed Kutucu,Galatasaray Spor Kulübü,0.0,Afonso Sousa,Sporting Braga,DEF,0.0
GW 11,3,Extra DEF,0.0,Alaa Bellaarouch,Sporting Braga,0.0,Ahmet Tekke,Trabzonspor Kulübü,0.0,Aiden McCallion,Rangers FC,0.0,Ahmet Bircan,Beşiktaş Jimnastik Kulübü,0.0,Alberto Costa,FC Porto,DEF,0.0
GW 11,4,Extra DEF,0.0,Alexander Schlager,FC Red Bull Salzburg,0.0,Aleksa Terzić,FC Red Bull Salzburg,0.0,Alan Varela,FC Porto,0.0,Alaettin Ekici,Fenerbahçe Spor Kulübü,0.0,Alexander Bah,SL Benfica,DEF,0.0
GW 10,1,Extra DEF,0.0,Adem Ağaoğlu,Trabzonspor Kulübü,0.0,Abdülkerim Bardakcı,Galatasaray Spor Kulübü,0.0,Abdou Fall,Fenerbahçe Spor Kulübü,0.0,Ada Yüzgeç,Galatasaray Spor Kulübü,0.0,Adam Montgomery,Celtic FC,DEF,0.0
GW 10,2,Extra DEF,0.0,Ahmet Yıldırım,Trabzonspor Kulübü,0.0,Adrian Barišić,Sporting Braga,0.0,Adnan Fettahoğlu,Fenerbahçe Spor Kulübü,0.0,Ahmed Kutucu,Galatasaray Spor Kulübü,0.0,Afonso Sousa,Sporting Braga,DEF,0.0
GW 10,3,Extra DEF,0.0,Alaa Bellaarouch,Sporting Braga,0.0,Ahmet Tekke,Trabzonspor Kulübü,0.0,Aiden McCallion,Rangers FC,0.0,Ahmet Bircan,Beşiktaş Jimnastik Kulübü,0.0,Alberto Costa,FC Porto,DEF,0.0
GW 10,4,Extra DEF,0.0,Alexander Schlager,FC Red Bull Salzburg,0.0,Aleksa Terzić,FC Red Bull Salzburg,0.0,Alan Varela,FC Porto,0.0,Alaettin Ekici,Fenerbahçe Spor Kulübü,0.0,Alexander Bah,SL Benfica,DEF,0.0
GW 9,1,Extra DEF,0.0,Adem Ağaoğlu,Trabzonspor Kulübü,0.0,Abdülkerim Bardakcı,Galatasaray Spor Kulübü,0.0,Abdou Fall,Fenerbahçe Spor Kulübü,0.0,Ada Yüzgeç,Galatasaray Spor Kulübü,0.0,Adam Montgomery,Celtic FC,DEF,0.0
GW 9,2,Extra DEF,0.0,Ahmet Yıldırım,Trabzonspor Kulübü,0.0,Adrian Barišić,Sporting Braga,0.0,Adnan Fettahoğlu,Fenerbahçe Spor Kulübü,0.0,Ahmed Kutucu,Galatasaray Spor Kulübü,0.0,Afonso Sousa,Sporting Braga,DEF,0.0
GW 9,3,Extra DEF,0.0,Alaa Bellaarouch,Sporting Braga,0.0,Ahmet Tekke,Trabzonspor Kulübü,0.0,Aiden McCallion,Rangers FC,0.0,Ahmet Bircan,Beşiktaş Jimnastik Kulübü,0.0,Alberto Costa,FC Porto,DEF,0.0
GW 9,4,Extra DEF,0.0,Alexander Schlager,FC Red Bull Salzburg,0.0,Aleksa Terzić,FC Red Bull Salzburg,0.0,Alan Varela,FC Porto,0.0,Alaettin Ekici,Fenerbahçe Spor Kulübü,0.0,Alexander Bah,SL Benfica,DEF,0.0
GW 8,1,Extra DEF,0.0,Adem Ağaoğlu,Trabzonspor Kulübü,0.0,Abdülkerim Bardakcı,Galatasaray Spor Kulübü,0.0,Abdou Fall,Fenerbahçe Spor Kulübü,0.0,Ada Yüzgeç,Galatasaray Spor Kulübü,0.0,Adam Montgomery,Celtic FC,DEF,0.0
GW 8,2,Extra DEF,0.0,Ahmet Yıldırım,Trabzonspor Kulübü,0.0,Adrian Barišić,Sporting Braga,0.0,Adnan Fettahoğlu,Fenerbahçe Spor Kulübü,0.0,Ahmed Kutucu,Galatasaray Spor Kulübü,0.0,Afonso Sousa,Sporting Braga,DEF,0.0
GW 8,3,Extra DEF,0.0,Alaa Bellaarouch,Sporting Braga,0.0,Ahmet Tekke,Trabzonspor Kulübü,0.0,Aiden McCallion,Rangers FC,0.0,Ahmet Bircan,Beşiktaş Jimnastik Kulübü,0.0,Alberto Costa,FC Porto,DEF,0.0
GW 8,4,Extra DEF,0.0,Alexander Schlager,FC Red Bull Salzburg,0.0,Aleksa Terzić,FC Red Bull Salzburg,0.0,Alan Varela,FC Porto,0.0,Alaettin Ekici,Fenerbahçe Spor Kulübü,0.0,Alexander Bah,SL Benfica,DEF,0.0
GW 7,1,Extra DEF,0.0,Adem Ağaoğlu,Trabzonspor Kulübü,0.0,Abdülkerim Bardakcı,Galatasaray Spor Kulübü,0.0,Abdou Fall,Fenerbahçe Spor Kulübü,0.0,Ada Yüzgeç,Galatasaray Spor Kulübü,0.0,Adam Montgomery,Celtic FC,DEF,0.0
GW 7,2,Extra DEF,0.0,Ahmet Yıldırım,Trabzonspor Kulübü,0.0,Adrian Barišić,Sporting Braga,0.0,Adnan Fettahoğlu,Fenerbahçe Spor Kulübü,0.0,Ahmed Kutucu,Galatasaray Spor Kulübü,0.0,Afonso Sousa,Sporting Braga,DEF,0.0
GW 7,3,Extra DEF,0.0,Alaa Bellaarouch,Sporting Braga,0.0,Ahmet Tekke,Trabzonspor Kulübü,0.0,Aiden McCallion,Rangers FC,0.0,Ahmet Bircan,Beşiktaş Jimnastik Kulübü,0.0,Alberto Costa,FC Porto,DEF,0.0
GW 7,4,Extra DEF,0.0,Alexander Schlager,FC Red Bull Salzburg,0.0,Aleksa Terzić,FC Red Bull Salzburg,0.0,Alan Varela,FC Porto,0.0,Alaettin Ekici,Fenerbahçe Spor Kulübü,0.0,Alexander Bah,SL Benfica,DEF,0.0
GW 6,1,Extra DEF,0.0,Adem Ağaoğlu,Trabzonspor Kulübü,0.0,Abdülkerim Bardakcı,Galatasaray Spor Kulübü,0.0,Abdou Fall,Fenerbahçe Spor Kulübü,0.0,Ada Yüzgeç,Galatasaray Spor Kulübü,0.0,Adam Montgomery,Celtic FC,DEF,0.0
GW 6,2,Extra DEF,0.0,Ahmet Yıldırım,Trabzonspor Kulübü,0.0,Adrian Barišić,Sporting Braga,0.0,Adnan Fettahoğlu,Fenerbahçe Spor Kulübü,0.0,Ahmed Kutucu,Galatasaray Spor Kulübü,0.0,Afonso Sousa,Sporting Braga,DEF,0.0
GW 6,3,Extra DEF,0.0,Alaa Bellaarouch,Sporting Braga,0.0,Ahmet Tekke,Trabzonspor Kulübü,0.0,Aiden McCallion,Rangers FC,0.0,Ahmet Bircan,Beşiktaş Jimnastik Kulübü,0.0,Alberto Costa,FC Porto,DEF,0.0
GW 6,4,Extra DEF,0.0,Alexander Schlager,FC Red Bull Salzburg,0.0,Aleksa Terzić,FC Red Bull Salzburg,0.0,Alan Varela,FC Porto,0.0,Alaettin Ekici,Fenerbahçe Spor Kulübü,0.0,Alexander Bah,SL Benfica,DEF,0.0
GW 5,1,Extra DEF,0.0,Adem Ağaoğlu,Trabzonspor Kulübü,0.0,Abdülkerim Bardakcı,Galatasaray Spor Kulübü,0.0,Abdou Fall,Fenerbahçe Spor Kulübü,0.0,Ada Yüzgeç,Galatasaray Spor Kulübü,0.0,Adam Montgomery,Celtic FC,DEF,0.0
GW 5,2,Extra DEF,0.0,Ahmet Yıldırım,Trabzonspor Kulübü,0.0,Adrian Barišić,Sporting Braga,0.0,Adnan Fettahoğlu,Fenerbahçe Spor Kulübü,0.0,Ahmed Kutucu,Galatasaray Spor Kulübü,0.0,Afonso Sousa,Sporting Braga,DEF,0.0
GW 5,3,Extra DEF,0.0,Alaa Bellaarouch,Sporting Braga,0.0,Ahmet Tekke,Trabzonspor Kulübü,0.0,Aiden McCallion,Rangers FC,0.0,Ahmet Bircan,Beşiktaş Jimnastik Kulübü,0.0,Alberto Costa,FC Porto,DEF,0.0
GW 5,4,Extra DEF,0.0,Alexander Schlager,FC Red Bull Salzburg,0.0,Aleksa Terzić,FC Red Bull Salzburg,0.0,Alan Varela,FC Porto,0.0,Alaettin Ekici,Fenerbahçe Spor Kulübü,0.0,Alexander Bah,SL Benfica,DEF,0.0
GW 4,1,Extra DEF,0.0,Adem Ağaoğlu,Trabzonspor Kulübü,0.0,Abdülkerim Bardakcı,Galatasaray Spor Kulübü,0.0,Abdou Fall,Fenerbahçe Spor Kulübü,0.0,Ada Yüzgeç,Galatasaray Spor Kulübü,0.0,Adam Montgomery,Celtic FC,DEF,0.0
GW 4,2,Extra DEF,0.0,Ahmet Yıldırım,Trabzonspor Kulübü,0.0,Adrian Barišić,Sporting Braga,0.0,Adnan Fettahoğlu,Fenerbahçe Spor Kulübü,0.0,Ahmed Kutucu,Galatasaray Spor Kulübü,0.0,Afonso Sousa,Sporting Braga,DEF,0.0
GW 4,3,Extra DEF,0.0,Alaa Bellaarouch,Sporting Braga,0.0,Ahmet Tekke,Trabzonspor Kulübü,0.0,Aiden McCallion,Rangers FC,0.0,Ahmet Bircan,Beşiktaş Jimnastik Kulübü,0.0,Alberto Costa,FC Porto,DEF,0.0
GW 4,4,Extra DEF,0.0,Alexander Schlager,FC Red Bull Salzburg,0.0,Aleksa Terzić,FC Red Bull Salzburg,0.0,Alan Varela,FC Porto,0.0,Alaettin Ekici,Fenerbahçe Spor Kulübü,0.0,Alexander Bah,SL Benfica,DEF,0.0
GW 3,1,Extra DEF,0.0,Adem Ağaoğlu,Trabzonspor Kulübü,0.0,Abdülkerim Bardakcı,Galatasaray Spor Kulübü,0.0,Abdou Fall,Fenerbahçe Spor Kulübü,0.0,Ada Yüzgeç,Galatasaray Spor Kulübü,0.0,Adam Montgomery,Celtic FC,DEF,0.0
GW 3,2,Extra DEF,0.0,Ahmet Yıldırım,Trabzonspor Kulübü,0.0,Adrian Barišić,Sporting Braga,0.0,Adnan Fettahoğlu,Fenerbahçe Spor Kulübü,0.0,Ahmed Kutucu,Galatasaray Spor Kulübü,0.0,Afonso Sousa,Sporting Braga,DEF,0.0
GW 3,3,Extra DEF,0.0,Alaa Bellaarouch,Sporting Braga,0.0,Ahmet Tekke,Trabzonspor Kulübü,0.0,Aiden McCallion,Rangers FC,0.0,Ahmet Bircan,Beşiktaş Jimnastik Kulübü,0.0,Alberto Costa,FC Porto,DEF,0.0
GW 3,4,Extra DEF,0.0,Alexander Schlager,FC Red Bull Salzburg,0.0,Aleksa Terzić,FC Red Bull Salzburg,0.0,Alan Varela,FC Porto,0.0,Alaettin Ekici,Fenerbahçe Spor Kulübü,0.0,Alexander Bah,SL Benfica,DEF,0.0
GW 2,1,Extra DEF,0.0,Adem Ağaoğlu,Trabzonspor Kulübü,0.0,Abdülkerim Bardakcı,Galatasaray Spor Kulübü,0.0,Abdou Fall,Fenerbahçe Spor Kulübü,0.0,Ada Yüzgeç,Galatasaray Spor Kulübü,0.0,Adam Montgomery,Celtic FC,DEF,0.0
GW 2,2,Extra DEF,0.0,Ahmet Yıldırım,Trabzonspor Kulübü,0.0,Adrian Barišić,Sporting Braga,0.0,Adnan Fettahoğlu,Fenerbahçe Spor Kulübü,0.0,Ahmed Kutucu,Galatasaray Spor Kulübü,0.0,Afonso Sousa,Sporting Braga,DEF,0.0
GW 2,3,Extra DEF,0.0,Alaa Bellaarouch,Sporting Braga,0.0,Ahmet Tekke,Trabzonspor Kulübü,0.0,Aiden McCallion,Rangers FC,0.0,Ahmet Bircan,Beşiktaş Jimnastik Kulübü,0.0,Alberto Costa,FC Porto,DEF,0.0
GW 2,4,Extra DEF,0.0,Alexander Schlager,FC Red Bull Salzburg,0.0,Aleksa Terzić,FC Red Bull Salzburg,0.0,Alan Varela,FC Porto,0.0,Alaettin Ekici,Fenerbahçe Spor Kulübü,0.0,Alexander Bah,SL Benfica,DEF,0.0
GW 1,1,Extra DEF,0.0,Adem Ağaoğlu,Trabzonspor Kulübü,0.0,Abdülkerim Bardakcı,Galatasaray Spor Kulübü,0.0,Abdou Fall,Fenerbahçe Spor Kulübü,0.0,Ada Yüzgeç,Galatasaray Spor Kulübü,0.0,Adam Montgomery,Celtic FC,DEF,0.0
GW 1,2,Extra DEF,0.0,Ahmet Yıldırım,Trabzonspor Kulübü,0.0,Adrian Barišić,Sporting Braga,0.0,Adnan Fettahoğlu,Fenerbahçe Spor Kulübü,0.0,Ahmed Kutucu,Galatasaray Spor Kulübü,0.0,Afonso Sousa,Sporting Braga,DEF,0.0
GW 1,3,Extra DEF,0.0,Alaa Bellaarouch,Sporting Braga,0.0,Ahmet Tekke,Trabzonspor Kulübü,0.0,Aiden McCallion,Rangers FC,0.0,Ahmet Bircan,Beşiktaş Jimnastik Kulübü,0.0,Alberto Costa,FC Porto,DEF,0.0
GW 1,4,Extra DEF,0.0,Alexander Schlager,FC Red Bull Salzburg,0.0,Aleksa Terzić,FC Red Bull Salzburg,0.0,Alan Varela,FC Porto,0.0,Alaettin Ekici,Fenerbahçe Spor Kulübü,0.0,Alexander Bah,SL Benfica,DEF,0.0
