player_id,match_date,sorare_score,next_score,predicted_next_score
abdou-aziz-fall,2026-02-09 17:00:00+00:00,0.0,0.0,0.0
abdou-aziz-fall,2026-02-14 17:00:00+00:00,0.0,0.0,0.0
abdou-aziz-fall,2026-02-19 17:45:00+00:00,0.0,0.0,0.0
abdou-aziz-fall,2026-02-23 17:00:00+00:00,0.0,0.0,0.0
abdou-aziz-fall,2026-02-26 20:00:00+00:00,0.0,0.0,0.0
abdou-aziz-fall,2026-03-01 17:00:00+00:00,0.0,0.0,0.0
abdou-aziz-fall,2026-03-08 17:00:00+00:00,0.0,0.0,0.0
abdou-aziz-fall,2026-03-13 17:00:00+00:00,0.0,0.0,0.0
abdou-aziz-fall,2026-03-17 17:00:00+00:00,0.0,0.0,0.0
abdou-aziz-fall,2026-04-05 17:00:00+00:00,0.0,0.0,0.0
abdou-aziz-fall,2026-04-11 17:00:00+00:00,0.0,0.0,0.0
abdou-aziz-fall,2026-04-17 17:00:00+00:00,0.0,0.0,0.0
abdou-aziz-fall,2026-04-26 17:00:00+00:00,0.0,0.0,0.0
abdou-aziz-fall,2026-05-02 17:00:00+00:00,0.0,0.0,0.0
abdou-aziz-fall,2026-05-09 17:00:00+00:00,0.0,0.0,0.0
abdulkerim-bardakci,2026-02-13 17:00:00+00:00,44.9,31.6,52.93016461038958
abdulkerim-bardakci,2026-02-17 17:45:00+00:00,31.6,41.2,56.72720609668111
abdulkerim-bardakci,2026-02-21 17:00:00+00:00,41.2,55.4,53.54135690836939
abdulkerim-bardakci,2026-02-25 20:00:00+00:00,55.4,0.0,48.04951899350644
abdulkerim-bardakci,2026-02-28 17:00:00+00:00,0.0,77.6,49.176533859196326
abdulkerim-bardakci,2026-03-07 17:00:00+00:00,77.6,60.4,44.004763474025985
abdulkerim-bardakci,2026-03-10 17:45:00+00:00,60.4,0.0,47.25646639610387
abdulkerim-bardakci,2026-03-14 17:00:00+00:00,0.0,66.3,50.42477790681537
abdulkerim-bardakci,2026-03-18 20:00:00+00:00,66.3,58.6,49.8993111111111
abdulkerim-bardakci,2026-03-26 17:00:00+00:00,58.6,59.3,47.92837543290041
abdulkerim-bardakci,2026-03-31 18:45:00+00:00,59.3,13.3,55.93528266039515
abdulkerim-bardakci,2026-04-04 17:00:00+00:00,13.3,0.0,64.12473148934399
abdulkerim-bardakci,2026-04-08 17:00:00+00:00,0.0,57.0,65.40241962481963
abdulkerim-bardakci,2026-04-12 17:00:00+00:00,57.0,40.7,66.49549606782108
abdulkerim-bardakci,2026-04-18 17:00:00+00:00,40.7,70.6,67.28526679292933
abdulkerim-bardakci,2026-04-26 17:00:00+00:00,70.6,36.4,51.071251258463754
abdulkerim-bardakci,2026-05-02 17:00:00+00:00,36.4,50.0,62.19037705627707
abdulkerim-bardakci,2026-05-09 17:00:00+00:00,50.0,0.0,63.201429671717186
ada-yuzgec,2026-02-13 17:00:00+00:00,0.0,0.0,0.0
ada-yuzgec,2026-02-17 17:45:00+00:00,0.0,0.0,0.0
ada-yuzgec,2026-02-21 17:00:00+00:00,0.0,0.0,0.0
ada-yuzgec,2026-02-25 20:00:00+00:00,0.0,0.0,0.0
ada-yuzgec,2026-02-28 17:00:00+00:00,0.0,0.0,0.0
ada-yuzgec,2026-03-07 17:00:00+00:00,0.0,0.0,0.0
ada-yuzgec,2026-03-10 17:45:00+00:00,0.0,0.0,0.0
ada-yuzgec,2026-03-14 17:00:00+00:00,0.0,0.0,0.0
ada-yuzgec,2026-03-18 20:00:00+00:00,0.0,0.0,0.0
ada-yuzgec,2026-04-04 17:00:00+00:00,0.0,0.0,0.0
ada-yuzgec,2026-04-08 17:00:00+00:00,0.0,0.0,0.0
ada-yuzgec,2026-04-12 17:00:00+00:00,0.0,0.0,0.0
ada-yuzgec,2026-04-18 17:00:00+00:00,0.0,0.0,0.0
ada-yuzgec,2026-04-26 17:00:00+00:00,0.0,0.0,0.0
ada-yuzgec,2026-05-02 17:00:00+00:00,0.0,0.0,0.0
ada-yuzgec,2026-05-09 17:00:00+00:00,0.0,34.3,0.0
adam-montgomery,2026-02-11 19:45:00+00:00,0.0,0.0,2.2110015158246057
adam-montgomery,2026-02-15 14:00:00+00:00,0.0,0.0,2.2110015158246057
adam-montgomery,2026-02-19 20:00:00+00:00,0.0,0.0,2.2110015158246057
adam-montgomery,2026-02-22 15:00:00+00:00,0.0,0.0,2.2110015158246057
adam-montgomery,2026-02-26 17:45:00+00:00,0.0,0.0,2.2110015158246057
adam-montgomery,2026-03-01 12:00:00+00:00,0.0,0.0,2.2110015158246057
adam-montgomery,2026-03-04 20:00:00+00:00,0.0,0.0,2.2110015158246057
adam-montgomery,2026-03-14 15:00:00+00:00,0.0,0.0,2.2110015158246057
adam-montgomery,2026-03-22 12:30:00+00:00,0.0,0.0,2.2110015158246057
adam-montgomery,2026-04-05 15:30:00+00:00,0.0,0.0,2.2110015158246057
adam-montgomery,2026-04-11 14:00:00+00:00,0.0,0.0,2.2110015158246057
adam-montgomery,2026-04-25 16:30:00+00:00,0.0,0.0,2.2110015158246057
adam-montgomery,2026-05-03 11:00:00+00:00,0.0,0.0,2.2110015158246057
adam-montgomery,2026-05-10 11:00:00+00:00,0.0,0.0,2.2110015158246057
adam-montgomery,2026-05-13 19:00:00+00:00,0.0,0.0,2.2110015158246057
adem-agaoglu,2026-02-14 17:00:00+00:00,0.0,0.0,0.0
adem-agaoglu,2026-02-22 13:00:00+00:00,0.0,0.0,0.0
adem-agaoglu,2026-02-27 17:00:00+00:00,0.0,0.0,0.0
adem-agaoglu,2026-03-09 17:00:00+00:00,0.0,0.0,0.0
adem-agaoglu,2026-03-14 17:00:00+00:00,0.0,0.0,0.0
adem-agaoglu,2026-03-18 17:00:00+00:00,0.0,0.0,0.0
adem-agaoglu,2026-04-04 17:00:00+00:00,0.0,0.0,0.0
adem-agaoglu,2026-04-11 14:00:00+00:00,0.0,0.0,0.0
adem-agaoglu,2026-04-19 17:00:00+00:00,0.0,0.0,0.0
adem-agaoglu,2026-04-27 17:00:00+00:00,0.0,0.0,0.0
adem-agaoglu,2026-05-02 17:00:00+00:00,0.0,0.0,0.0
adem-agaoglu,2026-05-09 17:00:00+00:00,0.0,0.0,0.0
afonso-dias-sousa,2026-04-26 17:00:00+00:00,0.0,0.0,0.0
afonso-dias-sousa,2026-04-30 19:00:00+00:00,0.0,0.0,0.0
afonso-dias-sousa,2026-05-03 17:00:00+00:00,0.0,0.0,0.0
afonso-dias-sousa,2026-05-07 19:00:00+00:00,0.0,0.0,0.0
afonso-dias-sousa,2026-05-11 19:15:00+00:00,0.0,0.0,0.0
ahmed-kutucu,2026-02-13 17:00:00+00:00,0.0,0.0,19.79818055555556
ahmed-kutucu,2026-02-17 17:45:00+00:00,0.0,0.0,19.79818055555556
ahmed-kutucu,2026-02-21 17:00:00+00:00,0.0,0.0,19.79818055555556
ahmed-kutucu,2026-02-25 20:00:00+00:00,0.0,0.0,20.746054563492063
ahmed-kutucu,2026-02-28 17:00:00+00:00,0.0,0.0,19.574258180544945
ahmed-kutucu,2026-03-07 17:00:00+00:00,0.0,0.0,19.574258180544945
ahmed-kutucu,2026-03-10 17:45:00+00:00,0.0,0.0,19.574258180544945
ahmed-kutucu,2026-03-14 17:00:00+00:00,0.0,0.0,19.574258180544945
ahmed-kutucu,2026-03-18 20:00:00+00:00,0.0,35.3,15.26698880223807
ahmed-kutucu,2026-04-04 17:00:00+00:00,35.3,0.0,19.045431953993717
ahmed-kutucu,2026-04-08 17:00:00+00:00,0.0,0.0,21.018673021423027
ahmed-kutucu,2026-04-12 17:00:00+00:00,0.0,0.0,21.018673021423027
ahmed-kutucu,2026-04-18 17:00:00+00:00,0.0,0.0,21.018673021423027
ahmed-kutucu,2026-04-26 17:00:00+00:00,0.0,0.0,21.018673021423027
ahmed-kutucu,2026-05-02 17:00:00+00:00,0.0,0.0,28.3117099081474
ahmed-kutucu,2026-05-09 17:00:00+00:00,0.0,33.4,24.63547645255072
ahmet-berat-tekke,2026-02-14 17:00:00+00:00,0.0,0.0,0.0
ahmet-berat-tekke,2026-02-22 13:00:00+00:00,0.0,0.0,0.0
ahmet-berat-tekke,2026-02-27 17:00:00+00:00,0.0,0.0,0.0
ahmet-berat-tekke,2026-03-09 17:00:00+00:00,0.0,0.0,0.0
ahmet-berat-tekke,2026-03-14 17:00:00+00:00,0.0,0.0,0.0
ahmet-berat-tekke,2026-03-18 17:00:00+00:00,0.0,0.0,0.0
ahmet-berat-tekke,2026-04-04 17:00:00+00:00,0.0,0.0,0.0
ahmet-berat-tekke,2026-04-11 14:00:00+00:00,0.0,0.0,0.0
ahmet-berat-tekke,2026-04-19 17:00:00+00:00,0.0,0.0,0.0
ahmet-berat-tekke,2026-04-27 17:00:00+00:00,0.0,0.0,0.0
ahmet-berat-tekke,2026-05-02 17:00:00+00:00,0.0,0.0,0.0
ahmet-berat-tekke,2026-05-09 17:00:00+00:00,0.0,0.0,0.0
ahmet-dogan-yildirim,2026-02-14 17:00:00+00:00,0.0,0.0,0.0
ahmet-dogan-yildirim,2026-02-22 13:00:00+00:00,0.0,0.0,0.0
ahmet-dogan-yildirim,2026-02-27 17:00:00+00:00,0.0,0.0,0.0
ahmet-dogan-yildirim,2026-03-09 17:00:00+00:00,0.0,0.0,0.0
ahmet-dogan-yildirim,2026-03-14 17:00:00+00:00,0.0,0.0,0.0
ahmet-dogan-yildirim,2026-03-18 17:00:00+00:00,0.0,0.0,0.0
ahmet-dogan-yildirim,2026-04-04 17:00:00+00:00,0.0,0.0,0.0
ahmet-dogan-yildirim,2026-04-11 14:00:00+00:00,0.0,0.0,0.0
ahmet-dogan-yildirim,2026-04-19 17:00:00+00:00,0.0,0.0,0.0
ahmet-dogan-yildirim,2026-04-27 17:00:00+00:00,0.0,0.0,0.0
ahmet-dogan-yildirim,2026-05-02 17:00:00+00:00,0.0,23.5,0.0
ahmet-dogan-yildirim,2026-05-09 17:00:00+00:00,23.5,0.0,0.0
ahmet-sami-bircan,2026-02-08 17:00:00+00:00,0.0,0.0,0.0
ahmet-sami-bircan,2026-02-15 17:00:00+00:00,0.0,0.0,0.0
ahmet-sami-bircan,2026-02-22 17:00:00+00:00,0.0,0.0,0.0
ahmet-sami-bircan,2026-02-28 13:00:00+00:00,0.0,0.0,0.0
ahmet-sami-bircan,2026-03-07 17:00:00+00:00,0.0,0.0,0.0
ahmet-sami-bircan,2026-03-15 17:00:00+00:00,0.0,0.0,0.0
ahmet-sami-bircan,2026-03-19 17:00:00+00:00,0.0,0.0,0.0
ahmet-sami-bircan,2026-04-05 17:00:00+00:00,0.0,0.0,0.0
ahmet-sami-bircan,2026-04-10 17:00:00+00:00,0.0,0.0,0.0
ahmet-sami-bircan,2026-04-19 14:00:00+00:00,0.0,0.0,0.0
ahmet-sami-bircan,2026-04-27 17:00:00+00:00,0.0,0.0,0.0
ahmet-sami-bircan,2026-05-01 17:00:00+00:00,0.0,0.0,0.0
ahmet-sami-bircan,2026-05-09 17:00:00+00:00,0.0,0.0,0.0
aiden-mccallion,2026-02-11 20:00:00+00:00,0.0,0.0,0.0
aiden-mccallion,2026-02-15 16:30:00+00:00,0.0,0.0,0.0
aiden-mccallion,2026-02-22 15:00:00+00:00,0.0,0.0,0.0
aiden-mccallion,2026-03-01 12:00:00+00:00,0.0,0.0,0.0
aiden-mccallion,2026-03-15 12:00:00+00:00,0.0,0.0,0.0
aiden-mccallion,2026-03-21 17:45:00+00:00,0.0,0.0,0.0
aiden-mccallion,2026-04-04 14:00:00+00:00,0.0,0.0,0.0
aiden-mccallion,2026-04-12 11:00:00+00:00,0.0,0.0,0.0
aiden-mccallion,2026-04-26 14:00:00+00:00,0.0,0.0,0.0
aiden-mccallion,2026-05-04 16:30:00+00:00,0.0,0.0,0.0
aiden-mccallion,2026-05-10 11:00:00+00:00,0.0,0.0,0.0
aiden-mccallion,2026-05-13 19:00:00+00:00,0.0,36.2,0.0
alaa-bellaarouch,2026-02-08 18:00:00+00:00,0.0,0.0,0.5694157487380533
alaa-bellaarouch,2026-02-14 20:30:00+00:00,0.0,0.0,0.5694157487380533
alaa-bellaarouch,2026-02-21 20:30:00+00:00,0.0,0.0,0.5694157487380533
alaa-bellaarouch,2026-02-28 18:00:00+00:00,0.0,0.0,0.5694157487380533
alaa-bellaarouch,2026-03-07 18:00:00+00:00,0.0,0.0,0.5694157487380533
alaa-bellaarouch,2026-03-12 20:00:00+00:00,0.0,0.0,0.5694157487380533
alaa-bellaarouch,2026-03-18 15:30:00+00:00,0.0,0.0,0.5694157487380533
alaa-bellaarouch,2026-03-22 20:30:00+00:00,0.0,0.0,0.5694157487380533
alaa-bellaarouch,2026-04-04 17:00:00+00:00,0.0,0.0,0.5694157487380533
alaa-bellaarouch,2026-04-08 16:45:00+00:00,0.0,0.0,0.5694157487380533
alaa-bellaarouch,2026-04-12 17:00:00+00:00,0.0,0.0,0.5694157487380533
alaa-bellaarouch,2026-04-16 19:00:00+00:00,0.0,0.0,0.5694157487380533
alaa-bellaarouch,2026-04-19 19:30:00+00:00,0.0,0.0,0.5694157487380533
alaa-bellaarouch,2026-04-23 18:00:00+00:00,0.0,0.0,0.5694157487380533
alaa-bellaarouch,2026-04-26 17:00:00+00:00,0.0,0.0,0.5694157487380533
alaa-bellaarouch,2026-04-30 19:00:00+00:00,0.0,0.0,0.5694157487380533
alaa-bellaarouch,2026-05-03 17:00:00+00:00,0.0,0.0,0.5694157487380533
alaa-bellaarouch,2026-05-07 19:00:00+00:00,0.0,0.0,0.5694157487380533
alaa-bellaarouch,2026-05-11 19:15:00+00:00,0.0,0.0,0.5694157487380533
alaettin-ekici,2026-02-09 17:00:00+00:00,0.0,0.0,0.4151530524266444
alaettin-ekici,2026-02-14 17:00:00+00:00,0.0,0.0,0.4151530524266444
alaettin-ekici,2026-02-19 17:45:00+00:00,0.0,0.0,0.4151530524266444
alaettin-ekici,2026-02-23 17:00:00+00:00,0.0,31.0,0.4151530524266444
alaettin-ekici,2026-02-26 20:00:00+00:00,31.0,0.0,0.4151530524266444
alaettin-ekici,2026-03-01 17:00:00+00:00,0.0,0.0,0.7628595238095237
alaettin-ekici,2026-03-08 17:00:00+00:00,0.0,0.0,0.8414595238095237
alaettin-ekici,2026-03-13 17:00:00+00:00,0.0,0.0,0.972167857142857
alaettin-ekici,2026-03-17 17:00:00+00:00,0.0,0.0,1.8675708333333336
alaettin-ekici,2026-04-05 17:00:00+00:00,0.0,0.0,3.635489087301588
alaettin-ekici,2026-04-11 17:00:00+00:00,0.0,0.0,0.5022222222222222
alaettin-ekici,2026-04-17 17:00:00+00:00,0.0,0.0,0.5022222222222222
alaettin-ekici,2026-04-26 17:00:00+00:00,0.0,0.0,0.5022222222222222
alaettin-ekici,2026-05-02 17:00:00+00:00,0.0,0.0,0.5022222222222222
alaettin-ekici,2026-05-09 17:00:00+00:00,0.0,0.0,0.5022222222222222
alan-varela,2026-02-09 20:45:00+00:00,51.8,42.7,46.12582006743257
alan-varela,2026-02-15 15:30:00+00:00,42.7,60.4,41.24362303391054
alan-varela,2026-02-22 20:30:00+00:00,60.4,0.0,40.67931370851372
alan-varela,2026-02-27 18:45:00+00:00,0.0,43.8,43.24567677461427
alan-varela,2026-03-08 18:00:00+00:00,43.8,31.9,39.75877542457542
alan-varela,2026-03-12 17:45:00+00:00,31.9,61.1,42.44234385891886
alan-varela,2026-03-15 20:30:00+00:00,61.1,37.1,53.18326399433904
alan-varela,2026-03-19 20:00:00+00:00,37.1,39.5,43.29994383116881
alan-varela,2026-03-22 20:30:00+00:00,39.5,48.8,50.051440169552706
alan-varela,2026-04-04 19:30:00+00:00,48.8,46.4,28.576139935064944
alan-varela,2026-04-09 19:00:00+00:00,46.4,51.2,34.498232611832606
alan-varela,2026-04-12 19:30:00+00:00,51.2,47.3,46.97970848040847
alan-varela,2026-04-16 19:00:00+00:00,47.3,37.9,29.111245869408364
alan-varela,2026-04-19 19:30:00+00:00,37.9,0.0,42.44454213564212
alan-varela,2026-04-26 17:00:00+00:00,0.0,52.2,38.76572068903318
alan-varela,2026-05-02 19:30:00+00:00,52.2,39.7,38.86287923881674
alan-varela,2026-05-10 17:00:00+00:00,39.7,47.0,42.919883784271285
alberto-oliveira-baio,2026-02-09 20:45:00+00:00,23.8,51.9,37.50362362914865
alberto-oliveira-baio,2026-02-15 15:30:00+00:00,51.9,42.2,38.01734494949495
alberto-oliveira-baio,2026-02-22 20:30:00+00:00,42.2,28.7,40.46523340687091
alberto-oliveira-baio,2026-02-27 18:45:00+00:00,28.7,55.0,42.607220328282835
alberto-oliveira-baio,2026-03-08 18:00:00+00:00,55.0,37.9,41.740769733044736
alberto-oliveira-baio,2026-03-12 17:45:00+00:00,37.9,0.0,29.922307720057738
alberto-oliveira-baio,2026-03-15 20:30:00+00:00,0.0,68.8,33.68054866938619
alberto-oliveira-baio,2026-03-19 20:00:00+00:00,68.8,0.0,32.141292261904766
alberto-oliveira-baio,2026-03-22 20:30:00+00:00,0.0,65.2,35.35583703241201
alberto-oliveira-baio,2026-04-04 19:30:00+00:00,65.2,48.7,34.60227638888889
alberto-oliveira-baio,2026-04-09 19:00:00+00:00,48.7,63.2,30.454926984126974
alberto-oliveira-baio,2026-04-12 19:30:00+00:00,63.2,25.0,47.85167601148847
alberto-oliveira-baio,2026-04-16 19:00:00+00:00,25.0,43.9,53.25087707153958
alberto-oliveira-baio,2026-04-19 19:30:00+00:00,43.9,78.9,37.138683730158725
alberto-oliveira-baio,2026-04-26 17:00:00+00:00,78.9,66.0,43.860065834165844
alberto-oliveira-baio,2026-05-02 19:30:00+00:00,66.0,48.5,34.94361469780219
alberto-oliveira-baio,2026-05-10 17:00:00+00:00,48.5,48.9,28.585927701465195
aleksa-terzic,2026-02-15 13:30:00+00:00,0.0,35.7,10.999599783549787
aleksa-terzic,2026-02-22 16:00:00+00:00,35.7,48.3,18.94602162698413
aleksa-terzic,2026-03-01 16:00:00+00:00,48.3,41.2,26.944115764790755
aleksa-terzic,2026-03-08 16:00:00+00:00,41.2,38.0,40.02633551587302
aleksa-terzic,2026-03-15 13:30:00+00:00,38.0,39.9,40.911365602453095
aleksa-terzic,2026-03-20 18:30:00+00:00,39.9,0.0,31.47037392468643
aleksa-terzic,2026-03-26 00:00:00+00:00,0.0,38.7,41.390232882395395
aleksa-terzic,2026-03-27 20:00:00+00:00,38.7,39.9,29.652635894660897
aleksa-terzic,2026-03-31 16:00:00+00:00,39.9,24.0,30.372823286435793
aleksa-terzic,2026-04-05 12:30:00+00:00,24.0,33.9,31.395050656288152
aleksa-terzic,2026-04-10 17:30:00+00:00,33.9,0.0,37.59023533549784
aleksa-terzic,2026-04-19 12:30:00+00:00,0.0,31.8,32.398688510101
aleksa-terzic,2026-04-22 16:30:00+00:00,31.8,33.2,32.398688510101
aleksa-terzic,2026-04-26 12:30:00+00:00,33.2,32.2,37.59387055860808
aleksa-terzic,2026-05-03 15:00:00+00:00,32.2,0.0,21.96279206349207
aleksa-terzic,2026-05-10 15:00:00+00:00,0.0,9.7,14.38228081501832
alex-oxlade-chamberlain,2026-02-11 19:45:00+00:00,60.0,44.0,14.551526659451666
alex-oxlade-chamberlain,2026-02-15 14:00:00+00:00,44.0,0.0,10.281637103174605
alex-oxlade-chamberlain,2026-02-19 20:00:00+00:00,0.0,47.4,21.2058582070707
alex-oxlade-chamberlain,2026-02-22 15:00:00+00:00,47.4,0.0,21.2058582070707
alex-oxlade-chamberlain,2026-02-26 17:45:00+00:00,0.0,34.9,32.29072090548341
alex-oxlade-chamberlain,2026-03-01 12:00:00+00:00,34.9,0.0,26.732627045177054
alex-oxlade-chamberlain,2026-03-04 20:00:00+00:00,0.0,37.9,26.821584813797312
alex-oxlade-chamberlain,2026-03-14 15:00:00+00:00,37.9,44.6,24.61976993284493
alex-oxlade-chamberlain,2026-03-22 12:30:00+00:00,44.6,38.6,26.423546123321135
alex-oxlade-chamberlain,2026-04-05 15:30:00+00:00,38.6,71.2,24.832444823232333
alex-oxlade-chamberlain,2026-04-11 14:00:00+00:00,71.2,35.8,30.8167968975469
alex-oxlade-chamberlain,2026-04-25 16:30:00+00:00,35.8,0.0,34.82088733766233
alex-oxlade-chamberlain,2026-05-03 11:00:00+00:00,0.0,0.0,29.934160912698395
alex-oxlade-chamberlain,2026-05-10 11:00:00+00:00,0.0,0.0,33.45666423715173
alex-oxlade-chamberlain,2026-05-13 19:00:00+00:00,0.0,0.0,22.12225000000001
alexander-hartmann-bah,2026-02-08 20:30:00+00:00,0.0,0.0,2.2397396417885385
alexander-hartmann-bah,2026-02-13 18:30:00+00:00,0.0,0.0,2.2397396417885385
alexander-hartmann-bah,2026-02-17 20:00:00+00:00,0.0,65.5,2.2397396417885385
alexander-hartmann-bah,2026-02-21 18:00:00+00:00,65.5,0.0,2.2397396417885385
alexander-hartmann-bah,2026-02-25 20:00:00+00:00,0.0,21.0,24.758442470029973
alexander-hartmann-bah,2026-03-02 20:15:00+00:00,21.0,40.9,24.758442470029973
alexander-hartmann-bah,2026-03-08 18:00:00+00:00,40.9,40.8,30.82137557720056
alexander-hartmann-bah,2026-03-14 20:30:00+00:00,40.8,59.5,30.347749161949178
alexander-hartmann-bah,2026-03-21 18:00:00+00:00,59.5,62.9,29.396970855533354
alexander-hartmann-bah,2026-03-26 19:45:00+00:00,62.9,52.3,38.75550234071485
alexander-hartmann-bah,2026-03-31 18:45:00+00:00,52.3,51.2,40.90529798812297
alexander-hartmann-bah,2026-04-06 19:45:00+00:00,51.2,0.0,30.532788193750704
alexander-hartmann-bah,2026-04-12 17:00:00+00:00,0.0,0.0,33.74637113025864
alexander-hartmann-bah,2026-04-19 17:15:00+00:00,0.0,30.9,41.13079072871574
alexander-hartmann-bah,2026-04-25 17:00:00+00:00,30.9,40.5,30.845171266233773
alexander-hartmann-bah,2026-05-02 17:00:00+00:00,40.5,0.0,36.723423765123755
alexander-hartmann-bah,2026-05-11 19:15:00+00:00,0.0,77.8,30.474686247086243
alexander-schlager,2026-02-15 13:30:00+00:00,40.9,37.9,40.546229824342305
alexander-schlager,2026-02-22 16:00:00+00:00,37.9,74.0,40.53929980158728
alexander-schlager,2026-03-01 16:00:00+00:00,74.0,36.9,36.00324742063493
alexander-schlager,2026-03-08 16:00:00+00:00,36.9,35.3,22.96904583333334
alexander-schlager,2026-03-15 13:30:00+00:00,35.3,36.2,25.437847945110438
alexander-schlager,2026-03-20 18:30:00+00:00,36.2,36.3,34.84544687950939
alexander-schlager,2026-03-27 17:00:00+00:00,36.3,0.0,38.829433062770576
alexander-schlager,2026-03-31 18:45:00+00:00,0.0,37.9,37.741586435786445
alexander-schlager,2026-04-05 12:30:00+00:00,37.9,28.8,38.19033154761904
alexander-schlager,2026-04-10 17:30:00+00:00,28.8,44.7,39.709437751137756
alexander-schlager,2026-04-19 12:30:00+00:00,44.7,33.4,37.426261093073585
alexander-schlager,2026-04-22 16:30:00+00:00,33.4,39.3,42.42237191558443
alexander-schlager,2026-04-26 12:30:00+00:00,39.3,41.8,41.14913012265515
alexander-schlager,2026-05-03 15:00:00+00:00,41.8,36.5,38.67069599567101
alexander-schlager,2026-05-10 15:00:00+00:00,36.5,37.3,34.581991269841275
ali-pagda,2026-02-08 17:00:00+00:00,0.0,0.0,0.0
ali-pagda,2026-02-15 17:00:00+00:00,0.0,0.0,0.0
ali-pagda,2026-02-22 17:00:00+00:00,0.0,0.0,0.0
ali-pagda,2026-02-28 13:00:00+00:00,0.0,0.0,0.0
ali-pagda,2026-03-07 17:00:00+00:00,0.0,0.0,0.0
ali-pagda,2026-03-15 17:00:00+00:00,0.0,0.0,0.0
ali-pagda,2026-03-19 17:00:00+00:00,0.0,0.0,0.0
ali-pagda,2026-04-05 17:00:00+00:00,0.0,0.0,0.0
ali-pagda,2026-04-10 17:00:00+00:00,0.0,0.0,0.0
ali-pagda,2026-04-19 14:00:00+00:00,0.0,0.0,0.0
ali-pagda,2026-04-27 17:00:00+00:00,0.0,0.0,0.0
ali-pagda,2026-05-01 17:00:00+00:00,0.0,0.0,0.0
ali-pagda,2026-05-09 17:00:00+00:00,0.0,0.0,0.0
alioune-ndoye,2026-02-14 18:00:00+00:00,0.0,33.7,28.332407647907658
alioune-ndoye,2026-02-21 20:30:00+00:00,33.7,60.6,29.97217460456211
alioune-ndoye,2026-02-28 20:30:00+00:00,60.6,36.2,29.926967604617598
alioune-ndoye,2026-03-08 20:30:00+00:00,36.2,36.2,35.927113547563565
alioune-ndoye,2026-03-14 15:30:00+00:00,36.2,0.0,32.20333511904762
alioune-ndoye,2026-03-21 18:00:00+00:00,0.0,0.0,30.014720202020193
alioune-ndoye,2026-04-03 17:00:00+00:00,0.0,0.0,34.74868468614718
alioune-ndoye,2026-04-11 14:30:00+00:00,0.0,0.0,26.442967370129864
alioune-ndoye,2026-04-18 19:30:00+00:00,0.0,0.0,22.118637301587295
alioune-ndoye,2026-04-25 19:30:00+00:00,0.0,34.2,25.30923338744589
alioune-ndoye,2026-05-04 19:15:00+00:00,34.2,32.0,9.097824966772993
alioune-ndoye,2026-05-11 19:15:00+00:00,32.0,0.0,18.99148928571429
alistair-johnston,2026-02-11 19:45:00+00:00,0.0,0.0,9.783466119991115
alistair-johnston,2026-02-15 14:00:00+00:00,0.0,0.0,9.783466119991115
alistair-johnston,2026-02-19 20:00:00+00:00,0.0,0.0,9.783466119991115
alistair-johnston,2026-02-22 15:00:00+00:00,0.0,0.0,9.783466119991115
alistair-johnston,2026-02-26 17:45:00+00:00,0.0,0.0,9.783466119991115
alistair-johnston,2026-03-01 12:00:00+00:00,0.0,0.0,9.783466119991115
alistair-johnston,2026-03-04 20:00:00+00:00,0.0,0.0,9.783466119991115
alistair-johnston,2026-03-14 15:00:00+00:00,0.0,0.0,9.783466119991115
alistair-johnston,2026-03-22 12:30:00+00:00,0.0,0.0,9.783466119991115
alistair-johnston,2026-04-05 15:30:00+00:00,0.0,0.0,9.783466119991115
alistair-johnston,2026-04-11 14:00:00+00:00,0.0,42.0,9.783466119991115
alistair-johnston,2026-04-25 16:30:00+00:00,42.0,83.9,9.783466119991115
alistair-johnston,2026-05-03 11:00:00+00:00,83.9,28.9,39.41523160450662
alistair-johnston,2026-05-10 11:00:00+00:00,28.9,43.1,51.34599063852815
alistair-johnston,2026-05-13 19:00:00+00:00,43.1,39.9,49.02083066378071
amar-dedic,2026-02-08 20:30:00+00:00,0.0,0.0,30.020572921522927
amar-dedic,2026-02-13 18:30:00+00:00,0.0,41.8,33.543591792929284
amar-dedic,2026-02-17 20:00:00+00:00,41.8,0.0,31.013501146076127
amar-dedic,2026-02-21 18:00:00+00:00,0.0,31.0,37.05548282828281
amar-dedic,2026-02-25 20:00:00+00:00,31.0,25.2,27.6597733072483
amar-dedic,2026-03-02 20:15:00+00:00,25.2,41.6,37.445529996392494
amar-dedic,2026-03-08 18:00:00+00:00,41.6,13.6,29.724258691308684
amar-dedic,2026-03-14 20:30:00+00:00,13.6,0.0,43.848489267676776
amar-dedic,2026-03-21 18:00:00+00:00,0.0,28.7,32.54103849206349
amar-dedic,2026-03-26 19:45:00+00:00,28.7,67.7,32.33085257936509
amar-dedic,2026-03-31 18:45:00+00:00,67.7,0.0,28.225174170274162
amar-dedic,2026-04-06 19:45:00+00:00,0.0,59.7,32.9865519119769
amar-dedic,2026-04-12 17:00:00+00:00,59.7,42.9,38.8736440018315
amar-dedic,2026-04-19 17:15:00+00:00,42.9,72.0,38.466347041847044
amar-dedic,2026-04-25 17:00:00+00:00,72.0,29.7,45.68436428571429
amar-dedic,2026-05-02 17:00:00+00:00,29.7,38.4,54.653616341991345
amar-dedic,2026-05-11 19:15:00+00:00,38.4,35.4,46.60053677572428
amine-el-ouazzani,2026-02-08 18:00:00+00:00,0.0,0.0,2.361323214285714
amine-el-ouazzani,2026-02-14 20:30:00+00:00,0.0,0.0,5.063011111111112
amine-el-ouazzani,2026-02-21 20:30:00+00:00,0.0,0.0,5.063011111111112
amine-el-ouazzani,2026-02-28 18:00:00+00:00,0.0,0.0,13.311265566378065
amine-el-ouazzani,2026-03-07 18:00:00+00:00,0.0,0.0,18.078814448051954
amine-el-ouazzani,2026-03-12 20:00:00+00:00,0.0,0.0,26.654680307192816
amine-el-ouazzani,2026-03-18 15:30:00+00:00,0.0,0.0,31.70433301559553
amine-el-ouazzani,2026-03-22 20:30:00+00:00,0.0,34.0,31.70433301559553
amine-el-ouazzani,2026-04-04 17:00:00+00:00,34.0,0.0,31.70433301559553
amine-el-ouazzani,2026-04-08 16:45:00+00:00,0.0,0.0,22.492611958874463
amine-el-ouazzani,2026-04-12 17:00:00+00:00,0.0,0.0,22.492611958874463
amine-el-ouazzani,2026-04-16 19:00:00+00:00,0.0,35.0,22.492611958874463
amine-el-ouazzani,2026-04-19 19:30:00+00:00,35.0,0.0,22.492611958874463
amine-el-ouazzani,2026-04-23 18:00:00+00:00,0.0,39.5,15.261025649350648
amine-el-ouazzani,2026-04-26 17:00:00+00:00,39.5,0.0,13.90405026223776
amine-el-ouazzani,2026-04-30 19:00:00+00:00,0.0,34.4,32.94051185064934
amine-el-ouazzani,2026-05-03 17:00:00+00:00,34.4,0.0,32.94051185064934
amine-el-ouazzani,2026-05-07 19:00:00+00:00,0.0,0.0,32.44173678266178
amine-el-ouazzani,2026-05-11 19:15:00+00:00,0.0,0.0,22.903329671717167
anatolii-trubin,2026-02-08 20:30:00+00:00,33.4,15.8,45.625395418470404
anatolii-trubin,2026-02-13 18:30:00+00:00,15.8,58.7,41.92331877011877
anatolii-trubin,2026-02-17 20:00:00+00:00,58.7,61.6,52.757881912531914
anatolii-trubin,2026-02-21 18:00:00+00:00,61.6,32.7,52.9758644300144
anatolii-trubin,2026-02-25 20:00:00+00:00,32.7,49.5,48.71691306193809
anatolii-trubin,2026-03-02 20:15:00+00:00,49.5,39.0,56.01483847402594
anatolii-trubin,2026-03-08 18:00:00+00:00,39.0,55.9,54.117816684704174
anatolii-trubin,2026-03-14 20:30:00+00:00,55.9,71.0,49.477385479798
anatolii-trubin,2026-03-21 18:00:00+00:00,71.0,0.0,44.7049239177489
anatolii-trubin,2026-03-26 19:45:00+00:00,0.0,0.0,53.184534758297225
anatolii-trubin,2026-03-31 18:45:00+00:00,0.0,37.9,51.59861886724388
anatolii-trubin,2026-04-06 19:45:00+00:00,37.9,79.6,40.89617626123876
anatolii-trubin,2026-04-12 17:00:00+00:00,79.6,82.7,40.152400666000666
anatolii-trubin,2026-04-19 17:15:00+00:00,82.7,45.7,40.84546922799421
anatolii-trubin,2026-04-25 17:00:00+00:00,45.7,38.2,39.73636944444445
anatolii-trubin,2026-05-02 17:00:00+00:00,38.2,25.5,52.220578336940854
anatolii-trubin,2026-05-11 19:15:00+00:00,25.5,47.3,46.02045525724274
anderson-souza-conceicao,2026-02-09 17:00:00+00:00,60.0,60.0,46.885104383116875
anderson-souza-conceicao,2026-02-14 17:00:00+00:00,60.0,26.7,47.834693506493494
anderson-souza-conceicao,2026-02-19 17:45:00+00:00,26.7,37.6,46.08015562770563
anderson-souza-conceicao,2026-02-23 17:00:00+00:00,37.6,0.0,40.88089523809525
anderson-souza-conceicao,2026-02-26 20:00:00+00:00,0.0,0.0,46.38700313852814
anderson-souza-conceicao,2026-03-01 17:00:00+00:00,0.0,0.0,41.467770616883136
anderson-souza-conceicao,2026-03-08 17:00:00+00:00,0.0,0.0,34.199153840603834
anderson-souza-conceicao,2026-03-13 17:00:00+00:00,0.0,34.3,29.447570183982688
anderson-souza-conceicao,2026-03-17 17:00:00+00:00,34.3,42.9,20.78868630952381
anderson-souza-conceicao,2026-04-05 17:00:00+00:00,42.9,92.9,24.653609325396825
anderson-souza-conceicao,2026-04-11 17:00:00+00:00,92.9,72.3,29.786555952380944
anderson-souza-conceicao,2026-04-17 17:00:00+00:00,72.3,22.7,48.338467766955276
anderson-souza-conceicao,2026-04-26 17:00:00+00:00,22.7,87.3,52.09881709956712
anderson-souza-conceicao,2026-05-02 17:00:00+00:00,87.3,57.0,58.07112047258297
anderson-souza-conceicao,2026-05-09 17:00:00+00:00,57.0,0.0,40.16959280303027
andre-alexandre-mendes-miranda,2026-02-09 20:45:00+00:00,0.0,0.0,0.0
andre-alexandre-mendes-miranda,2026-02-15 15:30:00+00:00,0.0,0.0,0.0
andre-alexandre-mendes-miranda,2026-02-22 20:30:00+00:00,0.0,36.3,0.0
andre-alexandre-mendes-miranda,2026-02-27 18:45:00+00:00,36.3,0.0,0.0
andre-alexandre-mendes-miranda,2026-03-08 18:00:00+00:00,0.0,0.0,0.6000666666666666
andre-alexandre-mendes-miranda,2026-03-12 17:45:00+00:00,0.0,0.0,0.6000666666666666
andre-alexandre-mendes-miranda,2026-03-15 20:30:00+00:00,0.0,0.0,0.6000666666666666
andre-alexandre-mendes-miranda,2026-03-19 20:00:00+00:00,0.0,0.0,0.6000666666666666
andre-alexandre-mendes-miranda,2026-03-22 20:30:00+00:00,0.0,0.0,0.6000666666666666
andre-alexandre-mendes-miranda,2026-04-04 19:30:00+00:00,0.0,0.0,0.12108333333333332
andre-alexandre-mendes-miranda,2026-04-09 19:00:00+00:00,0.0,0.0,0.12108333333333332
andre-alexandre-mendes-miranda,2026-04-12 19:30:00+00:00,0.0,0.0,0.12108333333333332
andre-alexandre-mendes-miranda,2026-04-16 19:00:00+00:00,0.0,0.0,0.12108333333333332
andre-alexandre-mendes-miranda,2026-04-19 19:30:00+00:00,0.0,0.0,0.12108333333333332
andre-alexandre-mendes-miranda,2026-04-26 17:00:00+00:00,0.0,0.0,0.12108333333333332
andre-alexandre-mendes-miranda,2026-05-02 19:30:00+00:00,0.0,0.0,0.12108333333333332
andre-alexandre-mendes-miranda,2026-05-10 17:00:00+00:00,0.0,0.0,0.12108333333333332
andre-luis-rocha-oliveira,2026-02-09 20:45:00+00:00,0.0,0.0,0.0
andre-luis-rocha-oliveira,2026-02-15 15:30:00+00:00,0.0,0.0,0.0
andre-luis-rocha-oliveira,2026-02-22 20:30:00+00:00,0.0,0.0,0.0
andre-luis-rocha-oliveira,2026-02-27 18:45:00+00:00,0.0,0.0,0.0
andre-luis-rocha-oliveira,2026-03-08 18:00:00+00:00,0.0,0.0,0.0
andre-luis-rocha-oliveira,2026-03-12 17:45:00+00:00,0.0,0.0,0.0
andre-luis-rocha-oliveira,2026-03-15 20:30:00+00:00,0.0,0.0,0.0
andre-luis-rocha-oliveira,2026-03-19 20:00:00+00:00,0.0,0.0,0.0
andre-luis-rocha-oliveira,2026-03-22 20:30:00+00:00,0.0,0.0,0.0
andre-luis-rocha-oliveira,2026-04-04 19:30:00+00:00,0.0,0.0,0.0
andre-luis-rocha-oliveira,2026-04-09 19:00:00+00:00,0.0,0.0,0.0
andre-luis-rocha-oliveira,2026-04-12 19:30:00+00:00,0.0,0.0,0.0
andre-luis-rocha-oliveira,2026-04-16 19:00:00+00:00,0.0,0.0,0.0
andre-luis-rocha-oliveira,2026-04-19 19:30:00+00:00,0.0,0.0,0.0
andre-luis-rocha-oliveira,2026-04-26 17:00:00+00:00,0.0,0.0,0.0
andre-luis-rocha-oliveira,2026-05-02 19:30:00+00:00,0.0,0.0,0.0
andre-luis-rocha-oliveira,2026-05-10 17:00:00+00:00,0.0,0.0,0.0
andre-onana,2026-02-14 17:00:00+00:00,20.1,50.6,42.14674662698413
andre-onana,2026-02-22 13:00:00+00:00,50.6,46.3,36.1641772158397
andre-onana,2026-02-27 17:00:00+00:00,46.3,52.8,38.0413713092463
andre-onana,2026-03-09 17:00:00+00:00,52.8,64.9,43.07350888278389
andre-onana,2026-03-14 17:00:00+00:00,64.9,67.5,45.46594752886003
andre-onana,2026-03-18 17:00:00+00:00,67.5,37.0,48.820454960317456
andre-onana,2026-04-04 17:00:00+00:00,37.0,33.6,35.39371982461981
andre-onana,2026-04-11 14:00:00+00:00,33.6,36.7,40.06567153124651
andre-onana,2026-04-19 17:00:00+00:00,36.7,41.5,42.69917826479075
andre-onana,2026-04-27 17:00:00+00:00,41.5,43.4,44.45429945471196
andre-onana,2026-05-02 17:00:00+00:00,43.4,38.6,37.907354888167404
andre-onana,2026-05-09 17:00:00+00:00,38.6,0.0,30.193742414529925
andre-pinho-oliveira,2026-02-14 18:00:00+00:00,0.0,0.0,0.0
andre-pinho-oliveira,2026-02-21 20:30:00+00:00,0.0,0.0,0.0
andre-pinho-oliveira,2026-02-28 20:30:00+00:00,0.0,0.0,0.0
andre-pinho-oliveira,2026-03-08 20:30:00+00:00,0.0,0.0,0.0
andre-pinho-oliveira,2026-03-14 15:30:00+00:00,0.0,0.0,0.0
andre-pinho-oliveira,2026-03-21 18:00:00+00:00,0.0,0.0,0.0
andre-pinho-oliveira,2026-04-03 17:00:00+00:00,0.0,0.0,0.0
andre-pinho-oliveira,2026-04-11 14:30:00+00:00,0.0,0.0,0.0
andre-pinho-oliveira,2026-04-18 19:30:00+00:00,0.0,0.0,0.0
andre-pinho-oliveira,2026-04-25 19:30:00+00:00,0.0,0.0,0.0
andre-pinho-oliveira,2026-05-04 19:15:00+00:00,0.0,0.0,0.0
andre-pinho-oliveira,2026-05-11 19:15:00+00:00,0.0,0.0,0.0
andreas-raedergard-schjelderup,2026-02-08 20:30:00+00:00,76.2,37.4,38.21445551948054
andreas-raedergard-schjelderup,2026-02-13 18:30:00+00:00,37.4,44.0,37.936225197025166
andreas-raedergard-schjelderup,2026-02-17 20:00:00+00:00,44.0,61.9,35.06770088383836
andreas-raedergard-schjelderup,2026-02-21 18:00:00+00:00,61.9,49.9,32.472437518037516
andreas-raedergard-schjelderup,2026-02-25 20:00:00+00:00,49.9,60.0,37.47986196581196
andreas-raedergard-schjelderup,2026-03-02 20:15:00+00:00,60.0,74.9,45.53262275363525
andreas-raedergard-schjelderup,2026-03-08 18:00:00+00:00,74.9,81.6,41.147598051948016
andreas-raedergard-schjelderup,2026-03-14 20:30:00+00:00,81.6,55.7,38.57269038600289
andreas-raedergard-schjelderup,2026-03-21 18:00:00+00:00,55.7,76.4,44.680712968975456
andreas-raedergard-schjelderup,2026-03-27 19:45:00+00:00,76.4,34.6,40.447843434343454
andreas-raedergard-schjelderup,2026-03-31 16:00:00+00:00,34.6,73.6,37.54434303751804
andreas-raedergard-schjelderup,2026-04-06 19:45:00+00:00,73.6,77.5,43.22136973304474
andreas-raedergard-schjelderup,2026-04-12 17:00:00+00:00,77.5,60.0,43.31045009018761
andreas-raedergard-schjelderup,2026-04-19 17:15:00+00:00,60.0,40.0,40.0822582792208
andreas-raedergard-schjelderup,2026-04-25 17:00:00+00:00,40.0,82.9,43.39143302669554
andreas-raedergard-schjelderup,2026-05-02 17:00:00+00:00,82.9,83.6,40.74692335164835
andreas-raedergard-schjelderup,2026-05-11 19:15:00+00:00,83.6,40.2,39.71107389971141
andreas-skov-olsen,2026-02-11 20:00:00+00:00,0.0,70.6,25.39652207792207
andreas-skov-olsen,2026-02-15 16:30:00+00:00,70.6,49.5,21.712803156565656
andreas-skov-olsen,2026-02-22 15:00:00+00:00,49.5,71.1,26.216901046176048
andreas-skov-olsen,2026-03-01 12:00:00+00:00,71.1,37.4,41.080168975468986
andreas-skov-olsen,2026-03-15 12:00:00+00:00,37.4,0.0,39.735565054390065
andreas-skov-olsen,2026-03-21 17:45:00+00:00,0.0,62.7,34.82181215867465
andreas-skov-olsen,2026-04-04 14:00:00+00:00,62.7,0.0,34.82181215867465
andreas-skov-olsen,2026-04-12 11:00:00+00:00,0.0,0.0,38.6017535908536
andreas-skov-olsen,2026-04-26 14:00:00+00:00,0.0,43.2,36.89434769119769
andreas-skov-olsen,2026-05-04 16:30:00+00:00,43.2,0.0,34.58720833333334
andreas-skov-olsen,2026-05-10 11:00:00+00:00,0.0,0.0,30.87129321789321
andreas-skov-olsen,2026-05-13 19:00:00+00:00,0.0,0.0,30.87129321789321
anisio-claudio-fernandes-reis-cabral,2026-02-08 20:30:00+00:00,64.4,0.0,39.31959886363639
anisio-claudio-fernandes-reis-cabral,2026-02-13 18:30:00+00:00,0.0,0.0,32.27450562770562
anisio-claudio-fernandes-reis-cabral,2026-02-17 20:00:00+00:00,0.0,31.6,39.95378157675658
anisio-claudio-fernandes-reis-cabral,2026-02-21 18:00:00+00:00,31.6,0.0,18.06054834054834
anisio-claudio-fernandes-reis-cabral,2026-02-25 20:00:00+00:00,0.0,0.0,30.417955994006007
anisio-claudio-fernandes-reis-cabral,2026-03-02 20:15:00+00:00,0.0,0.0,21.261252705627708
anisio-claudio-fernandes-reis-cabral,2026-03-08 18:00:00+00:00,0.0,42.2,15.782370942945949
anisio-claudio-fernandes-reis-cabral,2026-03-14 20:30:00+00:00,42.2,0.0,16.069115571928076
anisio-claudio-fernandes-reis-cabral,2026-03-21 18:00:00+00:00,0.0,33.5,17.37371130952381
anisio-claudio-fernandes-reis-cabral,2026-04-06 19:45:00+00:00,33.5,0.0,17.469238888888903
anisio-claudio-fernandes-reis-cabral,2026-04-12 17:00:00+00:00,0.0,0.0,20.994994570707085
anisio-claudio-fernandes-reis-cabral,2026-04-19 17:15:00+00:00,0.0,0.0,21.549818578643595
anisio-claudio-fernandes-reis-cabral,2026-04-25 17:00:00+00:00,0.0,0.0,20.869014610389623
anisio-claudio-fernandes-reis-cabral,2026-05-02 17:00:00+00:00,0.0,0.0,17.32390376984128
anisio-claudio-fernandes-reis-cabral,2026-05-11 19:15:00+00:00,0.0,0.0,17.32390376984128
anrie-chase,2026-02-15 13:30:00+00:00,0.0,0.0,1.3721413997244523
anrie-chase,2026-02-22 16:00:00+00:00,0.0,58.8,1.3721413997244523
anrie-chase,2026-03-01 16:00:00+00:00,58.8,0.0,1.3721413997244523
anrie-chase,2026-03-08 16:00:00+00:00,0.0,0.0,21.251991973304474
anrie-chase,2026-03-15 13:30:00+00:00,0.0,14.4,21.251991973304474
anrie-chase,2026-03-20 18:30:00+00:00,14.4,0.0,21.251991973304474
anrie-chase,2026-04-05 12:30:00+00:00,0.0,53.2,17.923265656565665
anrie-chase,2026-04-10 17:30:00+00:00,53.2,0.0,17.923265656565665
anrie-chase,2026-04-19 12:30:00+00:00,0.0,0.0,14.494923069985568
anrie-chase,2026-04-22 16:30:00+00:00,0.0,0.0,14.494923069985568
anrie-chase,2026-04-26 12:30:00+00:00,0.0,0.0,14.494923069985568
anrie-chase,2026-05-03 15:00:00+00:00,0.0,0.0,10.025090133477633
anrie-chase,2026-05-10 15:00:00+00:00,0.0,51.4,10.025090133477633
anthony-musaba,2026-02-09 17:00:00+00:00,36.5,34.5,33.16576684704186
anthony-musaba,2026-02-14 17:00:00+00:00,34.5,0.0,30.27372603646354
anthony-musaba,2026-02-19 17:45:00+00:00,0.0,24.4,23.537473079698074
anthony-musaba,2026-02-23 17:00:00+00:00,24.4,0.0,38.3888110930736
anthony-musaba,2026-02-26 20:00:00+00:00,0.0,37.9,38.44389954906203
anthony-musaba,2026-03-01 17:00:00+00:00,37.9,73.1,36.98198874181374
anthony-musaba,2026-03-08 17:00:00+00:00,73.1,50.8,29.949991824841828
anthony-musaba,2026-03-13 17:00:00+00:00,50.8,45.6,37.40819812271062
anthony-musaba,2026-03-17 17:00:00+00:00,45.6,29.2,32.33759652292153
anthony-musaba,2026-04-05 17:00:00+00:00,29.2,37.9,41.25498423520922
anthony-musaba,2026-04-11 17:00:00+00:00,37.9,61.0,45.210377326839826
anthony-musaba,2026-04-17 17:00:00+00:00,61.0,35.3,46.61812020202023
anthony-musaba,2026-04-26 17:00:00+00:00,35.3,33.7,45.12097162559663
anthony-musaba,2026-05-02 17:00:00+00:00,33.7,52.2,43.415442171717174
anthony-musaba,2026-05-09 17:00:00+00:00,52.2,33.2,28.877867081529576
anthony-nuatuzor-nwakaeme,2026-02-14 17:00:00+00:00,38.8,0.0,23.319663838938823
anthony-nuatuzor-nwakaeme,2026-02-22 13:00:00+00:00,0.0,35.8,40.74973532301035
anthony-nuatuzor-nwakaeme,2026-02-27 17:00:00+00:00,35.8,37.6,27.92063914141412
anthony-nuatuzor-nwakaeme,2026-03-09 17:00:00+00:00,37.6,0.0,37.97244383116881
anthony-nuatuzor-nwakaeme,2026-03-14 17:00:00+00:00,0.0,34.0,33.39413436147183
anthony-nuatuzor-nwakaeme,2026-03-18 17:00:00+00:00,34.0,60.6,28.878453354978365
anthony-nuatuzor-nwakaeme,2026-04-04 17:00:00+00:00,60.6,36.1,31.67940003607505
anthony-nuatuzor-nwakaeme,2026-04-11 14:00:00+00:00,36.1,39.6,24.815778571428577
anthony-nuatuzor-nwakaeme,2026-04-19 17:00:00+00:00,39.6,72.0,33.19955817099565
anthony-nuatuzor-nwakaeme,2026-04-27 17:00:00+00:00,72.0,0.0,35.44290974719722
anthony-nuatuzor-nwakaeme,2026-05-02 17:00:00+00:00,0.0,41.3,34.95635981795982
anthony-nuatuzor-nwakaeme,2026-05-09 17:00:00+00:00,41.3,56.3,34.7169646825397
anthony-ralston,2026-02-11 19:45:00+00:00,0.0,0.0,19.501810407647916
anthony-ralston,2026-02-15 14:00:00+00:00,0.0,0.0,27.208854310966803
anthony-ralston,2026-02-19 20:00:00+00:00,0.0,0.0,29.10515546953046
anthony-ralston,2026-02-22 15:00:00+00:00,0.0,44.1,27.37063972277722
anthony-ralston,2026-02-26 17:45:00+00:00,44.1,0.0,37.11052180319678
anthony-ralston,2026-03-01 12:00:00+00:00,0.0,0.0,29.327419047619046
anthony-ralston,2026-03-04 20:00:00+00:00,0.0,37.3,30.42430773809524
anthony-ralston,2026-03-14 15:00:00+00:00,37.3,0.0,23.960341053391065
anthony-ralston,2026-03-22 12:30:00+00:00,0.0,32.9,28.13094440836941
anthony-ralston,2026-03-28 17:00:00+00:00,32.9,0.0,29.8232058982684
anthony-ralston,2026-03-31 18:30:00+00:00,0.0,33.2,25.042131836219337
anthony-ralston,2026-04-05 15:30:00+00:00,33.2,60.0,25.042131836219337
anthony-ralston,2026-04-11 14:00:00+00:00,60.0,24.0,30.6401542748918
anthony-ralston,2026-04-25 16:30:00+00:00,24.0,36.1,40.36047216810967
anthony-ralston,2026-05-03 11:00:00+00:00,36.1,31.3,41.935108880008904
anthony-ralston,2026-05-10 11:00:00+00:00,31.3,32.9,35.26811540959043
anthony-ralston,2026-05-13 19:00:00+00:00,32.9,0.0,31.40823897907649
antonio-gil-lourenco-oliveira-valerio-branco,2026-02-08 18:00:00+00:00,0.0,0.0,0.19822025967420184
antonio-gil-lourenco-oliveira-valerio-branco,2026-02-14 20:30:00+00:00,0.0,0.0,0.19822025967420184
antonio-gil-lourenco-oliveira-valerio-branco,2026-02-21 20:30:00+00:00,0.0,0.0,0.19822025967420184
antonio-gil-lourenco-oliveira-valerio-branco,2026-02-28 18:00:00+00:00,0.0,0.0,0.19822025967420184
antonio-gil-lourenco-oliveira-valerio-branco,2026-03-07 18:00:00+00:00,0.0,0.0,0.19822025967420184
antonio-gil-lourenco-oliveira-valerio-branco,2026-03-12 20:00:00+00:00,0.0,0.0,0.19822025967420184
antonio-gil-lourenco-oliveira-valerio-branco,2026-03-18 15:30:00+00:00,0.0,0.0,0.19822025967420184
antonio-gil-lourenco-oliveira-valerio-branco,2026-03-22 20:30:00+00:00,0.0,0.0,0.19822025967420184
antonio-gil-lourenco-oliveira-valerio-branco,2026-04-04 17:00:00+00:00,0.0,0.0,0.19822025967420184
antonio-gil-lourenco-oliveira-valerio-branco,2026-04-08 16:45:00+00:00,0.0,0.0,0.19822025967420184
antonio-gil-lourenco-oliveira-valerio-branco,2026-04-12 17:00:00+00:00,0.0,0.0,0.19822025967420184
antonio-gil-lourenco-oliveira-valerio-branco,2026-04-16 19:00:00+00:00,0.0,0.0,0.19822025967420184
antonio-gil-lourenco-oliveira-valerio-branco,2026-04-19 19:30:00+00:00,0.0,0.0,0.19822025967420184
antonio-gil-lourenco-oliveira-valerio-branco,2026-04-23 18:00:00+00:00,0.0,0.0,0.19822025967420184
antonio-gil-lourenco-oliveira-valerio-branco,2026-04-26 17:00:00+00:00,0.0,0.0,0.19822025967420184
antonio-gil-lourenco-oliveira-valerio-branco,2026-04-30 19:00:00+00:00,0.0,0.0,0.19822025967420184
antonio-gil-lourenco-oliveira-valerio-branco,2026-05-03 17:00:00+00:00,0.0,0.0,0.19822025967420184
antonio-gil-lourenco-oliveira-valerio-branco,2026-05-07 19:00:00+00:00,0.0,0.0,0.19822025967420184
antonio-gil-lourenco-oliveira-valerio-branco,2026-05-11 19:15:00+00:00,0.0,30.6,0.19822025967420184
antonio-joao-pereira-albuquerque-tavares-silva,2026-02-08 20:30:00+00:00,40.6,49.2,31.6744390096015
antonio-joao-pereira-albuquerque-tavares-silva,2026-02-13 18:30:00+00:00,49.2,0.0,32.07863760822511
antonio-joao-pereira-albuquerque-tavares-silva,2026-02-17 20:00:00+00:00,0.0,65.4,42.22118658563659
antonio-joao-pereira-albuquerque-tavares-silva,2026-02-21 18:00:00+00:00,65.4,0.0,40.999583161283155
antonio-joao-pereira-albuquerque-tavares-silva,2026-02-25 20:00:00+00:00,0.0,72.0,32.93857092352093
antonio-joao-pereira-albuquerque-tavares-silva,2026-03-02 20:15:00+00:00,72.0,41.4,38.654842803030306
antonio-joao-pereira-albuquerque-tavares-silva,2026-03-08 18:00:00+00:00,41.4,17.9,32.826516802641784
antonio-joao-pereira-albuquerque-tavares-silva,2026-03-14 20:30:00+00:00,17.9,0.0,37.3726142912643
antonio-joao-pereira-albuquerque-tavares-silva,2026-03-21 18:00:00+00:00,0.0,43.0,38.145172065434565
antonio-joao-pereira-albuquerque-tavares-silva,2026-03-29 01:00:00+00:00,43.0,37.4,40.93419933261185
antonio-joao-pereira-albuquerque-tavares-silva,2026-03-31 23:00:00+00:00,37.4,53.0,39.798702440614946
antonio-joao-pereira-albuquerque-tavares-silva,2026-04-06 19:45:00+00:00,53.0,53.4,31.992822222222227
antonio-joao-pereira-albuquerque-tavares-silva,2026-04-12 17:00:00+00:00,53.4,42.0,34.17290355339105
antonio-joao-pereira-albuquerque-tavares-silva,2026-04-19 17:15:00+00:00,42.0,83.3,49.22192864774115
antonio-joao-pereira-albuquerque-tavares-silva,2026-04-25 17:00:00+00:00,83.3,56.9,34.18091749639252
antonio-joao-pereira-albuquerque-tavares-silva,2026-05-02 17:00:00+00:00,56.9,74.2,35.284174855699845
antonio-joao-pereira-albuquerque-tavares-silva,2026-05-11 19:15:00+00:00,74.2,0.0,26.50785586219337
archie-brown,2026-02-09 17:00:00+00:00,0.0,0.0,5.545868181818182
archie-brown,2026-02-14 17:00:00+00:00,0.0,0.0,4.926108008658009
archie-brown,2026-02-19 17:45:00+00:00,0.0,0.0,4.829428499278498
archie-brown,2026-02-23 17:00:00+00:00,0.0,38.3,12.487200847763347
archie-brown,2026-02-26 20:00:00+00:00,38.3,35.4,17.893633993241057
archie-brown,2026-03-01 17:00:00+00:00,35.4,19.6,41.05277976329225
archie-brown,2026-03-08 17:00:00+00:00,19.6,31.9,36.967318001443005
archie-brown,2026-03-13 17:00:00+00:00,31.9,45.1,31.2196694083694
archie-brown,2026-03-17 17:00:00+00:00,45.1,88.2,36.7843367174492
archie-brown,2026-04-05 17:00:00+00:00,88.2,79.9,30.004979202741673
archie-brown,2026-04-11 17:00:00+00:00,79.9,26.4,36.341928664391155
archie-brown,2026-04-17 17:00:00+00:00,26.4,9.2,39.53694136280386
archie-brown,2026-04-26 17:00:00+00:00,9.2,0.0,40.59591901986901
archie-brown,2026-05-02 17:00:00+00:00,0.0,75.5,41.61258221500721
archie-brown,2026-05-09 17:00:00+00:00,75.5,26.6,28.385503427128405
arda-ozturk-2007-03-10,2026-02-14 17:00:00+00:00,0.0,0.0,0.0
arda-ozturk-2007-03-10,2026-02-22 13:00:00+00:00,0.0,0.0,0.0
arda-ozturk-2007-03-10,2026-02-27 17:00:00+00:00,0.0,0.0,0.0
arda-ozturk-2007-03-10,2026-03-09 17:00:00+00:00,0.0,0.0,0.0
arda-ozturk-2007-03-10,2026-03-14 17:00:00+00:00,0.0,0.0,0.0
arda-ozturk-2007-03-10,2026-03-18 17:00:00+00:00,0.0,0.0,0.0
arda-ozturk-2007-03-10,2026-04-04 17:00:00+00:00,0.0,0.0,0.0
arda-ozturk-2007-03-10,2026-04-11 14:00:00+00:00,0.0,0.0,0.0
arda-ozturk-2007-03-10,2026-04-19 17:00:00+00:00,0.0,0.0,0.0
arda-ozturk-2007-03-10,2026-04-27 17:00:00+00:00,0.0,0.0,0.0
arda-ozturk-2007-03-10,2026-05-02 17:00:00+00:00,0.0,0.0,0.0
arda-ozturk-2007-03-10,2026-05-09 17:00:00+00:00,0.0,0.0,0.0
arda-unyay,2026-02-13 17:00:00+00:00,0.0,0.0,1.232077489177489
arda-unyay,2026-02-17 17:45:00+00:00,0.0,0.0,1.232077489177489
arda-unyay,2026-02-21 17:00:00+00:00,0.0,0.0,1.232077489177489
arda-unyay,2026-02-25 20:00:00+00:00,0.0,0.0,0.7187012987012987
arda-unyay,2026-02-28 17:00:00+00:00,0.0,0.0,1.3149243145743146
arda-unyay,2026-03-07 17:00:00+00:00,0.0,0.0,9.147200003797368
arda-unyay,2026-03-10 17:45:00+00:00,0.0,0.0,2.9403954003813535
arda-unyay,2026-03-14 17:00:00+00:00,0.0,0.0,2.9403954003813535
arda-unyay,2026-03-18 20:00:00+00:00,0.0,0.0,2.381116513653596
arda-unyay,2026-04-04 17:00:00+00:00,0.0,0.0,2.4877970741176703
arda-unyay,2026-04-08 17:00:00+00:00,0.0,0.0,2.4877970741176703
arda-unyay,2026-04-12 17:00:00+00:00,0.0,0.0,2.4877970741176703
arda-unyay,2026-04-18 17:00:00+00:00,0.0,0.0,2.4877970741176703
arda-unyay,2026-04-26 17:00:00+00:00,0.0,0.0,2.4877970741176703
arda-unyay,2026-05-02 17:00:00+00:00,0.0,0.0,2.4877970741176703
arda-unyay,2026-05-09 17:00:00+00:00,0.0,62.6,2.4877970741176703
arda-yilmaz,2026-02-13 17:00:00+00:00,0.0,0.0,0.0
arda-yilmaz,2026-02-17 17:45:00+00:00,0.0,0.0,0.0
arda-yilmaz,2026-02-21 17:00:00+00:00,0.0,0.0,0.0
arda-yilmaz,2026-02-25 20:00:00+00:00,0.0,0.0,0.0
arda-yilmaz,2026-02-28 17:00:00+00:00,0.0,0.0,0.0
arda-yilmaz,2026-03-07 17:00:00+00:00,0.0,0.0,0.0
arda-yilmaz,2026-03-10 17:45:00+00:00,0.0,0.0,0.0
arda-yilmaz,2026-03-14 17:00:00+00:00,0.0,0.0,0.0
arda-yilmaz,2026-03-18 20:00:00+00:00,0.0,0.0,0.0
arda-yilmaz,2026-04-04 17:00:00+00:00,0.0,0.0,0.0
arda-yilmaz,2026-04-08 17:00:00+00:00,0.0,0.0,0.0
arda-yilmaz,2026-04-12 17:00:00+00:00,0.0,0.0,0.0
arda-yilmaz,2026-04-18 17:00:00+00:00,0.0,0.0,0.0
arda-yilmaz,2026-04-26 17:00:00+00:00,0.0,0.0,0.0
arda-yilmaz,2026-05-02 17:00:00+00:00,0.0,0.0,0.0
arda-yilmaz,2026-05-09 17:00:00+00:00,0.0,0.0,0.0
armindo-tue-na-bangna,2026-02-08 20:30:00+00:00,35.4,0.0,17.770647287434787
armindo-tue-na-bangna,2026-02-13 18:30:00+00:00,0.0,0.0,27.583384650072144
armindo-tue-na-bangna,2026-02-17 20:00:00+00:00,0.0,0.0,27.583384650072144
armindo-tue-na-bangna,2026-02-21 18:00:00+00:00,0.0,0.0,27.583384650072144
armindo-tue-na-bangna,2026-02-25 20:00:00+00:00,0.0,0.0,27.583384650072144
armindo-tue-na-bangna,2026-03-02 20:15:00+00:00,0.0,0.0,12.746403893843251
armindo-tue-na-bangna,2026-03-08 18:00:00+00:00,0.0,0.0,1.5931087662337662
armindo-tue-na-bangna,2026-03-14 20:30:00+00:00,0.0,0.0,1.5931087662337662
armindo-tue-na-bangna,2026-03-21 18:00:00+00:00,0.0,0.0,1.5931087662337662
armindo-tue-na-bangna,2026-04-06 19:45:00+00:00,0.0,0.0,1.5931087662337662
armindo-tue-na-bangna,2026-04-12 17:00:00+00:00,0.0,0.0,1.5931087662337662
armindo-tue-na-bangna,2026-04-19 17:15:00+00:00,0.0,0.0,1.5931087662337662
armindo-tue-na-bangna,2026-04-25 17:00:00+00:00,0.0,0.0,1.5931087662337662
armindo-tue-na-bangna,2026-05-02 17:00:00+00:00,0.0,0.0,1.5931087662337662
armindo-tue-na-bangna,2026-05-11 19:15:00+00:00,0.0,35.1,1.5931087662337662
arnas-voitinovicius,2026-02-08 20:30:00+00:00,0.0,0.0,0.0
arnas-voitinovicius,2026-02-13 18:30:00+00:00,0.0,0.0,0.0
arnas-voitinovicius,2026-02-17 20:00:00+00:00,0.0,0.0,0.0
arnas-voitinovicius,2026-02-21 18:00:00+00:00,0.0,0.0,0.0
arnas-voitinovicius,2026-02-25 20:00:00+00:00,0.0,0.0,0.0
arnas-voitinovicius,2026-03-02 20:15:00+00:00,0.0,0.0,0.0
arnas-voitinovicius,2026-03-08 18:00:00+00:00,0.0,0.0,0.0
arnas-voitinovicius,2026-03-14 20:30:00+00:00,0.0,0.0,0.0
arnas-voitinovicius,2026-03-21 18:00:00+00:00,0.0,0.0,0.0
arnas-voitinovicius,2026-04-06 19:45:00+00:00,0.0,0.0,0.0
arnas-voitinovicius,2026-04-12 17:00:00+00:00,0.0,0.0,0.0
arnas-voitinovicius,2026-04-19 17:15:00+00:00,0.0,0.0,0.0
arnas-voitinovicius,2026-04-25 17:00:00+00:00,0.0,0.0,0.0
arnas-voitinovicius,2026-05-02 17:00:00+00:00,0.0,0.0,0.0
arnas-voitinovicius,2026-05-11 19:15:00+00:00,0.0,0.0,0.0
arne-engels,2026-02-11 19:45:00+00:00,41.7,0.0,51.41786067821068
arne-engels,2026-02-15 14:00:00+00:00,0.0,0.0,49.53874343434342
arne-engels,2026-02-19 20:00:00+00:00,0.0,0.0,47.20152167415916
arne-engels,2026-02-22 15:00:00+00:00,0.0,0.0,45.587231204906196
arne-engels,2026-02-26 17:45:00+00:00,0.0,0.0,37.41857680236429
arne-engels,2026-03-01 12:00:00+00:00,0.0,0.0,20.20850041486291
arne-engels,2026-03-04 20:00:00+00:00,0.0,0.0,31.43600981240981
arne-engels,2026-03-14 15:00:00+00:00,0.0,0.0,28.91315323981574
arne-engels,2026-03-22 12:30:00+00:00,0.0,0.0,31.7002843906094
arne-engels,2026-04-05 15:30:00+00:00,0.0,33.3,27.579419426406936
arne-engels,2026-04-11 14:00:00+00:00,33.3,48.7,28.940682323232338
arne-engels,2026-04-25 16:30:00+00:00,48.7,33.6,37.8490710858586
arne-engels,2026-05-03 11:00:00+00:00,33.6,68.8,50.02546592712841
arne-engels,2026-05-10 11:00:00+00:00,68.8,29.8,46.28218100649353
arne-engels,2026-05-13 19:00:00+00:00,29.8,66.6,43.08391003718505
arran-kerr,2026-02-11 20:00:00+00:00,0.0,0.0,0.0
arran-kerr,2026-02-15 16:30:00+00:00,0.0,0.0,0.0
arran-kerr,2026-02-22 15:00:00+00:00,0.0,0.0,0.0
arran-kerr,2026-03-01 12:00:00+00:00,0.0,0.0,0.0
arran-kerr,2026-03-15 12:00:00+00:00,0.0,0.0,0.0
arran-kerr,2026-03-21 17:45:00+00:00,0.0,0.0,0.0
arran-kerr,2026-04-04 14:00:00+00:00,0.0,0.0,0.0
arran-kerr,2026-04-12 11:00:00+00:00,0.0,0.0,0.0
arran-kerr,2026-04-26 14:00:00+00:00,0.0,0.0,0.0
arran-kerr,2026-05-04 16:30:00+00:00,0.0,0.0,0.0
arran-kerr,2026-05-10 11:00:00+00:00,0.0,0.0,0.0
arran-kerr,2026-05-13 19:00:00+00:00,0.0,0.0,0.0
arseniy-batagov,2026-02-14 17:00:00+00:00,41.2,63.8,47.404824945887505
arseniy-batagov,2026-02-22 13:00:00+00:00,63.8,42.5,51.526609884559896
arseniy-batagov,2026-02-27 17:00:00+00:00,42.5,63.4,52.92653706709956
arseniy-batagov,2026-03-09 17:00:00+00:00,63.4,0.0,50.017149309024305
arseniy-batagov,2026-03-14 17:00:00+00:00,0.0,0.0,41.824978096903095
arseniy-batagov,2026-03-18 17:00:00+00:00,0.0,0.0,44.22304214257964
arseniy-batagov,2026-04-04 17:00:00+00:00,0.0,0.0,49.981112499999966
arseniy-batagov,2026-04-11 14:00:00+00:00,0.0,0.0,31.286807990620474
arseniy-batagov,2026-04-19 17:00:00+00:00,0.0,0.0,42.74841222249971
arseniy-batagov,2026-04-27 17:00:00+00:00,0.0,0.0,24.417954134799338
arseniy-batagov,2026-05-02 17:00:00+00:00,0.0,0.0,23.17842118025388
arseniy-batagov,2026-05-09 17:00:00+00:00,0.0,0.0,23.201948362793566
asim-efe-isik,2026-02-08 17:00:00+00:00,0.0,0.0,0.0
asim-efe-isik,2026-02-15 17:00:00+00:00,0.0,0.0,0.0
asim-efe-isik,2026-02-22 17:00:00+00:00,0.0,0.0,0.0
asim-efe-isik,2026-02-28 13:00:00+00:00,0.0,0.0,0.0
asim-efe-isik,2026-03-07 17:00:00+00:00,0.0,0.0,0.0
asim-efe-isik,2026-03-15 17:00:00+00:00,0.0,0.0,0.0
asim-efe-isik,2026-03-19 17:00:00+00:00,0.0,0.0,0.0
asim-efe-isik,2026-04-05 17:00:00+00:00,0.0,0.0,0.0
asim-efe-isik,2026-04-10 17:00:00+00:00,0.0,0.0,0.0
asim-efe-isik,2026-04-19 14:00:00+00:00,0.0,0.0,0.0
asim-efe-isik,2026-04-27 17:00:00+00:00,0.0,0.0,0.0
asim-efe-isik,2026-05-01 17:00:00+00:00,0.0,0.0,0.0
asim-efe-isik,2026-05-09 17:00:00+00:00,0.0,0.0,0.0
auston-trusty,2026-02-11 19:45:00+00:00,57.0,38.4,42.316912561050046
auston-trusty,2026-02-15 14:00:00+00:00,38.4,47.3,39.4347177017427
auston-trusty,2026-02-19 20:00:00+00:00,47.3,35.1,54.93664478715725
auston-trusty,2026-02-22 15:00:00+00:00,35.1,68.9,41.7907244949495
auston-trusty,2026-02-26 17:45:00+00:00,68.9,0.0,49.477744823232314
auston-trusty,2026-03-01 12:00:00+00:00,0.0,0.0,39.582236047286024
auston-trusty,2026-03-04 20:00:00+00:00,0.0,0.0,38.20222371933622
auston-trusty,2026-03-14 15:00:00+00:00,0.0,0.0,33.14411421356423
auston-trusty,2026-03-22 12:30:00+00:00,0.0,0.0,29.749103373015878
auston-trusty,2026-03-28 19:30:00+00:00,0.0,49.2,49.232876497113985
auston-trusty,2026-03-31 23:00:00+00:00,49.2,51.0,11.073966666666664
auston-trusty,2026-04-05 15:30:00+00:00,51.0,71.5,29.962968470418474
auston-trusty,2026-04-11 14:00:00+00:00,71.5,39.6,27.053270689033194
auston-trusty,2026-04-25 16:30:00+00:00,39.6,65.9,39.6965829004329
auston-trusty,2026-05-03 11:00:00+00:00,65.9,39.1,32.9984862276612
auston-trusty,2026-05-10 11:00:00+00:00,39.1,71.7,68.83048484432237
auston-trusty,2026-05-13 19:00:00+00:00,71.7,55.3,66.52839188172936
bailey-rice,2026-02-11 20:00:00+00:00,0.0,0.0,0.5918455390031783
bailey-rice,2026-02-15 16:30:00+00:00,0.0,0.0,0.5918455390031783
bailey-rice,2026-02-22 15:00:00+00:00,0.0,0.0,0.5918455390031783
bailey-rice,2026-03-01 12:00:00+00:00,0.0,0.0,0.5918455390031783
bailey-rice,2026-03-15 12:00:00+00:00,0.0,0.0,0.5918455390031783
bailey-rice,2026-03-21 17:45:00+00:00,0.0,0.0,0.5918455390031783
bailey-rice,2026-04-04 14:00:00+00:00,0.0,0.0,0.5918455390031783
bailey-rice,2026-04-12 11:00:00+00:00,0.0,0.0,0.5918455390031783
bailey-rice,2026-04-26 14:00:00+00:00,0.0,0.0,0.5918455390031783
bailey-rice,2026-05-04 16:30:00+00:00,0.0,0.0,0.5918455390031783
bailey-rice,2026-05-10 11:00:00+00:00,0.0,0.0,0.5918455390031783
bailey-rice,2026-05-13 19:00:00+00:00,0.0,0.0,0.5918455390031783
baris-alper-yilmaz,2026-02-13 17:00:00+00:00,72.0,59.1,38.82941404983906
baris-alper-yilmaz,2026-02-17 17:45:00+00:00,59.1,30.5,44.99040642135642
baris-alper-yilmaz,2026-02-21 17:00:00+00:00,30.5,77.7,51.07334675324678
baris-alper-yilmaz,2026-02-25 20:00:00+00:00,77.7,39.5,43.45864666305914
baris-alper-yilmaz,2026-02-28 17:00:00+00:00,39.5,43.2,48.16413248973245
baris-alper-yilmaz,2026-03-07 17:00:00+00:00,43.2,42.2,47.40742747252746
baris-alper-yilmaz,2026-03-10 17:45:00+00:00,42.2,43.1,44.72898890692638
baris-alper-yilmaz,2026-03-14 17:00:00+00:00,43.1,40.6,42.38025575396827
baris-alper-yilmaz,2026-03-18 20:00:00+00:00,40.6,39.2,44.692248423798404
baris-alper-yilmaz,2026-03-26 17:00:00+00:00,39.2,29.3,39.152101261238755
baris-alper-yilmaz,2026-03-31 18:45:00+00:00,29.3,78.9,43.00088113275612
baris-alper-yilmaz,2026-04-04 17:00:00+00:00,78.9,60.0,37.41147095196469
baris-alper-yilmaz,2026-04-08 17:00:00+00:00,60.0,34.0,48.58250660173162
baris-alper-yilmaz,2026-04-12 17:00:00+00:00,34.0,38.4,40.540425992063476
baris-alper-yilmaz,2026-04-18 17:00:00+00:00,38.4,73.2,49.79000430402929
baris-alper-yilmaz,2026-04-26 17:00:00+00:00,73.2,43.0,49.892612286324805
baris-alper-yilmaz,2026-05-02 17:00:00+00:00,43.0,76.5,43.31229334415581
baris-alper-yilmaz,2026-05-09 17:00:00+00:00,76.5,0.0,47.61434563492067
batuhan-ahmet-sen,2026-02-13 17:00:00+00:00,0.0,0.0,0.0
batuhan-ahmet-sen,2026-02-17 17:45:00+00:00,0.0,0.0,0.0
batuhan-ahmet-sen,2026-02-21 17:00:00+00:00,0.0,0.0,0.0
batuhan-ahmet-sen,2026-02-25 20:00:00+00:00,0.0,0.0,0.0
batuhan-ahmet-sen,2026-02-28 17:00:00+00:00,0.0,0.0,0.0
batuhan-ahmet-sen,2026-03-07 17:00:00+00:00,0.0,0.0,0.0
batuhan-ahmet-sen,2026-03-10 17:45:00+00:00,0.0,0.0,0.0
batuhan-ahmet-sen,2026-03-14 17:00:00+00:00,0.0,0.0,0.0
batuhan-ahmet-sen,2026-03-18 20:00:00+00:00,0.0,0.0,0.0
batuhan-ahmet-sen,2026-04-04 17:00:00+00:00,0.0,0.0,0.0
batuhan-ahmet-sen,2026-04-08 17:00:00+00:00,0.0,0.0,0.0
batuhan-ahmet-sen,2026-04-12 17:00:00+00:00,0.0,0.0,0.0
batuhan-ahmet-sen,2026-04-18 17:00:00+00:00,0.0,0.0,0.0
batuhan-ahmet-sen,2026-04-26 17:00:00+00:00,0.0,34.0,0.0
batuhan-ahmet-sen,2026-05-02 17:00:00+00:00,34.0,0.0,0.0
batuhan-ahmet-sen,2026-05-09 17:00:00+00:00,0.0,42.0,5.396263095238095
benedito-mambuene-mukendi,2026-02-14 18:00:00+00:00,49.1,67.8,33.43992803862805
benedito-mambuene-mukendi,2026-02-21 20:30:00+00:00,67.8,48.0,37.68870227411475
benedito-mambuene-mukendi,2026-02-28 20:30:00+00:00,48.0,43.3,32.58207187950936
benedito-mambuene-mukendi,2026-03-08 20:30:00+00:00,43.3,47.4,37.86683118686869
benedito-mambuene-mukendi,2026-03-14 15:30:00+00:00,47.4,19.5,38.69326225718726
benedito-mambuene-mukendi,2026-03-21 18:00:00+00:00,19.5,61.8,37.91752282717282
benedito-mambuene-mukendi,2026-04-03 17:00:00+00:00,61.8,71.1,40.7624275974026
benedito-mambuene-mukendi,2026-04-11 14:30:00+00:00,71.1,40.6,29.536616666666657
benedito-mambuene-mukendi,2026-04-18 19:30:00+00:00,40.6,69.9,25.055275378787872
benedito-mambuene-mukendi,2026-04-25 19:30:00+00:00,69.9,36.6,29.604309289321794
benedito-mambuene-mukendi,2026-05-04 19:15:00+00:00,36.6,63.6,34.757810660173156
benedito-mambuene-mukendi,2026-05-11 19:15:00+00:00,63.6,0.0,32.652031096681085
benjamin-arthur,2026-02-11 19:45:00+00:00,0.0,0.0,0.0
benjamin-arthur,2026-02-15 14:00:00+00:00,0.0,0.0,0.0
benjamin-arthur,2026-02-19 20:00:00+00:00,0.0,36.9,0.0
benjamin-arthur,2026-02-22 15:00:00+00:00,36.9,0.0,0.0
benjamin-arthur,2026-02-26 17:45:00+00:00,0.0,0.0,7.360364621489623
benjamin-arthur,2026-03-01 12:00:00+00:00,0.0,70.9,7.360364621489623
benjamin-arthur,2026-03-04 20:00:00+00:00,70.9,53.6,7.360364621489623
benjamin-arthur,2026-03-14 15:00:00+00:00,53.6,65.3,18.566338995726493
benjamin-arthur,2026-03-22 12:30:00+00:00,65.3,0.0,8.29195773809524
benjamin-arthur,2026-04-05 15:30:00+00:00,0.0,0.0,7.605761904761905
benjamin-arthur,2026-04-11 14:00:00+00:00,0.0,0.0,7.605761904761905
benjamin-arthur,2026-04-25 16:30:00+00:00,0.0,0.0,7.605761904761905
benjamin-arthur,2026-05-03 11:00:00+00:00,0.0,0.0,3.457321536796535
benjamin-arthur,2026-05-10 11:00:00+00:00,0.0,0.0,0.8184380952380951
benjamin-arthur,2026-05-13 19:00:00+00:00,0.0,0.0,2.7194771284271284
benjamin-bouchouari,2026-02-14 17:00:00+00:00,0.0,42.5,16.686925144300147
benjamin-bouchouari,2026-02-22 13:00:00+00:00,42.5,52.2,16.534425018037517
benjamin-bouchouari,2026-02-27 17:00:00+00:00,52.2,0.0,10.239093849206352
benjamin-bouchouari,2026-03-09 17:00:00+00:00,0.0,0.0,22.830267214729716
benjamin-bouchouari,2026-03-14 17:00:00+00:00,0.0,35.7,19.682408279220784
benjamin-bouchouari,2026-03-18 17:00:00+00:00,35.7,37.8,18.29824226190477
benjamin-bouchouari,2026-04-04 17:00:00+00:00,37.8,35.6,28.032747420634927
benjamin-bouchouari,2026-04-11 14:00:00+00:00,35.6,34.0,27.875880898268402
benjamin-bouchouari,2026-04-19 17:00:00+00:00,34.0,45.0,17.61513795093795
benjamin-bouchouari,2026-04-27 17:00:00+00:00,45.0,36.6,25.910458297258305
benjamin-bouchouari,2026-05-02 17:00:00+00:00,36.6,50.6,29.159374289599263
benjamin-bouchouari,2026-05-09 17:00:00+00:00,50.6,38.1,29.05846402625151
benjamin-nygren,2026-02-11 19:45:00+00:00,55.9,81.4,53.484009451659446
benjamin-nygren,2026-02-15 14:00:00+00:00,81.4,67.5,52.76376573149073
benjamin-nygren,2026-02-19 20:00:00+00:00,67.5,73.4,50.99094932428681
benjamin-nygren,2026-02-22 15:00:00+00:00,73.4,36.7,40.87349586663336
benjamin-nygren,2026-02-26 17:45:00+00:00,36.7,77.9,44.787143077755566
benjamin-nygren,2026-03-01 12:00:00+00:00,77.9,67.4,47.386104652618606
benjamin-nygren,2026-03-04 20:00:00+00:00,67.4,42.6,46.05345195221442
benjamin-nygren,2026-03-14 15:00:00+00:00,42.6,44.7,60.4854702935953
benjamin-nygren,2026-03-22 12:30:00+00:00,44.7,65.5,48.24973501221004
benjamin-nygren,2026-03-26 19:45:00+00:00,65.5,61.7,59.12440349927851
benjamin-nygren,2026-03-31 18:45:00+00:00,61.7,78.6,50.75213098739494
benjamin-nygren,2026-04-05 15:30:00+00:00,78.6,45.1,57.309583333333336
benjamin-nygren,2026-04-11 14:00:00+00:00,45.1,60.4,50.699094012931525
benjamin-nygren,2026-04-25 16:30:00+00:00,60.4,48.3,51.76996805555555
benjamin-nygren,2026-05-03 11:00:00+00:00,48.3,41.4,68.71903481240979
benjamin-nygren,2026-05-10 11:00:00+00:00,41.4,70.4,59.384165259740264
benjamin-nygren,2026-05-13 19:00:00+00:00,70.4,33.1,60.53341488095236
bojan-miovski,2026-02-11 20:00:00+00:00,32.2,0.0,37.892143181818184
bojan-miovski,2026-02-15 16:30:00+00:00,0.0,41.8,35.68135072150073
bojan-miovski,2026-02-22 15:00:00+00:00,41.8,0.0,31.782227002164507
bojan-miovski,2026-03-01 12:00:00+00:00,0.0,36.6,31.42425012626263
bojan-miovski,2026-03-15 12:00:00+00:00,36.6,37.0,31.310335082972593
bojan-miovski,2026-03-21 17:45:00+00:00,37.0,34.2,25.032556661394164
bojan-miovski,2026-03-26 19:45:00+00:00,34.2,0.0,25.841609577922082
bojan-miovski,2026-03-31 18:45:00+00:00,0.0,65.1,34.45249229936729
bojan-miovski,2026-04-04 14:00:00+00:00,65.1,78.3,27.364211026473516
bojan-miovski,2026-04-12 11:00:00+00:00,78.3,40.2,32.88969374098125
bojan-miovski,2026-04-26 14:00:00+00:00,40.2,35.8,37.191439015151516
bojan-miovski,2026-05-04 16:30:00+00:00,35.8,33.5,37.90486471861472
bojan-miovski,2026-05-10 11:00:00+00:00,33.5,34.5,39.34735256132756
bojan-miovski,2026-05-13 19:00:00+00:00,34.5,0.0,37.08001637806637
boran-baskan,2026-02-14 17:00:00+00:00,0.0,0.0,1.7861739335226168
boran-baskan,2026-02-22 13:00:00+00:00,0.0,0.0,3.281068285739029
boran-baskan,2026-02-27 17:00:00+00:00,0.0,0.0,3.281068285739029
boran-baskan,2026-03-09 17:00:00+00:00,0.0,0.0,3.281068285739029
boran-baskan,2026-03-14 17:00:00+00:00,0.0,0.0,3.281068285739029
boran-baskan,2026-03-18 17:00:00+00:00,0.0,0.0,3.281068285739029
boran-baskan,2026-04-04 17:00:00+00:00,0.0,0.0,3.281068285739029
boran-baskan,2026-04-11 14:00:00+00:00,0.0,0.0,3.281068285739029
boran-baskan,2026-04-19 17:00:00+00:00,0.0,0.0,3.281068285739029
boran-baskan,2026-04-27 17:00:00+00:00,0.0,0.0,3.281068285739029
boran-baskan,2026-05-02 17:00:00+00:00,0.0,35.1,3.281068285739029
boran-baskan,2026-05-09 17:00:00+00:00,35.1,38.6,3.281068285739029
borja-sainz-eguskiza,2026-02-09 20:45:00+00:00,34.5,35.7,34.33137331279832
borja-sainz-eguskiza,2026-02-15 15:30:00+00:00,35.7,30.2,48.185355104617656
borja-sainz-eguskiza,2026-02-22 20:30:00+00:00,30.2,0.0,48.67946316045069
borja-sainz-eguskiza,2026-02-27 18:45:00+00:00,0.0,43.0,44.616141456582675
borja-sainz-eguskiza,2026-03-08 18:00:00+00:00,43.0,60.0,41.714439600677096
borja-sainz-eguskiza,2026-03-12 17:45:00+00:00,60.0,33.4,42.827997735597734
borja-sainz-eguskiza,2026-03-15 20:30:00+00:00,33.4,78.7,48.56476059634812
borja-sainz-eguskiza,2026-03-19 20:00:00+00:00,78.7,35.0,46.8539768759019
borja-sainz-eguskiza,2026-03-22 20:30:00+00:00,35.0,32.4,56.14689997918747
borja-sainz-eguskiza,2026-04-04 19:30:00+00:00,32.4,35.7,40.221068470418466
borja-sainz-eguskiza,2026-04-09 19:00:00+00:00,35.7,49.4,45.864346825396815
borja-sainz-eguskiza,2026-04-12 19:30:00+00:00,49.4,35.0,48.81718422965923
borja-sainz-eguskiza,2026-04-16 19:00:00+00:00,35.0,0.0,45.98294406565655
borja-sainz-eguskiza,2026-04-19 19:30:00+00:00,0.0,0.0,48.70163144633147
borja-sainz-eguskiza,2026-04-26 17:00:00+00:00,0.0,34.9,50.34888807165056
borja-sainz-eguskiza,2026-05-02 19:30:00+00:00,34.9,60.0,45.069534462759464
borja-sainz-eguskiza,2026-05-10 17:00:00+00:00,60.0,36.8,45.28690827228329
bosun-lawal,2026-02-11 19:45:00+00:00,0.0,0.0,0.0
bosun-lawal,2026-02-15 14:00:00+00:00,0.0,0.0,0.0
bosun-lawal,2026-02-19 20:00:00+00:00,0.0,0.0,0.0
bosun-lawal,2026-02-22 15:00:00+00:00,0.0,0.0,0.0
bosun-lawal,2026-02-26 17:45:00+00:00,0.0,0.0,0.0
bosun-lawal,2026-03-01 12:00:00+00:00,0.0,0.0,0.0
bosun-lawal,2026-03-04 20:00:00+00:00,0.0,0.0,0.0
bosun-lawal,2026-03-14 15:00:00+00:00,0.0,0.0,0.0
bosun-lawal,2026-03-22 12:30:00+00:00,0.0,0.0,0.0
bosun-lawal,2026-04-05 15:30:00+00:00,0.0,0.0,0.0
bosun-lawal,2026-04-11 14:00:00+00:00,0.0,0.0,0.0
bosun-lawal,2026-04-25 16:30:00+00:00,0.0,0.0,0.0
bosun-lawal,2026-05-03 11:00:00+00:00,0.0,0.0,0.0
bosun-lawal,2026-05-10 11:00:00+00:00,0.0,0.0,0.0
bosun-lawal,2026-05-13 19:00:00+00:00,0.0,0.0,0.0
bright-akwo-arrey-mbi,2026-02-08 18:00:00+00:00,49.6,37.2,42.84182631673883
bright-akwo-arrey-mbi,2026-02-14 20:30:00+00:00,37.2,39.2,44.84339693917195
bright-akwo-arrey-mbi,2026-02-21 20:30:00+00:00,39.2,72.5,38.79423300865801
bright-akwo-arrey-mbi,2026-02-28 18:00:00+00:00,72.5,18.4,41.04871315767566
bright-akwo-arrey-mbi,2026-03-07 18:00:00+00:00,18.4,66.6,34.30220281385281
bright-akwo-arrey-mbi,2026-03-12 20:00:00+00:00,66.6,45.8,38.56682332251083
bright-akwo-arrey-mbi,2026-03-18 15:30:00+00:00,45.8,37.5,36.244005158730175
bright-akwo-arrey-mbi,2026-03-22 20:30:00+00:00,37.5,67.5,44.340976988289505
bright-akwo-arrey-mbi,2026-04-04 17:00:00+00:00,67.5,35.4,50.26697966894218
bright-akwo-arrey-mbi,2026-04-08 16:45:00+00:00,35.4,55.9,39.07245151515153
bright-akwo-arrey-mbi,2026-04-12 17:00:00+00:00,55.9,31.6,39.23515866217116
bright-akwo-arrey-mbi,2026-04-16 19:00:00+00:00,31.6,0.0,42.573942676767665
bright-akwo-arrey-mbi,2026-04-19 19:30:00+00:00,0.0,0.0,36.8081615981241
bright-akwo-arrey-mbi,2026-04-23 18:00:00+00:00,0.0,0.0,35.49535063408816
bright-akwo-arrey-mbi,2026-04-26 17:00:00+00:00,0.0,0.0,17.885805753968256
bright-akwo-arrey-mbi,2026-04-30 19:00:00+00:00,0.0,0.0,20.20094922438672
bright-akwo-arrey-mbi,2026-05-03 17:00:00+00:00,0.0,0.0,25.059052164502173
bright-akwo-arrey-mbi,2026-05-07 19:00:00+00:00,0.0,0.0,8.066961886724387
bright-akwo-arrey-mbi,2026-05-11 19:15:00+00:00,0.0,0.0,3.352720634920635
bruno-cardoso-ramos-de-carvalho,2026-02-09 20:45:00+00:00,0.0,0.0,0.0
bruno-cardoso-ramos-de-carvalho,2026-02-15 20:30:00+00:00,0.0,0.0,0.0
bruno-cardoso-ramos-de-carvalho,2026-02-21 18:00:00+00:00,0.0,0.0,0.0
bruno-cardoso-ramos-de-carvalho,2026-02-27 20:45:00+00:00,0.0,0.0,0.0
bruno-cardoso-ramos-de-carvalho,2026-03-07 18:00:00+00:00,0.0,0.0,0.0
bruno-cardoso-ramos-de-carvalho,2026-03-11 20:00:00+00:00,0.0,0.0,0.0
bruno-cardoso-ramos-de-carvalho,2026-03-17 17:45:00+00:00,0.0,0.0,0.0
bruno-cardoso-ramos-de-carvalho,2026-03-22 18:00:00+00:00,0.0,0.0,0.0
bruno-cardoso-ramos-de-carvalho,2026-04-03 19:30:00+00:00,0.0,0.0,0.0
bruno-cardoso-ramos-de-carvalho,2026-04-07 19:00:00+00:00,0.0,0.0,0.0
bruno-cardoso-ramos-de-carvalho,2026-04-11 19:30:00+00:00,0.0,0.0,0.0
bruno-cardoso-ramos-de-carvalho,2026-04-15 19:00:00+00:00,0.0,0.0,0.0
bruno-cardoso-ramos-de-carvalho,2026-04-19 17:15:00+00:00,0.0,0.0,0.0
bruno-cardoso-ramos-de-carvalho,2026-04-26 19:30:00+00:00,0.0,0.0,0.0
bruno-cardoso-ramos-de-carvalho,2026-04-29 19:15:00+00:00,0.0,0.0,0.0
bruno-cardoso-ramos-de-carvalho,2026-05-04 19:15:00+00:00,0.0,0.0,0.0
bruno-cardoso-ramos-de-carvalho,2026-05-11 19:15:00+00:00,0.0,0.0,0.0
caglar-soyuncu,2026-02-09 17:00:00+00:00,72.9,0.0,41.1511052808303
caglar-soyuncu,2026-02-14 17:00:00+00:00,0.0,35.5,17.41898919552669
caglar-soyuncu,2026-02-19 17:45:00+00:00,35.5,51.8,17.41898919552669
caglar-soyuncu,2026-02-23 17:00:00+00:00,51.8,0.0,19.477099553224548
caglar-soyuncu,2026-02-26 20:00:00+00:00,0.0,0.0,30.737766709679217
caglar-soyuncu,2026-03-01 17:00:00+00:00,0.0,0.0,30.737766709679217
caglar-soyuncu,2026-03-08 17:00:00+00:00,0.0,0.0,22.341785057997548
caglar-soyuncu,2026-03-13 17:00:00+00:00,0.0,0.0,22.341785057997548
caglar-soyuncu,2026-03-17 17:00:00+00:00,0.0,0.0,18.491
caglar-soyuncu,2026-04-05 17:00:00+00:00,0.0,44.8,13.241055451492953
caglar-soyuncu,2026-04-11 17:00:00+00:00,44.8,38.3,13.241055451492953
caglar-soyuncu,2026-04-17 17:00:00+00:00,38.3,0.0,25.699555717893205
caglar-soyuncu,2026-04-26 17:00:00+00:00,0.0,45.3,34.11574008214008
caglar-soyuncu,2026-05-02 17:00:00+00:00,45.3,41.8,34.11574008214008
caglar-soyuncu,2026-05-09 17:00:00+00:00,41.8,40.7,14.469474260461759
callum-james-osmand,2026-02-11 19:45:00+00:00,0.0,0.0,5.510088624340186
callum-james-osmand,2026-02-15 14:00:00+00:00,0.0,0.0,5.510088624340186
callum-james-osmand,2026-02-19 20:00:00+00:00,0.0,0.0,5.510088624340186
callum-james-osmand,2026-02-22 15:00:00+00:00,0.0,0.0,5.510088624340186
callum-james-osmand,2026-02-26 17:45:00+00:00,0.0,0.0,5.510088624340186
callum-james-osmand,2026-03-01 12:00:00+00:00,0.0,0.0,5.510088624340186
callum-james-osmand,2026-03-04 20:00:00+00:00,0.0,0.0,5.510088624340186
callum-james-osmand,2026-03-14 15:00:00+00:00,0.0,0.0,5.510088624340186
callum-james-osmand,2026-03-22 12:30:00+00:00,0.0,0.0,5.510088624340186
callum-james-osmand,2026-04-05 15:30:00+00:00,0.0,0.0,5.510088624340186
callum-james-osmand,2026-04-11 14:00:00+00:00,0.0,0.0,5.510088624340186
callum-james-osmand,2026-04-25 16:30:00+00:00,0.0,0.0,5.510088624340186
callum-james-osmand,2026-05-03 11:00:00+00:00,0.0,0.0,5.510088624340186
callum-james-osmand,2026-05-10 11:00:00+00:00,0.0,0.0,5.510088624340186
callum-james-osmand,2026-05-13 19:00:00+00:00,0.0,76.9,5.510088624340186
callum-mcgregor,2026-02-11 19:45:00+00:00,67.8,43.9,51.934874657287175
callum-mcgregor,2026-02-15 14:00:00+00:00,43.9,47.0,49.69492665945168
callum-mcgregor,2026-02-19 20:00:00+00:00,47.0,55.2,51.18251004967257
callum-mcgregor,2026-02-22 15:00:00+00:00,55.2,39.6,53.1905134809635
callum-mcgregor,2026-02-26 17:45:00+00:00,39.6,42.0,56.13475475080476
callum-mcgregor,2026-03-01 12:00:00+00:00,42.0,67.1,50.57356497113997
callum-mcgregor,2026-03-04 20:00:00+00:00,67.1,0.0,60.50182589216343
callum-mcgregor,2026-03-14 15:00:00+00:00,0.0,47.3,49.20352669552667
callum-mcgregor,2026-03-22 12:30:00+00:00,47.3,66.6,68.01479646464651
callum-mcgregor,2026-04-05 15:30:00+00:00,66.6,53.3,63.71966944444441
callum-mcgregor,2026-04-11 14:00:00+00:00,53.3,39.9,55.13823237318241
callum-mcgregor,2026-04-25 16:30:00+00:00,39.9,62.5,54.13640260989012
callum-mcgregor,2026-05-03 11:00:00+00:00,62.5,45.9,60.54601444805196
callum-mcgregor,2026-05-10 11:00:00+00:00,45.9,39.9,56.03997032134531
callum-mcgregor,2026-05-13 19:00:00+00:00,39.9,60.0,55.886873495948514
calum-adamson,2026-02-11 20:00:00+00:00,0.0,0.0,0.0
calum-adamson,2026-02-15 16:30:00+00:00,0.0,0.0,0.0
calum-adamson,2026-02-22 15:00:00+00:00,0.0,0.0,0.0
calum-adamson,2026-03-01 12:00:00+00:00,0.0,0.0,0.0
calum-adamson,2026-03-15 12:00:00+00:00,0.0,0.0,0.0
calum-adamson,2026-03-21 17:45:00+00:00,0.0,0.0,0.0
calum-adamson,2026-04-04 14:00:00+00:00,0.0,0.0,0.0
calum-adamson,2026-04-12 11:00:00+00:00,0.0,0.0,0.0
calum-adamson,2026-04-26 14:00:00+00:00,0.0,0.0,0.0
calum-adamson,2026-05-04 16:30:00+00:00,0.0,0.0,0.0
calum-adamson,2026-05-10 11:00:00+00:00,0.0,0.0,0.0
calum-adamson,2026-05-13 19:00:00+00:00,0.0,0.0,0.0
cameron-carter-vickers,2026-02-11 19:45:00+00:00,0.0,0.0,14.377766110673655
cameron-carter-vickers,2026-02-15 14:00:00+00:00,0.0,0.0,14.377766110673655
cameron-carter-vickers,2026-02-19 20:00:00+00:00,0.0,0.0,14.377766110673655
cameron-carter-vickers,2026-02-22 15:00:00+00:00,0.0,0.0,14.377766110673655
cameron-carter-vickers,2026-02-26 17:45:00+00:00,0.0,0.0,14.377766110673655
cameron-carter-vickers,2026-03-01 12:00:00+00:00,0.0,0.0,14.377766110673655
cameron-carter-vickers,2026-03-04 20:00:00+00:00,0.0,0.0,14.377766110673655
cameron-carter-vickers,2026-03-14 15:00:00+00:00,0.0,0.0,14.377766110673655
cameron-carter-vickers,2026-03-22 12:30:00+00:00,0.0,0.0,14.377766110673655
cameron-carter-vickers,2026-04-05 15:30:00+00:00,0.0,0.0,14.377766110673655
cameron-carter-vickers,2026-04-11 14:00:00+00:00,0.0,0.0,14.377766110673655
cameron-carter-vickers,2026-04-25 16:30:00+00:00,0.0,0.0,14.377766110673655
cameron-carter-vickers,2026-05-03 11:00:00+00:00,0.0,0.0,14.377766110673655
cameron-carter-vickers,2026-05-10 11:00:00+00:00,0.0,0.0,14.377766110673655
cameron-carter-vickers,2026-05-13 19:00:00+00:00,0.0,0.0,14.377766110673655
can-armando-guner,2026-02-13 17:00:00+00:00,0.0,0.0,2.710625019057429
can-armando-guner,2026-02-17 17:45:00+00:00,0.0,0.0,2.710625019057429
can-armando-guner,2026-02-21 17:00:00+00:00,0.0,0.0,2.710625019057429
can-armando-guner,2026-02-25 20:00:00+00:00,0.0,0.0,2.710625019057429
can-armando-guner,2026-02-28 17:00:00+00:00,0.0,0.0,2.710625019057429
can-armando-guner,2026-03-07 17:00:00+00:00,0.0,0.0,2.710625019057429
can-armando-guner,2026-03-10 17:45:00+00:00,0.0,0.0,2.710625019057429
can-armando-guner,2026-03-14 17:00:00+00:00,0.0,0.0,2.710625019057429
can-armando-guner,2026-03-18 20:00:00+00:00,0.0,0.0,2.710625019057429
can-armando-guner,2026-04-04 17:00:00+00:00,0.0,0.0,2.710625019057429
can-armando-guner,2026-04-08 17:00:00+00:00,0.0,0.0,2.710625019057429
can-armando-guner,2026-04-12 17:00:00+00:00,0.0,0.0,2.710625019057429
can-armando-guner,2026-04-18 17:00:00+00:00,0.0,0.0,2.710625019057429
can-armando-guner,2026-04-26 17:00:00+00:00,0.0,0.0,2.710625019057429
can-armando-guner,2026-05-02 17:00:00+00:00,0.0,0.0,2.710625019057429
can-armando-guner,2026-05-09 17:00:00+00:00,0.0,35.4,2.710625019057429
cengiz-under,2026-02-08 17:00:00+00:00,54.0,35.6,35.347284040959046
cengiz-under,2026-02-15 17:00:00+00:00,35.6,40.9,28.698051641414136
cengiz-under,2026-02-22 17:00:00+00:00,40.9,39.3,32.046946753246765
cengiz-under,2026-02-28 13:00:00+00:00,39.3,37.3,24.01915779220779
cengiz-under,2026-03-07 17:00:00+00:00,37.3,38.3,24.5761282883783
cengiz-under,2026-03-15 17:00:00+00:00,38.3,35.1,31.022763546176044
cengiz-under,2026-03-19 17:00:00+00:00,35.1,31.5,28.22074552669553
cengiz-under,2026-04-05 17:00:00+00:00,31.5,68.6,27.845127958152958
cengiz-under,2026-04-10 17:00:00+00:00,68.6,43.3,30.50905939893441
cengiz-under,2026-04-19 14:00:00+00:00,43.3,0.0,45.53553068181815
cengiz-under,2026-04-27 17:00:00+00:00,0.0,44.3,42.87579025974027
cengiz-under,2026-05-01 17:00:00+00:00,44.3,0.0,33.200538150738154
cengiz-under,2026-05-09 17:00:00+00:00,0.0,34.7,26.381377554390042
charles-marcelo-da-silva,2026-02-14 18:00:00+00:00,39.2,36.1,16.85904193722943
charles-marcelo-da-silva,2026-02-21 20:30:00+00:00,36.1,55.6,3.4606438492063503
charles-marcelo-da-silva,2026-02-28 20:30:00+00:00,55.6,14.2,27.10783203463204
charles-marcelo-da-silva,2026-03-08 20:30:00+00:00,14.2,33.1,22.03624754689754
charles-marcelo-da-silva,2026-03-14 15:30:00+00:00,33.1,43.1,23.504095763958265
charles-marcelo-da-silva,2026-03-21 18:00:00+00:00,43.1,60.0,23.43754195526695
charles-marcelo-da-silva,2026-04-03 17:00:00+00:00,60.0,49.6,21.096707828282828
charles-marcelo-da-silva,2026-04-11 14:30:00+00:00,49.6,79.9,15.235052182539675
charles-marcelo-da-silva,2026-04-18 19:30:00+00:00,79.9,78.0,27.08967875180375
charles-marcelo-da-silva,2026-04-25 19:30:00+00:00,78.0,21.7,13.160382142857138
charles-marcelo-da-silva,2026-05-04 19:15:00+00:00,21.7,51.4,12.332037518037511
charles-marcelo-da-silva,2026-05-11 19:15:00+00:00,51.4,31.5,10.362043921356417
chibuike-godfrey-nwaiwu,2026-02-14 17:00:00+00:00,65.5,46.2,52.31799976551225
chibuike-godfrey-nwaiwu,2026-02-22 13:00:00+00:00,46.2,90.3,31.910696356421358
chibuike-godfrey-nwaiwu,2026-02-27 17:00:00+00:00,90.3,38.8,47.047023520923524
chibuike-godfrey-nwaiwu,2026-03-09 17:00:00+00:00,38.8,41.1,44.82214157925409
chibuike-godfrey-nwaiwu,2026-03-14 17:00:00+00:00,41.1,53.0,49.676124927849926
chibuike-godfrey-nwaiwu,2026-03-18 17:00:00+00:00,53.0,35.0,49.36170832639582
chibuike-godfrey-nwaiwu,2026-03-27 12:30:00+00:00,35.0,0.0,56.92691711760459
chibuike-godfrey-nwaiwu,2026-03-31 17:30:00+00:00,0.0,82.6,52.33004769119766
chibuike-godfrey-nwaiwu,2026-04-04 17:00:00+00:00,82.6,33.4,52.41539502580751
chibuike-godfrey-nwaiwu,2026-04-11 14:00:00+00:00,33.4,46.1,48.46010651709401
chibuike-godfrey-nwaiwu,2026-04-19 17:00:00+00:00,46.1,39.9,54.46579983766231
chibuike-godfrey-nwaiwu,2026-04-27 17:00:00+00:00,39.9,68.3,47.57947916666668
chibuike-godfrey-nwaiwu,2026-05-02 17:00:00+00:00,68.3,47.7,48.61954803391051
chibuike-godfrey-nwaiwu,2026-05-09 17:00:00+00:00,47.7,0.0,57.37306156204905
christ-ravynel-inao-oulai,2026-02-14 17:00:00+00:00,43.7,34.6,41.243879739704745
christ-ravynel-inao-oulai,2026-02-22 13:00:00+00:00,34.6,62.6,42.15358389249641
christ-ravynel-inao-oulai,2026-02-27 17:00:00+00:00,62.6,62.9,32.463921585359074
christ-ravynel-inao-oulai,2026-03-09 17:00:00+00:00,62.9,72.6,31.470368219280736
christ-ravynel-inao-oulai,2026-03-14 17:00:00+00:00,72.6,58.5,34.96864617604617
christ-ravynel-inao-oulai,2026-03-18 17:00:00+00:00,58.5,41.0,45.57127283549785
christ-ravynel-inao-oulai,2026-03-28 14:00:00+00:00,41.0,0.0,43.661136280875965
christ-ravynel-inao-oulai,2026-03-30 18:45:00+00:00,0.0,53.2,37.38099587683558
christ-ravynel-inao-oulai,2026-03-31 18:30:00+00:00,53.2,0.0,29.393201479076478
christ-ravynel-inao-oulai,2026-04-04 17:00:00+00:00,0.0,59.7,34.785504202741684
christ-ravynel-inao-oulai,2026-04-11 14:00:00+00:00,59.7,72.5,36.67073344155843
christ-ravynel-inao-oulai,2026-04-19 17:00:00+00:00,72.5,38.6,39.092370490620475
christ-ravynel-inao-oulai,2026-04-27 17:00:00+00:00,38.6,36.6,38.48675488816738
christ-ravynel-inao-oulai,2026-05-02 17:00:00+00:00,36.6,38.3,33.490536670274174
christ-ravynel-inao-oulai,2026-05-09 17:00:00+00:00,38.3,47.7,27.93327254689755
christian-zawieschitzky,2026-02-15 13:30:00+00:00,0.0,0.0,0.9421508658008656
christian-zawieschitzky,2026-02-22 16:00:00+00:00,0.0,0.0,0.9421508658008656
christian-zawieschitzky,2026-03-01 16:00:00+00:00,0.0,0.0,0.9421508658008656
christian-zawieschitzky,2026-03-08 16:00:00+00:00,0.0,0.0,0.9421508658008656
christian-zawieschitzky,2026-03-15 13:30:00+00:00,0.0,0.0,2.337787155056862
christian-zawieschitzky,2026-03-20 18:30:00+00:00,0.0,0.0,8.322328109937482
christian-zawieschitzky,2026-04-05 12:30:00+00:00,0.0,0.0,8.322328109937482
christian-zawieschitzky,2026-04-10 17:30:00+00:00,0.0,0.0,8.322328109937482
christian-zawieschitzky,2026-04-19 12:30:00+00:00,0.0,0.0,8.322328109937482
christian-zawieschitzky,2026-04-22 16:30:00+00:00,0.0,0.0,8.322328109937482
christian-zawieschitzky,2026-04-26 12:30:00+00:00,0.0,0.0,8.322328109937482
christian-zawieschitzky,2026-05-03 15:00:00+00:00,0.0,0.0,8.322328109937482
christian-zawieschitzky,2026-05-10 15:00:00+00:00,0.0,0.0,8.322328109937482
cihan-akgun,2026-02-13 17:00:00+00:00,0.0,0.0,0.0
cihan-akgun,2026-02-17 17:45:00+00:00,0.0,0.0,0.0
cihan-akgun,2026-02-21 17:00:00+00:00,0.0,0.0,0.0
cihan-akgun,2026-02-25 20:00:00+00:00,0.0,0.0,0.0
cihan-akgun,2026-02-28 17:00:00+00:00,0.0,0.0,0.0
cihan-akgun,2026-03-07 17:00:00+00:00,0.0,0.0,0.0
cihan-akgun,2026-03-10 17:45:00+00:00,0.0,0.0,0.0
cihan-akgun,2026-03-14 17:00:00+00:00,0.0,0.0,0.0
cihan-akgun,2026-03-18 20:00:00+00:00,0.0,0.0,0.0
cihan-akgun,2026-04-04 17:00:00+00:00,0.0,0.0,0.0
cihan-akgun,2026-04-08 17:00:00+00:00,0.0,0.0,0.0
cihan-akgun,2026-04-12 17:00:00+00:00,0.0,0.0,0.0
cihan-akgun,2026-04-18 17:00:00+00:00,0.0,0.0,0.0
cihan-akgun,2026-04-26 17:00:00+00:00,0.0,0.0,0.0
cihan-akgun,2026-05-02 17:00:00+00:00,0.0,0.0,0.0
cihan-akgun,2026-05-09 17:00:00+00:00,0.0,0.0,0.0
claudio-pires-morais-ramos,2026-02-09 20:45:00+00:00,0.0,0.0,0.4564715672642366
claudio-pires-morais-ramos,2026-02-15 15:30:00+00:00,0.0,0.0,0.4564715672642366
claudio-pires-morais-ramos,2026-02-22 20:30:00+00:00,0.0,0.0,0.4564715672642366
claudio-pires-morais-ramos,2026-02-27 18:45:00+00:00,0.0,0.0,0.4564715672642366
claudio-pires-morais-ramos,2026-03-08 18:00:00+00:00,0.0,0.0,0.4564715672642366
claudio-pires-morais-ramos,2026-03-12 17:45:00+00:00,0.0,0.0,0.4564715672642366
claudio-pires-morais-ramos,2026-03-15 20:30:00+00:00,0.0,0.0,0.4564715672642366
claudio-pires-morais-ramos,2026-03-19 20:00:00+00:00,0.0,0.0,0.4564715672642366
claudio-pires-morais-ramos,2026-03-22 20:30:00+00:00,0.0,0.0,0.4564715672642366
claudio-pires-morais-ramos,2026-04-04 19:30:00+00:00,0.0,0.0,1.7924377836391896
claudio-pires-morais-ramos,2026-04-09 19:00:00+00:00,0.0,0.0,1.7924377836391896
claudio-pires-morais-ramos,2026-04-12 19:30:00+00:00,0.0,0.0,1.7924377836391896
claudio-pires-morais-ramos,2026-04-16 19:00:00+00:00,0.0,0.0,1.7924377836391896
claudio-pires-morais-ramos,2026-04-19 19:30:00+00:00,0.0,0.0,1.7924377836391896
claudio-pires-morais-ramos,2026-04-26 17:00:00+00:00,0.0,0.0,1.7924377836391896
claudio-pires-morais-ramos,2026-05-02 19:30:00+00:00,0.0,9.1,1.7924377836391896
claudio-pires-morais-ramos,2026-05-10 17:00:00+00:00,9.1,0.0,1.7924377836391896
clement-bischoff,2026-02-15 13:30:00+00:00,43.6,32.8,36.12255310245308
clement-bischoff,2026-02-22 16:00:00+00:00,32.8,0.0,27.566259884559894
clement-bischoff,2026-03-01 16:00:00+00:00,0.0,35.9,27.68277734487736
clement-bischoff,2026-03-08 16:00:00+00:00,35.9,31.4,28.784544390331888
clement-bischoff,2026-03-15 13:30:00+00:00,31.4,0.0,37.18191480880229
clement-bischoff,2026-03-20 18:30:00+00:00,0.0,0.0,39.526432683982655
clement-bischoff,2026-04-05 12:30:00+00:00,0.0,0.0,39.19951817488068
clement-bischoff,2026-04-10 17:30:00+00:00,0.0,0.0,23.71430295815297
clement-bischoff,2026-04-19 12:30:00+00:00,0.0,0.0,28.009453769841265
clement-bischoff,2026-04-22 16:30:00+00:00,0.0,0.0,21.272834668109677
clement-bischoff,2026-04-26 12:30:00+00:00,0.0,0.0,10.7041283008658
clement-bischoff,2026-05-03 15:00:00+00:00,0.0,0.0,20.450871879509386
clement-bischoff,2026-05-10 15:00:00+00:00,0.0,0.0,28.509979813242317
colby-donovan,2026-02-11 19:45:00+00:00,0.0,0.0,23.867788976301476
colby-donovan,2026-02-15 14:00:00+00:00,0.0,0.0,27.969808817571323
colby-donovan,2026-02-19 20:00:00+00:00,0.0,0.0,13.696145039682536
colby-donovan,2026-02-22 15:00:00+00:00,0.0,23.3,13.696145039682536
colby-donovan,2026-02-26 17:45:00+00:00,23.3,0.0,4.779774531942403
colby-donovan,2026-03-01 12:00:00+00:00,0.0,35.9,12.974682489023985
colby-donovan,2026-03-04 20:00:00+00:00,35.9,47.7,15.190939575191795
colby-donovan,2026-03-14 15:00:00+00:00,47.7,56.2,17.678937770562772
colby-donovan,2026-03-22 12:30:00+00:00,56.2,23.2,27.652398763736272
colby-donovan,2026-04-05 15:30:00+00:00,23.2,0.0,31.191999350649343
colby-donovan,2026-04-11 14:00:00+00:00,0.0,0.0,30.519848629148623
colby-donovan,2026-04-25 16:30:00+00:00,0.0,0.0,30.519848629148623
colby-donovan,2026-05-03 11:00:00+00:00,0.0,0.0,21.624814015151514
colby-donovan,2026-05-10 11:00:00+00:00,0.0,0.0,24.608707936507955
colby-donovan,2026-05-13 19:00:00+00:00,0.0,0.0,14.663745307347229
connor-barron,2026-02-11 20:00:00+00:00,0.0,0.0,11.053877164502167
connor-barron,2026-02-15 16:30:00+00:00,0.0,0.0,10.115046807359308
connor-barron,2026-02-22 15:00:00+00:00,0.0,0.0,10.647097673160172
connor-barron,2026-03-01 12:00:00+00:00,0.0,42.8,9.73130303030303
connor-barron,2026-03-15 12:00:00+00:00,42.8,34.4,12.399943867243858
connor-barron,2026-03-21 17:45:00+00:00,34.4,41.2,20.548462670662676
connor-barron,2026-04-04 14:00:00+00:00,41.2,31.3,37.21144597763346
connor-barron,2026-04-12 11:00:00+00:00,31.3,30.4,34.38068064713061
connor-barron,2026-04-26 14:00:00+00:00,30.4,0.0,37.084787037962016
connor-barron,2026-05-04 16:30:00+00:00,0.0,43.8,36.43531504467753
connor-barron,2026-05-10 11:00:00+00:00,43.8,75.5,35.195712176712156
connor-barron,2026-05-13 19:00:00+00:00,75.5,16.1,38.34652370268617
daizen-maeda,2026-02-11 19:45:00+00:00,42.2,45.4,50.728945344932846
daizen-maeda,2026-02-15 14:00:00+00:00,45.4,36.0,41.29842413558666
daizen-maeda,2026-02-19 20:00:00+00:00,36.0,37.1,33.47048313492064
daizen-maeda,2026-02-22 15:00:00+00:00,37.1,34.7,38.979889528527025
daizen-maeda,2026-02-26 17:45:00+00:00,34.7,34.2,38.832807493895
daizen-maeda,2026-03-01 12:00:00+00:00,34.2,24.9,39.78942974386726
daizen-maeda,2026-03-04 20:00:00+00:00,24.9,62.7,37.117805555555556
daizen-maeda,2026-03-14 15:00:00+00:00,62.7,32.9,46.78649942696191
daizen-maeda,2026-03-22 12:30:00+00:00,32.9,45.1,48.92014695165945
daizen-maeda,2026-03-28 17:00:00+00:00,45.1,0.0,45.74653774975027
daizen-maeda,2026-03-31 18:45:00+00:00,0.0,47.2,51.64333944943944
daizen-maeda,2026-04-05 15:30:00+00:00,47.2,43.8,47.05846982323234
daizen-maeda,2026-04-11 14:00:00+00:00,43.8,90.7,48.39149976273724
daizen-maeda,2026-04-25 16:30:00+00:00,90.7,66.1,52.40456558441556
daizen-maeda,2026-05-03 11:00:00+00:00,66.1,70.0,42.81159516178267
daizen-maeda,2026-05-10 11:00:00+00:00,70.0,60.0,44.62355616883117
daizen-maeda,2026-05-13 19:00:00+00:00,60.0,75.0,44.69633912337661
damir-redzic,2026-02-15 13:30:00+00:00,33.7,64.9,12.209183243145741
damir-redzic,2026-02-22 16:00:00+00:00,64.9,39.0,22.912384884559877
damir-redzic,2026-03-01 16:00:00+00:00,39.0,43.0,25.12937999639249
damir-redzic,2026-03-08 16:00:00+00:00,43.0,47.8,33.323012337662334
damir-redzic,2026-03-15 13:30:00+00:00,47.8,32.1,33.937769209956706
damir-redzic,2026-03-20 18:30:00+00:00,32.1,40.2,33.600043843656366
damir-redzic,2026-03-28 17:00:00+00:00,40.2,43.1,33.551399453324485
damir-redzic,2026-03-31 17:00:00+00:00,43.1,0.0,32.42344502442002
damir-redzic,2026-04-05 12:30:00+00:00,0.0,0.0,37.25344305833057
damir-redzic,2026-04-10 17:30:00+00:00,0.0,0.0,23.77060618825619
damir-redzic,2026-04-19 12:30:00+00:00,0.0,0.0,23.720577380952374
damir-redzic,2026-04-22 16:30:00+00:00,0.0,35.3,25.89056372655123
damir-redzic,2026-04-26 12:30:00+00:00,35.3,0.0,21.528357314907304
damir-redzic,2026-05-03 15:00:00+00:00,0.0,39.8,11.77857144660895
damir-redzic,2026-05-10 15:00:00+00:00,39.8,34.9,16.16217464896215
dane-murray,2026-02-11 19:45:00+00:00,0.0,0.0,25.24050391136642
dane-murray,2026-02-15 14:00:00+00:00,0.0,0.0,25.24050391136642
dane-murray,2026-02-19 20:00:00+00:00,0.0,0.0,25.24050391136642
dane-murray,2026-02-22 15:00:00+00:00,0.0,85.7,15.909594062881565
dane-murray,2026-02-26 17:45:00+00:00,85.7,34.6,6.943647456709958
dane-murray,2026-03-01 12:00:00+00:00,34.6,0.0,18.173559253246754
dane-murray,2026-03-04 20:00:00+00:00,0.0,0.0,24.003401190476193
dane-murray,2026-03-14 15:00:00+00:00,0.0,0.0,24.003401190476193
dane-murray,2026-03-22 12:30:00+00:00,0.0,0.0,24.003401190476193
dane-murray,2026-04-05 15:30:00+00:00,0.0,0.0,24.003401190476193
dane-murray,2026-04-11 14:00:00+00:00,0.0,0.0,9.579730735930736
dane-murray,2026-04-25 16:30:00+00:00,0.0,0.0,6.058428607503609
dane-murray,2026-05-03 11:00:00+00:00,0.0,0.0,6.058428607503609
dane-murray,2026-05-10 11:00:00+00:00,0.0,0.0,4.815233225108226
dane-murray,2026-05-13 19:00:00+00:00,0.0,37.7,3.3535788600288607
daniel-armando-fonseca-da-silva-banjaqui,2026-02-08 20:30:00+00:00,0.0,0.0,8.025026785714287
daniel-armando-fonseca-da-silva-banjaqui,2026-02-13 18:30:00+00:00,0.0,0.0,16.131864652014652
daniel-armando-fonseca-da-silva-banjaqui,2026-02-17 20:00:00+00:00,0.0,0.0,17.129916865079366
daniel-armando-fonseca-da-silva-banjaqui,2026-02-21 18:00:00+00:00,0.0,0.0,7.0199613095238105
daniel-armando-fonseca-da-silva-banjaqui,2026-02-25 20:00:00+00:00,0.0,0.0,7.320571428571428
daniel-armando-fonseca-da-silva-banjaqui,2026-03-02 20:15:00+00:00,0.0,0.0,4.285191666666667
daniel-armando-fonseca-da-silva-banjaqui,2026-03-08 18:00:00+00:00,0.0,0.0,4.178138636363637
daniel-armando-fonseca-da-silva-banjaqui,2026-03-14 20:30:00+00:00,0.0,0.0,8.011728071234325
daniel-armando-fonseca-da-silva-banjaqui,2026-03-21 18:00:00+00:00,0.0,0.0,8.011728071234325
daniel-armando-fonseca-da-silva-banjaqui,2026-04-06 19:45:00+00:00,0.0,0.0,8.011728071234325
daniel-armando-fonseca-da-silva-banjaqui,2026-04-12 17:00:00+00:00,0.0,0.0,8.011728071234325
daniel-armando-fonseca-da-silva-banjaqui,2026-04-19 17:15:00+00:00,0.0,0.0,8.011728071234325
daniel-armando-fonseca-da-silva-banjaqui,2026-04-25 17:00:00+00:00,0.0,0.0,8.011728071234325
daniel-armando-fonseca-da-silva-banjaqui,2026-05-02 17:00:00+00:00,0.0,0.0,7.148057034632036
daniel-armando-fonseca-da-silva-banjaqui,2026-05-11 19:15:00+00:00,0.0,0.0,7.148057034632036
daniel-santos-braganca,2026-02-09 20:45:00+00:00,39.2,62.1,41.90464297369297
daniel-santos-braganca,2026-02-15 20:30:00+00:00,62.1,43.0,24.294914285714288
daniel-santos-braganca,2026-02-21 18:00:00+00:00,43.0,66.2,25.96687318237316
daniel-santos-braganca,2026-02-27 20:45:00+00:00,66.2,0.0,32.24086152597402
daniel-santos-braganca,2026-03-07 18:00:00+00:00,0.0,36.2,27.52499788961039
daniel-santos-braganca,2026-03-11 20:00:00+00:00,36.2,80.7,27.52499788961039
daniel-santos-braganca,2026-03-17 17:45:00+00:00,80.7,41.0,29.496393777056287
daniel-santos-braganca,2026-03-22 18:00:00+00:00,41.0,73.1,25.078190530303033
daniel-santos-braganca,2026-04-03 19:30:00+00:00,73.1,35.8,31.158380645743147
daniel-santos-braganca,2026-04-07 19:00:00+00:00,35.8,74.2,32.904876659451666
daniel-santos-braganca,2026-04-11 19:30:00+00:00,74.2,35.8,39.88144018759018
daniel-santos-braganca,2026-04-15 19:00:00+00:00,35.8,34.1,37.31634522838272
daniel-santos-braganca,2026-04-19 17:15:00+00:00,34.1,38.4,40.723658333333326
daniel-santos-braganca,2026-04-26 19:30:00+00:00,38.4,58.3,37.5019746031746
daniel-santos-braganca,2026-04-29 19:15:00+00:00,58.3,93.9,34.01569556277056
daniel-santos-braganca,2026-05-04 19:15:00+00:00,93.9,56.0,40.17189310966811
daniel-santos-braganca,2026-05-11 19:15:00+00:00,56.0,38.1,40.34985887445889
david-miguel-madeira-moreira,2026-02-09 20:45:00+00:00,0.0,0.0,0.065625
david-miguel-madeira-moreira,2026-02-15 20:30:00+00:00,0.0,0.0,4.11624441114441
david-miguel-madeira-moreira,2026-02-21 18:00:00+00:00,0.0,0.0,8.662729943667445
david-miguel-madeira-moreira,2026-02-27 20:45:00+00:00,0.0,0.0,8.662729943667445
david-miguel-madeira-moreira,2026-03-07 18:00:00+00:00,0.0,0.0,8.662729943667445
david-miguel-madeira-moreira,2026-03-11 20:00:00+00:00,0.0,0.0,8.662729943667445
david-miguel-madeira-moreira,2026-03-17 17:45:00+00:00,0.0,0.0,8.662729943667445
david-miguel-madeira-moreira,2026-03-22 18:00:00+00:00,0.0,0.0,8.662729943667445
david-miguel-madeira-moreira,2026-04-03 19:30:00+00:00,0.0,0.0,8.662729943667445
david-miguel-madeira-moreira,2026-04-07 19:00:00+00:00,0.0,0.0,8.662729943667445
david-miguel-madeira-moreira,2026-04-11 19:30:00+00:00,0.0,0.0,8.662729943667445
david-miguel-madeira-moreira,2026-04-15 19:00:00+00:00,0.0,0.0,8.662729943667445
david-miguel-madeira-moreira,2026-04-19 17:15:00+00:00,0.0,0.0,8.662729943667445
david-miguel-madeira-moreira,2026-04-26 19:30:00+00:00,0.0,0.0,8.662729943667445
david-miguel-madeira-moreira,2026-04-29 19:15:00+00:00,0.0,0.0,8.662729943667445
david-miguel-madeira-moreira,2026-05-04 19:15:00+00:00,0.0,0.0,8.662729943667445
david-miguel-madeira-moreira,2026-05-11 19:15:00+00:00,0.0,0.0,8.662729943667445
davinson-sanchez-mina,2026-02-13 17:00:00+00:00,47.6,83.7,51.727861172161184
davinson-sanchez-mina,2026-02-17 17:45:00+00:00,83.7,0.0,29.19580486666112
davinson-sanchez-mina,2026-02-21 17:00:00+00:00,0.0,72.2,54.850896776834254
davinson-sanchez-mina,2026-02-25 20:00:00+00:00,72.2,36.8,50.543232431457426
davinson-sanchez-mina,2026-02-28 17:00:00+00:00,36.8,44.7,53.60625889665891
davinson-sanchez-mina,2026-03-07 17:00:00+00:00,44.7,36.1,58.71451305916305
davinson-sanchez-mina,2026-03-10 17:45:00+00:00,36.1,64.1,59.145078805916285
davinson-sanchez-mina,2026-03-14 17:00:00+00:00,64.1,0.0,46.08485495476746
davinson-sanchez-mina,2026-03-18 20:00:00+00:00,0.0,68.9,50.37769608585857
davinson-sanchez-mina,2026-03-26 23:30:00+00:00,68.9,27.9,42.385362555500066
davinson-sanchez-mina,2026-03-29 19:00:00+00:00,27.9,93.1,64.79740611471858
davinson-sanchez-mina,2026-04-04 17:00:00+00:00,93.1,54.3,51.18503537296037
davinson-sanchez-mina,2026-04-08 17:00:00+00:00,54.3,52.7,50.32282685786435
davinson-sanchez-mina,2026-04-12 17:00:00+00:00,52.7,53.5,59.86659837662336
davinson-sanchez-mina,2026-04-18 17:00:00+00:00,53.5,42.6,48.653909752747225
davinson-sanchez-mina,2026-04-26 17:00:00+00:00,42.6,16.0,43.17419559884559
davinson-sanchez-mina,2026-05-02 17:00:00+00:00,16.0,52.8,48.35178514263514
davinson-sanchez-mina,2026-05-09 17:00:00+00:00,52.8,0.0,62.149032972583
demir-ege-tiknaz,2026-02-08 18:00:00+00:00,42.7,36.2,31.79957115800866
demir-ege-tiknaz,2026-02-14 20:30:00+00:00,36.2,0.0,34.214558658008656
demir-ege-tiknaz,2026-02-21 20:30:00+00:00,0.0,36.1,36.09908288239538
demir-ege-tiknaz,2026-02-28 18:00:00+00:00,36.1,0.0,36.09908288239538
demir-ege-tiknaz,2026-03-07 18:00:00+00:00,0.0,0.0,31.619064610389632
demir-ege-tiknaz,2026-03-12 20:00:00+00:00,0.0,0.0,36.00162346681096
demir-ege-tiknaz,2026-03-18 15:30:00+00:00,0.0,0.0,25.181623214285732
demir-ege-tiknaz,2026-03-22 20:30:00+00:00,0.0,0.0,31.831738131313145
demir-ege-tiknaz,2026-04-04 17:00:00+00:00,0.0,40.4,31.831738131313145
demir-ege-tiknaz,2026-04-08 16:45:00+00:00,40.4,53.6,31.665880573593068
demir-ege-tiknaz,2026-04-12 17:00:00+00:00,53.6,65.6,27.162679775779775
demir-ege-tiknaz,2026-04-16 19:00:00+00:00,65.6,47.9,33.04126628787879
demir-ege-tiknaz,2026-04-19 19:30:00+00:00,47.9,81.1,27.714896284271298
demir-ege-tiknaz,2026-04-23 18:00:00+00:00,81.1,35.6,45.60128702963704
demir-ege-tiknaz,2026-04-26 17:00:00+00:00,35.6,84.4,43.456430193417674
demir-ege-tiknaz,2026-04-30 19:00:00+00:00,84.4,43.0,43.23098396325895
demir-ege-tiknaz,2026-05-03 17:00:00+00:00,43.0,35.7,39.81964734709734
demir-ege-tiknaz,2026-05-07 19:00:00+00:00,35.7,51.5,39.438068804112554
demir-ege-tiknaz,2026-05-11 19:15:00+00:00,51.5,0.0,45.067260173160165
deniz-daniel-gul,2026-02-09 20:45:00+00:00,31.8,32.6,30.07859755522254
deniz-daniel-gul,2026-02-15 15:30:00+00:00,32.6,37.7,30.79841307720056
deniz-daniel-gul,2026-02-22 20:30:00+00:00,37.7,25.5,32.507047420634905
deniz-daniel-gul,2026-02-27 18:45:00+00:00,25.5,35.4,34.153152836052826
deniz-daniel-gul,2026-03-08 18:00:00+00:00,35.4,35.5,24.266351370851375
deniz-daniel-gul,2026-03-12 17:45:00+00:00,35.5,35.2,25.82460176767677
deniz-daniel-gul,2026-03-15 20:30:00+00:00,35.2,0.0,24.966383513708514
deniz-daniel-gul,2026-03-19 20:00:00+00:00,0.0,35.7,28.201375563325545
deniz-daniel-gul,2026-03-22 20:30:00+00:00,35.7,0.0,27.133278957153948
deniz-daniel-gul,2026-03-26 17:00:00+00:00,0.0,37.1,27.6393713023088
deniz-daniel-gul,2026-03-31 18:45:00+00:00,37.1,32.2,25.315366047841042
deniz-daniel-gul,2026-04-04 19:30:00+00:00,32.2,35.1,26.131143230380722
deniz-daniel-gul,2026-04-09 19:00:00+00:00,35.1,35.3,26.111893548118566
deniz-daniel-gul,2026-04-12 19:30:00+00:00,35.3,39.4,31.598471230158726
deniz-daniel-gul,2026-04-16 19:00:00+00:00,39.4,64.4,32.351035191197674
deniz-daniel-gul,2026-04-19 19:30:00+00:00,64.4,70.0,34.02695945165947
deniz-daniel-gul,2026-04-26 17:00:00+00:00,70.0,38.3,31.209822374847363
deniz-daniel-gul,2026-05-02 19:30:00+00:00,38.3,60.0,29.169150577200586
deniz-daniel-gul,2026-05-10 17:00:00+00:00,60.0,33.8,31.46604938672439
derek-cornelius,2026-02-11 20:00:00+00:00,0.0,0.0,5.3985222274883995
derek-cornelius,2026-02-15 16:30:00+00:00,0.0,0.0,5.3985222274883995
derek-cornelius,2026-02-22 15:00:00+00:00,0.0,0.0,5.3985222274883995
derek-cornelius,2026-03-01 12:00:00+00:00,0.0,0.0,5.3985222274883995
derek-cornelius,2026-03-15 12:00:00+00:00,0.0,0.0,5.3985222274883995
derek-cornelius,2026-03-21 17:45:00+00:00,0.0,34.9,5.3985222274883995
derek-cornelius,2026-03-28 17:00:00+00:00,34.9,37.8,5.3985222274883995
derek-cornelius,2026-04-01 01:00:00+00:00,37.8,0.0,38.07685518509268
derek-cornelius,2026-04-04 14:00:00+00:00,0.0,0.0,41.16984140442889
derek-cornelius,2026-04-12 11:00:00+00:00,0.0,0.0,41.16984140442889
derek-cornelius,2026-04-26 14:00:00+00:00,0.0,0.0,41.16984140442889
derek-cornelius,2026-05-04 16:30:00+00:00,0.0,0.0,41.16984140442889
derek-cornelius,2026-05-10 11:00:00+00:00,0.0,0.0,34.81700736763237
derek-cornelius,2026-05-13 19:00:00+00:00,0.0,0.0,9.203247863247864
devis-stiven-vasquez-llach,2026-02-08 17:00:00+00:00,0.0,0.0,3.050592866994951
devis-stiven-vasquez-llach,2026-02-15 17:00:00+00:00,0.0,0.0,3.050592866994951
devis-stiven-vasquez-llach,2026-02-22 17:00:00+00:00,0.0,0.0,3.050592866994951
devis-stiven-vasquez-llach,2026-02-28 13:00:00+00:00,0.0,0.0,3.050592866994951
devis-stiven-vasquez-llach,2026-03-07 17:00:00+00:00,0.0,0.0,3.050592866994951
devis-stiven-vasquez-llach,2026-03-15 17:00:00+00:00,0.0,0.0,3.050592866994951
devis-stiven-vasquez-llach,2026-03-19 17:00:00+00:00,0.0,0.0,3.050592866994951
devis-stiven-vasquez-llach,2026-04-05 17:00:00+00:00,0.0,0.0,3.050592866994951
devis-stiven-vasquez-llach,2026-04-10 17:00:00+00:00,0.0,0.0,3.050592866994951
devis-stiven-vasquez-llach,2026-04-19 14:00:00+00:00,0.0,76.9,3.050592866994951
devis-stiven-vasquez-llach,2026-04-27 17:00:00+00:00,76.9,0.0,3.050592866994951
devis-stiven-vasquez-llach,2026-05-01 17:00:00+00:00,0.0,0.0,22.611508513708518
devis-stiven-vasquez-llach,2026-05-09 17:00:00+00:00,0.0,0.0,22.611508513708518
devrim-sahin-2007-04-01,2026-02-08 17:00:00+00:00,0.0,0.0,6.980551839826839
devrim-sahin-2007-04-01,2026-02-15 17:00:00+00:00,0.0,0.0,6.980551839826839
devrim-sahin-2007-04-01,2026-02-22 17:00:00+00:00,0.0,0.0,4.822304986197378
devrim-sahin-2007-04-01,2026-02-28 13:00:00+00:00,0.0,0.0,7.8718552308802305
devrim-sahin-2007-04-01,2026-03-07 17:00:00+00:00,0.0,0.0,18.857361387163568
devrim-sahin-2007-04-01,2026-03-15 17:00:00+00:00,0.0,0.0,18.857361387163568
devrim-sahin-2007-04-01,2026-03-19 17:00:00+00:00,0.0,0.0,18.857361387163568
devrim-sahin-2007-04-01,2026-04-05 17:00:00+00:00,0.0,0.0,18.857361387163568
devrim-sahin-2007-04-01,2026-04-10 17:00:00+00:00,0.0,0.0,18.857361387163568
devrim-sahin-2007-04-01,2026-04-19 14:00:00+00:00,0.0,0.0,18.857361387163568
devrim-sahin-2007-04-01,2026-04-27 17:00:00+00:00,0.0,0.0,18.857361387163568
devrim-sahin-2007-04-01,2026-05-01 17:00:00+00:00,0.0,0.0,18.857361387163568
devrim-sahin-2007-04-01,2026-05-09 17:00:00+00:00,0.0,0.0,18.917777138739357
diego-calai-silva,2026-02-09 20:45:00+00:00,0.0,0.0,0.0
diego-calai-silva,2026-02-15 20:30:00+00:00,0.0,0.0,0.0
diego-calai-silva,2026-02-21 18:00:00+00:00,0.0,0.0,0.0
diego-calai-silva,2026-02-27 20:45:00+00:00,0.0,0.0,0.0
diego-calai-silva,2026-03-07 18:00:00+00:00,0.0,0.0,0.0
diego-calai-silva,2026-03-11 20:00:00+00:00,0.0,0.0,0.0
diego-calai-silva,2026-03-17 17:45:00+00:00,0.0,0.0,0.0
diego-calai-silva,2026-03-22 18:00:00+00:00,0.0,0.0,0.0
diego-calai-silva,2026-04-03 19:30:00+00:00,0.0,0.0,0.0
diego-calai-silva,2026-04-07 19:00:00+00:00,0.0,0.0,0.0
diego-calai-silva,2026-04-11 19:30:00+00:00,0.0,0.0,0.0
diego-calai-silva,2026-04-15 19:00:00+00:00,0.0,0.0,0.0
diego-calai-silva,2026-04-19 17:15:00+00:00,0.0,0.0,0.0
diego-calai-silva,2026-04-26 19:30:00+00:00,0.0,0.0,0.0
diego-calai-silva,2026-04-29 19:15:00+00:00,0.0,0.0,0.0
diego-calai-silva,2026-05-04 19:15:00+00:00,0.0,0.0,0.0
diego-calai-silva,2026-05-11 19:15:00+00:00,0.0,0.0,0.0
diego-henrique-oliveira-rodrigues,2026-02-08 18:00:00+00:00,38.7,33.7,42.21104910714286
diego-henrique-oliveira-rodrigues,2026-02-14 20:30:00+00:00,33.7,61.8,40.79317113095239
diego-henrique-oliveira-rodrigues,2026-02-21 20:30:00+00:00,61.8,56.7,31.77993129509379
diego-henrique-oliveira-rodrigues,2026-02-28 18:00:00+00:00,56.7,40.0,36.39960461760464
diego-henrique-oliveira-rodrigues,2026-03-07 18:00:00+00:00,40.0,43.0,37.027446554834036
diego-henrique-oliveira-rodrigues,2026-03-12 20:00:00+00:00,43.0,38.8,36.31469334415586
diego-henrique-oliveira-rodrigues,2026-03-18 15:30:00+00:00,38.8,34.2,29.979165674603195
diego-henrique-oliveira-rodrigues,2026-03-22 20:30:00+00:00,34.2,39.6,27.3756131854257
diego-henrique-oliveira-rodrigues,2026-04-04 17:00:00+00:00,39.6,65.9,33.996241995504484
diego-henrique-oliveira-rodrigues,2026-04-08 16:45:00+00:00,65.9,0.0,30.33467018398268
diego-henrique-oliveira-rodrigues,2026-04-12 17:00:00+00:00,0.0,0.0,27.701285425685438
diego-henrique-oliveira-rodrigues,2026-04-16 19:00:00+00:00,0.0,0.0,29.009229180541688
diego-henrique-oliveira-rodrigues,2026-04-19 19:30:00+00:00,0.0,0.0,31.861253354978334
diego-henrique-oliveira-rodrigues,2026-04-23 18:00:00+00:00,0.0,0.0,38.41434518398267
diego-henrique-oliveira-rodrigues,2026-04-26 17:00:00+00:00,0.0,0.0,10.991978769841266
diego-henrique-oliveira-rodrigues,2026-04-30 19:00:00+00:00,0.0,0.0,18.248429148629153
diego-henrique-oliveira-rodrigues,2026-05-03 17:00:00+00:00,0.0,0.0,19.490147005772013
diego-henrique-oliveira-rodrigues,2026-05-07 19:00:00+00:00,0.0,0.0,19.947407918470425
diego-henrique-oliveira-rodrigues,2026-05-11 19:15:00+00:00,0.0,0.0,18.945209566822076
diogo-dias-fernandes,2026-02-09 20:45:00+00:00,0.0,0.0,0.0
diogo-dias-fernandes,2026-02-15 15:30:00+00:00,0.0,0.0,0.0
diogo-dias-fernandes,2026-02-22 20:30:00+00:00,0.0,0.0,0.0
diogo-dias-fernandes,2026-02-27 18:45:00+00:00,0.0,0.0,0.0
diogo-dias-fernandes,2026-03-08 18:00:00+00:00,0.0,0.0,0.0
diogo-dias-fernandes,2026-03-12 17:45:00+00:00,0.0,0.0,0.0
diogo-dias-fernandes,2026-03-15 20:30:00+00:00,0.0,0.0,0.0
diogo-dias-fernandes,2026-03-19 20:00:00+00:00,0.0,0.0,0.0
diogo-dias-fernandes,2026-03-22 20:30:00+00:00,0.0,0.0,0.0
diogo-dias-fernandes,2026-04-04 19:30:00+00:00,0.0,0.0,0.0
diogo-dias-fernandes,2026-04-09 19:00:00+00:00,0.0,0.0,0.0
diogo-dias-fernandes,2026-04-12 19:30:00+00:00,0.0,0.0,0.0
diogo-dias-fernandes,2026-04-16 19:00:00+00:00,0.0,0.0,0.0
diogo-dias-fernandes,2026-04-19 19:30:00+00:00,0.0,0.0,0.0
diogo-dias-fernandes,2026-04-26 17:00:00+00:00,0.0,0.0,0.0
diogo-dias-fernandes,2026-05-02 19:30:00+00:00,0.0,0.0,0.0
diogo-dias-fernandes,2026-05-10 17:00:00+00:00,0.0,0.0,0.0
diogo-ferreira-prioste,2026-02-08 20:30:00+00:00,0.0,0.0,0.24687142857142855
diogo-ferreira-prioste,2026-02-13 18:30:00+00:00,0.0,0.0,0.24687142857142855
diogo-ferreira-prioste,2026-02-17 20:00:00+00:00,0.0,38.5,0.24687142857142855
diogo-ferreira-prioste,2026-02-21 18:00:00+00:00,38.5,0.0,0.0179375
diogo-ferreira-prioste,2026-02-25 20:00:00+00:00,0.0,0.0,0.11782561139710875
diogo-ferreira-prioste,2026-03-02 20:15:00+00:00,0.0,0.0,0.11782561139710875
diogo-ferreira-prioste,2026-03-08 18:00:00+00:00,0.0,0.0,0.11782561139710875
diogo-ferreira-prioste,2026-03-14 20:30:00+00:00,0.0,0.0,0.11782561139710875
diogo-ferreira-prioste,2026-03-21 18:00:00+00:00,0.0,0.0,0.11782561139710875
diogo-ferreira-prioste,2026-04-06 19:45:00+00:00,0.0,0.0,0.0179375
diogo-ferreira-prioste,2026-04-12 17:00:00+00:00,0.0,0.0,0.0179375
diogo-ferreira-prioste,2026-04-19 17:15:00+00:00,0.0,0.0,0.0179375
diogo-ferreira-prioste,2026-04-25 17:00:00+00:00,0.0,0.0,0.0179375
diogo-ferreira-prioste,2026-05-02 17:00:00+00:00,0.0,0.0,0.0179375
diogo-ferreira-prioste,2026-05-11 19:15:00+00:00,0.0,0.0,0.0179375
diogo-filipe-spencer-marques,2026-02-08 20:30:00+00:00,0.0,0.0,25.093444029581534
diogo-filipe-spencer-marques,2026-02-13 20:45:00+00:00,0.0,46.6,23.431458429070926
diogo-filipe-spencer-marques,2026-02-21 15:30:00+00:00,46.6,0.0,12.371263401875904
diogo-filipe-spencer-marques,2026-02-28 20:30:00+00:00,0.0,43.0,24.655034433621935
diogo-filipe-spencer-marques,2026-03-07 15:30:00+00:00,43.0,0.0,21.096630753968256
diogo-filipe-spencer-marques,2026-03-14 18:00:00+00:00,0.0,0.0,22.49959861111111
diogo-filipe-spencer-marques,2026-03-22 18:00:00+00:00,0.0,29.3,24.790441666666666
diogo-filipe-spencer-marques,2026-04-04 17:00:00+00:00,29.3,0.0,25.510538455988467
diogo-filipe-spencer-marques,2026-04-12 14:30:00+00:00,0.0,0.0,23.82231756854255
diogo-filipe-spencer-marques,2026-04-18 14:30:00+00:00,0.0,35.0,21.74206360028859
diogo-filipe-spencer-marques,2026-04-24 19:15:00+00:00,35.0,36.0,18.998432575757576
diogo-filipe-spencer-marques,2026-05-02 19:30:00+00:00,36.0,33.9,18.77282278138529
diogo-filipe-spencer-marques,2026-05-10 19:30:00+00:00,33.9,54.1,32.534889754689736
diogo-jose-de-nazare-e-jesus-ferreira,2026-02-08 20:30:00+00:00,0.0,0.0,0.0
diogo-jose-de-nazare-e-jesus-ferreira,2026-02-13 18:30:00+00:00,0.0,0.0,0.0
diogo-jose-de-nazare-e-jesus-ferreira,2026-02-17 20:00:00+00:00,0.0,0.0,0.0
diogo-jose-de-nazare-e-jesus-ferreira,2026-02-21 18:00:00+00:00,0.0,0.0,0.0
diogo-jose-de-nazare-e-jesus-ferreira,2026-02-25 20:00:00+00:00,0.0,0.0,0.0
diogo-jose-de-nazare-e-jesus-ferreira,2026-03-02 20:15:00+00:00,0.0,0.0,0.0
diogo-jose-de-nazare-e-jesus-ferreira,2026-03-08 18:00:00+00:00,0.0,0.0,0.0
diogo-jose-de-nazare-e-jesus-ferreira,2026-03-14 20:30:00+00:00,0.0,0.0,0.0
diogo-jose-de-nazare-e-jesus-ferreira,2026-03-21 18:00:00+00:00,0.0,0.0,0.0
diogo-jose-de-nazare-e-jesus-ferreira,2026-04-06 19:45:00+00:00,0.0,0.0,0.0
diogo-jose-de-nazare-e-jesus-ferreira,2026-04-12 17:00:00+00:00,0.0,0.0,0.0
diogo-jose-de-nazare-e-jesus-ferreira,2026-04-19 17:15:00+00:00,0.0,0.0,0.0
diogo-jose-de-nazare-e-jesus-ferreira,2026-04-25 17:00:00+00:00,0.0,0.0,0.0
diogo-jose-de-nazare-e-jesus-ferreira,2026-05-02 17:00:00+00:00,0.0,0.0,0.0
diogo-jose-de-nazare-e-jesus-ferreira,2026-05-11 19:15:00+00:00,0.0,0.0,0.0
diogo-lobao-de-sousa,2026-02-14 18:00:00+00:00,64.6,60.6,37.62139341630591
diogo-lobao-de-sousa,2026-02-21 20:30:00+00:00,60.6,48.1,37.689805050505036
diogo-lobao-de-sousa,2026-02-28 20:30:00+00:00,48.1,57.2,33.62114150432901
diogo-lobao-de-sousa,2026-03-08 20:30:00+00:00,57.2,29.5,37.845925126262635
diogo-lobao-de-sousa,2026-03-14 15:30:00+00:00,29.5,39.5,36.95058098845598
diogo-lobao-de-sousa,2026-03-21 18:00:00+00:00,39.5,30.2,35.52663722111222
diogo-lobao-de-sousa,2026-04-03 17:00:00+00:00,30.2,44.6,29.066788257575755
diogo-lobao-de-sousa,2026-04-11 14:30:00+00:00,44.6,48.2,20.308899494949486
diogo-lobao-de-sousa,2026-04-18 19:30:00+00:00,48.2,50.4,29.437588654401146
diogo-lobao-de-sousa,2026-04-25 19:30:00+00:00,50.4,34.3,25.958200649350644
diogo-lobao-de-sousa,2026-05-04 19:15:00+00:00,34.3,0.0,26.531935052447544
diogo-lobao-de-sousa,2026-05-11 19:15:00+00:00,0.0,0.0,25.907436075036074
diogo-meireles-costa,2026-02-09 20:45:00+00:00,61.7,67.7,46.569521753246775
diogo-meireles-costa,2026-02-15 15:30:00+00:00,67.7,63.3,50.6084168123543
diogo-meireles-costa,2026-02-22 20:30:00+00:00,63.3,31.7,40.30119601370852
diogo-meireles-costa,2026-02-27 18:45:00+00:00,31.7,43.2,43.99835999278496
diogo-meireles-costa,2026-03-08 18:00:00+00:00,43.2,51.1,49.157291468253995
diogo-meireles-costa,2026-03-12 17:45:00+00:00,51.1,69.3,39.39984015290265
diogo-meireles-costa,2026-03-15 20:30:00+00:00,69.3,89.3,47.89821408730158
diogo-meireles-costa,2026-03-19 20:00:00+00:00,89.3,30.1,47.30600447330444
diogo-meireles-costa,2026-03-22 20:30:00+00:00,30.1,42.7,42.36502604756353
diogo-meireles-costa,2026-04-04 19:30:00+00:00,42.7,39.3,41.75324565434566
diogo-meireles-costa,2026-04-09 19:00:00+00:00,39.3,39.1,40.62251582029079
diogo-meireles-costa,2026-04-12 19:30:00+00:00,39.1,48.4,48.818251354201365
diogo-meireles-costa,2026-04-16 19:00:00+00:00,48.4,70.9,54.78618342907092
diogo-meireles-costa,2026-04-19 19:30:00+00:00,70.9,33.5,41.04407656926409
diogo-meireles-costa,2026-04-26 17:00:00+00:00,33.5,75.0,53.96863184176933
diogo-meireles-costa,2026-05-02 19:30:00+00:00,75.0,0.0,54.74946338522587
diogo-meireles-costa,2026-05-10 17:00:00+00:00,0.0,67.0,41.624550488400494
djeidi-gassama,2026-02-11 20:00:00+00:00,37.9,63.2,52.511668308080814
djeidi-gassama,2026-02-15 16:30:00+00:00,63.2,42.2,48.07029855699855
djeidi-gassama,2026-02-22 15:00:00+00:00,42.2,37.8,39.59673986291485
djeidi-gassama,2026-03-01 12:00:00+00:00,37.8,40.7,45.461738636363656
djeidi-gassama,2026-03-15 12:00:00+00:00,40.7,37.1,47.36880966810969
djeidi-gassama,2026-03-21 17:45:00+00:00,37.1,36.0,51.622341017315975
djeidi-gassama,2026-03-27 23:15:00+00:00,36.0,81.1,53.256311961649445
djeidi-gassama,2026-04-04 14:00:00+00:00,81.1,74.0,50.31704457070707
djeidi-gassama,2026-04-12 11:00:00+00:00,74.0,38.8,53.18144612332111
djeidi-gassama,2026-04-26 14:00:00+00:00,38.8,34.2,39.008721771284264
djeidi-gassama,2026-05-04 16:30:00+00:00,34.2,39.5,45.1919680555556
djeidi-gassama,2026-05-10 11:00:00+00:00,39.5,39.1,50.395894642857165
djeidi-gassama,2026-05-13 19:00:00+00:00,39.1,67.7,52.39450474386724
dodi-lukebakio,2026-02-08 20:30:00+00:00,0.0,0.0,35.891500830705255
dodi-lukebakio,2026-02-13 18:30:00+00:00,0.0,33.9,35.891500830705255
dodi-lukebakio,2026-02-17 20:00:00+00:00,33.9,43.5,38.993282378324295
dodi-lukebakio,2026-02-21 18:00:00+00:00,43.5,0.0,30.092172997835497
dodi-lukebakio,2026-02-25 20:00:00+00:00,0.0,39.4,30.482300468975485
dodi-lukebakio,2026-03-02 20:15:00+00:00,39.4,42.9,30.482300468975485
dodi-lukebakio,2026-03-08 18:00:00+00:00,42.9,51.6,34.267221012321016
dodi-lukebakio,2026-03-14 20:30:00+00:00,51.6,30.0,38.15749410173161
dodi-lukebakio,2026-03-21 18:00:00+00:00,30.0,79.6,32.277439538239534
dodi-lukebakio,2026-03-28 19:30:00+00:00,79.6,62.3,40.53217413419914
dodi-lukebakio,2026-04-01 01:00:00+00:00,62.3,42.6,29.294541648629146
dodi-lukebakio,2026-04-06 19:45:00+00:00,42.6,44.1,32.02745008463757
dodi-lukebakio,2026-04-12 17:00:00+00:00,44.1,46.8,32.117098088023084
dodi-lukebakio,2026-04-19 17:15:00+00:00,46.8,41.2,33.60026991341991
dodi-lukebakio,2026-04-25 17:00:00+00:00,41.2,0.0,38.117019588744604
dodi-lukebakio,2026-05-02 17:00:00+00:00,0.0,43.1,27.44667736291485
dodi-lukebakio,2026-05-11 19:15:00+00:00,43.1,42.2,48.088241089466095
dominik-prpic,2026-02-09 20:45:00+00:00,0.0,0.0,8.237307398705095
dominik-prpic,2026-02-15 15:30:00+00:00,0.0,0.0,22.172030116746424
dominik-prpic,2026-02-22 20:30:00+00:00,0.0,0.0,22.172030116746424
dominik-prpic,2026-02-27 18:45:00+00:00,0.0,0.0,22.172030116746424
dominik-prpic,2026-03-08 18:00:00+00:00,0.0,0.0,22.172030116746424
dominik-prpic,2026-03-12 17:45:00+00:00,0.0,0.0,22.172030116746424
dominik-prpic,2026-03-15 20:30:00+00:00,0.0,0.0,22.172030116746424
dominik-prpic,2026-03-19 20:00:00+00:00,0.0,0.0,22.172030116746424
dominik-prpic,2026-03-22 20:30:00+00:00,0.0,0.0,22.172030116746424
dominik-prpic,2026-04-04 19:30:00+00:00,0.0,0.0,22.172030116746424
dominik-prpic,2026-04-09 19:00:00+00:00,0.0,0.0,22.172030116746424
dominik-prpic,2026-04-12 19:30:00+00:00,0.0,0.0,22.172030116746424
dominik-prpic,2026-04-16 19:00:00+00:00,0.0,0.0,22.172030116746424
dominik-prpic,2026-04-19 19:30:00+00:00,0.0,0.0,22.172030116746424
dominik-prpic,2026-04-26 17:00:00+00:00,0.0,0.0,22.172030116746424
dominik-prpic,2026-05-02 19:30:00+00:00,0.0,21.4,22.172030116746424
dominik-prpic,2026-05-10 17:00:00+00:00,21.4,0.0,22.172030116746424
douglas-mendes-moreira,2026-02-15 13:30:00+00:00,0.0,0.0,0.8674920274170275
douglas-mendes-moreira,2026-02-22 16:00:00+00:00,0.0,0.0,9.518210682856598
douglas-mendes-moreira,2026-03-01 16:00:00+00:00,0.0,0.0,9.518210682856598
douglas-mendes-moreira,2026-03-08 16:00:00+00:00,0.0,0.0,9.518210682856598
douglas-mendes-moreira,2026-03-15 13:30:00+00:00,0.0,0.0,9.518210682856598
douglas-mendes-moreira,2026-03-20 18:30:00+00:00,0.0,0.0,9.518210682856598
douglas-mendes-moreira,2026-04-05 12:30:00+00:00,0.0,0.0,9.518210682856598
douglas-mendes-moreira,2026-04-10 17:30:00+00:00,0.0,0.0,9.518210682856598
douglas-mendes-moreira,2026-04-19 12:30:00+00:00,0.0,0.0,9.518210682856598
douglas-mendes-moreira,2026-04-22 16:30:00+00:00,0.0,0.0,9.518210682856598
douglas-mendes-moreira,2026-04-26 12:30:00+00:00,0.0,0.0,9.518210682856598
douglas-mendes-moreira,2026-05-03 15:00:00+00:00,0.0,0.0,9.518210682856598
douglas-mendes-moreira,2026-05-10 15:00:00+00:00,0.0,0.0,9.518210682856598
dujon-sterling,2026-02-11 20:00:00+00:00,31.4,26.2,20.02833609307359
dujon-sterling,2026-02-15 16:30:00+00:00,26.2,0.0,28.869489448051944
dujon-sterling,2026-02-22 15:00:00+00:00,0.0,25.0,23.31069992784994
dujon-sterling,2026-03-01 12:00:00+00:00,25.0,0.0,21.96082680375181
dujon-sterling,2026-03-15 12:00:00+00:00,0.0,0.0,29.569472637085145
dujon-sterling,2026-03-21 17:45:00+00:00,0.0,64.0,29.61673807720059
dujon-sterling,2026-04-04 14:00:00+00:00,64.0,0.0,13.589100493950491
dujon-sterling,2026-04-12 11:00:00+00:00,0.0,47.4,29.671396230158738
dujon-sterling,2026-04-26 14:00:00+00:00,47.4,60.0,34.45622263708517
dujon-sterling,2026-05-04 16:30:00+00:00,60.0,41.2,28.107604365079368
dujon-sterling,2026-05-10 11:00:00+00:00,41.2,49.9,32.0484810966811
dujon-sterling,2026-05-13 19:00:00+00:00,49.9,0.0,22.95418955627706
ebere-paul-onuachu,2026-02-14 17:00:00+00:00,60.0,69.8,56.779716791541766
ebere-paul-onuachu,2026-02-22 13:00:00+00:00,69.8,84.7,47.263162012986996
ebere-paul-onuachu,2026-02-27 17:00:00+00:00,84.7,70.0,41.74964943112443
ebere-paul-onuachu,2026-03-09 17:00:00+00:00,70.0,68.0,40.22924507992008
ebere-paul-onuachu,2026-03-14 17:00:00+00:00,68.0,32.5,45.26559702380948
ebere-paul-onuachu,2026-03-18 17:00:00+00:00,32.5,35.0,38.57159718614718
ebere-paul-onuachu,2026-03-27 12:30:00+00:00,35.0,0.0,43.91465353535354
ebere-paul-onuachu,2026-03-31 17:30:00+00:00,0.0,60.0,46.13178084415588
ebere-paul-onuachu,2026-04-04 17:00:00+00:00,60.0,0.0,27.91123869047621
ebere-paul-onuachu,2026-04-11 14:00:00+00:00,0.0,41.4,33.59323555333557
ebere-paul-onuachu,2026-04-19 17:00:00+00:00,41.4,33.7,32.28225606060604
ebere-paul-onuachu,2026-04-27 17:00:00+00:00,33.7,42.8,25.58545762987012
ebere-paul-onuachu,2026-05-02 17:00:00+00:00,42.8,35.1,26.376790764790748
ebere-paul-onuachu,2026-05-09 17:00:00+00:00,35.1,42.1,20.173502489177498
eboue-kouassi,2026-02-11 19:45:00+00:00,0.0,0.0,0.0
eboue-kouassi,2026-02-15 14:00:00+00:00,0.0,0.0,0.0
eboue-kouassi,2026-02-19 20:00:00+00:00,0.0,0.0,0.0
eboue-kouassi,2026-02-22 15:00:00+00:00,0.0,0.0,0.0
eboue-kouassi,2026-02-26 17:45:00+00:00,0.0,0.0,0.0
eboue-kouassi,2026-03-01 12:00:00+00:00,0.0,0.0,0.0
eboue-kouassi,2026-03-04 20:00:00+00:00,0.0,0.0,0.0
eboue-kouassi,2026-03-14 15:00:00+00:00,0.0,0.0,0.0
eboue-kouassi,2026-03-22 12:30:00+00:00,0.0,0.0,0.0
eboue-kouassi,2026-04-05 15:30:00+00:00,0.0,0.0,0.0
eboue-kouassi,2026-04-11 14:00:00+00:00,0.0,0.0,0.0
eboue-kouassi,2026-04-25 16:30:00+00:00,0.0,0.0,0.0
eboue-kouassi,2026-05-03 11:00:00+00:00,0.0,0.0,0.0
eboue-kouassi,2026-05-10 11:00:00+00:00,0.0,0.0,0.0
eboue-kouassi,2026-05-13 19:00:00+00:00,0.0,0.0,0.0
ederson-santana-de-moraes,2026-02-09 17:00:00+00:00,24.5,50.0,19.451597330447317
ederson-santana-de-moraes,2026-02-14 17:00:00+00:00,50.0,48.5,20.33699687950937
ederson-santana-de-moraes,2026-02-19 17:45:00+00:00,48.5,38.0,20.137426268176256
ederson-santana-de-moraes,2026-02-23 17:00:00+00:00,38.0,0.0,23.19834165972916
ederson-santana-de-moraes,2026-02-26 20:00:00+00:00,0.0,43.3,26.410189646464673
ederson-santana-de-moraes,2026-03-01 17:00:00+00:00,43.3,38.2,47.85289908841159
ederson-santana-de-moraes,2026-03-08 17:00:00+00:00,38.2,0.0,45.64363531746031
ederson-santana-de-moraes,2026-03-13 17:00:00+00:00,0.0,41.6,45.72087578393829
ederson-santana-de-moraes,2026-03-17 17:00:00+00:00,41.6,31.9,45.42732595182597
ederson-santana-de-moraes,2026-03-26 20:00:00+00:00,31.9,0.0,50.27562398296147
ederson-santana-de-moraes,2026-04-01 00:00:00+00:00,0.0,64.3,38.56875046897545
ederson-santana-de-moraes,2026-04-05 17:00:00+00:00,64.3,75.8,34.79609641053391
ederson-santana-de-moraes,2026-04-11 17:00:00+00:00,75.8,6.8,33.975649837662324
ederson-santana-de-moraes,2026-04-17 17:00:00+00:00,6.8,25.4,40.97843890692642
ederson-santana-de-moraes,2026-04-26 17:00:00+00:00,25.4,0.0,37.158986878399375
ederson-santana-de-moraes,2026-05-02 17:00:00+00:00,0.0,0.0,44.028398623598626
ederson-santana-de-moraes,2026-05-09 17:00:00+00:00,0.0,0.0,40.72767822732823
edin-visca,2026-02-14 17:00:00+00:00,0.0,0.0,5.63662509018759
edin-visca,2026-02-22 13:00:00+00:00,0.0,0.0,5.884943846023259
edin-visca,2026-02-27 17:00:00+00:00,0.0,0.0,5.884943846023259
edin-visca,2026-03-09 17:00:00+00:00,0.0,0.0,5.884943846023259
edin-visca,2026-03-14 17:00:00+00:00,0.0,0.0,10.992601187293099
edin-visca,2026-03-18 17:00:00+00:00,0.0,0.0,10.992601187293099
edin-visca,2026-04-04 17:00:00+00:00,0.0,0.0,28.756537364865526
edin-visca,2026-04-11 14:00:00+00:00,0.0,0.0,34.49306615145683
edin-visca,2026-04-19 17:00:00+00:00,0.0,0.0,34.49306615145683
edin-visca,2026-04-27 17:00:00+00:00,0.0,0.0,34.49306615145683
edin-visca,2026-05-02 17:00:00+00:00,0.0,0.0,34.49306615145683
edin-visca,2026-05-09 17:00:00+00:00,0.0,0.0,34.49306615145683
edmund-baidoo,2026-02-15 13:30:00+00:00,35.9,39.6,47.6087562590187
edmund-baidoo,2026-02-22 16:00:00+00:00,39.6,51.7,40.12574058441556
edmund-baidoo,2026-03-01 16:00:00+00:00,51.7,40.1,45.03391156204909
edmund-baidoo,2026-03-08 16:00:00+00:00,40.1,0.0,47.10630829725828
edmund-baidoo,2026-03-15 13:30:00+00:00,0.0,29.5,41.37851123737375
edmund-baidoo,2026-03-20 18:30:00+00:00,29.5,69.5,44.51548367604619
edmund-baidoo,2026-04-05 12:30:00+00:00,69.5,35.2,40.321898989899
edmund-baidoo,2026-04-10 17:30:00+00:00,35.2,0.0,36.47830941558442
edmund-baidoo,2026-04-19 12:30:00+00:00,0.0,0.0,37.752934053446545
edmund-baidoo,2026-04-22 16:30:00+00:00,0.0,0.0,36.032254524642035
edmund-baidoo,2026-04-26 12:30:00+00:00,0.0,36.5,37.30296875208127
edmund-baidoo,2026-05-03 15:00:00+00:00,36.5,35.2,30.0563974969475
edmund-baidoo,2026-05-10 15:00:00+00:00,35.2,49.3,28.10890330086582
edson-omar-alvarez-velazquez,2026-02-09 17:00:00+00:00,0.0,0.0,17.204811814574324
edson-omar-alvarez-velazquez,2026-02-14 17:00:00+00:00,0.0,0.0,21.513013131313134
edson-omar-alvarez-velazquez,2026-02-19 17:45:00+00:00,0.0,0.0,43.60960966810966
edson-omar-alvarez-velazquez,2026-02-23 17:00:00+00:00,0.0,0.0,37.07030606893106
edson-omar-alvarez-velazquez,2026-02-26 20:00:00+00:00,0.0,0.0,37.07030606893106
edson-omar-alvarez-velazquez,2026-03-01 17:00:00+00:00,0.0,0.0,19.340084830447328
edson-omar-alvarez-velazquez,2026-03-08 17:00:00+00:00,0.0,0.0,20.56338416305916
edson-omar-alvarez-velazquez,2026-03-13 17:00:00+00:00,0.0,0.0,21.194475829725825
edson-omar-alvarez-velazquez,2026-03-17 17:00:00+00:00,0.0,0.0,21.194475829725825
edson-omar-alvarez-velazquez,2026-04-05 17:00:00+00:00,0.0,0.0,16.614074621212115
edson-omar-alvarez-velazquez,2026-04-11 17:00:00+00:00,0.0,0.0,16.614074621212115
edson-omar-alvarez-velazquez,2026-04-17 17:00:00+00:00,0.0,0.0,20.45890209463738
edson-omar-alvarez-velazquez,2026-04-26 17:00:00+00:00,0.0,34.3,31.332020513718312
edson-omar-alvarez-velazquez,2026-05-02 17:00:00+00:00,34.3,0.0,31.332020513718312
edson-omar-alvarez-velazquez,2026-05-09 17:00:00+00:00,0.0,0.0,20.215939066489067
eduardo-filipe-quaresma-coimbra-simoes,2026-02-09 20:45:00+00:00,0.0,0.0,25.115766738816728
eduardo-filipe-quaresma-coimbra-simoes,2026-02-15 20:30:00+00:00,0.0,0.0,24.92499015151514
eduardo-filipe-quaresma-coimbra-simoes,2026-02-21 18:00:00+00:00,0.0,0.0,24.92499015151514
eduardo-filipe-quaresma-coimbra-simoes,2026-02-27 20:45:00+00:00,0.0,40.4,24.92499015151514
eduardo-filipe-quaresma-coimbra-simoes,2026-03-07 18:00:00+00:00,40.4,0.0,21.43843012126762
eduardo-filipe-quaresma-coimbra-simoes,2026-03-11 20:00:00+00:00,0.0,53.4,16.162960804473304
eduardo-filipe-quaresma-coimbra-simoes,2026-03-17 17:45:00+00:00,53.4,40.8,20.023232828282833
eduardo-filipe-quaresma-coimbra-simoes,2026-03-22 18:00:00+00:00,40.8,100.0,35.68521284271286
eduardo-filipe-quaresma-coimbra-simoes,2026-04-03 19:30:00+00:00,100.0,0.0,17.84137628066378
eduardo-filipe-quaresma-coimbra-simoes,2026-04-07 19:00:00+00:00,0.0,61.2,33.02054895382395
eduardo-filipe-quaresma-coimbra-simoes,2026-04-11 19:30:00+00:00,61.2,68.2,33.19257593795092
eduardo-filipe-quaresma-coimbra-simoes,2026-04-15 19:00:00+00:00,68.2,40.5,38.74807022005774
eduardo-filipe-quaresma-coimbra-simoes,2026-04-19 17:15:00+00:00,40.5,0.0,29.315214448051933
eduardo-filipe-quaresma-coimbra-simoes,2026-04-26 19:30:00+00:00,0.0,39.8,33.650645346320346
eduardo-filipe-quaresma-coimbra-simoes,2026-04-29 19:15:00+00:00,39.8,62.3,38.401670490620475
eduardo-filipe-quaresma-coimbra-simoes,2026-05-04 19:15:00+00:00,62.3,46.5,21.889096825396823
eduardo-filipe-quaresma-coimbra-simoes,2026-05-11 19:15:00+00:00,46.5,98.3,21.92401424963925
eduardo-gabriel-aquino-cossa,2026-02-09 20:45:00+00:00,32.1,39.0,40.096942171717195
eduardo-gabriel-aquino-cossa,2026-02-15 15:30:00+00:00,39.0,41.0,33.45026111111112
eduardo-gabriel-aquino-cossa,2026-02-22 20:30:00+00:00,41.0,47.6,42.803478679653665
eduardo-gabriel-aquino-cossa,2026-02-27 18:45:00+00:00,47.6,30.3,48.87502121767122
eduardo-gabriel-aquino-cossa,2026-03-08 18:00:00+00:00,30.3,39.4,45.689865638528154
eduardo-gabriel-aquino-cossa,2026-03-12 17:45:00+00:00,39.4,47.0,48.61177754329004
eduardo-gabriel-aquino-cossa,2026-03-15 20:30:00+00:00,47.0,36.7,50.13829586940838
eduardo-gabriel-aquino-cossa,2026-03-19 20:00:00+00:00,36.7,42.2,49.792808591408566
eduardo-gabriel-aquino-cossa,2026-03-22 20:30:00+00:00,42.2,43.6,56.397840626040654
eduardo-gabriel-aquino-cossa,2026-04-04 19:30:00+00:00,43.6,48.3,44.49039523809527
eduardo-gabriel-aquino-cossa,2026-04-09 19:00:00+00:00,48.3,67.1,50.11023403679653
eduardo-gabriel-aquino-cossa,2026-04-12 19:30:00+00:00,67.1,0.0,45.91383592657341
eduardo-gabriel-aquino-cossa,2026-04-16 19:00:00+00:00,0.0,60.8,49.17747496114996
eduardo-gabriel-aquino-cossa,2026-04-19 19:30:00+00:00,60.8,32.0,51.64468581418584
eduardo-gabriel-aquino-cossa,2026-04-26 17:00:00+00:00,32.0,44.0,32.94199779248531
eduardo-gabriel-aquino-cossa,2026-05-02 19:30:00+00:00,44.0,57.0,44.1803787962038
eduardo-gabriel-aquino-cossa,2026-05-10 17:00:00+00:00,57.0,0.0,48.2363320284291
eduardo-manuel-de-freitas-monteiro-ferreira-felicissimo,2026-02-09 20:45:00+00:00,0.0,0.0,5.516156379651725
eduardo-manuel-de-freitas-monteiro-ferreira-felicissimo,2026-02-15 20:30:00+00:00,0.0,0.0,5.516156379651725
eduardo-manuel-de-freitas-monteiro-ferreira-felicissimo,2026-02-21 18:00:00+00:00,0.0,0.0,5.516156379651725
eduardo-manuel-de-freitas-monteiro-ferreira-felicissimo,2026-02-27 20:45:00+00:00,0.0,0.0,5.516156379651725
eduardo-manuel-de-freitas-monteiro-ferreira-felicissimo,2026-03-07 18:00:00+00:00,0.0,0.0,5.516156379651725
eduardo-manuel-de-freitas-monteiro-ferreira-felicissimo,2026-03-11 20:00:00+00:00,0.0,0.0,5.516156379651725
eduardo-manuel-de-freitas-monteiro-ferreira-felicissimo,2026-03-17 17:45:00+00:00,0.0,0.0,5.516156379651725
eduardo-manuel-de-freitas-monteiro-ferreira-felicissimo,2026-03-22 18:00:00+00:00,0.0,0.0,5.516156379651725
eduardo-manuel-de-freitas-monteiro-ferreira-felicissimo,2026-04-03 19:30:00+00:00,0.0,0.0,5.516156379651725
eduardo-manuel-de-freitas-monteiro-ferreira-felicissimo,2026-04-07 19:00:00+00:00,0.0,0.0,5.516156379651725
eduardo-manuel-de-freitas-monteiro-ferreira-felicissimo,2026-04-11 19:30:00+00:00,0.0,0.0,5.516156379651725
eduardo-manuel-de-freitas-monteiro-ferreira-felicissimo,2026-04-15 19:00:00+00:00,0.0,0.0,5.516156379651725
eduardo-manuel-de-freitas-monteiro-ferreira-felicissimo,2026-04-19 17:15:00+00:00,0.0,0.0,5.516156379651725
eduardo-manuel-de-freitas-monteiro-ferreira-felicissimo,2026-04-26 19:30:00+00:00,0.0,0.0,5.516156379651725
eduardo-manuel-de-freitas-monteiro-ferreira-felicissimo,2026-04-29 19:15:00+00:00,0.0,0.0,5.516156379651725
eduardo-manuel-de-freitas-monteiro-ferreira-felicissimo,2026-05-04 19:15:00+00:00,0.0,37.9,5.516156379651725
eduardo-manuel-de-freitas-monteiro-ferreira-felicissimo,2026-05-11 19:15:00+00:00,37.9,0.0,5.516156379651725
ege-arac,2026-02-13 17:00:00+00:00,0.0,0.0,0.0
ege-arac,2026-02-17 17:45:00+00:00,0.0,0.0,0.0
ege-arac,2026-02-21 17:00:00+00:00,0.0,0.0,0.0
ege-arac,2026-02-25 20:00:00+00:00,0.0,0.0,0.0
ege-arac,2026-02-28 17:00:00+00:00,0.0,0.0,0.0
ege-arac,2026-03-07 17:00:00+00:00,0.0,0.0,0.0
ege-arac,2026-03-10 17:45:00+00:00,0.0,0.0,0.0
ege-arac,2026-03-14 17:00:00+00:00,0.0,0.0,0.0
ege-arac,2026-03-18 20:00:00+00:00,0.0,0.0,0.0
ege-arac,2026-04-04 17:00:00+00:00,0.0,0.0,0.0
ege-arac,2026-04-08 17:00:00+00:00,0.0,0.0,0.0
ege-arac,2026-04-12 17:00:00+00:00,0.0,0.0,0.0
ege-arac,2026-04-18 17:00:00+00:00,0.0,0.0,0.0
ege-arac,2026-04-26 17:00:00+00:00,0.0,0.0,0.0
ege-arac,2026-05-02 17:00:00+00:00,0.0,0.0,0.0
ege-arac,2026-05-09 17:00:00+00:00,0.0,0.0,0.0
ejike-julius-opara,2026-02-14 18:00:00+00:00,0.0,0.0,7.097146825396829
ejike-julius-opara,2026-02-21 20:30:00+00:00,0.0,0.0,6.220546825396825
ejike-julius-opara,2026-02-28 20:30:00+00:00,0.0,0.0,6.095455952380953
ejike-julius-opara,2026-03-08 20:30:00+00:00,0.0,0.0,2.501109523809524
ejike-julius-opara,2026-03-14 15:30:00+00:00,0.0,0.0,2.379371645021645
ejike-julius-opara,2026-03-21 18:00:00+00:00,0.0,0.0,1.7955351190476188
ejike-julius-opara,2026-04-03 17:00:00+00:00,0.0,0.0,1.6385511904761905
ejike-julius-opara,2026-04-11 14:30:00+00:00,0.0,0.0,1.7313011904761906
ejike-julius-opara,2026-04-18 19:30:00+00:00,0.0,0.0,1.9433011904761905
ejike-julius-opara,2026-04-25 19:30:00+00:00,0.0,0.0,2.169534523809524
ejike-julius-opara,2026-05-04 19:15:00+00:00,0.0,0.0,3.4803794535143227
ejike-julius-opara,2026-05-11 19:15:00+00:00,0.0,0.0,2.918698586770661
el-bilal-toure,2026-02-08 17:00:00+00:00,0.0,36.0,29.534152317127315
el-bilal-toure,2026-02-15 17:00:00+00:00,36.0,0.0,34.44687047258299
el-bilal-toure,2026-02-22 17:00:00+00:00,0.0,0.0,38.74866822899323
el-bilal-toure,2026-02-28 13:00:00+00:00,0.0,0.0,36.07325611471861
el-bilal-toure,2026-03-07 17:00:00+00:00,0.0,0.0,24.727337659562664
el-bilal-toure,2026-03-15 17:00:00+00:00,0.0,0.0,8.072657395382397
el-bilal-toure,2026-03-19 17:00:00+00:00,0.0,0.0,12.848023909423908
el-bilal-toure,2026-04-05 17:00:00+00:00,0.0,42.3,3.7703675685425693
el-bilal-toure,2026-04-10 17:00:00+00:00,42.3,39.6,3.8844169733044724
el-bilal-toure,2026-04-19 14:00:00+00:00,39.6,34.6,17.106576984126985
el-bilal-toure,2026-04-27 17:00:00+00:00,34.6,35.9,25.21798152958152
el-bilal-toure,2026-05-01 17:00:00+00:00,35.9,38.7,33.61230322177822
el-bilal-toure,2026-05-09 17:00:00+00:00,38.7,49.9,42.053490639915644
emir-han-topcu,2026-02-08 17:00:00+00:00,37.6,0.0,34.88177976884226
emir-han-topcu,2026-02-15 17:00:00+00:00,0.0,51.8,27.512956908369407
emir-han-topcu,2026-02-22 17:00:00+00:00,51.8,0.0,32.235456854256874
emir-han-topcu,2026-02-28 13:00:00+00:00,0.0,0.0,33.9828140151515
emir-han-topcu,2026-03-07 17:00:00+00:00,0.0,0.0,34.98520133477634
emir-han-topcu,2026-03-15 17:00:00+00:00,0.0,0.0,44.54617955239206
emir-han-topcu,2026-03-19 17:00:00+00:00,0.0,0.0,33.77375817099568
emir-han-topcu,2026-04-05 17:00:00+00:00,0.0,73.3,33.77375817099568
emir-han-topcu,2026-04-10 17:00:00+00:00,73.3,0.0,24.824278643578655
emir-han-topcu,2026-04-19 14:00:00+00:00,0.0,60.2,30.7347076118326
emir-han-topcu,2026-04-27 17:00:00+00:00,60.2,0.0,21.662139249639257
emir-han-topcu,2026-05-01 17:00:00+00:00,0.0,0.0,35.933988979076474
emir-han-topcu,2026-05-09 17:00:00+00:00,0.0,74.2,30.655470382395393
emir-yasar,2026-02-08 17:00:00+00:00,0.0,0.0,0.0
emir-yasar,2026-02-15 17:00:00+00:00,0.0,0.0,0.0
emir-yasar,2026-02-22 17:00:00+00:00,0.0,0.0,0.0
emir-yasar,2026-02-28 13:00:00+00:00,0.0,0.0,0.0
emir-yasar,2026-03-07 17:00:00+00:00,0.0,0.0,0.0
emir-yasar,2026-03-15 17:00:00+00:00,0.0,0.0,0.0
emir-yasar,2026-03-19 17:00:00+00:00,0.0,0.0,0.0
emir-yasar,2026-04-05 17:00:00+00:00,0.0,0.0,0.0
emir-yasar,2026-04-10 17:00:00+00:00,0.0,0.0,0.0
emir-yasar,2026-04-19 14:00:00+00:00,0.0,0.0,0.0
emir-yasar,2026-04-27 17:00:00+00:00,0.0,0.0,0.0
emir-yasar,2026-05-01 17:00:00+00:00,0.0,0.0,0.0
emir-yasar,2026-05-09 17:00:00+00:00,0.0,0.0,0.0
emmanuel-agbadou,2026-02-08 17:00:00+00:00,84.7,36.8,39.228812337662355
emmanuel-agbadou,2026-02-15 17:00:00+00:00,36.8,52.8,35.97093221500721
emmanuel-agbadou,2026-02-22 17:00:00+00:00,52.8,99.6,30.932534632034628
emmanuel-agbadou,2026-02-28 13:00:00+00:00,99.6,58.2,43.50290781024533
emmanuel-agbadou,2026-03-07 17:00:00+00:00,58.2,64.8,44.277698863636395
emmanuel-agbadou,2026-03-15 17:00:00+00:00,64.8,55.1,40.89713914141416
emmanuel-agbadou,2026-03-19 17:00:00+00:00,55.1,56.1,39.28209395465646
emmanuel-agbadou,2026-03-28 14:00:00+00:00,56.1,0.0,43.660106166056174
emmanuel-agbadou,2026-03-30 18:45:00+00:00,0.0,40.4,47.730220848595856
emmanuel-agbadou,2026-03-31 18:30:00+00:00,40.4,26.3,52.586309457209474
emmanuel-agbadou,2026-04-05 17:00:00+00:00,26.3,0.0,41.04327213480961
emmanuel-agbadou,2026-04-10 17:00:00+00:00,0.0,88.5,35.544555248917746
emmanuel-agbadou,2026-04-19 14:00:00+00:00,88.5,81.3,36.28342705627702
emmanuel-agbadou,2026-04-27 17:00:00+00:00,81.3,28.2,42.64374166666666
emmanuel-agbadou,2026-05-01 17:00:00+00:00,28.2,40.1,51.706423502885976
emmanuel-agbadou,2026-05-09 17:00:00+00:00,40.1,56.6,48.7520465909091
emmanuel-fernandez,2026-02-11 20:00:00+00:00,33.3,53.6,29.882419191919176
emmanuel-fernandez,2026-02-15 16:30:00+00:00,53.6,78.5,27.23715788239539
emmanuel-fernandez,2026-02-22 15:00:00+00:00,78.5,42.8,27.116254181929193
emmanuel-fernandez,2026-03-01 12:00:00+00:00,42.8,77.1,35.47292081529581
emmanuel-fernandez,2026-03-15 12:00:00+00:00,77.1,51.0,30.012904419191926
emmanuel-fernandez,2026-03-21 17:45:00+00:00,51.0,35.0,49.48780213813965
emmanuel-fernandez,2026-03-27 12:30:00+00:00,35.0,60.0,49.47781474497725
emmanuel-fernandez,2026-03-31 17:30:00+00:00,60.0,0.0,55.40520320235321
emmanuel-fernandez,2026-04-04 14:00:00+00:00,0.0,39.8,39.103932278832254
emmanuel-fernandez,2026-04-12 11:00:00+00:00,39.8,32.3,28.099064105339103
emmanuel-fernandez,2026-04-26 14:00:00+00:00,32.3,27.5,35.587004864579875
emmanuel-fernandez,2026-05-04 16:30:00+00:00,27.5,50.2,34.0109963924964
emmanuel-fernandez,2026-05-10 11:00:00+00:00,50.2,45.7,35.98371684704185
emmanuel-fernandez,2026-05-13 19:00:00+00:00,45.7,33.1,30.247743921356424
emre-bilgin,2026-02-08 17:00:00+00:00,0.0,0.0,0.0
emre-bilgin,2026-02-15 17:00:00+00:00,0.0,0.0,0.0
emre-bilgin,2026-02-22 17:00:00+00:00,0.0,0.0,0.0
emre-bilgin,2026-02-28 13:00:00+00:00,0.0,0.0,0.0
emre-bilgin,2026-03-07 17:00:00+00:00,0.0,0.0,0.0
emre-bilgin,2026-03-15 17:00:00+00:00,0.0,0.0,0.0
emre-bilgin,2026-03-19 17:00:00+00:00,0.0,0.0,0.0
emre-bilgin,2026-04-05 17:00:00+00:00,0.0,0.0,0.0
emre-bilgin,2026-04-10 17:00:00+00:00,0.0,0.0,0.0
emre-bilgin,2026-04-19 14:00:00+00:00,0.0,0.0,0.0
emre-bilgin,2026-04-27 17:00:00+00:00,0.0,0.0,0.0
emre-bilgin,2026-05-01 17:00:00+00:00,0.0,0.0,0.0
emre-bilgin,2026-05-09 17:00:00+00:00,0.0,0.0,0.0
enes-emre-buyuk,2026-02-13 17:00:00+00:00,0.0,0.0,0.0
enes-emre-buyuk,2026-02-17 17:45:00+00:00,0.0,0.0,0.0
enes-emre-buyuk,2026-02-21 17:00:00+00:00,0.0,0.0,0.0
enes-emre-buyuk,2026-02-25 20:00:00+00:00,0.0,0.0,0.0
enes-emre-buyuk,2026-02-28 17:00:00+00:00,0.0,0.0,0.0
enes-emre-buyuk,2026-03-07 17:00:00+00:00,0.0,0.0,0.0
enes-emre-buyuk,2026-03-10 17:45:00+00:00,0.0,0.0,0.0
enes-emre-buyuk,2026-03-14 17:00:00+00:00,0.0,0.0,0.0
enes-emre-buyuk,2026-03-18 20:00:00+00:00,0.0,0.0,0.0
enes-emre-buyuk,2026-04-04 17:00:00+00:00,0.0,0.0,0.0
enes-emre-buyuk,2026-04-08 17:00:00+00:00,0.0,0.0,0.0
enes-emre-buyuk,2026-04-12 17:00:00+00:00,0.0,0.0,0.0
enes-emre-buyuk,2026-04-18 17:00:00+00:00,0.0,0.0,0.0
enes-emre-buyuk,2026-04-26 17:00:00+00:00,0.0,0.0,0.0
enes-emre-buyuk,2026-05-02 17:00:00+00:00,0.0,0.0,0.0
enes-emre-buyuk,2026-05-09 17:00:00+00:00,0.0,0.0,0.0
engin-can-biterge,2026-02-09 17:00:00+00:00,0.0,0.0,0.0
engin-can-biterge,2026-02-14 17:00:00+00:00,0.0,0.0,0.0
engin-can-biterge,2026-02-19 17:45:00+00:00,0.0,0.0,0.0
engin-can-biterge,2026-02-23 17:00:00+00:00,0.0,0.0,0.0
engin-can-biterge,2026-02-26 20:00:00+00:00,0.0,0.0,0.0
engin-can-biterge,2026-03-01 17:00:00+00:00,0.0,0.0,0.0
engin-can-biterge,2026-03-08 17:00:00+00:00,0.0,0.0,0.0
engin-can-biterge,2026-03-13 17:00:00+00:00,0.0,0.0,0.0
engin-can-biterge,2026-03-17 17:00:00+00:00,0.0,0.0,0.0
engin-can-biterge,2026-04-05 17:00:00+00:00,0.0,0.0,0.0
engin-can-biterge,2026-04-11 17:00:00+00:00,0.0,0.0,0.0
engin-can-biterge,2026-04-17 17:00:00+00:00,0.0,0.0,0.0
engin-can-biterge,2026-04-26 17:00:00+00:00,0.0,0.0,0.0
engin-can-biterge,2026-05-02 17:00:00+00:00,0.0,0.0,0.0
engin-can-biterge,2026-05-09 17:00:00+00:00,0.0,0.0,0.0
enrique-marlon-aguilar,2026-02-15 13:30:00+00:00,0.0,0.0,2.631865945165945
enrique-marlon-aguilar,2026-02-22 16:00:00+00:00,0.0,0.0,2.631865945165945
enrique-marlon-aguilar,2026-03-01 16:00:00+00:00,0.0,0.0,2.631865945165945
enrique-marlon-aguilar,2026-03-08 16:00:00+00:00,0.0,0.0,2.631865945165945
enrique-marlon-aguilar,2026-03-15 13:30:00+00:00,0.0,0.0,2.631865945165945
enrique-marlon-aguilar,2026-03-20 18:30:00+00:00,0.0,0.0,7.071107291319789
enrique-marlon-aguilar,2026-04-05 12:30:00+00:00,0.0,0.0,6.528573494273186
enrique-marlon-aguilar,2026-04-10 17:30:00+00:00,0.0,35.5,6.528573494273186
enrique-marlon-aguilar,2026-04-19 12:30:00+00:00,35.5,37.5,3.7532364290477442
enrique-marlon-aguilar,2026-04-22 16:30:00+00:00,37.5,33.7,15.112931331985012
enrique-marlon-aguilar,2026-04-26 12:30:00+00:00,33.7,0.0,9.135056547619051
enrique-marlon-aguilar,2026-05-03 15:00:00+00:00,0.0,32.6,10.19488885281385
enrique-marlon-aguilar,2026-05-10 15:00:00+00:00,32.6,33.6,10.19488885281385
enzo-barrenechea,2026-02-08 20:30:00+00:00,40.5,70.2,39.421171374458865
enzo-barrenechea,2026-02-13 18:30:00+00:00,70.2,0.0,47.03325725108224
enzo-barrenechea,2026-02-17 20:00:00+00:00,0.0,90.8,48.48224736652233
enzo-barrenechea,2026-02-21 18:00:00+00:00,90.8,38.2,51.733801345876365
enzo-barrenechea,2026-02-25 20:00:00+00:00,38.2,48.6,44.16203194444442
enzo-barrenechea,2026-03-02 20:15:00+00:00,48.6,37.4,57.17640376984129
enzo-barrenechea,2026-03-08 18:00:00+00:00,37.4,0.0,50.725281421356414
enzo-barrenechea,2026-03-14 20:30:00+00:00,0.0,44.9,35.89992440476188
enzo-barrenechea,2026-03-21 18:00:00+00:00,44.9,47.9,30.446841666666657
enzo-barrenechea,2026-04-06 19:45:00+00:00,47.9,34.4,41.40851166749915
enzo-barrenechea,2026-04-12 17:00:00+00:00,34.4,33.2,54.803665963203436
enzo-barrenechea,2026-04-19 17:15:00+00:00,33.2,0.0,47.162212576312584
enzo-barrenechea,2026-04-25 17:00:00+00:00,0.0,30.7,52.05090783244534
enzo-barrenechea,2026-05-02 17:00:00+00:00,30.7,0.0,52.942688875013886
enzo-barrenechea,2026-05-11 19:15:00+00:00,0.0,0.0,46.6257418872794
ercument-sancakli,2026-02-09 17:00:00+00:00,0.0,0.0,0.0
ercument-sancakli,2026-02-14 17:00:00+00:00,0.0,0.0,0.0
ercument-sancakli,2026-02-19 17:45:00+00:00,0.0,0.0,0.0
ercument-sancakli,2026-02-23 17:00:00+00:00,0.0,0.0,0.0
ercument-sancakli,2026-02-26 20:00:00+00:00,0.0,0.0,0.0
ercument-sancakli,2026-03-01 17:00:00+00:00,0.0,0.0,0.0
ercument-sancakli,2026-03-08 17:00:00+00:00,0.0,0.0,0.0
ercument-sancakli,2026-03-13 17:00:00+00:00,0.0,0.0,0.0
ercument-sancakli,2026-03-17 17:00:00+00:00,0.0,0.0,0.0
ercument-sancakli,2026-04-05 17:00:00+00:00,0.0,0.0,0.0
ercument-sancakli,2026-04-11 17:00:00+00:00,0.0,0.0,0.0
ercument-sancakli,2026-04-17 17:00:00+00:00,0.0,0.0,0.0
ercument-sancakli,2026-04-26 17:00:00+00:00,0.0,0.0,0.0
ercument-sancakli,2026-05-02 17:00:00+00:00,0.0,0.0,0.0
ercument-sancakli,2026-05-09 17:00:00+00:00,0.0,0.0,0.0
ernest-muci,2026-02-14 17:00:00+00:00,81.0,68.7,44.92946391941394
ernest-muci,2026-02-22 13:00:00+00:00,68.7,52.9,42.66587324481074
ernest-muci,2026-02-27 17:00:00+00:00,52.9,52.7,40.47164861111111
ernest-muci,2026-03-09 17:00:00+00:00,52.7,53.9,44.514936994949515
ernest-muci,2026-03-14 17:00:00+00:00,53.9,37.3,43.35216679154182
ernest-muci,2026-03-18 17:00:00+00:00,37.3,34.7,43.02029451659451
ernest-muci,2026-03-26 19:45:00+00:00,34.7,0.0,40.87192695360196
ernest-muci,2026-04-04 17:00:00+00:00,0.0,0.0,43.14674458874457
ernest-muci,2026-04-11 14:00:00+00:00,0.0,0.0,31.29845664196915
ernest-muci,2026-04-19 17:00:00+00:00,0.0,44.0,37.78416989538239
ernest-muci,2026-04-27 17:00:00+00:00,44.0,42.7,34.90134863608615
ernest-muci,2026-05-02 17:00:00+00:00,42.7,62.6,41.65467105949607
ernest-muci,2026-05-09 17:00:00+00:00,62.6,0.0,44.81706691086693
erol-can-colak,2026-02-14 17:00:00+00:00,0.0,0.0,0.0
erol-can-colak,2026-02-22 13:00:00+00:00,0.0,0.0,0.0
erol-can-colak,2026-02-27 17:00:00+00:00,0.0,0.0,0.0
erol-can-colak,2026-03-09 17:00:00+00:00,0.0,0.0,0.0
erol-can-colak,2026-03-14 17:00:00+00:00,0.0,0.0,0.0
erol-can-colak,2026-03-18 17:00:00+00:00,0.0,0.0,0.0
erol-can-colak,2026-04-04 17:00:00+00:00,0.0,0.0,0.0
erol-can-colak,2026-04-11 14:00:00+00:00,0.0,0.0,0.0
erol-can-colak,2026-04-19 17:00:00+00:00,0.0,0.0,0.0
erol-can-colak,2026-04-27 17:00:00+00:00,0.0,0.0,0.0
erol-can-colak,2026-05-02 17:00:00+00:00,0.0,0.0,0.0
erol-can-colak,2026-05-09 17:00:00+00:00,0.0,0.0,0.0
ersin-destanoglu,2026-02-08 17:00:00+00:00,33.4,42.4,32.23548743756244
ersin-destanoglu,2026-02-15 17:00:00+00:00,42.4,60.6,19.058979563492063
ersin-destanoglu,2026-02-22 17:00:00+00:00,60.6,60.0,25.001312848262845
ersin-destanoglu,2026-02-28 13:00:00+00:00,60.0,47.8,31.297169047619054
ersin-destanoglu,2026-03-07 17:00:00+00:00,47.8,86.2,23.636487373737364
ersin-destanoglu,2026-03-15 17:00:00+00:00,86.2,35.9,26.606836696636684
ersin-destanoglu,2026-03-19 17:00:00+00:00,35.9,48.7,33.36269494949494
ersin-destanoglu,2026-04-05 17:00:00+00:00,48.7,31.8,33.23443510101009
ersin-destanoglu,2026-04-10 17:00:00+00:00,31.8,37.0,30.54860176767675
ersin-destanoglu,2026-04-19 14:00:00+00:00,37.0,0.0,29.013240268065257
ersin-destanoglu,2026-04-27 17:00:00+00:00,0.0,82.6,25.72078765262514
ersin-destanoglu,2026-05-01 17:00:00+00:00,82.6,47.8,26.414049152236654
ersin-destanoglu,2026-05-09 17:00:00+00:00,47.8,48.9,29.89896785714286
esat-yi-gi-t-alkurt,2026-02-14 17:00:00+00:00,0.0,0.0,0.0
esat-yi-gi-t-alkurt,2026-02-22 13:00:00+00:00,0.0,0.0,0.0
esat-yi-gi-t-alkurt,2026-02-27 17:00:00+00:00,0.0,0.0,0.0
esat-yi-gi-t-alkurt,2026-03-09 17:00:00+00:00,0.0,0.0,0.0
esat-yi-gi-t-alkurt,2026-03-14 17:00:00+00:00,0.0,0.0,0.0
esat-yi-gi-t-alkurt,2026-03-18 17:00:00+00:00,0.0,0.0,0.0
esat-yi-gi-t-alkurt,2026-04-04 17:00:00+00:00,0.0,0.0,0.0
esat-yi-gi-t-alkurt,2026-04-11 14:00:00+00:00,0.0,0.0,0.0
esat-yi-gi-t-alkurt,2026-04-19 17:00:00+00:00,0.0,0.0,0.0
esat-yi-gi-t-alkurt,2026-04-27 17:00:00+00:00,0.0,0.0,0.0
esat-yi-gi-t-alkurt,2026-05-02 17:00:00+00:00,0.0,0.0,0.0
esat-yi-gi-t-alkurt,2026-05-09 17:00:00+00:00,0.0,0.0,0.0
evangelos-pavlidis,2026-02-08 20:30:00+00:00,34.9,68.5,45.269267857142864
evangelos-pavlidis,2026-02-13 18:30:00+00:00,68.5,35.6,41.43013556582306
evangelos-pavlidis,2026-02-17 20:00:00+00:00,35.6,48.2,36.1414459054834
evangelos-pavlidis,2026-02-21 18:00:00+00:00,48.2,40.1,45.10043176406929
evangelos-pavlidis,2026-02-25 20:00:00+00:00,40.1,36.2,46.82326560245311
evangelos-pavlidis,2026-03-02 20:15:00+00:00,36.2,42.8,46.217135700410715
evangelos-pavlidis,2026-03-08 18:00:00+00:00,42.8,37.1,47.03222472666225
evangelos-pavlidis,2026-03-14 20:30:00+00:00,37.1,60.0,53.79704815323564
evangelos-pavlidis,2026-03-21 18:00:00+00:00,60.0,35.0,45.930611828449315
evangelos-pavlidis,2026-03-27 19:00:00+00:00,35.0,36.5,45.03370609113108
evangelos-pavlidis,2026-03-31 17:00:00+00:00,36.5,51.8,45.666919895382435
evangelos-pavlidis,2026-04-06 19:45:00+00:00,51.8,28.2,48.58087139249641
evangelos-pavlidis,2026-04-12 17:00:00+00:00,28.2,38.0,51.231351731601755
evangelos-pavlidis,2026-04-19 17:15:00+00:00,38.0,29.8,54.00574936868688
evangelos-pavlidis,2026-04-25 17:00:00+00:00,29.8,0.0,56.67665546536796
evangelos-pavlidis,2026-05-02 17:00:00+00:00,0.0,71.7,55.592943463481
evangelos-pavlidis,2026-05-11 19:15:00+00:00,71.7,37.3,49.354439276001756
evren-eren-elmali,2026-02-13 17:00:00+00:00,52.5,34.7,28.288197023809534
evren-eren-elmali,2026-02-17 17:45:00+00:00,34.7,15.9,34.244286904761914
evren-eren-elmali,2026-02-21 17:00:00+00:00,15.9,43.6,37.64596760461761
evren-eren-elmali,2026-02-25 20:00:00+00:00,43.6,38.7,34.404406746031746
evren-eren-elmali,2026-02-28 17:00:00+00:00,38.7,37.5,43.6252927128427
evren-eren-elmali,2026-03-07 17:00:00+00:00,37.5,34.5,32.532962211399706
evren-eren-elmali,2026-03-10 17:45:00+00:00,34.5,61.0,44.87757182539683
evren-eren-elmali,2026-03-14 17:00:00+00:00,61.0,38.1,30.97513466810967
evren-eren-elmali,2026-03-18 20:00:00+00:00,38.1,0.0,38.94386190476191
evren-eren-elmali,2026-03-26 17:00:00+00:00,0.0,33.7,41.329952863802866
evren-eren-elmali,2026-03-31 18:45:00+00:00,33.7,33.9,35.540177182539665
evren-eren-elmali,2026-04-04 17:00:00+00:00,33.9,39.1,30.138062247474746
evren-eren-elmali,2026-04-08 17:00:00+00:00,39.1,0.0,29.717007828282828
evren-eren-elmali,2026-04-12 17:00:00+00:00,0.0,32.4,40.57111659451659
evren-eren-elmali,2026-04-18 17:00:00+00:00,32.4,44.6,35.873265674603175
evren-eren-elmali,2026-04-26 17:00:00+00:00,44.6,0.0,48.069360894660896
evren-eren-elmali,2026-05-02 17:00:00+00:00,0.0,42.8,47.52514009740261
evren-eren-elmali,2026-05-09 17:00:00+00:00,42.8,66.1,33.72312247474746
eyup-can-karasu,2026-02-13 17:00:00+00:00,0.0,0.0,0.0
eyup-can-karasu,2026-02-17 17:45:00+00:00,0.0,0.0,0.0
eyup-can-karasu,2026-02-21 17:00:00+00:00,0.0,0.0,0.0
eyup-can-karasu,2026-02-25 20:00:00+00:00,0.0,0.0,0.0
eyup-can-karasu,2026-02-28 17:00:00+00:00,0.0,0.0,0.0
eyup-can-karasu,2026-03-07 17:00:00+00:00,0.0,0.0,0.0
eyup-can-karasu,2026-03-10 17:45:00+00:00,0.0,0.0,0.0
eyup-can-karasu,2026-03-14 17:00:00+00:00,0.0,0.0,0.0
eyup-can-karasu,2026-03-18 20:00:00+00:00,0.0,0.0,0.0
eyup-can-karasu,2026-04-04 17:00:00+00:00,0.0,0.0,0.0
eyup-can-karasu,2026-04-08 17:00:00+00:00,0.0,0.0,0.0
eyup-can-karasu,2026-04-12 17:00:00+00:00,0.0,0.0,0.0
eyup-can-karasu,2026-04-18 17:00:00+00:00,0.0,0.0,0.0
eyup-can-karasu,2026-04-26 17:00:00+00:00,0.0,0.0,0.0
eyup-can-karasu,2026-05-02 17:00:00+00:00,0.0,0.0,0.0
eyup-can-karasu,2026-05-09 17:00:00+00:00,0.0,0.0,0.0
fabio-blanco-gomez,2026-02-14 18:00:00+00:00,0.0,0.0,14.648714538239556
fabio-blanco-gomez,2026-02-21 20:30:00+00:00,0.0,0.0,29.58891774891777
fabio-blanco-gomez,2026-02-28 20:30:00+00:00,0.0,0.0,30.157615007215004
fabio-blanco-gomez,2026-03-08 20:30:00+00:00,0.0,0.0,29.720828932178925
fabio-blanco-gomez,2026-03-14 15:30:00+00:00,0.0,0.0,21.462557638195136
fabio-blanco-gomez,2026-03-21 18:00:00+00:00,0.0,0.0,5.715474496336993
fabio-blanco-gomez,2026-04-03 17:00:00+00:00,0.0,0.0,5.715474496336993
fabio-blanco-gomez,2026-04-11 14:30:00+00:00,0.0,0.0,7.866666704129204
fabio-blanco-gomez,2026-04-18 19:30:00+00:00,0.0,0.0,7.866666704129204
fabio-blanco-gomez,2026-04-25 19:30:00+00:00,0.0,38.1,7.86667847152847
fabio-blanco-gomez,2026-05-04 19:15:00+00:00,38.1,0.0,3.168008928571429
fabio-blanco-gomez,2026-05-11 19:15:00+00:00,0.0,0.0,23.062525693750676
fabio-samuel-amorim-silva,2026-02-14 18:00:00+00:00,42.2,36.1,43.09487947191698
fabio-samuel-amorim-silva,2026-02-21 20:30:00+00:00,36.1,66.6,38.624979635642156
fabio-samuel-amorim-silva,2026-02-28 20:30:00+00:00,66.6,28.4,43.161687265512256
fabio-samuel-amorim-silva,2026-03-08 20:30:00+00:00,28.4,71.6,42.16755000000002
fabio-samuel-amorim-silva,2026-03-14 15:30:00+00:00,71.6,16.3,31.989685836385835
fabio-samuel-amorim-silva,2026-03-21 18:00:00+00:00,16.3,78.7,35.76440198412698
fabio-samuel-amorim-silva,2026-04-03 17:00:00+00:00,78.7,66.7,36.22366558164058
fabio-samuel-amorim-silva,2026-04-11 14:30:00+00:00,66.7,55.1,39.669329670329674
fabio-samuel-amorim-silva,2026-04-18 19:30:00+00:00,55.1,64.0,39.263133423520934
fabio-samuel-amorim-silva,2026-04-25 19:30:00+00:00,64.0,45.6,49.969491369741384
fabio-samuel-amorim-silva,2026-05-04 19:15:00+00:00,45.6,61.0,42.397397276334786
fabio-samuel-amorim-silva,2026-05-11 19:15:00+00:00,61.0,33.2,37.87000611471864
fehmi-mert-gunok,2026-02-09 17:00:00+00:00,0.0,0.0,8.927342677552204
fehmi-mert-gunok,2026-02-14 17:00:00+00:00,0.0,0.0,8.927342677552204
fehmi-mert-gunok,2026-02-19 17:45:00+00:00,0.0,0.0,8.927342677552204
fehmi-mert-gunok,2026-02-23 17:00:00+00:00,0.0,0.0,8.927342677552204
fehmi-mert-gunok,2026-02-26 20:00:00+00:00,0.0,0.0,8.927342677552204
fehmi-mert-gunok,2026-03-01 17:00:00+00:00,0.0,0.0,8.927342677552204
fehmi-mert-gunok,2026-03-08 17:00:00+00:00,0.0,39.6,8.927342677552204
fehmi-mert-gunok,2026-03-13 17:00:00+00:00,39.6,0.0,8.927342677552204
fehmi-mert-gunok,2026-03-17 17:00:00+00:00,0.0,0.0,13.040075108225107
fehmi-mert-gunok,2026-03-26 17:00:00+00:00,0.0,0.0,13.040075108225107
fehmi-mert-gunok,2026-03-31 18:45:00+00:00,0.0,0.0,13.040075108225107
fehmi-mert-gunok,2026-04-05 17:00:00+00:00,0.0,0.0,13.040075108225107
fehmi-mert-gunok,2026-04-11 17:00:00+00:00,0.0,0.0,13.040075108225107
fehmi-mert-gunok,2026-04-17 17:00:00+00:00,0.0,19.5,16.29014841269841
fehmi-mert-gunok,2026-04-26 17:00:00+00:00,19.5,42.6,16.29014841269841
fehmi-mert-gunok,2026-05-02 17:00:00+00:00,42.6,67.2,18.172494457260584
fehmi-mert-gunok,2026-05-09 17:00:00+00:00,67.2,21.2,14.655768235930735
felipe-augusto-da-silva,2026-02-14 17:00:00+00:00,41.0,60.4,45.194450919913436
felipe-augusto-da-silva,2026-02-22 13:00:00+00:00,60.4,38.5,42.18371136363638
felipe-augusto-da-silva,2026-02-27 17:00:00+00:00,38.5,38.1,41.234091901154386
felipe-augusto-da-silva,2026-03-09 17:00:00+00:00,38.1,33.7,45.75231939033191
felipe-augusto-da-silva,2026-03-14 17:00:00+00:00,33.7,73.6,49.85007115037742
felipe-augusto-da-silva,2026-03-18 17:00:00+00:00,73.6,56.0,46.692789160839155
felipe-augusto-da-silva,2026-04-04 17:00:00+00:00,56.0,39.6,46.05924134199134
felipe-augusto-da-silva,2026-04-11 14:00:00+00:00,39.6,64.2,47.05566901431902
felipe-augusto-da-silva,2026-04-19 17:00:00+00:00,64.2,67.6,42.39835526695527
felipe-augusto-da-silva,2026-04-27 17:00:00+00:00,67.6,35.5,33.77344736652236
felipe-augusto-da-silva,2026-05-02 17:00:00+00:00,35.5,0.0,39.06061758658011
felipe-augusto-da-silva,2026-05-09 17:00:00+00:00,0.0,39.0,35.777433116883095
felix-uduokhai,2026-02-08 17:00:00+00:00,0.0,35.0,25.33590883838383
felix-uduokhai,2026-02-15 17:00:00+00:00,35.0,42.4,25.33590883838383
felix-uduokhai,2026-02-22 17:00:00+00:00,42.4,67.8,19.000886796536793
felix-uduokhai,2026-02-28 13:00:00+00:00,67.8,86.2,26.279386309523808
felix-uduokhai,2026-03-07 17:00:00+00:00,86.2,0.0,30.304750072150078
felix-uduokhai,2026-03-15 17:00:00+00:00,0.0,48.5,41.57875588855587
felix-uduokhai,2026-03-19 17:00:00+00:00,48.5,61.3,41.57875588855587
felix-uduokhai,2026-04-05 17:00:00+00:00,61.3,0.0,42.83785146103897
felix-uduokhai,2026-04-10 17:00:00+00:00,0.0,54.6,42.117388834776335
felix-uduokhai,2026-04-19 14:00:00+00:00,54.6,0.0,36.73848708513708
felix-uduokhai,2026-04-27 17:00:00+00:00,0.0,56.9,40.32256305916307
felix-uduokhai,2026-05-01 17:00:00+00:00,56.9,0.0,40.32256305916307
felix-uduokhai,2026-05-09 17:00:00+00:00,0.0,0.0,33.1968567821068
finlay-hale,2026-02-11 19:45:00+00:00,0.0,0.0,0.0
finlay-hale,2026-02-15 14:00:00+00:00,0.0,0.0,0.0
finlay-hale,2026-02-19 20:00:00+00:00,0.0,0.0,0.0
finlay-hale,2026-02-22 15:00:00+00:00,0.0,0.0,0.0
finlay-hale,2026-02-26 17:45:00+00:00,0.0,0.0,0.0
finlay-hale,2026-03-01 12:00:00+00:00,0.0,0.0,0.0
finlay-hale,2026-03-04 20:00:00+00:00,0.0,0.0,0.0
finlay-hale,2026-03-14 15:00:00+00:00,0.0,0.0,0.0
finlay-hale,2026-03-22 12:30:00+00:00,0.0,0.0,0.0
finlay-hale,2026-04-05 15:30:00+00:00,0.0,0.0,0.0
finlay-hale,2026-04-11 14:00:00+00:00,0.0,0.0,0.0
finlay-hale,2026-04-25 16:30:00+00:00,0.0,0.0,0.0
finlay-hale,2026-05-03 11:00:00+00:00,0.0,0.0,0.0
finlay-hale,2026-05-10 11:00:00+00:00,0.0,0.0,0.0
finlay-hale,2026-05-13 19:00:00+00:00,0.0,0.0,0.0
flavio-ferreira-goncalves,2026-02-09 20:45:00+00:00,0.0,0.0,2.247341407203907
flavio-ferreira-goncalves,2026-02-15 20:30:00+00:00,0.0,0.0,2.247341407203907
flavio-ferreira-goncalves,2026-02-21 18:00:00+00:00,0.0,0.0,2.247341407203907
flavio-ferreira-goncalves,2026-02-27 20:45:00+00:00,0.0,0.0,2.247341407203907
flavio-ferreira-goncalves,2026-03-07 18:00:00+00:00,0.0,0.0,2.247341407203907
flavio-ferreira-goncalves,2026-03-11 20:00:00+00:00,0.0,0.0,2.247341407203907
flavio-ferreira-goncalves,2026-03-17 17:45:00+00:00,0.0,0.0,2.247341407203907
flavio-ferreira-goncalves,2026-03-22 18:00:00+00:00,0.0,37.2,2.247341407203907
flavio-ferreira-goncalves,2026-04-03 19:30:00+00:00,37.2,0.0,7.892789757464759
flavio-ferreira-goncalves,2026-04-07 19:00:00+00:00,0.0,0.0,6.157370082695081
flavio-ferreira-goncalves,2026-04-11 19:30:00+00:00,0.0,0.0,6.157370082695081
flavio-ferreira-goncalves,2026-04-15 19:00:00+00:00,0.0,0.0,6.157370082695081
flavio-ferreira-goncalves,2026-04-19 17:15:00+00:00,0.0,0.0,6.157370082695081
flavio-ferreira-goncalves,2026-04-26 19:30:00+00:00,0.0,0.0,6.157370082695081
flavio-ferreira-goncalves,2026-04-29 19:15:00+00:00,0.0,0.0,7.562877317127319
flavio-ferreira-goncalves,2026-05-04 19:15:00+00:00,0.0,0.0,7.562877317127319
flavio-ferreira-goncalves,2026-05-11 19:15:00+00:00,0.0,0.0,7.562877317127319
florian-grillitsch,2026-02-08 18:00:00+00:00,100.0,38.0,24.56292512626262
florian-grillitsch,2026-02-14 20:30:00+00:00,38.0,53.0,26.091080823343322
florian-grillitsch,2026-02-21 20:30:00+00:00,53.0,41.7,22.455022474747484
florian-grillitsch,2026-02-28 18:00:00+00:00,41.7,56.1,28.333445472582962
florian-grillitsch,2026-03-07 18:00:00+00:00,56.1,39.4,27.96608780663782
florian-grillitsch,2026-03-12 20:00:00+00:00,39.4,89.1,35.79863179598178
florian-grillitsch,2026-03-18 15:30:00+00:00,89.1,69.6,31.887844065656562
florian-grillitsch,2026-03-22 20:30:00+00:00,69.6,72.4,34.71500254329005
florian-grillitsch,2026-03-27 17:00:00+00:00,72.4,34.3,38.021715598290605
florian-grillitsch,2026-03-31 18:45:00+00:00,34.3,0.0,38.34530396825397
florian-grillitsch,2026-04-04 17:00:00+00:00,0.0,78.6,33.82577361111114
florian-grillitsch,2026-04-08 16:45:00+00:00,78.6,0.0,40.03684056082806
florian-grillitsch,2026-04-12 17:00:00+00:00,0.0,34.9,37.623831933344434
florian-grillitsch,2026-04-16 19:00:00+00:00,34.9,54.3,26.98844038600289
florian-grillitsch,2026-04-19 19:30:00+00:00,54.3,0.0,24.644459027084025
florian-grillitsch,2026-04-23 18:00:00+00:00,0.0,8.3,28.348966910866917
florian-grillitsch,2026-04-26 17:00:00+00:00,8.3,0.0,29.7701073870574
florian-grillitsch,2026-04-30 19:00:00+00:00,0.0,0.0,27.332523709623715
florian-grillitsch,2026-05-03 17:00:00+00:00,0.0,0.0,18.791427831890335
florian-grillitsch,2026-05-07 19:00:00+00:00,0.0,0.0,22.25703563242313
florian-grillitsch,2026-05-11 19:15:00+00:00,0.0,0.0,15.054816847041845
fode-carlos-gaspar-pascoal,2026-02-08 18:00:00+00:00,0.0,0.0,6.166287510264197
fode-carlos-gaspar-pascoal,2026-02-14 20:30:00+00:00,0.0,0.0,6.166287510264197
fode-carlos-gaspar-pascoal,2026-02-21 20:30:00+00:00,0.0,0.0,6.166287510264197
fode-carlos-gaspar-pascoal,2026-02-28 18:00:00+00:00,0.0,0.0,6.166287510264197
fode-carlos-gaspar-pascoal,2026-03-07 18:00:00+00:00,0.0,0.0,6.166287510264197
fode-carlos-gaspar-pascoal,2026-03-12 20:00:00+00:00,0.0,0.0,6.166287510264197
fode-carlos-gaspar-pascoal,2026-03-18 15:30:00+00:00,0.0,0.0,6.166287510264197
fode-carlos-gaspar-pascoal,2026-03-22 20:30:00+00:00,0.0,0.0,6.166287510264197
fode-carlos-gaspar-pascoal,2026-04-04 17:00:00+00:00,0.0,0.0,6.166287510264197
fode-carlos-gaspar-pascoal,2026-04-08 16:45:00+00:00,0.0,0.0,6.166287510264197
fode-carlos-gaspar-pascoal,2026-04-12 17:00:00+00:00,0.0,0.0,6.166287510264197
fode-carlos-gaspar-pascoal,2026-04-16 19:00:00+00:00,0.0,0.0,6.166287510264197
fode-carlos-gaspar-pascoal,2026-04-19 19:30:00+00:00,0.0,0.0,6.166287510264197
fode-carlos-gaspar-pascoal,2026-04-23 18:00:00+00:00,0.0,0.0,6.166287510264197
fode-carlos-gaspar-pascoal,2026-04-26 17:00:00+00:00,0.0,0.0,6.166287510264197
fode-carlos-gaspar-pascoal,2026-04-30 19:00:00+00:00,0.0,0.0,6.166287510264197
fode-carlos-gaspar-pascoal,2026-05-03 17:00:00+00:00,0.0,0.0,6.166287510264197
fode-carlos-gaspar-pascoal,2026-05-07 19:00:00+00:00,0.0,0.0,6.166287510264197
fode-carlos-gaspar-pascoal,2026-05-11 19:15:00+00:00,0.0,0.0,6.166287510264197
fotis-ioannidis,2026-02-09 20:45:00+00:00,0.0,0.0,7.4429159090909085
fotis-ioannidis,2026-02-15 20:30:00+00:00,0.0,34.8,13.376240909090907
fotis-ioannidis,2026-02-21 18:00:00+00:00,34.8,0.0,27.026367279942306
fotis-ioannidis,2026-02-27 20:45:00+00:00,0.0,0.0,14.083435028860032
fotis-ioannidis,2026-03-07 18:00:00+00:00,0.0,0.0,14.083435028860032
fotis-ioannidis,2026-03-11 20:00:00+00:00,0.0,0.0,20.713216883116885
fotis-ioannidis,2026-03-17 17:45:00+00:00,0.0,0.0,25.03177085137085
fotis-ioannidis,2026-03-22 18:00:00+00:00,0.0,0.0,19.667086810411817
fotis-ioannidis,2026-04-03 19:30:00+00:00,0.0,0.0,12.220776984126983
fotis-ioannidis,2026-04-07 19:00:00+00:00,0.0,0.0,28.032066559829076
fotis-ioannidis,2026-04-11 19:30:00+00:00,0.0,0.0,35.24711320901322
fotis-ioannidis,2026-04-15 19:00:00+00:00,0.0,0.0,35.24711320901322
fotis-ioannidis,2026-04-19 17:15:00+00:00,0.0,0.0,35.24711320901322
fotis-ioannidis,2026-04-26 19:30:00+00:00,0.0,0.0,35.24711320901322
fotis-ioannidis,2026-04-29 19:15:00+00:00,0.0,0.0,35.24711320901322
fotis-ioannidis,2026-05-04 19:15:00+00:00,0.0,0.0,35.24711320901322
fotis-ioannidis,2026-05-11 19:15:00+00:00,0.0,0.0,35.24711320901322
francisco-antonio-machado-mota-de-castro-trincao,2026-02-09 20:45:00+00:00,45.9,72.6,52.01860876623375
francisco-antonio-machado-mota-de-castro-trincao,2026-02-15 20:30:00+00:00,72.6,85.1,51.72792097485847
francisco-antonio-machado-mota-de-castro-trincao,2026-02-21 18:00:00+00:00,85.1,75.8,50.64019935064935
francisco-antonio-machado-mota-de-castro-trincao,2026-02-27 20:45:00+00:00,75.8,40.8,44.181930815018305
francisco-antonio-machado-mota-de-castro-trincao,2026-03-07 18:00:00+00:00,40.8,46.1,46.20183281718282
francisco-antonio-machado-mota-de-castro-trincao,2026-03-11 20:00:00+00:00,46.1,84.7,45.30800303724053
francisco-antonio-machado-mota-de-castro-trincao,2026-03-17 17:45:00+00:00,84.7,55.1,47.51870891053392
francisco-antonio-machado-mota-de-castro-trincao,2026-03-22 18:00:00+00:00,55.1,36.5,38.25155065351314
francisco-antonio-machado-mota-de-castro-trincao,2026-03-29 01:00:00+00:00,36.5,67.3,47.3439585137085
francisco-antonio-machado-mota-de-castro-trincao,2026-03-31 23:00:00+00:00,67.3,82.9,45.63157288961038
francisco-antonio-machado-mota-de-castro-trincao,2026-04-03 19:30:00+00:00,82.9,47.1,51.8335877414252
francisco-antonio-machado-mota-de-castro-trincao,2026-04-07 19:00:00+00:00,47.1,66.8,45.887763816738826
francisco-antonio-machado-mota-de-castro-trincao,2026-04-11 19:30:00+00:00,66.8,39.2,41.43169587528483
francisco-antonio-machado-mota-de-castro-trincao,2026-04-15 19:00:00+00:00,39.2,58.2,50.13619065656564
francisco-antonio-machado-mota-de-castro-trincao,2026-04-19 17:15:00+00:00,58.2,48.3,49.475002741702745
francisco-antonio-machado-mota-de-castro-trincao,2026-04-26 19:30:00+00:00,48.3,43.7,47.44170778110778
francisco-antonio-machado-mota-de-castro-trincao,2026-04-29 19:15:00+00:00,43.7,35.8,52.576474332611824
francisco-antonio-machado-mota-de-castro-trincao,2026-05-04 19:15:00+00:00,35.8,75.8,46.464413961038964
francisco-antonio-machado-mota-de-castro-trincao,2026-05-11 19:15:00+00:00,75.8,40.7,70.28836825396827
francisco-diogo-pereira-silva,2026-02-09 20:45:00+00:00,0.0,0.0,0.0
francisco-diogo-pereira-silva,2026-02-15 20:30:00+00:00,0.0,0.0,0.0
francisco-diogo-pereira-silva,2026-02-21 18:00:00+00:00,0.0,0.0,0.0
francisco-diogo-pereira-silva,2026-02-27 20:45:00+00:00,0.0,0.0,0.0
francisco-diogo-pereira-silva,2026-03-07 18:00:00+00:00,0.0,0.0,0.0
francisco-diogo-pereira-silva,2026-03-11 20:00:00+00:00,0.0,0.0,0.0
francisco-diogo-pereira-silva,2026-03-17 17:45:00+00:00,0.0,0.0,0.0
francisco-diogo-pereira-silva,2026-03-22 18:00:00+00:00,0.0,0.0,0.0
francisco-diogo-pereira-silva,2026-04-03 19:30:00+00:00,0.0,0.0,0.0
francisco-diogo-pereira-silva,2026-04-07 19:00:00+00:00,0.0,0.0,0.0
francisco-diogo-pereira-silva,2026-04-11 19:30:00+00:00,0.0,0.0,0.0
francisco-diogo-pereira-silva,2026-04-15 19:00:00+00:00,0.0,0.0,0.0
francisco-diogo-pereira-silva,2026-04-19 17:15:00+00:00,0.0,0.0,0.0
francisco-diogo-pereira-silva,2026-04-26 19:30:00+00:00,0.0,0.0,0.0
francisco-diogo-pereira-silva,2026-04-29 19:15:00+00:00,0.0,0.0,0.0
francisco-diogo-pereira-silva,2026-05-04 19:15:00+00:00,0.0,0.0,0.0
francisco-diogo-pereira-silva,2026-05-11 19:15:00+00:00,0.0,0.0,0.0
francisco-jose-navarro-aliaga,2026-02-08 18:00:00+00:00,35.2,34.6,31.162965025252532
francisco-jose-navarro-aliaga,2026-02-14 20:30:00+00:00,34.6,37.4,34.646333687146196
francisco-jose-navarro-aliaga,2026-02-21 20:30:00+00:00,37.4,33.9,37.76120768398268
francisco-jose-navarro-aliaga,2026-02-28 18:00:00+00:00,33.9,33.7,32.12098382034632
francisco-jose-navarro-aliaga,2026-03-07 18:00:00+00:00,33.7,37.2,35.129327128427136
francisco-jose-navarro-aliaga,2026-03-12 20:00:00+00:00,37.2,35.8,27.561096915584407
francisco-jose-navarro-aliaga,2026-03-18 15:30:00+00:00,35.8,34.0,27.30840303030303
francisco-jose-navarro-aliaga,2026-03-22 20:30:00+00:00,34.0,60.0,27.111268506493502
francisco-jose-navarro-aliaga,2026-04-04 17:00:00+00:00,60.0,34.4,26.82532792207793
francisco-jose-navarro-aliaga,2026-04-08 16:45:00+00:00,34.4,60.0,25.07838848096349
francisco-jose-navarro-aliaga,2026-04-12 17:00:00+00:00,60.0,28.4,27.397426527639038
francisco-jose-navarro-aliaga,2026-04-16 19:00:00+00:00,28.4,67.8,25.443780916305922
francisco-jose-navarro-aliaga,2026-04-19 19:30:00+00:00,67.8,33.6,25.24533998917749
francisco-jose-navarro-aliaga,2026-04-23 18:00:00+00:00,33.6,35.3,35.23825108225107
francisco-jose-navarro-aliaga,2026-04-26 17:00:00+00:00,35.3,34.8,23.755747673160162
francisco-jose-navarro-aliaga,2026-04-30 19:00:00+00:00,34.8,33.5,27.157480429292928
francisco-jose-navarro-aliaga,2026-05-03 17:00:00+00:00,33.5,32.4,22.304068482905976
francisco-jose-navarro-aliaga,2026-05-07 19:00:00+00:00,32.4,25.1,22.626507234432225
francisco-jose-navarro-aliaga,2026-05-11 19:15:00+00:00,25.1,45.1,23.336278643578645
francisco-lagos-dias,2026-03-21 18:00:00+00:00,0.0,0.0,4.60814605370172
francisco-lagos-dias,2026-04-03 17:00:00+00:00,0.0,0.0,4.60814605370172
francisco-lagos-dias,2026-04-11 14:30:00+00:00,0.0,0.0,4.60814605370172
francisco-lagos-dias,2026-04-18 19:30:00+00:00,0.0,0.0,4.60814605370172
francisco-lagos-dias,2026-04-25 19:30:00+00:00,0.0,0.0,4.60814605370172
francisco-lagos-dias,2026-05-04 19:15:00+00:00,0.0,60.1,4.60814605370172
francisco-lagos-dias,2026-05-11 19:15:00+00:00,60.1,27.6,4.60814605370172
francisco-sampaio-moura,2026-02-09 20:45:00+00:00,10.1,0.0,24.774696556221574
francisco-sampaio-moura,2026-02-15 15:30:00+00:00,0.0,0.0,33.360090659340656
francisco-sampaio-moura,2026-02-22 20:30:00+00:00,0.0,0.0,37.27422097902097
francisco-sampaio-moura,2026-02-27 18:45:00+00:00,0.0,32.9,41.050270167332634
francisco-sampaio-moura,2026-03-08 18:00:00+00:00,32.9,0.0,28.468362633200137
francisco-sampaio-moura,2026-03-12 17:45:00+00:00,0.0,0.0,27.938516200466207
francisco-sampaio-moura,2026-03-15 20:30:00+00:00,0.0,0.0,18.314801954989456
francisco-sampaio-moura,2026-03-19 20:00:00+00:00,0.0,0.0,24.884741529304033
francisco-sampaio-moura,2026-03-22 20:30:00+00:00,0.0,0.0,26.811806680819192
francisco-sampaio-moura,2026-04-04 19:30:00+00:00,0.0,0.0,37.05686856754357
francisco-sampaio-moura,2026-04-09 19:00:00+00:00,0.0,39.9,25.510553621378634
francisco-sampaio-moura,2026-04-12 19:30:00+00:00,39.9,35.9,25.510553621378634
francisco-sampaio-moura,2026-04-16 19:00:00+00:00,35.9,0.0,36.2306902167277
francisco-sampaio-moura,2026-04-19 19:30:00+00:00,0.0,0.0,36.71642040043291
francisco-sampaio-moura,2026-04-26 17:00:00+00:00,0.0,0.0,32.620263059163065
francisco-sampaio-moura,2026-05-02 19:30:00+00:00,0.0,37.5,36.35088382034632
francisco-sampaio-moura,2026-05-10 17:00:00+00:00,37.5,51.7,35.16051278860029
franjo-ivanovic,2026-02-08 20:30:00+00:00,0.0,0.0,53.173268871406364
franjo-ivanovic,2026-02-13 18:30:00+00:00,0.0,0.0,53.173268871406364
franjo-ivanovic,2026-02-17 20:00:00+00:00,0.0,35.2,49.30909217310467
franjo-ivanovic,2026-02-21 18:00:00+00:00,35.2,39.3,49.30909217310467
franjo-ivanovic,2026-02-25 20:00:00+00:00,39.3,0.0,49.76548383977135
franjo-ivanovic,2026-03-02 20:15:00+00:00,0.0,66.2,44.30157459207456
franjo-ivanovic,2026-03-08 18:00:00+00:00,66.2,63.6,43.433826991064464
franjo-ivanovic,2026-03-14 20:30:00+00:00,63.6,44.9,35.82486773920524
franjo-ivanovic,2026-03-21 18:00:00+00:00,44.9,35.6,40.99837831890332
franjo-ivanovic,2026-04-06 19:45:00+00:00,35.6,40.1,38.78958993506495
franjo-ivanovic,2026-04-12 17:00:00+00:00,40.1,28.5,39.19504354256855
franjo-ivanovic,2026-04-19 17:15:00+00:00,28.5,75.7,40.54691549422798
franjo-ivanovic,2026-04-25 17:00:00+00:00,75.7,64.1,36.95699440836941
franjo-ivanovic,2026-05-02 17:00:00+00:00,64.1,39.6,41.8531297979798
franjo-ivanovic,2026-05-11 19:15:00+00:00,39.6,0.0,39.798899512987
frans-kratzig,2026-02-15 13:30:00+00:00,86.4,85.5,55.809428869047636
frans-kratzig,2026-02-22 16:00:00+00:00,85.5,70.4,31.26332590187589
frans-kratzig,2026-03-01 16:00:00+00:00,70.4,45.0,28.749214664502148
frans-kratzig,2026-03-08 16:00:00+00:00,45.0,42.9,32.8860422077922
frans-kratzig,2026-03-15 13:30:00+00:00,42.9,82.5,37.702863419913406
frans-kratzig,2026-03-20 18:30:00+00:00,82.5,49.2,32.64753318209569
frans-kratzig,2026-04-05 12:30:00+00:00,49.2,50.4,33.16690793373293
frans-kratzig,2026-04-10 17:30:00+00:00,50.4,32.9,20.91421368631369
frans-kratzig,2026-04-19 12:30:00+00:00,32.9,67.3,27.659587472249996
frans-kratzig,2026-04-22 16:30:00+00:00,67.3,33.2,28.2001078782329
frans-kratzig,2026-04-26 12:30:00+00:00,33.2,52.0,23.323594909257412
frans-kratzig,2026-05-03 15:00:00+00:00,52.0,33.9,31.14761010101011
frans-kratzig,2026-05-10 15:00:00+00:00,33.9,41.3,33.5437991883117
frederico-rodrigues-santos,2026-02-09 17:00:00+00:00,42.7,0.0,46.42905639776892
frederico-rodrigues-santos,2026-02-14 17:00:00+00:00,0.0,33.7,41.78626973304472
frederico-rodrigues-santos,2026-02-19 17:45:00+00:00,33.7,40.8,39.19315612998113
frederico-rodrigues-santos,2026-02-23 17:00:00+00:00,40.8,0.0,47.8340152056277
frederico-rodrigues-santos,2026-02-26 20:00:00+00:00,0.0,39.6,44.624966486291505
frederico-rodrigues-santos,2026-03-01 17:00:00+00:00,39.6,40.4,41.30763032106781
frederico-rodrigues-santos,2026-03-08 17:00:00+00:00,40.4,37.6,36.12309684343433
frederico-rodrigues-santos,2026-03-13 17:00:00+00:00,37.6,35.1,51.93034000721504
frederico-rodrigues-santos,2026-03-17 17:00:00+00:00,35.1,62.0,58.420351226551276
frederico-rodrigues-santos,2026-04-05 17:00:00+00:00,62.0,37.2,55.48287938311693
frederico-rodrigues-santos,2026-04-11 17:00:00+00:00,37.2,0.0,54.545041269841256
frederico-rodrigues-santos,2026-04-17 17:00:00+00:00,0.0,0.0,56.35990019841272
frederico-rodrigues-santos,2026-04-26 17:00:00+00:00,0.0,88.8,51.73065829309579
frederico-rodrigues-santos,2026-05-02 17:00:00+00:00,88.8,96.6,41.85852875596627
frederico-rodrigues-santos,2026-05-09 17:00:00+00:00,96.6,99.5,52.5411411435787
fredrik-aursnes,2026-02-08 20:30:00+00:00,68.9,0.0,39.0378920093795
fredrik-aursnes,2026-02-13 18:30:00+00:00,0.0,49.7,39.33272633477633
fredrik-aursnes,2026-02-17 20:00:00+00:00,49.7,0.0,42.369358189033164
fredrik-aursnes,2026-02-21 18:00:00+00:00,0.0,45.1,43.448194029581536
fredrik-aursnes,2026-02-25 20:00:00+00:00,45.1,65.0,48.15651791125538
fredrik-aursnes,2026-03-02 20:15:00+00:00,65.0,0.0,55.4537930194805
fredrik-aursnes,2026-03-08 18:00:00+00:00,0.0,0.0,52.75278194444439
fredrik-aursnes,2026-03-14 20:30:00+00:00,0.0,0.0,45.49395322871572
fredrik-aursnes,2026-03-21 18:00:00+00:00,0.0,0.0,37.355628373015875
fredrik-aursnes,2026-04-06 19:45:00+00:00,0.0,34.3,38.43483737373738
fredrik-aursnes,2026-04-12 17:00:00+00:00,34.3,34.1,52.0812919733045
fredrik-aursnes,2026-04-19 17:15:00+00:00,34.1,55.2,55.18467774170277
fredrik-aursnes,2026-04-25 17:00:00+00:00,55.2,44.9,50.49758342352094
fredrik-aursnes,2026-05-02 17:00:00+00:00,44.9,67.5,39.13530878427127
fredrik-aursnes,2026-05-11 19:15:00+00:00,67.5,49.8,49.87305789072039
furkan-kocak,2026-02-13 17:00:00+00:00,0.0,0.0,0.0
furkan-kocak,2026-02-17 17:45:00+00:00,0.0,0.0,0.0
furkan-kocak,2026-02-21 17:00:00+00:00,0.0,0.0,0.0
furkan-kocak,2026-02-25 20:00:00+00:00,0.0,0.0,0.0
furkan-kocak,2026-02-28 17:00:00+00:00,0.0,0.0,0.0
furkan-kocak,2026-03-07 17:00:00+00:00,0.0,0.0,0.0
furkan-kocak,2026-03-10 17:45:00+00:00,0.0,0.0,0.0
furkan-kocak,2026-03-14 17:00:00+00:00,0.0,0.0,0.0
furkan-kocak,2026-03-18 20:00:00+00:00,0.0,0.0,0.0
furkan-kocak,2026-04-04 17:00:00+00:00,0.0,0.0,0.0
furkan-kocak,2026-04-08 17:00:00+00:00,0.0,0.0,0.0
furkan-kocak,2026-04-12 17:00:00+00:00,0.0,0.0,0.0
furkan-kocak,2026-04-18 17:00:00+00:00,0.0,0.0,0.0
furkan-kocak,2026-04-26 17:00:00+00:00,0.0,0.0,0.0
furkan-kocak,2026-05-02 17:00:00+00:00,0.0,0.0,0.0
furkan-kocak,2026-05-09 17:00:00+00:00,0.0,0.0,0.0
gabriel-costa-bras,2026-02-09 20:45:00+00:00,0.0,0.0,0.0
gabriel-costa-bras,2026-02-15 15:30:00+00:00,0.0,0.0,0.0
gabriel-costa-bras,2026-02-22 20:30:00+00:00,0.0,0.0,0.0
gabriel-costa-bras,2026-02-27 18:45:00+00:00,0.0,0.0,0.0
gabriel-costa-bras,2026-03-08 18:00:00+00:00,0.0,0.0,0.0
gabriel-costa-bras,2026-03-12 17:45:00+00:00,0.0,0.0,0.0
gabriel-costa-bras,2026-03-15 20:30:00+00:00,0.0,0.0,0.0
gabriel-costa-bras,2026-03-19 20:00:00+00:00,0.0,0.0,0.0
gabriel-costa-bras,2026-03-22 20:30:00+00:00,0.0,0.0,0.0
gabriel-costa-bras,2026-04-04 19:30:00+00:00,0.0,0.0,0.0
gabriel-costa-bras,2026-04-09 19:00:00+00:00,0.0,0.0,0.0
gabriel-costa-bras,2026-04-12 19:30:00+00:00,0.0,0.0,0.0
gabriel-costa-bras,2026-04-16 19:00:00+00:00,0.0,0.0,0.0
gabriel-costa-bras,2026-04-19 19:30:00+00:00,0.0,0.0,0.0
gabriel-costa-bras,2026-04-26 17:00:00+00:00,0.0,0.0,0.0
gabriel-costa-bras,2026-05-02 19:30:00+00:00,0.0,0.0,0.0
gabriel-costa-bras,2026-05-10 17:00:00+00:00,0.0,0.0,0.0
gabriel-davi-gomes-sara,2026-02-13 17:00:00+00:00,0.0,100.0,58.80093403679654
gabriel-davi-gomes-sara,2026-02-17 17:45:00+00:00,100.0,42.9,48.300185132922664
gabriel-davi-gomes-sara,2026-02-21 17:00:00+00:00,42.9,46.7,42.00349875541126
gabriel-davi-gomes-sara,2026-02-25 20:00:00+00:00,46.7,36.6,43.43230753968257
gabriel-davi-gomes-sara,2026-02-28 17:00:00+00:00,36.6,46.8,41.87478377594628
gabriel-davi-gomes-sara,2026-03-07 17:00:00+00:00,46.8,51.8,54.540367988955516
gabriel-davi-gomes-sara,2026-03-10 17:45:00+00:00,51.8,37.5,34.81400714285713
gabriel-davi-gomes-sara,2026-03-14 17:00:00+00:00,37.5,21.8,53.832443981018976
gabriel-davi-gomes-sara,2026-03-18 20:00:00+00:00,21.8,44.0,44.929423845598855
gabriel-davi-gomes-sara,2026-03-26 20:00:00+00:00,44.0,0.0,53.756739466089456
gabriel-davi-gomes-sara,2026-04-01 00:00:00+00:00,0.0,0.0,40.991820003607536
gabriel-davi-gomes-sara,2026-04-04 17:00:00+00:00,0.0,62.4,37.22150353535355
gabriel-davi-gomes-sara,2026-04-08 17:00:00+00:00,62.4,44.1,33.35646163419913
gabriel-davi-gomes-sara,2026-04-12 17:00:00+00:00,44.1,70.0,48.982606349206364
gabriel-davi-gomes-sara,2026-04-18 17:00:00+00:00,70.0,0.0,49.68884055666558
gabriel-davi-gomes-sara,2026-04-26 17:00:00+00:00,0.0,0.0,53.02614830447331
gabriel-davi-gomes-sara,2026-05-02 17:00:00+00:00,0.0,0.0,53.02614830447331
gabriel-davi-gomes-sara,2026-05-09 17:00:00+00:00,0.0,0.0,50.61717980907985
gabriel-martinez-aguilera,2026-02-08 18:00:00+00:00,55.6,43.1,35.45544902736154
gabriel-martinez-aguilera,2026-02-14 20:30:00+00:00,43.1,0.0,41.07336579670332
gabriel-martinez-aguilera,2026-02-21 20:30:00+00:00,0.0,35.6,39.26407941086693
gabriel-martinez-aguilera,2026-02-28 18:00:00+00:00,35.6,38.1,32.96877038239539
gabriel-martinez-aguilera,2026-03-07 18:00:00+00:00,38.1,33.0,38.56192155483406
gabriel-martinez-aguilera,2026-03-12 20:00:00+00:00,33.0,69.0,39.907195220057694
gabriel-martinez-aguilera,2026-03-18 15:30:00+00:00,69.0,36.6,35.66516019119767
gabriel-martinez-aguilera,2026-03-22 20:30:00+00:00,36.6,33.4,33.09830480907982
gabriel-martinez-aguilera,2026-04-04 17:00:00+00:00,33.4,35.4,47.463287987012954
gabriel-martinez-aguilera,2026-04-08 16:45:00+00:00,35.4,3.6,48.3426332251082
gabriel-martinez-aguilera,2026-04-12 17:00:00+00:00,3.6,51.4,50.830129635642145
gabriel-martinez-aguilera,2026-04-16 19:00:00+00:00,51.4,0.0,29.23030748557
gabriel-martinez-aguilera,2026-04-19 19:30:00+00:00,0.0,37.3,37.572500792263284
gabriel-martinez-aguilera,2026-04-23 18:00:00+00:00,37.3,0.0,41.54226351703853
gabriel-martinez-aguilera,2026-04-26 17:00:00+00:00,0.0,0.0,39.25129008630258
gabriel-martinez-aguilera,2026-04-30 19:00:00+00:00,0.0,0.0,19.090747931235438
gabriel-martinez-aguilera,2026-05-03 17:00:00+00:00,0.0,32.7,21.374988610001115
gabriel-martinez-aguilera,2026-05-07 19:00:00+00:00,32.7,41.3,48.57442624458876
gabriel-martinez-aguilera,2026-05-11 19:15:00+00:00,41.3,61.8,46.06821512931514
gabriel-silva-moscardo-de-salles,2026-02-08 18:00:00+00:00,0.0,0.0,24.949513408813413
gabriel-silva-moscardo-de-salles,2026-02-14 20:30:00+00:00,0.0,35.7,24.949513408813413
gabriel-silva-moscardo-de-salles,2026-02-21 20:30:00+00:00,35.7,0.0,22.975233333333335
gabriel-silva-moscardo-de-salles,2026-02-28 18:00:00+00:00,0.0,47.1,22.60954007936508
gabriel-silva-moscardo-de-salles,2026-03-07 18:00:00+00:00,47.1,36.7,19.030079606504597
gabriel-silva-moscardo-de-salles,2026-03-12 20:00:00+00:00,36.7,31.3,24.430041829004328
gabriel-silva-moscardo-de-salles,2026-03-18 15:30:00+00:00,31.3,32.5,19.545979491342
gabriel-silva-moscardo-de-salles,2026-03-22 20:30:00+00:00,32.5,35.3,14.018005158730158
gabriel-silva-moscardo-de-salles,2026-04-04 17:00:00+00:00,35.3,35.2,26.634078409090918
gabriel-silva-moscardo-de-salles,2026-04-08 16:45:00+00:00,35.2,45.8,15.383464575702078
gabriel-silva-moscardo-de-salles,2026-04-12 17:00:00+00:00,45.8,43.4,17.064391756854256
gabriel-silva-moscardo-de-salles,2026-04-16 19:00:00+00:00,43.4,46.7,19.148912031024537
gabriel-silva-moscardo-de-salles,2026-04-19 19:30:00+00:00,46.7,48.3,22.588948809523817
gabriel-silva-moscardo-de-salles,2026-04-23 18:00:00+00:00,48.3,35.5,24.887587121212118
gabriel-silva-moscardo-de-salles,2026-04-26 17:00:00+00:00,35.5,0.0,27.40567043650793
gabriel-silva-moscardo-de-salles,2026-04-30 19:00:00+00:00,0.0,42.3,27.299106150793644
gabriel-silva-moscardo-de-salles,2026-05-03 17:00:00+00:00,42.3,34.4,21.97081960678211
gabriel-silva-moscardo-de-salles,2026-05-07 19:00:00+00:00,34.4,37.2,21.322482142857158
gabriel-silva-moscardo-de-salles,2026-05-11 19:15:00+00:00,37.2,55.9,24.12385657536907
gabriel-veiga-novas,2026-02-09 20:45:00+00:00,31.0,67.6,52.29676737012987
gabriel-veiga-novas,2026-02-15 15:30:00+00:00,67.6,42.1,50.312458639971176
gabriel-veiga-novas,2026-02-22 20:30:00+00:00,42.1,65.5,51.75795860389612
gabriel-veiga-novas,2026-02-27 18:45:00+00:00,65.5,74.5,47.378034369796886
gabriel-veiga-novas,2026-03-08 18:00:00+00:00,74.5,43.5,39.17227904872905
gabriel-veiga-novas,2026-03-12 17:45:00+00:00,43.5,60.0,37.979774557387024
gabriel-veiga-novas,2026-03-15 20:30:00+00:00,60.0,0.0,44.861141666666654
gabriel-veiga-novas,2026-03-19 20:00:00+00:00,0.0,12.9,43.97265772699523
gabriel-veiga-novas,2026-03-22 20:30:00+00:00,12.9,0.0,36.875690331890326
gabriel-veiga-novas,2026-04-04 19:30:00+00:00,0.0,77.1,50.37271664862916
gabriel-veiga-novas,2026-04-09 19:00:00+00:00,77.1,69.7,40.190820959595975
gabriel-veiga-novas,2026-04-12 19:30:00+00:00,69.7,32.0,50.49569502580756
gabriel-veiga-novas,2026-04-16 19:00:00+00:00,32.0,71.6,50.42802918470421
gabriel-veiga-novas,2026-04-19 19:30:00+00:00,71.6,55.2,48.3656375721501
gabriel-veiga-novas,2026-04-26 17:00:00+00:00,55.2,72.1,41.96615692640693
gabriel-veiga-novas,2026-05-02 19:30:00+00:00,72.1,37.8,44.377248326673346
gabriel-veiga-novas,2026-05-10 17:00:00+00:00,37.8,44.1,41.66169763708513
geny-cipriano-catamo,2026-02-09 20:45:00+00:00,37.8,43.1,41.38000176767676
geny-cipriano-catamo,2026-02-15 20:30:00+00:00,43.1,70.1,49.55196161616161
geny-cipriano-catamo,2026-02-21 18:00:00+00:00,70.1,63.9,49.04469301948051
geny-cipriano-catamo,2026-02-27 20:45:00+00:00,63.9,32.6,47.89600918109665
geny-cipriano-catamo,2026-03-07 18:00:00+00:00,32.6,40.7,53.50247806637809
geny-cipriano-catamo,2026-03-11 20:00:00+00:00,40.7,48.5,48.42127860750359
geny-cipriano-catamo,2026-03-17 17:45:00+00:00,48.5,78.7,48.742447297147294
geny-cipriano-catamo,2026-03-22 18:00:00+00:00,78.7,86.9,56.13542000638252
geny-cipriano-catamo,2026-04-03 19:30:00+00:00,86.9,50.1,51.92273845321345
geny-cipriano-catamo,2026-04-07 19:00:00+00:00,50.1,42.9,49.287549873737355
geny-cipriano-catamo,2026-04-11 19:30:00+00:00,42.9,33.0,46.65329283008658
geny-cipriano-catamo,2026-04-15 19:00:00+00:00,33.0,56.5,54.85396374458875
geny-cipriano-catamo,2026-04-19 17:15:00+00:00,56.5,45.7,46.33103906926409
geny-cipriano-catamo,2026-04-26 19:30:00+00:00,45.7,42.5,41.251496753246755
geny-cipriano-catamo,2026-04-29 19:15:00+00:00,42.5,45.7,42.27944085636585
geny-cipriano-catamo,2026-05-04 19:15:00+00:00,45.7,42.1,49.595272997835515
geny-cipriano-catamo,2026-05-11 19:15:00+00:00,42.1,39.9,42.96639592352092
georgios-vagiannidis,2026-02-09 20:45:00+00:00,0.0,27.0,18.18890198412698
georgios-vagiannidis,2026-02-15 20:30:00+00:00,27.0,42.1,26.943657503607504
georgios-vagiannidis,2026-02-21 18:00:00+00:00,42.1,27.5,26.70176757270509
georgios-vagiannidis,2026-02-27 20:45:00+00:00,27.5,0.0,32.77526854256854
georgios-vagiannidis,2026-03-07 18:00:00+00:00,0.0,15.0,31.06696084054834
georgios-vagiannidis,2026-03-11 20:00:00+00:00,15.0,0.0,31.06696084054834
georgios-vagiannidis,2026-03-17 17:45:00+00:00,0.0,46.3,23.680165404040377
georgios-vagiannidis,2026-03-22 18:00:00+00:00,46.3,35.0,29.392155161505176
georgios-vagiannidis,2026-03-27 19:00:00+00:00,35.0,70.0,33.664713365800864
georgios-vagiannidis,2026-03-31 17:00:00+00:00,70.0,47.3,31.587840061327565
georgios-vagiannidis,2026-04-03 19:30:00+00:00,47.3,0.0,16.075731114718614
georgios-vagiannidis,2026-04-07 19:00:00+00:00,0.0,32.4,26.423443290043295
georgios-vagiannidis,2026-04-11 19:30:00+00:00,32.4,51.1,30.01177251082252
georgios-vagiannidis,2026-04-15 19:00:00+00:00,51.1,30.2,23.696299791874793
georgios-vagiannidis,2026-04-19 17:15:00+00:00,30.2,66.9,30.427320057720063
georgios-vagiannidis,2026-04-26 19:30:00+00:00,66.9,17.9,12.290002038239535
georgios-vagiannidis,2026-04-29 19:15:00+00:00,17.9,0.0,19.560767694805193
georgios-vagiannidis,2026-05-04 19:15:00+00:00,0.0,0.0,26.86763708513709
georgios-vagiannidis,2026-05-11 19:15:00+00:00,0.0,59.9,25.25948423520923
geovany-tcherno-quenda,2026-02-09 20:45:00+00:00,0.0,0.0,21.5244102994228
geovany-tcherno-quenda,2026-02-15 20:30:00+00:00,0.0,0.0,21.921375180375176
geovany-tcherno-quenda,2026-02-21 18:00:00+00:00,0.0,0.0,31.261904816017314
geovany-tcherno-quenda,2026-02-27 20:45:00+00:00,0.0,0.0,45.925746879509404
geovany-tcherno-quenda,2026-03-07 18:00:00+00:00,0.0,0.0,49.42487108585864
geovany-tcherno-quenda,2026-03-11 20:00:00+00:00,0.0,0.0,51.04532148268403
geovany-tcherno-quenda,2026-03-17 17:45:00+00:00,0.0,0.0,51.04532148268403
geovany-tcherno-quenda,2026-03-22 18:00:00+00:00,0.0,0.0,51.04532148268403
geovany-tcherno-quenda,2026-04-03 19:30:00+00:00,0.0,0.0,51.04532148268403
geovany-tcherno-quenda,2026-04-07 19:00:00+00:00,0.0,46.3,51.04532148268403
geovany-tcherno-quenda,2026-04-11 19:30:00+00:00,46.3,35.6,51.04532148268403
geovany-tcherno-quenda,2026-04-15 19:00:00+00:00,35.6,37.3,43.332469178044185
geovany-tcherno-quenda,2026-04-19 17:15:00+00:00,37.3,42.7,31.887081926406953
geovany-tcherno-quenda,2026-04-26 19:30:00+00:00,42.7,50.7,35.1224556082806
geovany-tcherno-quenda,2026-04-29 19:15:00+00:00,50.7,34.5,36.09950177877677
geovany-tcherno-quenda,2026-05-04 19:15:00+00:00,34.5,65.8,26.567791774891766
geovany-tcherno-quenda,2026-05-11 19:15:00+00:00,65.8,63.0,26.829303979353977
gianluca-prestianni-gross,2026-02-08 20:30:00+00:00,59.3,40.6,44.451165620490634
gianluca-prestianni-gross,2026-02-13 18:30:00+00:00,40.6,29.5,38.16899929653681
gianluca-prestianni-gross,2026-02-17 20:00:00+00:00,29.5,0.0,37.368534858197364
gianluca-prestianni-gross,2026-02-21 18:00:00+00:00,0.0,0.0,41.55020287767787
gianluca-prestianni-gross,2026-02-25 20:00:00+00:00,0.0,47.6,30.528418885281386
gianluca-prestianni-gross,2026-03-02 20:15:00+00:00,47.6,58.8,21.58407830919082
gianluca-prestianni-gross,2026-03-08 18:00:00+00:00,58.8,65.5,13.99321648629149
gianluca-prestianni-gross,2026-03-14 20:30:00+00:00,65.5,80.9,26.21357254689756
gianluca-prestianni-gross,2026-03-21 18:00:00+00:00,80.9,0.0,29.873406727994226
gianluca-prestianni-gross,2026-03-27 23:15:00+00:00,0.0,0.0,34.76320863858365
gianluca-prestianni-gross,2026-03-31 00:00:00+00:00,0.0,0.0,32.60100813492065
gianluca-prestianni-gross,2026-03-31 23:15:00+00:00,0.0,0.0,40.256402426739925
gianluca-prestianni-gross,2026-03-31 23:30:00+00:00,0.0,43.0,16.151233008658014
gianluca-prestianni-gross,2026-04-06 19:45:00+00:00,43.0,88.1,23.52433362193362
gianluca-prestianni-gross,2026-04-12 17:00:00+00:00,88.1,55.5,14.713945490620493
gianluca-prestianni-gross,2026-04-19 17:15:00+00:00,55.5,42.9,23.1384404845155
gianluca-prestianni-gross,2026-04-25 17:00:00+00:00,42.9,36.5,36.987643355255855
gianluca-prestianni-gross,2026-05-02 17:00:00+00:00,36.5,44.7,44.760200496725474
gianluca-prestianni-gross,2026-05-11 19:15:00+00:00,44.7,63.7,35.38766530830281
giorgi-kochorashvili,2026-02-09 20:45:00+00:00,0.0,0.0,27.04030714285713
giorgi-kochorashvili,2026-02-15 20:30:00+00:00,0.0,0.0,32.17603445165944
giorgi-kochorashvili,2026-02-21 18:00:00+00:00,0.0,0.0,37.855991677766674
giorgi-kochorashvili,2026-02-27 20:45:00+00:00,0.0,0.0,37.855991677766674
giorgi-kochorashvili,2026-03-07 18:00:00+00:00,0.0,0.0,35.48766260822511
giorgi-kochorashvili,2026-03-11 20:00:00+00:00,0.0,0.0,36.6382598942724
giorgi-kochorashvili,2026-03-17 17:45:00+00:00,0.0,0.0,36.6382598942724
giorgi-kochorashvili,2026-03-22 18:00:00+00:00,0.0,0.0,34.897809497447
giorgi-kochorashvili,2026-04-03 19:30:00+00:00,0.0,0.0,34.897809497447
giorgi-kochorashvili,2026-04-07 19:00:00+00:00,0.0,0.0,39.8050315975691
giorgi-kochorashvili,2026-04-11 19:30:00+00:00,0.0,0.0,39.8050315975691
giorgi-kochorashvili,2026-04-15 19:00:00+00:00,0.0,0.0,29.06600266539016
giorgi-kochorashvili,2026-04-19 17:15:00+00:00,0.0,66.3,34.92871843295593
giorgi-kochorashvili,2026-04-26 19:30:00+00:00,66.3,16.2,34.92871843295593
giorgi-kochorashvili,2026-04-29 19:15:00+00:00,16.2,34.8,33.54649282661783
giorgi-kochorashvili,2026-05-04 19:15:00+00:00,34.8,42.0,20.83725575396825
giorgi-kochorashvili,2026-05-11 19:15:00+00:00,42.0,0.0,23.64609305555554
gokdeniz-gurpuz,2026-02-13 17:00:00+00:00,0.0,0.0,0.13447160333406397
gokdeniz-gurpuz,2026-02-17 17:45:00+00:00,0.0,0.0,0.13447160333406397
gokdeniz-gurpuz,2026-02-21 17:00:00+00:00,0.0,0.0,0.13447160333406397
gokdeniz-gurpuz,2026-02-25 20:00:00+00:00,0.0,0.0,0.13447160333406397
gokdeniz-gurpuz,2026-02-28 17:00:00+00:00,0.0,0.0,0.13447160333406397
gokdeniz-gurpuz,2026-03-07 17:00:00+00:00,0.0,0.0,0.13447160333406397
gokdeniz-gurpuz,2026-03-10 17:45:00+00:00,0.0,0.0,0.13447160333406397
gokdeniz-gurpuz,2026-03-14 17:00:00+00:00,0.0,0.0,0.13447160333406397
gokdeniz-gurpuz,2026-03-18 20:00:00+00:00,0.0,0.0,0.13447160333406397
gokdeniz-gurpuz,2026-04-04 17:00:00+00:00,0.0,0.0,0.5237637752536779
gokdeniz-gurpuz,2026-04-08 17:00:00+00:00,0.0,0.0,0.5237637752536779
gokdeniz-gurpuz,2026-04-12 17:00:00+00:00,0.0,0.0,0.5237637752536779
gokdeniz-gurpuz,2026-04-18 17:00:00+00:00,0.0,0.0,0.5237637752536779
gokdeniz-gurpuz,2026-04-26 17:00:00+00:00,0.0,0.0,0.5237637752536779
gokdeniz-gurpuz,2026-05-02 17:00:00+00:00,0.0,0.0,0.5237637752536779
gokdeniz-gurpuz,2026-05-09 17:00:00+00:00,0.0,0.0,0.5237637752536779
gokhan-sazdagi,2026-02-08 17:00:00+00:00,43.8,0.0,41.32526497113996
gokhan-sazdagi,2026-02-15 17:00:00+00:00,0.0,0.0,38.08712453102456
gokhan-sazdagi,2026-02-22 17:00:00+00:00,0.0,0.0,41.56681013708513
gokhan-sazdagi,2026-02-28 13:00:00+00:00,0.0,0.0,31.689519155844142
gokhan-sazdagi,2026-03-07 17:00:00+00:00,0.0,0.0,41.88993575036075
gokhan-sazdagi,2026-03-15 17:00:00+00:00,0.0,0.0,28.30144972249973
gokhan-sazdagi,2026-03-19 17:00:00+00:00,0.0,23.6,26.2733450924076
gokhan-sazdagi,2026-04-05 17:00:00+00:00,23.6,0.0,28.390389331501844
gokhan-sazdagi,2026-04-10 17:00:00+00:00,0.0,0.0,34.16277536075036
gokhan-sazdagi,2026-04-19 14:00:00+00:00,0.0,0.0,38.95164107142859
gokhan-sazdagi,2026-04-27 17:00:00+00:00,0.0,0.0,36.330057485569995
gokhan-sazdagi,2026-05-01 17:00:00+00:00,0.0,0.0,39.23827101787102
gokhan-sazdagi,2026-05-09 17:00:00+00:00,0.0,0.0,44.87615321484073
goncalo-bernardo-inacio,2026-02-09 20:45:00+00:00,62.4,87.1,54.88361404290152
goncalo-bernardo-inacio,2026-02-15 20:30:00+00:00,87.1,60.3,57.46916612023596
goncalo-bernardo-inacio,2026-02-21 18:00:00+00:00,60.3,78.8,51.0215964105339
goncalo-bernardo-inacio,2026-02-27 20:45:00+00:00,78.8,44.8,53.99174568372798
goncalo-bernardo-inacio,2026-03-07 18:00:00+00:00,44.8,48.2,43.29481323953825
goncalo-bernardo-inacio,2026-03-11 20:00:00+00:00,48.2,100.0,41.09007123015872
goncalo-bernardo-inacio,2026-03-17 17:45:00+00:00,100.0,45.1,41.0147691766567
goncalo-bernardo-inacio,2026-03-22 18:00:00+00:00,45.1,0.0,47.918270256132736
goncalo-bernardo-inacio,2026-03-29 01:00:00+00:00,0.0,51.9,35.30748479714729
goncalo-bernardo-inacio,2026-03-31 23:00:00+00:00,51.9,0.0,46.97722312201689
goncalo-bernardo-inacio,2026-04-03 19:30:00+00:00,0.0,44.0,45.33527507908759
goncalo-bernardo-inacio,2026-04-07 19:00:00+00:00,44.0,0.0,49.628387590187586
goncalo-bernardo-inacio,2026-04-11 19:30:00+00:00,0.0,61.9,50.798999801587314
goncalo-bernardo-inacio,2026-04-15 19:00:00+00:00,61.9,72.6,42.52271746031747
goncalo-bernardo-inacio,2026-04-19 17:15:00+00:00,72.6,0.0,53.63097293401039
goncalo-bernardo-inacio,2026-04-26 19:30:00+00:00,0.0,0.0,50.93830995670994
goncalo-bernardo-inacio,2026-04-29 19:15:00+00:00,0.0,80.4,58.72759416694414
goncalo-bernardo-inacio,2026-05-04 19:15:00+00:00,80.4,49.3,34.169077344877344
goncalo-bernardo-inacio,2026-05-11 19:15:00+00:00,49.3,85.4,34.55917348484851
goncalo-calisto-de-oliveira,2026-02-08 20:30:00+00:00,0.0,0.0,0.0
goncalo-calisto-de-oliveira,2026-02-13 18:30:00+00:00,0.0,0.0,0.0
goncalo-calisto-de-oliveira,2026-02-17 20:00:00+00:00,0.0,0.0,0.0
goncalo-calisto-de-oliveira,2026-02-21 18:00:00+00:00,0.0,0.0,0.0
goncalo-calisto-de-oliveira,2026-02-25 20:00:00+00:00,0.0,0.0,0.0
goncalo-calisto-de-oliveira,2026-03-02 20:15:00+00:00,0.0,0.0,0.0
goncalo-calisto-de-oliveira,2026-03-08 18:00:00+00:00,0.0,0.0,0.0
goncalo-calisto-de-oliveira,2026-03-14 20:30:00+00:00,0.0,0.0,0.0
goncalo-calisto-de-oliveira,2026-03-21 18:00:00+00:00,0.0,0.0,0.0
goncalo-calisto-de-oliveira,2026-04-06 19:45:00+00:00,0.0,0.0,0.0
goncalo-calisto-de-oliveira,2026-04-12 17:00:00+00:00,0.0,0.0,0.0
goncalo-calisto-de-oliveira,2026-04-19 17:15:00+00:00,0.0,0.0,0.0
goncalo-calisto-de-oliveira,2026-04-25 17:00:00+00:00,0.0,0.0,0.0
goncalo-calisto-de-oliveira,2026-05-02 17:00:00+00:00,0.0,0.0,0.0
goncalo-calisto-de-oliveira,2026-05-11 19:15:00+00:00,0.0,0.0,0.0
goncalo-carvalho-moreira,2026-02-08 20:30:00+00:00,0.0,0.0,0.023307692307692304
goncalo-carvalho-moreira,2026-02-13 18:30:00+00:00,0.0,0.0,0.023307692307692304
goncalo-carvalho-moreira,2026-02-17 20:00:00+00:00,0.0,0.0,0.023307692307692304
goncalo-carvalho-moreira,2026-02-21 18:00:00+00:00,0.0,0.0,0.023307692307692304
goncalo-carvalho-moreira,2026-02-25 20:00:00+00:00,0.0,0.0,0.023307692307692304
goncalo-carvalho-moreira,2026-03-02 20:15:00+00:00,0.0,0.0,0.023307692307692304
goncalo-carvalho-moreira,2026-03-08 18:00:00+00:00,0.0,0.0,0.023307692307692304
goncalo-carvalho-moreira,2026-03-14 20:30:00+00:00,0.0,0.0,0.023307692307692304
goncalo-carvalho-moreira,2026-03-21 18:00:00+00:00,0.0,0.0,0.023307692307692304
goncalo-carvalho-moreira,2026-04-06 19:45:00+00:00,0.0,35.0,0.023307692307692304
goncalo-carvalho-moreira,2026-04-12 17:00:00+00:00,35.0,0.0,0.023307692307692304
goncalo-carvalho-moreira,2026-04-19 17:15:00+00:00,0.0,0.0,2.390201785714286
goncalo-carvalho-moreira,2026-04-25 17:00:00+00:00,0.0,0.0,2.390201785714286
goncalo-carvalho-moreira,2026-05-02 17:00:00+00:00,0.0,0.0,2.390201785714286
goncalo-carvalho-moreira,2026-05-11 19:15:00+00:00,0.0,0.0,2.390201785714286
goncalo-miguel-azevedo-ribeiro,2026-02-09 20:45:00+00:00,0.0,0.0,0.0
goncalo-miguel-azevedo-ribeiro,2026-02-15 15:30:00+00:00,0.0,0.0,0.0
goncalo-miguel-azevedo-ribeiro,2026-02-22 20:30:00+00:00,0.0,0.0,0.0
goncalo-miguel-azevedo-ribeiro,2026-02-27 18:45:00+00:00,0.0,0.0,0.0
goncalo-miguel-azevedo-ribeiro,2026-03-08 18:00:00+00:00,0.0,0.0,0.0
goncalo-miguel-azevedo-ribeiro,2026-03-12 17:45:00+00:00,0.0,0.0,0.0
goncalo-miguel-azevedo-ribeiro,2026-03-15 20:30:00+00:00,0.0,0.0,0.0
goncalo-miguel-azevedo-ribeiro,2026-03-19 20:00:00+00:00,0.0,0.0,0.0
goncalo-miguel-azevedo-ribeiro,2026-03-22 20:30:00+00:00,0.0,0.0,0.0
goncalo-miguel-azevedo-ribeiro,2026-04-04 19:30:00+00:00,0.0,0.0,0.0
goncalo-miguel-azevedo-ribeiro,2026-04-09 19:00:00+00:00,0.0,0.0,0.0
goncalo-miguel-azevedo-ribeiro,2026-04-12 19:30:00+00:00,0.0,0.0,0.0
goncalo-miguel-azevedo-ribeiro,2026-04-16 19:00:00+00:00,0.0,0.0,0.0
goncalo-miguel-azevedo-ribeiro,2026-04-19 19:30:00+00:00,0.0,0.0,0.0
goncalo-miguel-azevedo-ribeiro,2026-04-26 17:00:00+00:00,0.0,0.0,0.0
goncalo-miguel-azevedo-ribeiro,2026-05-02 19:30:00+00:00,0.0,0.0,0.0
goncalo-miguel-azevedo-ribeiro,2026-05-10 17:00:00+00:00,0.0,0.0,0.0
goncalo-santos-sousa,2026-03-19 20:00:00+00:00,0.0,0.0,0.0
goncalo-santos-sousa,2026-03-22 20:30:00+00:00,0.0,0.0,0.0
goncalo-santos-sousa,2026-04-04 19:30:00+00:00,0.0,0.0,0.0
goncalo-santos-sousa,2026-04-09 19:00:00+00:00,0.0,0.0,0.0
goncalo-santos-sousa,2026-04-12 19:30:00+00:00,0.0,0.0,0.0
goncalo-santos-sousa,2026-04-16 19:00:00+00:00,0.0,0.0,0.0
goncalo-santos-sousa,2026-04-19 19:30:00+00:00,0.0,0.0,0.0
goncalo-santos-sousa,2026-04-26 17:00:00+00:00,0.0,0.0,0.0
goncalo-santos-sousa,2026-05-02 19:30:00+00:00,0.0,0.0,0.0
goncalo-santos-sousa,2026-05-10 17:00:00+00:00,0.0,0.0,0.0
goncalo-teixeira-nogueira,2026-02-14 18:00:00+00:00,0.0,42.0,33.43369244227994
goncalo-teixeira-nogueira,2026-02-21 20:30:00+00:00,42.0,30.5,29.17497608225109
goncalo-teixeira-nogueira,2026-02-28 20:30:00+00:00,30.5,54.5,27.420293721556234
goncalo-teixeira-nogueira,2026-03-08 20:30:00+00:00,54.5,32.7,24.508029365079366
goncalo-teixeira-nogueira,2026-03-14 15:30:00+00:00,32.7,37.4,32.512356547619035
goncalo-teixeira-nogueira,2026-03-21 18:00:00+00:00,37.4,95.2,41.10857144660895
goncalo-teixeira-nogueira,2026-04-03 17:00:00+00:00,95.2,56.0,34.89330595238096
goncalo-teixeira-nogueira,2026-04-11 14:30:00+00:00,56.0,60.9,34.72598682289933
goncalo-teixeira-nogueira,2026-04-18 19:30:00+00:00,60.9,45.1,47.78604915501166
goncalo-teixeira-nogueira,2026-04-25 19:30:00+00:00,45.1,37.2,38.91943228715728
goncalo-teixeira-nogueira,2026-05-04 19:15:00+00:00,37.2,43.9,33.10276717171717
goncalo-teixeira-nogueira,2026-05-11 19:15:00+00:00,43.9,40.1,38.34304985569984
guilherme-mendes-paula,2026-02-14 18:00:00+00:00,0.0,0.0,0.0
guilherme-mendes-paula,2026-02-21 20:30:00+00:00,0.0,0.0,0.0
guilherme-mendes-paula,2026-02-28 20:30:00+00:00,0.0,0.0,0.0
guilherme-mendes-paula,2026-03-08 20:30:00+00:00,0.0,0.0,0.0
guilherme-mendes-paula,2026-03-14 15:30:00+00:00,0.0,0.0,0.0
guilherme-mendes-paula,2026-03-21 18:00:00+00:00,0.0,0.0,0.0
guilherme-mendes-paula,2026-04-03 17:00:00+00:00,0.0,0.0,0.0
guilherme-mendes-paula,2026-04-11 14:30:00+00:00,0.0,0.0,0.0
guilherme-mendes-paula,2026-04-18 19:30:00+00:00,0.0,0.0,0.0
guilherme-mendes-paula,2026-04-25 19:30:00+00:00,0.0,0.0,0.0
guilherme-mendes-paula,2026-05-04 19:15:00+00:00,0.0,0.0,0.0
guilherme-mendes-paula,2026-05-11 19:15:00+00:00,0.0,0.0,0.0
gunay-guvenc,2026-02-13 17:00:00+00:00,0.0,0.0,2.392423214285714
gunay-guvenc,2026-02-17 17:45:00+00:00,0.0,0.0,2.392423214285714
gunay-guvenc,2026-02-21 17:00:00+00:00,0.0,0.0,2.392423214285714
gunay-guvenc,2026-02-25 20:00:00+00:00,0.0,0.0,2.434661227661228
gunay-guvenc,2026-02-28 17:00:00+00:00,0.0,0.0,2.434661227661228
gunay-guvenc,2026-03-07 17:00:00+00:00,0.0,0.0,2.434661227661228
gunay-guvenc,2026-03-10 17:45:00+00:00,0.0,0.0,2.434661227661228
gunay-guvenc,2026-03-14 17:00:00+00:00,0.0,0.0,1.7903147990897992
gunay-guvenc,2026-03-18 20:00:00+00:00,0.0,0.0,4.250712354720442
gunay-guvenc,2026-04-04 17:00:00+00:00,0.0,0.0,16.029601897879736
gunay-guvenc,2026-04-08 17:00:00+00:00,0.0,0.0,16.029601897879736
gunay-guvenc,2026-04-12 17:00:00+00:00,0.0,0.0,16.029601897879736
gunay-guvenc,2026-04-18 17:00:00+00:00,0.0,0.0,16.029601897879736
gunay-guvenc,2026-04-26 17:00:00+00:00,0.0,24.2,16.029601897879736
gunay-guvenc,2026-05-02 17:00:00+00:00,24.2,0.0,16.029601897879736
gunay-guvenc,2026-05-09 17:00:00+00:00,0.0,37.0,28.82482685786436
gustaf-lagerbielke,2026-02-08 18:00:00+00:00,56.0,30.9,44.37509184842935
gustaf-lagerbielke,2026-02-14 20:30:00+00:00,30.9,19.4,46.71837543845045
gustaf-lagerbielke,2026-02-21 20:30:00+00:00,19.4,42.5,46.02894208152958
gustaf-lagerbielke,2026-02-28 18:00:00+00:00,42.5,36.0,39.3480020770896
gustaf-lagerbielke,2026-03-07 18:00:00+00:00,36.0,34.4,40.0097201118326
gustaf-lagerbielke,2026-03-12 20:00:00+00:00,34.4,41.0,37.43664140442888
gustaf-lagerbielke,2026-03-18 15:30:00+00:00,41.0,40.9,30.418639614552102
gustaf-lagerbielke,2026-03-22 20:30:00+00:00,40.9,34.4,45.979105321067834
gustaf-lagerbielke,2026-03-26 19:45:00+00:00,34.4,62.6,40.74267799422799
gustaf-lagerbielke,2026-03-31 18:45:00+00:00,62.6,55.7,45.641468985181454
gustaf-lagerbielke,2026-04-04 17:00:00+00:00,55.7,29.9,42.97532952741703
gustaf-lagerbielke,2026-04-08 16:45:00+00:00,29.9,0.0,42.80153066378065
gustaf-lagerbielke,2026-04-12 17:00:00+00:00,0.0,49.8,40.18096668609171
gustaf-lagerbielke,2026-04-16 19:00:00+00:00,49.8,63.1,33.49893604728602
gustaf-lagerbielke,2026-04-19 19:30:00+00:00,63.1,74.7,38.59958997530247
gustaf-lagerbielke,2026-04-23 18:00:00+00:00,74.7,0.0,41.86275505050505
gustaf-lagerbielke,2026-04-26 17:00:00+00:00,0.0,54.3,44.8802338938839
gustaf-lagerbielke,2026-04-30 19:00:00+00:00,54.3,49.7,46.51188585026083
gustaf-lagerbielke,2026-05-03 17:00:00+00:00,49.7,32.9,56.23178575036079
gustaf-lagerbielke,2026-05-07 19:00:00+00:00,32.9,46.4,54.200456439393996
gustaf-lagerbielke,2026-05-11 19:15:00+00:00,46.4,40.0,41.89653798701298
gustavo-da-silva-cunha,2026-02-14 18:00:00+00:00,31.5,41.5,40.82458130341879
gustavo-da-silva-cunha,2026-02-21 20:30:00+00:00,41.5,39.9,35.340660958485955
gustavo-da-silva-cunha,2026-02-28 20:30:00+00:00,39.9,30.7,40.689249984737465
gustavo-da-silva-cunha,2026-03-08 20:30:00+00:00,30.7,53.9,40.54838444749692
gustavo-da-silva-cunha,2026-03-14 15:30:00+00:00,53.9,38.5,35.6330761946387
gustavo-da-silva-cunha,2026-03-21 18:00:00+00:00,38.5,71.1,43.77598187229439
gustavo-da-silva-cunha,2026-04-03 17:00:00+00:00,71.1,65.6,41.28999850288601
gustavo-da-silva-cunha,2026-04-11 14:30:00+00:00,65.6,71.6,45.00881632395381
gustavo-da-silva-cunha,2026-04-18 19:30:00+00:00,71.6,66.0,29.33693178210678
gustavo-da-silva-cunha,2026-04-25 19:30:00+00:00,66.0,40.5,28.231943001443
gustavo-da-silva-cunha,2026-05-04 19:15:00+00:00,40.5,32.2,29.428296302308805
gustavo-da-silva-cunha,2026-05-11 19:15:00+00:00,32.2,52.6,36.150062752525265
henrique-pereira-araujo,2026-02-08 20:30:00+00:00,0.0,0.0,7.721511371340216
henrique-pereira-araujo,2026-02-13 18:30:00+00:00,0.0,0.0,7.721511371340216
henrique-pereira-araujo,2026-02-17 20:00:00+00:00,0.0,0.0,13.467550040080353
henrique-pereira-araujo,2026-02-21 18:00:00+00:00,0.0,0.0,13.467550040080353
henrique-pereira-araujo,2026-02-25 20:00:00+00:00,0.0,0.0,13.467550040080353
henrique-pereira-araujo,2026-03-02 20:15:00+00:00,0.0,0.0,13.467550040080353
henrique-pereira-araujo,2026-03-08 18:00:00+00:00,0.0,0.0,13.467550040080353
henrique-pereira-araujo,2026-03-14 20:30:00+00:00,0.0,0.0,13.467550040080353
henrique-pereira-araujo,2026-03-21 18:00:00+00:00,0.0,0.0,13.467550040080353
henrique-pereira-araujo,2026-04-06 19:45:00+00:00,0.0,0.0,13.467550040080353
henrique-pereira-araujo,2026-04-12 17:00:00+00:00,0.0,0.0,13.467550040080353
henrique-pereira-araujo,2026-04-19 17:15:00+00:00,0.0,0.0,13.467550040080353
henrique-pereira-araujo,2026-04-25 17:00:00+00:00,0.0,0.0,13.467550040080353
henrique-pereira-araujo,2026-05-02 17:00:00+00:00,0.0,0.0,13.467550040080353
henrique-pereira-araujo,2026-05-11 19:15:00+00:00,0.0,0.0,13.467550040080353
heorhii-sudakov,2026-02-08 20:30:00+00:00,40.5,32.4,41.483963059163045
heorhii-sudakov,2026-02-13 18:30:00+00:00,32.4,31.4,42.39930551948054
heorhii-sudakov,2026-02-17 20:00:00+00:00,31.4,0.0,38.674314804639806
heorhii-sudakov,2026-02-21 18:00:00+00:00,0.0,0.0,35.556290277777784
heorhii-sudakov,2026-02-25 20:00:00+00:00,0.0,0.0,29.36798379675879
heorhii-sudakov,2026-03-02 20:15:00+00:00,0.0,0.0,39.098492021867024
heorhii-sudakov,2026-03-08 18:00:00+00:00,0.0,42.2,44.642273144910675
heorhii-sudakov,2026-03-14 20:30:00+00:00,42.2,43.0,29.964658676046174
heorhii-sudakov,2026-03-21 18:00:00+00:00,43.0,39.6,25.15790761183263
heorhii-sudakov,2026-03-26 19:45:00+00:00,39.6,35.0,37.09458519119769
heorhii-sudakov,2026-03-31 18:45:00+00:00,35.0,35.9,30.079859013209003
heorhii-sudakov,2026-04-06 19:45:00+00:00,35.9,0.0,52.74786337135087
heorhii-sudakov,2026-04-12 17:00:00+00:00,0.0,0.0,44.31650163447662
heorhii-sudakov,2026-04-19 17:15:00+00:00,0.0,0.0,44.34963842546341
heorhii-sudakov,2026-04-25 17:00:00+00:00,0.0,0.0,36.34551516955267
heorhii-sudakov,2026-05-02 17:00:00+00:00,0.0,0.0,49.43623336802086
heorhii-sudakov,2026-05-11 19:15:00+00:00,0.0,0.0,46.612035894660906
hidemasa-morita,2026-02-09 20:45:00+00:00,38.7,46.9,37.87892833416584
hidemasa-morita,2026-02-15 20:30:00+00:00,46.9,41.5,40.74704452353203
hidemasa-morita,2026-02-21 18:00:00+00:00,41.5,65.5,41.07963301559552
hidemasa-morita,2026-02-27 20:45:00+00:00,65.5,38.4,38.669918116605615
hidemasa-morita,2026-03-07 18:00:00+00:00,38.4,37.1,50.09208901237651
hidemasa-morita,2026-03-11 20:00:00+00:00,37.1,40.6,41.10306207958707
hidemasa-morita,2026-03-17 17:45:00+00:00,40.6,66.8,41.1796729922855
hidemasa-morita,2026-03-22 18:00:00+00:00,66.8,86.1,43.28559233405483
hidemasa-morita,2026-04-03 19:30:00+00:00,86.1,42.1,46.407852558552555
hidemasa-morita,2026-04-07 19:00:00+00:00,42.1,39.9,44.79190425685424
hidemasa-morita,2026-04-11 19:30:00+00:00,39.9,39.3,42.949834577922054
hidemasa-morita,2026-04-15 19:00:00+00:00,39.3,57.1,39.24134469696968
hidemasa-morita,2026-04-19 17:15:00+00:00,57.1,23.1,38.04323672438671
hidemasa-morita,2026-04-26 19:30:00+00:00,23.1,53.1,43.06573513708513
hidemasa-morita,2026-04-29 19:15:00+00:00,53.1,68.1,39.25155624098124
hidemasa-morita,2026-05-04 19:15:00+00:00,68.1,38.5,38.47822067099566
hidemasa-morita,2026-05-11 19:15:00+00:00,38.5,38.7,43.49465090187593
hulusi-efe-ceylan,2026-02-26 20:00:00+00:00,0.0,0.0,0.0
hulusi-efe-ceylan,2026-03-01 17:00:00+00:00,0.0,0.0,0.0
hulusi-efe-ceylan,2026-03-08 17:00:00+00:00,0.0,0.0,0.0
hulusi-efe-ceylan,2026-03-13 17:00:00+00:00,0.0,0.0,0.0
hulusi-efe-ceylan,2026-03-17 17:00:00+00:00,0.0,0.0,0.0
hulusi-efe-ceylan,2026-04-05 17:00:00+00:00,0.0,0.0,0.0
hulusi-efe-ceylan,2026-04-11 17:00:00+00:00,0.0,0.0,0.0
hulusi-efe-ceylan,2026-04-17 17:00:00+00:00,0.0,0.0,0.0
hulusi-efe-ceylan,2026-04-26 17:00:00+00:00,0.0,0.0,0.0
hulusi-efe-ceylan,2026-05-02 17:00:00+00:00,0.0,0.0,0.0
hulusi-efe-ceylan,2026-05-09 17:00:00+00:00,0.0,0.0,0.0
hyun-gyu-oh,2026-02-08 17:00:00+00:00,85.5,76.2,28.469108404095913
hyun-gyu-oh,2026-02-15 17:00:00+00:00,76.2,66.6,41.03905000000002
hyun-gyu-oh,2026-02-22 17:00:00+00:00,66.6,38.5,39.5749567099567
hyun-gyu-oh,2026-02-28 13:00:00+00:00,38.5,41.8,47.570750468975454
hyun-gyu-oh,2026-03-07 17:00:00+00:00,41.8,35.8,43.214447125097166
hyun-gyu-oh,2026-03-15 17:00:00+00:00,35.8,67.3,36.03610670995673
hyun-gyu-oh,2026-03-19 17:00:00+00:00,67.3,34.3,35.292716984404485
hyun-gyu-oh,2026-03-28 14:00:00+00:00,34.3,39.2,44.9790764790765
hyun-gyu-oh,2026-03-31 18:45:00+00:00,39.2,34.4,38.54222327117326
hyun-gyu-oh,2026-04-05 17:00:00+00:00,34.4,82.1,35.368076259851264
hyun-gyu-oh,2026-04-10 17:00:00+00:00,82.1,40.9,39.85344949217452
hyun-gyu-oh,2026-04-19 14:00:00+00:00,40.9,44.3,37.12836233766235
hyun-gyu-oh,2026-04-27 17:00:00+00:00,44.3,35.1,40.49068736957486
hyun-gyu-oh,2026-05-01 17:00:00+00:00,35.1,61.7,40.958848142135636
hyun-gyu-oh,2026-05-09 17:00:00+00:00,61.7,0.0,37.93774736652235
hyun-jun-yang,2026-02-11 19:45:00+00:00,0.0,34.7,41.54715793650794
hyun-jun-yang,2026-02-15 14:00:00+00:00,34.7,37.6,26.88488145743145
hyun-jun-yang,2026-02-19 20:00:00+00:00,37.6,45.5,37.080706421356425
hyun-jun-yang,2026-02-22 15:00:00+00:00,45.5,62.1,33.51619749278498
hyun-jun-yang,2026-02-26 17:45:00+00:00,62.1,40.2,32.50340140692639
hyun-jun-yang,2026-03-01 12:00:00+00:00,40.2,39.5,35.70284846681094
hyun-jun-yang,2026-03-04 20:00:00+00:00,39.5,92.8,40.030827615440124
hyun-jun-yang,2026-03-14 15:00:00+00:00,92.8,62.4,32.95228050976801
hyun-jun-yang,2026-03-22 12:30:00+00:00,62.4,36.9,47.77158232878231
hyun-jun-yang,2026-03-28 14:00:00+00:00,36.9,45.1,40.402924542124566
hyun-jun-yang,2026-03-31 18:45:00+00:00,45.1,86.6,44.22304152791652
hyun-jun-yang,2026-04-05 15:30:00+00:00,86.6,44.6,45.460251340326366
hyun-jun-yang,2026-04-11 14:00:00+00:00,44.6,32.7,45.300440295815285
hyun-jun-yang,2026-04-25 16:30:00+00:00,32.7,55.5,44.76387992979243
hyun-jun-yang,2026-05-03 11:00:00+00:00,55.5,67.6,33.89152975912977
hyun-jun-yang,2026-05-10 11:00:00+00:00,67.6,61.9,33.58149360223111
hyun-jun-yang,2026-05-13 19:00:00+00:00,61.9,39.0,45.288147601010095
ilkay-gundogan,2026-02-13 17:00:00+00:00,52.5,0.0,47.63639902597402
ilkay-gundogan,2026-02-17 17:45:00+00:00,0.0,36.6,38.06692605033854
ilkay-gundogan,2026-02-21 17:00:00+00:00,36.6,46.7,40.92197325036076
ilkay-gundogan,2026-02-25 20:00:00+00:00,46.7,34.5,46.415673575036074
ilkay-gundogan,2026-02-28 17:00:00+00:00,34.5,0.0,42.55133517316016
ilkay-gundogan,2026-03-07 17:00:00+00:00,0.0,35.0,43.888734172771684
ilkay-gundogan,2026-03-10 17:45:00+00:00,35.0,37.5,45.62533163780666
ilkay-gundogan,2026-03-14 17:00:00+00:00,37.5,0.0,43.120419547119525
ilkay-gundogan,2026-03-18 20:00:00+00:00,0.0,37.5,37.802615964590956
ilkay-gundogan,2026-04-04 17:00:00+00:00,37.5,35.4,47.21621993145746
ilkay-gundogan,2026-04-08 17:00:00+00:00,35.4,54.5,45.46356491702743
ilkay-gundogan,2026-04-12 17:00:00+00:00,54.5,0.0,34.691525577200565
ilkay-gundogan,2026-04-18 17:00:00+00:00,0.0,38.6,46.52439341630593
ilkay-gundogan,2026-04-26 17:00:00+00:00,38.6,34.6,44.40198124098124
ilkay-gundogan,2026-05-02 17:00:00+00:00,34.6,33.9,48.11134989177489
ilkay-gundogan,2026-05-09 17:00:00+00:00,33.9,44.0,45.98281563852815
ismail-jakobs,2026-02-13 17:00:00+00:00,0.0,38.3,14.427301046176048
ismail-jakobs,2026-02-17 17:45:00+00:00,38.3,0.0,37.900715863303375
ismail-jakobs,2026-02-21 17:00:00+00:00,0.0,17.8,32.63767427849928
ismail-jakobs,2026-02-25 20:00:00+00:00,17.8,38.1,27.09610761183262
ismail-jakobs,2026-02-28 17:00:00+00:00,38.1,54.4,37.93023196248198
ismail-jakobs,2026-03-07 17:00:00+00:00,54.4,66.9,24.12013483044733
ismail-jakobs,2026-03-10 17:45:00+00:00,66.9,0.0,31.44942256493506
ismail-jakobs,2026-03-14 17:00:00+00:00,0.0,5.7,22.697300108225107
ismail-jakobs,2026-03-18 20:00:00+00:00,5.7,67.4,22.697300108225107
ismail-jakobs,2026-03-28 16:00:00+00:00,67.4,0.0,23.625573899711394
ismail-jakobs,2026-03-31 19:00:00+00:00,0.0,27.7,22.368168492700107
ismail-jakobs,2026-04-04 17:00:00+00:00,27.7,34.9,27.459244300144295
ismail-jakobs,2026-04-08 17:00:00+00:00,34.9,81.5,29.090979509379494
ismail-jakobs,2026-04-12 17:00:00+00:00,81.5,26.9,20.711964610389618
ismail-jakobs,2026-04-18 17:00:00+00:00,26.9,56.5,39.856658405483415
ismail-jakobs,2026-04-26 17:00:00+00:00,56.5,20.7,25.25705395021645
ismail-jakobs,2026-05-02 17:00:00+00:00,20.7,36.9,29.81451507936509
ismail-jakobs,2026-05-09 17:00:00+00:00,36.9,39.6,34.558415764790794
ismail-yuksek,2026-02-09 17:00:00+00:00,42.4,60.0,46.339088023088046
ismail-yuksek,2026-02-14 17:00:00+00:00,60.0,33.7,42.432767569930085
ismail-yuksek,2026-02-19 17:45:00+00:00,33.7,44.6,39.5466302128427
ismail-yuksek,2026-02-23 17:00:00+00:00,44.6,54.6,39.20054065656564
ismail-yuksek,2026-02-26 20:00:00+00:00,54.6,37.4,46.48102308802308
ismail-yuksek,2026-03-01 17:00:00+00:00,37.4,34.1,43.4370832972583
ismail-yuksek,2026-03-08 17:00:00+00:00,34.1,46.9,39.25594365079367
ismail-yuksek,2026-03-13 17:00:00+00:00,46.9,37.4,41.832335082972584
ismail-yuksek,2026-03-17 17:00:00+00:00,37.4,72.2,38.50915530303029
ismail-yuksek,2026-03-26 17:00:00+00:00,72.2,71.3,40.866262373737364
ismail-yuksek,2026-03-31 18:45:00+00:00,71.3,0.0,36.85644374098125
ismail-yuksek,2026-04-05 17:00:00+00:00,0.0,0.0,45.52018586552335
ismail-yuksek,2026-04-11 17:00:00+00:00,0.0,34.8,35.85443075119324
ismail-yuksek,2026-04-17 17:00:00+00:00,34.8,31.6,42.06309258658005
ismail-yuksek,2026-04-26 17:00:00+00:00,31.6,63.1,29.823831028693533
ismail-yuksek,2026-05-02 17:00:00+00:00,63.1,43.9,32.82771982461983
ismail-yuksek,2026-05-09 17:00:00+00:00,43.9,89.8,37.09814751221002
ivan-fresneda-corraliza,2026-02-09 20:45:00+00:00,51.8,49.7,43.27027344877343
ivan-fresneda-corraliza,2026-02-15 20:30:00+00:00,49.7,44.6,32.18269507575758
ivan-fresneda-corraliza,2026-02-21 18:00:00+00:00,44.6,48.4,29.73146529581529
ivan-fresneda-corraliza,2026-02-27 20:45:00+00:00,48.4,37.0,31.532155970418465
ivan-fresneda-corraliza,2026-03-07 18:00:00+00:00,37.0,36.5,35.09554265873015
ivan-fresneda-corraliza,2026-03-11 20:00:00+00:00,36.5,48.1,32.702311489898975
ivan-fresneda-corraliza,2026-03-17 17:45:00+00:00,48.1,51.2,29.812968235930736
ivan-fresneda-corraliza,2026-03-22 18:00:00+00:00,51.2,0.0,33.32655094211343
ivan-fresneda-corraliza,2026-04-03 19:30:00+00:00,0.0,31.8,27.910058420745905
ivan-fresneda-corraliza,2026-04-07 19:00:00+00:00,31.8,35.0,27.33968892080142
ivan-fresneda-corraliza,2026-04-11 19:30:00+00:00,35.0,0.0,30.816021334221336
ivan-fresneda-corraliza,2026-04-15 19:00:00+00:00,0.0,0.0,25.69728078588078
ivan-fresneda-corraliza,2026-04-19 17:15:00+00:00,0.0,0.0,29.423171626984107
ivan-fresneda-corraliza,2026-04-26 19:30:00+00:00,0.0,0.0,13.41127968975469
ivan-fresneda-corraliza,2026-04-29 19:15:00+00:00,0.0,0.0,13.904877976190475
ivan-fresneda-corraliza,2026-05-04 19:15:00+00:00,0.0,0.0,8.288159451659453
ivan-fresneda-corraliza,2026-05-11 19:15:00+00:00,0.0,0.0,5.1622263888888895
jack-butland,2026-02-11 20:00:00+00:00,47.2,30.5,45.632895328282814
jack-butland,2026-02-15 16:30:00+00:00,30.5,31.6,46.65180335497836
jack-butland,2026-02-22 15:00:00+00:00,31.6,66.5,43.13777512626263
jack-butland,2026-03-01 12:00:00+00:00,66.5,64.0,41.21164238816739
jack-butland,2026-03-15 12:00:00+00:00,64.0,33.9,36.77358885975138
jack-butland,2026-03-21 17:45:00+00:00,33.9,36.9,43.27667141053388
jack-butland,2026-04-04 14:00:00+00:00,36.9,24.4,48.40524603174602
jack-butland,2026-04-12 11:00:00+00:00,24.4,23.4,44.60817222222221
jack-butland,2026-04-26 14:00:00+00:00,23.4,41.3,55.9021690476191
jack-butland,2026-05-04 16:30:00+00:00,41.3,20.7,25.37241498917747
jack-butland,2026-05-10 11:00:00+00:00,20.7,39.1,28.077576677489176
jack-butland,2026-05-13 19:00:00+00:00,39.1,10.0,31.718032554945054
jakub-piotr-kiwior,2026-02-09 20:45:00+00:00,65.7,0.0,48.54672396769895
jakub-piotr-kiwior,2026-02-15 15:30:00+00:00,0.0,0.0,54.47775983738483
jakub-piotr-kiwior,2026-02-22 20:30:00+00:00,0.0,60.3,52.3097787878788
jakub-piotr-kiwior,2026-02-27 18:45:00+00:00,60.3,32.6,45.59166583694082
jakub-piotr-kiwior,2026-03-08 18:00:00+00:00,32.6,0.0,56.25768044733042
jakub-piotr-kiwior,2026-03-12 17:45:00+00:00,0.0,72.7,51.641018921356405
jakub-piotr-kiwior,2026-03-15 20:30:00+00:00,72.7,31.3,36.51240840548339
jakub-piotr-kiwior,2026-03-19 20:00:00+00:00,31.3,42.8,49.48566654040403
jakub-piotr-kiwior,2026-03-22 20:30:00+00:00,42.8,71.3,49.63243651209901
jakub-piotr-kiwior,2026-03-26 19:45:00+00:00,71.3,35.1,48.21568405483406
jakub-piotr-kiwior,2026-03-31 18:45:00+00:00,35.1,46.9,45.48583351370848
jakub-piotr-kiwior,2026-04-04 19:30:00+00:00,46.9,0.0,40.96543133116883
jakub-piotr-kiwior,2026-04-09 19:00:00+00:00,0.0,48.7,42.10959797979798
jakub-piotr-kiwior,2026-04-12 19:30:00+00:00,48.7,64.0,34.39419083694084
jakub-piotr-kiwior,2026-04-16 19:00:00+00:00,64.0,29.6,34.950279527417024
jakub-piotr-kiwior,2026-04-19 19:30:00+00:00,29.6,52.9,43.6978921897547
jakub-piotr-kiwior,2026-04-26 17:00:00+00:00,52.9,44.7,40.18009265873015
jakub-piotr-kiwior,2026-05-02 19:30:00+00:00,44.7,0.0,47.520301988289496
jakub-piotr-kiwior,2026-05-10 17:00:00+00:00,0.0,85.1,52.067497252747245
james-forrest,2026-02-11 19:45:00+00:00,41.9,41.1,23.641867189754684
james-forrest,2026-02-15 14:00:00+00:00,41.1,0.0,22.07345037878787
james-forrest,2026-02-19 20:00:00+00:00,0.0,35.6,29.92555534881785
james-forrest,2026-02-22 15:00:00+00:00,35.6,0.0,29.92555534881785
james-forrest,2026-02-26 17:45:00+00:00,0.0,40.1,26.35986011072261
james-forrest,2026-03-01 12:00:00+00:00,40.1,60.0,20.08397981601732
james-forrest,2026-03-04 20:00:00+00:00,60.0,0.0,24.328469011543998
james-forrest,2026-03-14 15:00:00+00:00,0.0,40.3,16.524935697635694
james-forrest,2026-03-22 12:30:00+00:00,40.3,37.2,17.182592676767676
james-forrest,2026-04-05 15:30:00+00:00,37.2,0.0,20.761902723665226
james-forrest,2026-04-11 14:00:00+00:00,0.0,37.0,27.20212063492063
james-forrest,2026-04-25 16:30:00+00:00,37.0,40.4,18.61113335137085
james-forrest,2026-05-03 11:00:00+00:00,40.4,0.0,19.931764754689755
james-forrest,2026-05-10 11:00:00+00:00,0.0,32.4,25.030190854978365
james-forrest,2026-05-13 19:00:00+00:00,32.4,37.7,18.183195310245306
james-tavernier,2026-02-11 20:00:00+00:00,87.6,33.3,61.369217947330434
james-tavernier,2026-02-15 16:30:00+00:00,33.3,100.0,59.30469067460321
james-tavernier,2026-02-22 15:00:00+00:00,100.0,0.0,58.09953163086911
james-tavernier,2026-03-01 12:00:00+00:00,0.0,87.5,59.6125927322677
james-tavernier,2026-03-15 12:00:00+00:00,87.5,82.5,58.093516505716515
james-tavernier,2026-03-21 17:45:00+00:00,82.5,31.6,63.660541114441095
james-tavernier,2026-04-04 14:00:00+00:00,31.6,16.0,59.01321125541122
james-tavernier,2026-04-12 11:00:00+00:00,16.0,45.8,60.71582097763346
james-tavernier,2026-04-26 14:00:00+00:00,45.8,45.0,63.566251724664234
james-tavernier,2026-05-04 16:30:00+00:00,45.0,18.6,59.42765943500945
james-tavernier,2026-05-10 11:00:00+00:00,18.6,0.0,67.54584774392274
james-tavernier,2026-05-13 19:00:00+00:00,0.0,0.0,44.76840510461759
jan-bednarek,2026-02-09 20:45:00+00:00,100.0,77.1,54.030539398101894
jan-bednarek,2026-02-15 15:30:00+00:00,77.1,68.1,36.47236755050505
jan-bednarek,2026-02-22 20:30:00+00:00,68.1,64.7,54.93834424603172
jan-bednarek,2026-02-27 18:45:00+00:00,64.7,44.1,43.07529309163056
jan-bednarek,2026-03-08 18:00:00+00:00,44.1,24.7,51.65755258769005
jan-bednarek,2026-03-12 17:45:00+00:00,24.7,73.5,50.453347709235196
jan-bednarek,2026-03-15 20:30:00+00:00,73.5,62.1,48.958770260988985
jan-bednarek,2026-03-19 20:00:00+00:00,62.1,52.5,48.075009519647004
jan-bednarek,2026-03-22 20:30:00+00:00,52.5,57.3,44.72337244699745
jan-bednarek,2026-03-26 19:45:00+00:00,57.3,37.5,46.04490777833279
jan-bednarek,2026-03-31 18:45:00+00:00,37.5,43.0,53.062933744033735
jan-bednarek,2026-04-04 19:30:00+00:00,43.0,54.9,46.725996749084224
jan-bednarek,2026-04-09 19:00:00+00:00,54.9,64.1,47.09259443056944
jan-bednarek,2026-04-12 19:30:00+00:00,64.1,12.6,52.95367918886674
jan-bednarek,2026-04-16 19:00:00+00:00,12.6,87.5,45.96786957486959
jan-bednarek,2026-04-19 19:30:00+00:00,87.5,38.7,44.08613343739591
jan-bednarek,2026-04-26 17:00:00+00:00,38.7,100.0,55.22912445887447
jan-bednarek,2026-05-02 19:30:00+00:00,100.0,0.0,50.278038852813836
jan-bednarek,2026-05-10 17:00:00+00:00,0.0,68.9,45.430555520868026
jannik-schuster-2006-05-16,2026-02-15 13:30:00+00:00,0.0,0.0,14.372716407203907
jannik-schuster-2006-05-16,2026-02-22 16:00:00+00:00,0.0,0.0,14.372716407203907
jannik-schuster-2006-05-16,2026-03-01 16:00:00+00:00,0.0,57.6,14.372716407203907
jannik-schuster-2006-05-16,2026-03-08 16:00:00+00:00,57.6,48.9,20.26113569624819
jannik-schuster-2006-05-16,2026-03-15 13:30:00+00:00,48.9,49.6,14.17648347069597
jannik-schuster-2006-05-16,2026-03-20 18:30:00+00:00,49.6,52.7,15.371559920634917
jannik-schuster-2006-05-16,2026-04-05 12:30:00+00:00,52.7,36.6,26.31587371933624
jannik-schuster-2006-05-16,2026-04-10 17:30:00+00:00,36.6,53.0,25.844958225108204
jannik-schuster-2006-05-16,2026-04-19 12:30:00+00:00,53.0,100.0,30.14224864163616
jannik-schuster-2006-05-16,2026-04-22 16:30:00+00:00,100.0,38.3,24.212882233044724
jannik-schuster-2006-05-16,2026-04-26 12:30:00+00:00,38.3,58.4,40.33013125901877
jannik-schuster-2006-05-16,2026-05-03 15:00:00+00:00,58.4,81.2,34.66054190115441
jannik-schuster-2006-05-16,2026-05-10 15:00:00+00:00,81.2,0.0,35.64024951298702
jayden-meghoma,2026-02-11 20:00:00+00:00,43.6,0.0,41.83590236291486
jayden-meghoma,2026-02-15 16:30:00+00:00,0.0,0.0,39.29057485708736
jayden-meghoma,2026-02-22 15:00:00+00:00,0.0,0.0,37.468036183261205
jayden-meghoma,2026-03-01 12:00:00+00:00,0.0,31.5,32.38411235569986
jayden-meghoma,2026-03-15 12:00:00+00:00,31.5,31.1,32.01021771284272
jayden-meghoma,2026-03-21 17:45:00+00:00,31.1,37.0,20.25837182539681
jayden-meghoma,2026-04-04 14:00:00+00:00,37.0,20.3,12.15470912698412
jayden-meghoma,2026-04-12 11:00:00+00:00,20.3,35.9,36.15354880119883
jayden-meghoma,2026-04-26 14:00:00+00:00,35.9,0.0,30.66789148906651
jayden-meghoma,2026-05-04 16:30:00+00:00,0.0,0.0,34.674663496226
jayden-meghoma,2026-05-10 11:00:00+00:00,0.0,35.6,25.686413275613287
jayden-meghoma,2026-05-13 19:00:00+00:00,35.6,0.0,22.555245490620493
jayden-oosterwolde,2026-02-09 17:00:00+00:00,32.1,22.8,39.780179581529616
jayden-oosterwolde,2026-02-14 17:00:00+00:00,22.8,37.0,40.55497160894662
jayden-oosterwolde,2026-02-19 17:45:00+00:00,37.0,47.0,30.081222817460322
jayden-oosterwolde,2026-02-23 17:00:00+00:00,47.0,0.0,37.672373665223674
jayden-oosterwolde,2026-02-26 20:00:00+00:00,0.0,36.8,35.46373874458877
jayden-oosterwolde,2026-03-01 17:00:00+00:00,36.8,18.1,38.56594871933622
jayden-oosterwolde,2026-03-08 17:00:00+00:00,18.1,45.6,36.75462927489176
jayden-oosterwolde,2026-03-13 17:00:00+00:00,45.6,56.7,39.85072049062049
jayden-oosterwolde,2026-03-17 17:00:00+00:00,56.7,69.1,35.50805360750359
jayden-oosterwolde,2026-04-05 17:00:00+00:00,69.1,58.2,40.520989844877334
jayden-oosterwolde,2026-04-11 17:00:00+00:00,58.2,0.0,39.876182323232314
jayden-oosterwolde,2026-04-17 17:00:00+00:00,0.0,10.3,35.849085317460315
jayden-oosterwolde,2026-04-26 17:00:00+00:00,10.3,39.6,39.841790476190454
jayden-oosterwolde,2026-05-02 17:00:00+00:00,39.6,58.9,31.828951685895795
jayden-oosterwolde,2026-05-09 17:00:00+00:00,58.9,19.5,35.223605357142866
jean-baptiste-gorby,2026-02-08 18:00:00+00:00,0.0,0.0,0.0
jean-baptiste-gorby,2026-02-14 20:30:00+00:00,0.0,0.0,0.0
jean-baptiste-gorby,2026-02-21 20:30:00+00:00,0.0,0.0,0.0
jean-baptiste-gorby,2026-02-28 18:00:00+00:00,0.0,0.0,0.0
jean-baptiste-gorby,2026-03-07 18:00:00+00:00,0.0,0.0,0.0
jean-baptiste-gorby,2026-03-12 20:00:00+00:00,0.0,0.0,0.0
jean-baptiste-gorby,2026-03-18 15:30:00+00:00,0.0,0.0,0.0
jean-baptiste-gorby,2026-03-22 20:30:00+00:00,0.0,0.0,0.0
jean-baptiste-gorby,2026-04-04 17:00:00+00:00,0.0,0.0,0.0
jean-baptiste-gorby,2026-04-08 16:45:00+00:00,0.0,0.0,0.0
jean-baptiste-gorby,2026-04-12 17:00:00+00:00,0.0,0.0,0.0
jean-baptiste-gorby,2026-04-16 19:00:00+00:00,0.0,0.0,0.0
jean-baptiste-gorby,2026-04-19 19:30:00+00:00,0.0,0.0,0.0
jean-baptiste-gorby,2026-04-23 18:00:00+00:00,0.0,0.0,0.0
jean-baptiste-gorby,2026-04-26 17:00:00+00:00,0.0,0.0,0.0
jean-baptiste-gorby,2026-04-30 19:00:00+00:00,0.0,0.0,0.0
jean-baptiste-gorby,2026-05-03 17:00:00+00:00,0.0,0.0,0.0
jean-baptiste-gorby,2026-05-07 19:00:00+00:00,0.0,0.0,0.0
jean-baptiste-gorby,2026-05-11 19:15:00+00:00,0.0,0.0,0.0
jean-baptiste-gorby-2002-07-25,2026-02-08 18:00:00+00:00,0.0,0.0,37.5054810064935
jean-baptiste-gorby-2002-07-25,2026-02-14 20:30:00+00:00,0.0,0.0,35.055128633866154
jean-baptiste-gorby-2002-07-25,2026-02-21 20:30:00+00:00,0.0,0.0,39.07527700216452
jean-baptiste-gorby-2002-07-25,2026-02-28 18:00:00+00:00,0.0,41.7,19.498976044788545
jean-baptiste-gorby-2002-07-25,2026-03-07 18:00:00+00:00,41.7,31.7,23.882024618437118
jean-baptiste-gorby-2002-07-25,2026-03-12 20:00:00+00:00,31.7,34.4,23.098431331168836
jean-baptiste-gorby-2002-07-25,2026-03-18 15:30:00+00:00,34.4,30.8,28.369090115440123
jean-baptiste-gorby-2002-07-25,2026-03-22 20:30:00+00:00,30.8,42.7,16.731096608946608
jean-baptiste-gorby-2002-07-25,2026-04-04 17:00:00+00:00,42.7,28.3,37.729572222222245
jean-baptiste-gorby-2002-07-25,2026-04-08 16:45:00+00:00,28.3,34.2,38.946209595959594
jean-baptiste-gorby-2002-07-25,2026-04-12 17:00:00+00:00,34.2,45.9,42.779387716450216
jean-baptiste-gorby-2002-07-25,2026-04-16 19:00:00+00:00,45.9,41.5,41.11016123737376
jean-baptiste-gorby-2002-07-25,2026-04-19 19:30:00+00:00,41.5,48.7,39.795095003607514
jean-baptiste-gorby-2002-07-25,2026-04-23 18:00:00+00:00,48.7,26.2,40.20315946969698
jean-baptiste-gorby-2002-07-25,2026-04-26 17:00:00+00:00,26.2,38.5,33.9219175865801
jean-baptiste-gorby-2002-07-25,2026-04-30 19:00:00+00:00,38.5,0.0,40.557384217171716
jean-baptiste-gorby-2002-07-25,2026-05-03 17:00:00+00:00,0.0,37.5,36.71201891719393
jean-baptiste-gorby-2002-07-25,2026-05-07 19:00:00+00:00,37.5,66.7,42.238465295815324
jean-baptiste-gorby-2002-07-25,2026-05-11 19:15:00+00:00,66.7,40.9,44.615365771728285
joane-kouakou-gadou,2026-02-15 13:30:00+00:00,60.9,50.0,49.636431872294345
joane-kouakou-gadou,2026-02-22 16:00:00+00:00,50.0,67.2,59.85908580447329
joane-kouakou-gadou,2026-03-01 16:00:00+00:00,67.2,49.7,47.94319552669551
joane-kouakou-gadou,2026-03-08 16:00:00+00:00,49.7,26.2,44.818883338883325
joane-kouakou-gadou,2026-03-15 13:30:00+00:00,26.2,0.0,40.68861418303919
joane-kouakou-gadou,2026-03-20 18:30:00+00:00,0.0,77.9,38.42689603174604
joane-kouakou-gadou,2026-04-05 12:30:00+00:00,77.9,0.0,39.35328169191919
joane-kouakou-gadou,2026-04-10 17:30:00+00:00,0.0,0.0,42.31966886724386
joane-kouakou-gadou,2026-04-19 12:30:00+00:00,0.0,0.0,31.010817471417468
joane-kouakou-gadou,2026-04-22 16:30:00+00:00,0.0,0.0,33.28249567099568
joane-kouakou-gadou,2026-04-26 12:30:00+00:00,0.0,0.0,33.2652138958264
joane-kouakou-gadou,2026-05-03 15:00:00+00:00,0.0,0.0,33.56294966422468
joane-kouakou-gadou,2026-05-10 15:00:00+00:00,0.0,0.0,14.804808043345545
joao-antonio-nascimento-muniz,2026-02-09 20:45:00+00:00,0.0,0.0,5.351030943529277
joao-antonio-nascimento-muniz,2026-02-15 20:30:00+00:00,0.0,0.0,5.351030943529277
joao-antonio-nascimento-muniz,2026-02-21 18:00:00+00:00,0.0,0.0,5.351030943529277
joao-antonio-nascimento-muniz,2026-02-27 20:45:00+00:00,0.0,0.0,5.351030943529277
joao-antonio-nascimento-muniz,2026-03-07 18:00:00+00:00,0.0,0.0,5.351030943529277
joao-antonio-nascimento-muniz,2026-03-11 20:00:00+00:00,0.0,0.0,5.351030943529277
joao-antonio-nascimento-muniz,2026-03-17 17:45:00+00:00,0.0,0.0,5.351030943529277
joao-antonio-nascimento-muniz,2026-03-22 18:00:00+00:00,0.0,0.0,5.351030943529277
joao-antonio-nascimento-muniz,2026-04-03 19:30:00+00:00,0.0,0.0,5.351030943529277
joao-antonio-nascimento-muniz,2026-04-07 19:00:00+00:00,0.0,0.0,5.351030943529277
joao-antonio-nascimento-muniz,2026-04-11 19:30:00+00:00,0.0,0.0,5.351030943529277
joao-antonio-nascimento-muniz,2026-04-15 19:00:00+00:00,0.0,0.0,5.351030943529277
joao-antonio-nascimento-muniz,2026-04-19 17:15:00+00:00,0.0,0.0,5.351030943529277
joao-antonio-nascimento-muniz,2026-04-26 19:30:00+00:00,0.0,0.0,5.351030943529277
joao-antonio-nascimento-muniz,2026-04-29 19:15:00+00:00,0.0,0.0,5.351030943529277
joao-antonio-nascimento-muniz,2026-05-04 19:15:00+00:00,0.0,0.0,5.351030943529277
joao-antonio-nascimento-muniz,2026-05-11 19:15:00+00:00,0.0,0.0,5.351030943529277
joao-carvalho-da-fonseca,2026-02-08 20:30:00+00:00,0.0,0.0,0.0
joao-carvalho-da-fonseca,2026-02-13 18:30:00+00:00,0.0,0.0,0.0
joao-carvalho-da-fonseca,2026-02-17 20:00:00+00:00,0.0,0.0,0.0
joao-carvalho-da-fonseca,2026-02-21 18:00:00+00:00,0.0,0.0,0.0
joao-carvalho-da-fonseca,2026-02-25 20:00:00+00:00,0.0,0.0,0.0
joao-carvalho-da-fonseca,2026-03-02 20:15:00+00:00,0.0,0.0,0.0
joao-carvalho-da-fonseca,2026-03-08 18:00:00+00:00,0.0,0.0,0.0
joao-carvalho-da-fonseca,2026-03-14 20:30:00+00:00,0.0,0.0,0.0
joao-carvalho-da-fonseca,2026-03-21 18:00:00+00:00,0.0,0.0,0.0
joao-carvalho-da-fonseca,2026-04-06 19:45:00+00:00,0.0,0.0,0.0
joao-carvalho-da-fonseca,2026-04-12 17:00:00+00:00,0.0,0.0,0.0
joao-carvalho-da-fonseca,2026-04-19 17:15:00+00:00,0.0,0.0,0.0
joao-carvalho-da-fonseca,2026-04-25 17:00:00+00:00,0.0,0.0,0.0
joao-carvalho-da-fonseca,2026-05-02 17:00:00+00:00,0.0,0.0,0.0
joao-carvalho-da-fonseca,2026-05-11 19:15:00+00:00,0.0,0.0,0.0
joao-filipe-iria-santos-moutinho,2026-02-08 18:00:00+00:00,84.0,36.6,36.564026483239
joao-filipe-iria-santos-moutinho,2026-02-14 20:30:00+00:00,36.6,40.0,38.5817934163059
joao-filipe-iria-santos-moutinho,2026-02-21 20:30:00+00:00,40.0,45.6,39.88082030747031
joao-filipe-iria-santos-moutinho,2026-02-28 18:00:00+00:00,45.6,49.8,44.49720977217228
joao-filipe-iria-santos-moutinho,2026-03-07 18:00:00+00:00,49.8,48.9,39.66609748723498
joao-filipe-iria-santos-moutinho,2026-03-12 20:00:00+00:00,48.9,38.0,46.47810855810856
joao-filipe-iria-santos-moutinho,2026-03-18 15:30:00+00:00,38.0,40.9,47.91517342657338
joao-filipe-iria-santos-moutinho,2026-03-22 20:30:00+00:00,40.9,59.6,42.23018809523809
joao-filipe-iria-santos-moutinho,2026-04-04 17:00:00+00:00,59.6,46.8,48.43502489732487
joao-filipe-iria-santos-moutinho,2026-04-08 16:45:00+00:00,46.8,51.4,45.772986678599175
joao-filipe-iria-santos-moutinho,2026-04-12 17:00:00+00:00,51.4,41.3,42.88127794844043
joao-filipe-iria-santos-moutinho,2026-04-16 19:00:00+00:00,41.3,38.8,45.98957765151516
joao-filipe-iria-santos-moutinho,2026-04-19 19:30:00+00:00,38.8,58.5,41.618255934343416
joao-filipe-iria-santos-moutinho,2026-04-23 18:00:00+00:00,58.5,0.0,48.88784691558443
joao-filipe-iria-santos-moutinho,2026-04-26 17:00:00+00:00,0.0,51.3,44.05682142857143
joao-filipe-iria-santos-moutinho,2026-04-30 19:00:00+00:00,51.3,41.2,31.403998953823947
joao-filipe-iria-santos-moutinho,2026-05-03 17:00:00+00:00,41.2,50.5,43.93557345848594
joao-filipe-iria-santos-moutinho,2026-05-07 19:00:00+00:00,50.5,9.8,39.52964101037852
joao-filipe-iria-santos-moutinho,2026-05-11 19:15:00+00:00,9.8,56.9,45.59259129481632
joao-goncalo-carapinha-carvalho,2026-02-08 18:00:00+00:00,0.0,0.0,0.0
joao-goncalo-carapinha-carvalho,2026-02-14 20:30:00+00:00,0.0,0.0,0.0
joao-goncalo-carapinha-carvalho,2026-02-21 20:30:00+00:00,0.0,0.0,0.0
joao-goncalo-carapinha-carvalho,2026-02-28 18:00:00+00:00,0.0,0.0,0.0
joao-goncalo-carapinha-carvalho,2026-03-07 18:00:00+00:00,0.0,0.0,0.0
joao-goncalo-carapinha-carvalho,2026-03-12 20:00:00+00:00,0.0,0.0,0.0
joao-goncalo-carapinha-carvalho,2026-03-18 15:30:00+00:00,0.0,0.0,0.0
joao-goncalo-carapinha-carvalho,2026-03-22 20:30:00+00:00,0.0,0.0,0.0
joao-goncalo-carapinha-carvalho,2026-04-04 17:00:00+00:00,0.0,0.0,0.0
joao-goncalo-carapinha-carvalho,2026-04-08 16:45:00+00:00,0.0,0.0,0.0
joao-goncalo-carapinha-carvalho,2026-04-12 17:00:00+00:00,0.0,0.0,0.0
joao-goncalo-carapinha-carvalho,2026-04-16 19:00:00+00:00,0.0,0.0,0.0
joao-goncalo-carapinha-carvalho,2026-04-19 19:30:00+00:00,0.0,0.0,0.0
joao-goncalo-carapinha-carvalho,2026-04-23 18:00:00+00:00,0.0,0.0,0.0
joao-goncalo-carapinha-carvalho,2026-04-26 17:00:00+00:00,0.0,0.0,0.0
joao-goncalo-carapinha-carvalho,2026-04-30 19:00:00+00:00,0.0,0.0,0.0
joao-goncalo-carapinha-carvalho,2026-05-03 17:00:00+00:00,0.0,0.0,0.0
joao-goncalo-carapinha-carvalho,2026-05-07 19:00:00+00:00,0.0,0.0,0.0
joao-goncalo-carapinha-carvalho,2026-05-11 19:15:00+00:00,0.0,30.8,0.0
joao-manuel-neves-virginia,2026-02-09 20:45:00+00:00,0.0,0.0,1.8454385281153651
joao-manuel-neves-virginia,2026-02-15 20:30:00+00:00,0.0,0.0,1.8454385281153651
joao-manuel-neves-virginia,2026-02-21 18:00:00+00:00,0.0,0.0,1.8454385281153651
joao-manuel-neves-virginia,2026-02-27 20:45:00+00:00,0.0,0.0,1.8454385281153651
joao-manuel-neves-virginia,2026-03-07 18:00:00+00:00,0.0,0.0,1.8454385281153651
joao-manuel-neves-virginia,2026-03-11 20:00:00+00:00,0.0,0.0,1.8454385281153651
joao-manuel-neves-virginia,2026-03-17 17:45:00+00:00,0.0,0.0,1.8454385281153651
joao-manuel-neves-virginia,2026-03-22 18:00:00+00:00,0.0,0.0,1.8454385281153651
joao-manuel-neves-virginia,2026-04-03 19:30:00+00:00,0.0,0.0,1.8454385281153651
joao-manuel-neves-virginia,2026-04-07 19:00:00+00:00,0.0,0.0,1.8454385281153651
joao-manuel-neves-virginia,2026-04-11 19:30:00+00:00,0.0,0.0,1.8454385281153651
joao-manuel-neves-virginia,2026-04-15 19:00:00+00:00,0.0,0.0,1.8454385281153651
joao-manuel-neves-virginia,2026-04-19 17:15:00+00:00,0.0,0.0,1.8454385281153651
joao-manuel-neves-virginia,2026-04-26 19:30:00+00:00,0.0,0.0,1.8454385281153651
joao-manuel-neves-virginia,2026-04-29 19:15:00+00:00,0.0,0.0,1.8454385281153651
joao-manuel-neves-virginia,2026-05-04 19:15:00+00:00,0.0,0.0,1.8454385281153651
joao-manuel-neves-virginia,2026-05-11 19:15:00+00:00,0.0,0.0,1.8454385281153651
joao-miguel-costa-nogueira,2026-02-14 18:00:00+00:00,0.0,0.0,7.3479106185481164
joao-miguel-costa-nogueira,2026-02-21 20:30:00+00:00,0.0,0.0,8.18810941003441
joao-miguel-costa-nogueira,2026-02-28 20:30:00+00:00,0.0,0.0,23.35815048146299
joao-miguel-costa-nogueira,2026-03-08 20:30:00+00:00,0.0,36.5,23.35815048146299
joao-miguel-costa-nogueira,2026-03-14 15:30:00+00:00,36.5,37.4,23.35815048146299
joao-miguel-costa-nogueira,2026-03-21 18:00:00+00:00,37.4,64.2,14.865453751803754
joao-miguel-costa-nogueira,2026-04-03 17:00:00+00:00,64.2,33.0,27.849571572871564
joao-miguel-costa-nogueira,2026-04-11 14:30:00+00:00,33.0,39.2,28.660833508158507
joao-miguel-costa-nogueira,2026-04-18 19:30:00+00:00,39.2,36.6,34.21641170634919
joao-miguel-costa-nogueira,2026-04-25 19:30:00+00:00,36.6,48.8,27.153351028138538
joao-miguel-costa-nogueira,2026-05-04 19:15:00+00:00,48.8,38.4,26.418719678932185
joao-miguel-costa-nogueira,2026-05-11 19:15:00+00:00,38.4,33.3,29.744138600288608
joao-miguel-fins-veloso,2026-02-08 20:30:00+00:00,0.0,0.0,4.320596418858919
joao-miguel-fins-veloso,2026-02-13 18:30:00+00:00,0.0,0.0,4.320596418858919
joao-miguel-fins-veloso,2026-02-17 20:00:00+00:00,0.0,0.0,4.320596418858919
joao-miguel-fins-veloso,2026-02-21 18:00:00+00:00,0.0,0.0,4.320596418858919
joao-miguel-fins-veloso,2026-02-25 20:00:00+00:00,0.0,0.0,4.320596418858919
joao-miguel-fins-veloso,2026-03-02 20:15:00+00:00,0.0,0.0,4.320596418858919
joao-miguel-fins-veloso,2026-03-08 18:00:00+00:00,0.0,0.0,4.320596418858919
joao-miguel-fins-veloso,2026-03-14 20:30:00+00:00,0.0,0.0,4.320596418858919
joao-miguel-fins-veloso,2026-03-21 18:00:00+00:00,0.0,0.0,4.320596418858919
joao-miguel-fins-veloso,2026-04-06 19:45:00+00:00,0.0,0.0,4.320596418858919
joao-miguel-fins-veloso,2026-04-12 17:00:00+00:00,0.0,0.0,4.320596418858919
joao-miguel-fins-veloso,2026-04-19 17:15:00+00:00,0.0,0.0,4.320596418858919
joao-miguel-fins-veloso,2026-04-25 17:00:00+00:00,0.0,0.0,4.320596418858919
joao-miguel-fins-veloso,2026-05-02 17:00:00+00:00,0.0,0.0,4.320596418858919
joao-miguel-fins-veloso,2026-05-11 19:15:00+00:00,0.0,0.0,4.320596418858919
joao-miguel-teixeira-mendes,2026-02-14 18:00:00+00:00,100.0,22.3,47.10080646298145
joao-miguel-teixeira-mendes,2026-02-21 20:30:00+00:00,22.3,42.4,38.25510018037521
joao-miguel-teixeira-mendes,2026-02-28 20:30:00+00:00,42.4,25.5,32.996733784271285
joao-miguel-teixeira-mendes,2026-03-08 20:30:00+00:00,25.5,28.7,33.119902579365075
joao-miguel-teixeira-mendes,2026-03-14 15:30:00+00:00,28.7,52.9,42.599677813852786
joao-miguel-teixeira-mendes,2026-03-21 18:00:00+00:00,52.9,77.1,44.77105297619047
joao-miguel-teixeira-mendes,2026-04-03 17:00:00+00:00,77.1,36.8,36.83692103174603
joao-miguel-teixeira-mendes,2026-04-11 14:30:00+00:00,36.8,69.1,42.20958317099566
joao-miguel-teixeira-mendes,2026-04-18 19:30:00+00:00,69.1,51.1,43.90255272366521
joao-miguel-teixeira-mendes,2026-04-25 19:30:00+00:00,51.1,17.3,30.37958048340547
joao-miguel-teixeira-mendes,2026-05-04 19:15:00+00:00,17.3,0.0,38.72715627428126
joao-miguel-teixeira-mendes,2026-05-11 19:15:00+00:00,0.0,0.0,37.83784725829727
joao-paulo-santos-da-costa,2026-02-09 20:45:00+00:00,0.0,0.0,7.155621239221279
joao-paulo-santos-da-costa,2026-02-15 15:30:00+00:00,0.0,0.0,7.155621239221279
joao-paulo-santos-da-costa,2026-02-22 20:30:00+00:00,0.0,0.0,7.155621239221279
joao-paulo-santos-da-costa,2026-02-27 18:45:00+00:00,0.0,0.0,7.155621239221279
joao-paulo-santos-da-costa,2026-03-08 18:00:00+00:00,0.0,0.0,7.155621239221279
joao-paulo-santos-da-costa,2026-03-12 17:45:00+00:00,0.0,0.0,7.155621239221279
joao-paulo-santos-da-costa,2026-03-15 20:30:00+00:00,0.0,0.0,7.155621239221279
joao-paulo-santos-da-costa,2026-03-19 20:00:00+00:00,0.0,0.0,7.155621239221279
joao-paulo-santos-da-costa,2026-03-22 20:30:00+00:00,0.0,0.0,7.155621239221279
joao-paulo-santos-da-costa,2026-04-04 19:30:00+00:00,0.0,0.0,7.155621239221279
joao-paulo-santos-da-costa,2026-04-09 19:00:00+00:00,0.0,0.0,7.155621239221279
joao-paulo-santos-da-costa,2026-04-12 19:30:00+00:00,0.0,0.0,7.155621239221279
joao-paulo-santos-da-costa,2026-04-16 19:00:00+00:00,0.0,0.0,7.155621239221279
joao-paulo-santos-da-costa,2026-04-19 19:30:00+00:00,0.0,0.0,7.155621239221279
joao-paulo-santos-da-costa,2026-04-26 17:00:00+00:00,0.0,0.0,7.155621239221279
joao-paulo-santos-da-costa,2026-05-02 19:30:00+00:00,0.0,0.0,7.155621239221279
joao-paulo-santos-da-costa,2026-05-10 17:00:00+00:00,0.0,34.0,7.155621239221279
joao-pedro-arnauth-barrocas-simoes,2026-02-09 20:45:00+00:00,0.0,34.6,36.704692730880225
joao-pedro-arnauth-barrocas-simoes,2026-02-15 20:30:00+00:00,34.6,33.9,26.179589484126993
joao-pedro-arnauth-barrocas-simoes,2026-02-21 18:00:00+00:00,33.9,36.9,25.631156349206353
joao-pedro-arnauth-barrocas-simoes,2026-02-27 20:45:00+00:00,36.9,31.1,25.837016269841275
joao-pedro-arnauth-barrocas-simoes,2026-03-07 18:00:00+00:00,31.1,39.9,30.214423953823967
joao-pedro-arnauth-barrocas-simoes,2026-03-11 20:00:00+00:00,39.9,0.0,31.44958452380953
joao-pedro-arnauth-barrocas-simoes,2026-03-17 17:45:00+00:00,0.0,0.0,36.04762860750362
joao-pedro-arnauth-barrocas-simoes,2026-03-22 18:00:00+00:00,0.0,23.6,28.229329130591655
joao-pedro-arnauth-barrocas-simoes,2026-04-03 19:30:00+00:00,23.6,37.5,22.599147922910415
joao-pedro-arnauth-barrocas-simoes,2026-04-07 19:00:00+00:00,37.5,0.0,21.9696192973693
joao-pedro-arnauth-barrocas-simoes,2026-04-11 19:30:00+00:00,0.0,47.7,18.393274456099448
joao-pedro-arnauth-barrocas-simoes,2026-04-15 19:00:00+00:00,47.7,0.0,16.607124855699862
joao-pedro-arnauth-barrocas-simoes,2026-04-19 17:15:00+00:00,0.0,0.0,29.76711156621155
joao-pedro-arnauth-barrocas-simoes,2026-04-26 19:30:00+00:00,0.0,0.0,31.462524512987006
joao-pedro-arnauth-barrocas-simoes,2026-04-29 19:15:00+00:00,0.0,0.0,27.86745514069263
joao-pedro-arnauth-barrocas-simoes,2026-05-04 19:15:00+00:00,0.0,0.0,12.491565638528138
joao-pedro-arnauth-barrocas-simoes,2026-05-11 19:15:00+00:00,0.0,0.0,12.491565638528138
joao-pedro-ferreira-silva,2026-02-08 17:00:00+00:00,0.0,0.0,22.596590800865812
joao-pedro-ferreira-silva,2026-02-15 17:00:00+00:00,0.0,0.0,22.71773865440116
joao-pedro-ferreira-silva,2026-02-22 17:00:00+00:00,0.0,36.0,22.71773865440116
joao-pedro-ferreira-silva,2026-02-28 13:00:00+00:00,36.0,0.0,35.59336551504051
joao-pedro-ferreira-silva,2026-03-07 17:00:00+00:00,0.0,29.3,25.02119698773449
joao-pedro-ferreira-silva,2026-03-15 17:00:00+00:00,29.3,0.0,17.2863258033633
joao-pedro-ferreira-silva,2026-03-19 17:00:00+00:00,0.0,0.0,23.289193657731158
joao-pedro-ferreira-silva,2026-04-05 17:00:00+00:00,0.0,66.8,16.784579130591634
joao-pedro-ferreira-silva,2026-04-10 17:00:00+00:00,66.8,43.2,17.460257900432904
joao-pedro-ferreira-silva,2026-04-19 14:00:00+00:00,43.2,0.0,45.53359471500723
joao-pedro-ferreira-silva,2026-04-27 17:00:00+00:00,0.0,71.0,37.51757011183259
joao-pedro-ferreira-silva,2026-05-01 17:00:00+00:00,71.0,38.8,44.77368059163061
joao-pedro-ferreira-silva,2026-05-09 17:00:00+00:00,38.8,86.2,34.67662784992785
joao-pedro-moreira-teixeira,2026-02-09 20:45:00+00:00,0.0,0.0,0.0
joao-pedro-moreira-teixeira,2026-02-15 15:30:00+00:00,0.0,0.0,0.0
joao-pedro-moreira-teixeira,2026-02-22 20:30:00+00:00,0.0,0.0,0.0
joao-pedro-moreira-teixeira,2026-02-27 18:45:00+00:00,0.0,0.0,0.0
joao-pedro-moreira-teixeira,2026-03-08 18:00:00+00:00,0.0,0.0,0.0
joao-pedro-moreira-teixeira,2026-03-12 17:45:00+00:00,0.0,0.0,0.0
joao-pedro-moreira-teixeira,2026-03-15 20:30:00+00:00,0.0,0.0,0.0
joao-pedro-moreira-teixeira,2026-03-19 20:00:00+00:00,0.0,0.0,0.0
joao-pedro-moreira-teixeira,2026-03-22 20:30:00+00:00,0.0,0.0,0.0
joao-pedro-moreira-teixeira,2026-04-04 19:30:00+00:00,0.0,0.0,0.0
joao-pedro-moreira-teixeira,2026-04-09 19:00:00+00:00,0.0,0.0,0.0
joao-pedro-moreira-teixeira,2026-04-12 19:30:00+00:00,0.0,0.0,0.0
joao-pedro-moreira-teixeira,2026-04-16 19:00:00+00:00,0.0,0.0,0.0
joao-pedro-moreira-teixeira,2026-04-19 19:30:00+00:00,0.0,0.0,0.0
joao-pedro-moreira-teixeira,2026-04-26 17:00:00+00:00,0.0,0.0,0.0
joao-pedro-moreira-teixeira,2026-05-02 19:30:00+00:00,0.0,0.0,0.0
joao-pedro-moreira-teixeira,2026-05-10 17:00:00+00:00,0.0,0.0,0.0
joao-pedro-neves-filipe,2026-02-11 19:45:00+00:00,0.0,0.0,1.2830917463187541
joao-pedro-neves-filipe,2026-02-15 14:00:00+00:00,0.0,0.0,1.2830917463187541
joao-pedro-neves-filipe,2026-02-19 20:00:00+00:00,0.0,0.0,1.2830917463187541
joao-pedro-neves-filipe,2026-02-22 15:00:00+00:00,0.0,0.0,1.2830917463187541
joao-pedro-neves-filipe,2026-02-26 17:45:00+00:00,0.0,0.0,1.2830917463187541
joao-pedro-neves-filipe,2026-03-01 12:00:00+00:00,0.0,0.0,1.2830917463187541
joao-pedro-neves-filipe,2026-03-04 20:00:00+00:00,0.0,0.0,1.2830917463187541
joao-pedro-neves-filipe,2026-03-14 15:00:00+00:00,0.0,0.0,1.2830917463187541
joao-pedro-neves-filipe,2026-03-22 12:30:00+00:00,0.0,0.0,1.2830917463187541
joao-pedro-neves-filipe,2026-04-05 15:30:00+00:00,0.0,0.0,1.2830917463187541
joao-pedro-neves-filipe,2026-04-11 14:00:00+00:00,0.0,0.0,1.2830917463187541
joao-pedro-neves-filipe,2026-04-25 16:30:00+00:00,0.0,0.0,1.2830917463187541
joao-pedro-neves-filipe,2026-05-03 11:00:00+00:00,0.0,0.0,1.2830917463187541
joao-pedro-neves-filipe,2026-05-10 11:00:00+00:00,0.0,0.0,1.2830917463187541
joao-pedro-neves-filipe,2026-05-13 19:00:00+00:00,0.0,0.0,1.2830917463187541
joao-pedro-seno-luis-rego,2026-02-08 20:30:00+00:00,0.0,0.0,16.18718849206349
joao-pedro-seno-luis-rego,2026-02-13 18:30:00+00:00,0.0,0.0,20.01196002886002
joao-pedro-seno-luis-rego,2026-02-17 20:00:00+00:00,0.0,0.0,8.497115422077922
joao-pedro-seno-luis-rego,2026-02-21 18:00:00+00:00,0.0,0.0,8.497115422077922
joao-pedro-seno-luis-rego,2026-02-25 20:00:00+00:00,0.0,0.0,3.352656222943723
joao-pedro-seno-luis-rego,2026-03-02 20:15:00+00:00,0.0,0.0,3.352656222943723
joao-pedro-seno-luis-rego,2026-03-08 18:00:00+00:00,0.0,0.0,3.352656222943723
joao-pedro-seno-luis-rego,2026-03-14 20:30:00+00:00,0.0,0.0,3.352656222943723
joao-pedro-seno-luis-rego,2026-03-21 18:00:00+00:00,0.0,0.0,3.352656222943723
joao-pedro-seno-luis-rego,2026-04-06 19:45:00+00:00,0.0,0.0,3.352656222943723
joao-pedro-seno-luis-rego,2026-04-12 17:00:00+00:00,0.0,0.0,7.188819792707291
joao-pedro-seno-luis-rego,2026-04-19 17:15:00+00:00,0.0,0.0,7.515336603674104
joao-pedro-seno-luis-rego,2026-04-25 17:00:00+00:00,0.0,0.0,2.0292661468433533
joao-pedro-seno-luis-rego,2026-05-02 17:00:00+00:00,0.0,0.0,2.0292661468433533
joao-pedro-seno-luis-rego,2026-05-11 19:15:00+00:00,0.0,0.0,8.373061288268833
joao-sabino-mendes-neto-saraiva,2026-02-09 14:00:00+00:00,43.7,35.5,42.27283285742036
joao-sabino-mendes-neto-saraiva,2026-02-15 14:00:00+00:00,35.5,39.1,38.50535986929735
joao-sabino-mendes-neto-saraiva,2026-02-22 10:30:00+00:00,39.1,46.2,37.06877245670994
joao-sabino-mendes-neto-saraiva,2026-03-01 13:00:00+00:00,46.2,35.1,47.19160564713067
joao-sabino-mendes-neto-saraiva,2026-03-09 17:00:00+00:00,35.1,35.9,42.92277947469197
joao-sabino-mendes-neto-saraiva,2026-03-15 17:00:00+00:00,35.9,43.5,41.296529978354975
joao-sabino-mendes-neto-saraiva,2026-03-19 13:00:00+00:00,43.5,38.4,39.16805820707069
joao-sabino-mendes-neto-saraiva,2026-04-04 11:30:00+00:00,38.4,0.0,41.15687723665224
joao-sabino-mendes-neto-saraiva,2026-04-11 17:00:00+00:00,0.0,0.0,42.52188212620713
joao-sabino-mendes-neto-saraiva,2026-04-20 17:00:00+00:00,0.0,39.7,43.15381857864359
joao-sabino-mendes-neto-saraiva,2026-04-25 14:00:00+00:00,39.7,0.0,27.931284706959694
joao-sabino-mendes-neto-saraiva,2026-05-03 17:00:00+00:00,0.0,37.5,31.049172907647907
joao-sabino-mendes-neto-saraiva,2026-05-09 17:00:00+00:00,37.5,38.2,23.610231764069276
joao-soares-aragao,2026-02-08 18:00:00+00:00,0.0,0.0,4.432751064681792
joao-soares-aragao,2026-02-14 20:30:00+00:00,0.0,0.0,4.432751064681792
joao-soares-aragao,2026-02-21 20:30:00+00:00,0.0,0.0,4.432751064681792
joao-soares-aragao,2026-02-28 18:00:00+00:00,0.0,0.0,4.432751064681792
joao-soares-aragao,2026-03-07 18:00:00+00:00,0.0,0.0,4.432751064681792
joao-soares-aragao,2026-03-12 20:00:00+00:00,0.0,0.0,4.432751064681792
joao-soares-aragao,2026-03-18 15:30:00+00:00,0.0,0.0,4.432751064681792
joao-soares-aragao,2026-03-22 20:30:00+00:00,0.0,0.0,4.432751064681792
joao-soares-aragao,2026-04-04 17:00:00+00:00,0.0,0.0,4.432751064681792
joao-soares-aragao,2026-04-08 16:45:00+00:00,0.0,0.0,4.432751064681792
joao-soares-aragao,2026-04-12 17:00:00+00:00,0.0,0.0,4.432751064681792
joao-soares-aragao,2026-04-16 19:00:00+00:00,0.0,0.0,4.432751064681792
joao-soares-aragao,2026-04-19 19:30:00+00:00,0.0,0.0,4.432751064681792
joao-soares-aragao,2026-04-23 18:00:00+00:00,0.0,0.0,4.432751064681792
joao-soares-aragao,2026-04-26 17:00:00+00:00,0.0,0.0,4.432751064681792
joao-soares-aragao,2026-04-30 19:00:00+00:00,0.0,0.0,4.432751064681792
joao-soares-aragao,2026-05-03 17:00:00+00:00,0.0,0.0,4.432751064681792
joao-soares-aragao,2026-05-07 19:00:00+00:00,0.0,0.0,4.432751064681792
joao-soares-aragao,2026-05-11 19:15:00+00:00,0.0,0.0,4.432751064681792
joao-vasconcelos-faria-goncalves,2026-04-26 17:00:00+00:00,35.8,0.0,4.407494384781885
joao-vasconcelos-faria-goncalves,2026-04-30 19:00:00+00:00,0.0,0.0,0.14923148148148152
joao-vasconcelos-faria-goncalves,2026-05-03 17:00:00+00:00,0.0,0.0,1.09188083184931
joao-vasconcelos-faria-goncalves,2026-05-07 19:00:00+00:00,0.0,0.0,1.09188083184931
joao-vasconcelos-faria-goncalves,2026-05-11 19:15:00+00:00,0.0,0.0,1.09188083184931
joao-victor-matos-ferreira,2026-02-08 18:00:00+00:00,0.0,0.0,0.0
joao-victor-matos-ferreira,2026-02-14 20:30:00+00:00,0.0,0.0,0.0
joao-victor-matos-ferreira,2026-02-21 20:30:00+00:00,0.0,0.0,0.0
joao-victor-matos-ferreira,2026-02-28 18:00:00+00:00,0.0,0.0,0.0
joao-victor-matos-ferreira,2026-03-07 18:00:00+00:00,0.0,0.0,0.0
joao-victor-matos-ferreira,2026-03-12 20:00:00+00:00,0.0,0.0,0.0
joao-victor-matos-ferreira,2026-03-18 15:30:00+00:00,0.0,0.0,0.0
joao-victor-matos-ferreira,2026-03-22 20:30:00+00:00,0.0,0.0,0.0
joao-victor-matos-ferreira,2026-04-04 17:00:00+00:00,0.0,0.0,0.0
joao-victor-matos-ferreira,2026-04-08 16:45:00+00:00,0.0,0.0,0.0
joao-victor-matos-ferreira,2026-04-12 17:00:00+00:00,0.0,0.0,0.0
joao-victor-matos-ferreira,2026-04-16 19:00:00+00:00,0.0,0.0,0.0
joao-victor-matos-ferreira,2026-04-19 19:30:00+00:00,0.0,0.0,0.0
joao-victor-matos-ferreira,2026-04-23 18:00:00+00:00,0.0,0.0,0.0
joao-victor-matos-ferreira,2026-04-26 17:00:00+00:00,0.0,0.0,0.0
joao-victor-matos-ferreira,2026-04-30 19:00:00+00:00,0.0,0.0,0.0
joao-victor-matos-ferreira,2026-05-03 17:00:00+00:00,0.0,0.0,0.0
joao-victor-matos-ferreira,2026-05-07 19:00:00+00:00,0.0,0.0,0.0
joao-victor-matos-ferreira,2026-05-11 19:15:00+00:00,0.0,0.0,0.0
joel-mvuka,2026-02-11 19:45:00+00:00,0.0,0.0,31.041935894660895
joel-mvuka,2026-02-15 14:00:00+00:00,0.0,0.0,32.056929563492076
joel-mvuka,2026-02-19 20:00:00+00:00,0.0,0.0,16.783190449827945
joel-mvuka,2026-02-22 15:00:00+00:00,0.0,0.0,6.981872480297478
joel-mvuka,2026-02-26 17:45:00+00:00,0.0,0.0,6.981872480297478
joel-mvuka,2026-03-01 12:00:00+00:00,0.0,0.0,17.474211603674096
joel-mvuka,2026-03-04 20:00:00+00:00,0.0,0.0,10.98658140886891
joel-mvuka,2026-03-14 15:00:00+00:00,0.0,0.0,10.74140244061494
joel-mvuka,2026-03-22 12:30:00+00:00,0.0,0.0,10.74140244061494
joel-mvuka,2026-04-05 15:30:00+00:00,0.0,0.0,11.130591924741923
joel-mvuka,2026-04-11 14:00:00+00:00,0.0,0.0,12.213020892995889
joel-mvuka,2026-04-25 16:30:00+00:00,0.0,0.0,18.373623291985783
joel-mvuka,2026-05-03 11:00:00+00:00,0.0,0.0,24.940056085581094
joel-mvuka,2026-05-10 11:00:00+00:00,0.0,0.0,28.047682402319925
joel-mvuka,2026-05-13 19:00:00+00:00,0.0,0.0,28.047682402319925
john-olof-mellberg,2026-02-15 13:30:00+00:00,0.0,0.0,5.03331864411498
john-olof-mellberg,2026-02-22 16:00:00+00:00,0.0,0.0,5.03331864411498
john-olof-mellberg,2026-03-01 16:00:00+00:00,0.0,0.0,5.03331864411498
john-olof-mellberg,2026-03-08 16:00:00+00:00,0.0,0.0,5.03331864411498
john-olof-mellberg,2026-03-15 13:30:00+00:00,0.0,0.0,5.03331864411498
john-olof-mellberg,2026-03-20 18:30:00+00:00,0.0,0.0,5.03331864411498
john-olof-mellberg,2026-04-05 12:30:00+00:00,0.0,0.0,5.03331864411498
john-olof-mellberg,2026-04-10 17:30:00+00:00,0.0,0.0,5.03331864411498
john-olof-mellberg,2026-04-19 12:30:00+00:00,0.0,0.0,5.03331864411498
john-olof-mellberg,2026-04-22 16:30:00+00:00,0.0,0.0,5.03331864411498
john-olof-mellberg,2026-04-26 12:30:00+00:00,0.0,0.0,5.03331864411498
john-olof-mellberg,2026-05-03 15:00:00+00:00,0.0,0.0,5.03331864411498
john-olof-mellberg,2026-05-10 15:00:00+00:00,0.0,0.0,5.03331864411498
john-souttar,2026-02-11 20:00:00+00:00,46.7,41.4,44.9800987763054
john-souttar,2026-02-15 16:30:00+00:00,41.4,36.0,55.63556520562771
john-souttar,2026-02-22 15:00:00+00:00,36.0,34.2,42.4668294053169
john-souttar,2026-03-01 12:00:00+00:00,34.2,0.0,48.690054170829164
john-souttar,2026-03-15 12:00:00+00:00,0.0,0.0,40.98574915223664
john-souttar,2026-03-21 17:45:00+00:00,0.0,0.0,45.80237563131313
john-souttar,2026-03-28 17:00:00+00:00,0.0,74.9,35.46758198051948
john-souttar,2026-03-31 18:30:00+00:00,74.9,67.9,33.831307106782106
john-souttar,2026-04-04 14:00:00+00:00,67.9,0.0,35.70014484126984
john-souttar,2026-04-12 11:00:00+00:00,0.0,0.0,46.7933746933622
john-souttar,2026-04-26 14:00:00+00:00,0.0,0.0,44.576859253246745
john-souttar,2026-05-04 16:30:00+00:00,0.0,0.0,44.576859253246745
john-souttar,2026-05-10 11:00:00+00:00,0.0,0.0,44.576859253246745
john-souttar,2026-05-13 19:00:00+00:00,0.0,37.1,33.68181251803751
jonatas-xavier-zamith-oliveira-noro,2026-04-12 17:00:00+00:00,0.0,0.0,0.7868822638452206
jonatas-xavier-zamith-oliveira-noro,2026-04-16 19:00:00+00:00,0.0,0.0,0.7868822638452206
jonatas-xavier-zamith-oliveira-noro,2026-04-19 19:30:00+00:00,0.0,0.0,0.7868822638452206
jonatas-xavier-zamith-oliveira-noro,2026-04-23 18:00:00+00:00,0.0,0.0,0.7868822638452206
jonatas-xavier-zamith-oliveira-noro,2026-04-26 17:00:00+00:00,0.0,0.0,0.7868822638452206
jonatas-xavier-zamith-oliveira-noro,2026-04-30 19:00:00+00:00,0.0,0.0,0.7868822638452206
jonatas-xavier-zamith-oliveira-noro,2026-05-03 17:00:00+00:00,0.0,0.0,0.7868822638452206
jonatas-xavier-zamith-oliveira-noro,2026-05-07 19:00:00+00:00,0.0,0.0,0.7868822638452206
jonatas-xavier-zamith-oliveira-noro,2026-05-11 19:15:00+00:00,0.0,33.4,0.7868822638452206
jose-carlos-natario-ferreira,2026-02-14 20:30:00+00:00,45.3,71.1,36.01944238816738
jose-carlos-natario-ferreira,2026-02-22 18:00:00+00:00,71.1,0.0,34.02435295815297
jose-carlos-natario-ferreira,2026-03-02 20:15:00+00:00,0.0,41.5,30.78415575396825
jose-carlos-natario-ferreira,2026-03-08 15:30:00+00:00,41.5,36.8,32.54469590548341
jose-carlos-natario-ferreira,2026-03-14 18:00:00+00:00,36.8,28.4,35.36668032106782
jose-carlos-natario-ferreira,2026-03-21 18:00:00+00:00,28.4,40.9,34.76169927849928
jose-carlos-natario-ferreira,2026-04-03 14:30:00+00:00,40.9,0.0,27.667534054834068
jose-carlos-natario-ferreira,2026-04-13 19:15:00+00:00,0.0,37.0,25.356453012265515
jose-carlos-natario-ferreira,2026-04-18 19:30:00+00:00,37.0,41.1,27.858212698412693
jose-carlos-natario-ferreira,2026-04-27 19:15:00+00:00,41.1,41.5,25.614473755411268
jose-carlos-natario-ferreira,2026-05-03 19:30:00+00:00,41.5,46.0,25.65755542929293
jose-carlos-natario-ferreira,2026-05-11 19:15:00+00:00,46.0,46.9,24.24191507936509
jose-guilherme-ribeiro,2026-02-14 18:00:00+00:00,0.0,0.0,0.0
jose-guilherme-ribeiro,2026-02-21 20:30:00+00:00,0.0,0.0,0.0
jose-guilherme-ribeiro,2026-02-28 20:30:00+00:00,0.0,0.0,0.0
jose-guilherme-ribeiro,2026-03-08 20:30:00+00:00,0.0,0.0,0.0
jose-guilherme-ribeiro,2026-03-14 15:30:00+00:00,0.0,0.0,0.0
jose-guilherme-ribeiro,2026-03-21 18:00:00+00:00,0.0,0.0,0.0
jose-guilherme-ribeiro,2026-04-03 17:00:00+00:00,0.0,0.0,0.0
jose-guilherme-ribeiro,2026-04-11 14:30:00+00:00,0.0,0.0,0.0
jose-guilherme-ribeiro,2026-04-18 19:30:00+00:00,0.0,0.0,0.0
jose-guilherme-ribeiro,2026-04-25 19:30:00+00:00,0.0,0.0,0.0
jose-guilherme-ribeiro,2026-05-04 19:15:00+00:00,0.0,0.0,0.0
jose-guilherme-ribeiro,2026-05-11 19:15:00+00:00,0.0,0.0,0.0
jose-pedro-formoso-neto,2026-02-08 20:30:00+00:00,0.0,0.0,4.674271703296702
jose-pedro-formoso-neto,2026-02-13 18:30:00+00:00,0.0,0.0,9.108037468087472
jose-pedro-formoso-neto,2026-02-17 20:00:00+00:00,0.0,67.8,13.55195826534577
jose-pedro-formoso-neto,2026-02-21 18:00:00+00:00,67.8,0.0,5.644566486694309
jose-pedro-formoso-neto,2026-02-25 20:00:00+00:00,0.0,0.0,12.81837781385282
jose-pedro-formoso-neto,2026-03-02 20:15:00+00:00,0.0,0.0,15.854951424963923
jose-pedro-formoso-neto,2026-03-08 18:00:00+00:00,0.0,0.0,24.279487265512266
jose-pedro-formoso-neto,2026-03-14 20:30:00+00:00,0.0,0.0,35.03157860750359
jose-pedro-formoso-neto,2026-03-21 18:00:00+00:00,0.0,0.0,35.03157860750359
jose-pedro-formoso-neto,2026-04-06 19:45:00+00:00,0.0,0.0,4.070015361781546
jose-pedro-formoso-neto,2026-04-12 17:00:00+00:00,0.0,0.0,4.070015361781546
jose-pedro-formoso-neto,2026-04-19 17:15:00+00:00,0.0,0.0,4.070015361781546
jose-pedro-formoso-neto,2026-04-25 17:00:00+00:00,0.0,0.0,4.070015361781546
jose-pedro-formoso-neto,2026-05-02 17:00:00+00:00,0.0,0.0,4.070015361781546
jose-pedro-formoso-neto,2026-05-11 19:15:00+00:00,0.0,0.0,4.070015361781546
joseph-haney,2026-02-11 19:45:00+00:00,0.0,0.0,0.0
joseph-haney,2026-02-15 14:00:00+00:00,0.0,0.0,0.0
joseph-haney,2026-02-19 20:00:00+00:00,0.0,0.0,0.0
joseph-haney,2026-02-22 15:00:00+00:00,0.0,0.0,0.0
joseph-haney,2026-02-26 17:45:00+00:00,0.0,0.0,0.0
joseph-haney,2026-03-01 12:00:00+00:00,0.0,0.0,0.0
joseph-haney,2026-03-04 20:00:00+00:00,0.0,0.0,0.0
joseph-haney,2026-03-14 15:00:00+00:00,0.0,0.0,0.0
joseph-haney,2026-03-22 12:30:00+00:00,0.0,0.0,0.0
joseph-haney,2026-04-05 15:30:00+00:00,0.0,0.0,0.0
joseph-haney,2026-04-11 14:00:00+00:00,0.0,0.0,0.0
joseph-haney,2026-04-25 16:30:00+00:00,0.0,0.0,0.0
joseph-haney,2026-05-03 11:00:00+00:00,0.0,0.0,0.0
joseph-haney,2026-05-10 11:00:00+00:00,0.0,0.0,0.0
joseph-haney,2026-05-13 19:00:00+00:00,0.0,0.0,0.0
joshua-clarke,2026-03-26 19:45:00+00:00,0.0,0.0,0.0
joshua-liam-wynder,2026-02-08 20:30:00+00:00,0.0,0.0,0.0
joshua-liam-wynder,2026-02-13 18:30:00+00:00,0.0,0.0,0.0
joshua-liam-wynder,2026-02-17 20:00:00+00:00,0.0,0.0,0.0
joshua-liam-wynder,2026-02-21 18:00:00+00:00,0.0,0.0,0.0
joshua-liam-wynder,2026-02-25 20:00:00+00:00,0.0,0.0,0.0
joshua-liam-wynder,2026-03-02 20:15:00+00:00,0.0,0.0,0.0
joshua-liam-wynder,2026-03-08 18:00:00+00:00,0.0,0.0,0.0
joshua-liam-wynder,2026-03-14 20:30:00+00:00,0.0,0.0,0.0
joshua-liam-wynder,2026-03-21 18:00:00+00:00,0.0,0.0,0.0
joshua-liam-wynder,2026-04-06 19:45:00+00:00,0.0,0.0,0.0
joshua-liam-wynder,2026-04-12 17:00:00+00:00,0.0,0.0,0.0
joshua-liam-wynder,2026-04-19 17:15:00+00:00,0.0,0.0,0.0
joshua-liam-wynder,2026-04-25 17:00:00+00:00,0.0,0.0,0.0
joshua-liam-wynder,2026-05-02 17:00:00+00:00,0.0,0.0,0.0
joshua-liam-wynder,2026-05-11 19:15:00+00:00,0.0,0.0,0.0
juan-diego-castillo-reyes,2026-02-14 18:00:00+00:00,0.0,0.0,19.437513997114
juan-diego-castillo-reyes,2026-02-21 20:30:00+00:00,0.0,0.0,21.10996448412699
juan-diego-castillo-reyes,2026-02-28 20:30:00+00:00,0.0,0.0,25.451052777777786
juan-diego-castillo-reyes,2026-03-08 20:30:00+00:00,0.0,0.0,20.587549801587297
juan-diego-castillo-reyes,2026-03-14 15:30:00+00:00,0.0,0.0,7.910881547619047
juan-diego-castillo-reyes,2026-03-21 18:00:00+00:00,0.0,0.0,3.8187893398268393
juan-diego-castillo-reyes,2026-04-03 17:00:00+00:00,0.0,0.0,4.337006204906205
juan-diego-castillo-reyes,2026-04-11 14:30:00+00:00,0.0,0.0,6.135591003441004
juan-diego-castillo-reyes,2026-04-18 19:30:00+00:00,0.0,0.0,9.610098489010989
juan-diego-castillo-reyes,2026-04-25 19:30:00+00:00,0.0,0.0,9.610098489010989
juan-diego-castillo-reyes,2026-05-04 19:15:00+00:00,0.0,0.0,13.034283878621377
juan-diego-castillo-reyes,2026-05-11 19:15:00+00:00,0.0,0.0,18.537383391608383
julian-araujo,2026-02-11 19:45:00+00:00,44.8,76.5,30.70808487207237
julian-araujo,2026-02-15 14:00:00+00:00,76.5,9.1,18.85811762265513
julian-araujo,2026-02-19 20:00:00+00:00,9.1,59.3,32.35431547619047
julian-araujo,2026-02-22 15:00:00+00:00,59.3,0.0,41.15695021645021
julian-araujo,2026-02-26 17:45:00+00:00,0.0,42.8,39.531710775335775
julian-araujo,2026-03-01 12:00:00+00:00,42.8,70.4,33.74591082251082
julian-araujo,2026-03-04 20:00:00+00:00,70.4,0.0,31.51332812049061
julian-araujo,2026-03-14 15:00:00+00:00,0.0,0.0,25.21826213924963
julian-araujo,2026-03-22 12:30:00+00:00,0.0,0.0,20.794205393217894
julian-araujo,2026-04-05 15:30:00+00:00,0.0,0.0,9.944429022366517
julian-araujo,2026-04-11 14:00:00+00:00,0.0,0.0,10.935706349206349
julian-araujo,2026-04-25 16:30:00+00:00,0.0,0.0,12.851571031746023
julian-araujo,2026-05-03 11:00:00+00:00,0.0,0.0,5.911992261904763
julian-araujo,2026-05-10 11:00:00+00:00,0.0,0.0,6.306216071428572
julian-araujo,2026-05-13 19:00:00+00:00,0.0,0.0,6.306216071428572
junior-chikwubuike-adamu,2026-02-11 19:45:00+00:00,32.4,45.5,22.510258369408383
junior-chikwubuike-adamu,2026-02-15 14:00:00+00:00,45.5,0.0,24.79646756854259
junior-chikwubuike-adamu,2026-02-19 20:00:00+00:00,0.0,0.0,21.561702777777768
junior-chikwubuike-adamu,2026-02-22 15:00:00+00:00,0.0,65.1,22.4833867063492
junior-chikwubuike-adamu,2026-02-26 17:45:00+00:00,65.1,28.7,25.546669516594513
junior-chikwubuike-adamu,2026-03-01 12:00:00+00:00,28.7,0.0,35.12748766233765
junior-chikwubuike-adamu,2026-03-04 20:00:00+00:00,0.0,0.0,33.126245472582966
junior-chikwubuike-adamu,2026-03-14 15:00:00+00:00,0.0,38.7,26.69347377344877
junior-chikwubuike-adamu,2026-03-22 12:30:00+00:00,38.7,0.0,25.468088528138537
junior-chikwubuike-adamu,2026-04-05 15:30:00+00:00,0.0,0.0,28.805329599567113
junior-chikwubuike-adamu,2026-04-11 14:00:00+00:00,0.0,0.0,14.175382936507935
junior-chikwubuike-adamu,2026-04-25 16:30:00+00:00,0.0,0.0,26.50076388888887
junior-chikwubuike-adamu,2026-05-03 11:00:00+00:00,0.0,0.0,26.50076388888887
junior-chikwubuike-adamu,2026-05-10 11:00:00+00:00,0.0,0.0,26.50076388888887
junior-chikwubuike-adamu,2026-05-13 19:00:00+00:00,0.0,0.0,6.352059623709624
junior-olaitan-ishola,2026-02-08 17:00:00+00:00,39.2,40.1,46.53513127705628
junior-olaitan-ishola,2026-02-15 17:00:00+00:00,40.1,67.0,43.96556764069264
junior-olaitan-ishola,2026-02-22 17:00:00+00:00,67.0,28.0,48.54614439033193
junior-olaitan-ishola,2026-02-28 13:00:00+00:00,28.0,41.4,41.15796069624817
junior-olaitan-ishola,2026-03-07 17:00:00+00:00,41.4,74.1,44.10795404040401
junior-olaitan-ishola,2026-03-15 17:00:00+00:00,74.1,49.7,45.1077625901876
junior-olaitan-ishola,2026-03-19 17:00:00+00:00,49.7,0.0,48.19397894605393
junior-olaitan-ishola,2026-03-27 00:00:00+00:00,0.0,0.0,43.89767943722943
junior-olaitan-ishola,2026-03-27 15:00:00+00:00,0.0,0.0,32.9238771103896
junior-olaitan-ishola,2026-03-31 18:00:00+00:00,0.0,38.7,42.97044098124096
junior-olaitan-ishola,2026-04-05 17:00:00+00:00,38.7,76.3,39.856707323232314
junior-olaitan-ishola,2026-04-10 17:00:00+00:00,76.3,46.1,35.54847226800977
junior-olaitan-ishola,2026-04-19 14:00:00+00:00,46.1,49.5,27.06206495310245
junior-olaitan-ishola,2026-04-27 17:00:00+00:00,49.5,44.9,40.921843344155846
junior-olaitan-ishola,2026-05-01 17:00:00+00:00,44.9,55.8,41.838795743145745
junior-olaitan-ishola,2026-05-09 17:00:00+00:00,55.8,76.4,42.2311481240981
kaan-ayhan,2026-02-13 17:00:00+00:00,38.3,0.0,34.3227546176046
kaan-ayhan,2026-02-17 17:45:00+00:00,0.0,0.0,35.01328929958929
kaan-ayhan,2026-02-21 17:00:00+00:00,0.0,0.0,34.86423993506492
kaan-ayhan,2026-02-25 20:00:00+00:00,0.0,0.0,35.81829205655456
kaan-ayhan,2026-02-28 17:00:00+00:00,0.0,35.0,29.276595238095236
kaan-ayhan,2026-03-07 17:00:00+00:00,35.0,0.0,29.276595238095236
kaan-ayhan,2026-03-10 17:45:00+00:00,0.0,33.7,28.66013616938616
kaan-ayhan,2026-03-14 17:00:00+00:00,33.7,0.0,28.66013616938616
kaan-ayhan,2026-03-18 20:00:00+00:00,0.0,0.0,28.20434370490619
kaan-ayhan,2026-03-26 17:00:00+00:00,0.0,0.0,27.175772673160168
kaan-ayhan,2026-03-31 18:45:00+00:00,0.0,0.0,27.175772673160168
kaan-ayhan,2026-04-04 17:00:00+00:00,0.0,34.9,27.01034331224331
kaan-ayhan,2026-04-08 17:00:00+00:00,34.9,0.0,22.90856567460316
kaan-ayhan,2026-04-12 17:00:00+00:00,0.0,36.2,23.895962734487718
kaan-ayhan,2026-04-18 17:00:00+00:00,36.2,0.0,18.108754220779215
kaan-ayhan,2026-04-26 17:00:00+00:00,0.0,0.0,36.226601458263936
kaan-ayhan,2026-05-02 17:00:00+00:00,0.0,63.0,29.16021787240537
kaan-ayhan,2026-05-09 17:00:00+00:00,63.0,55.5,29.16021787240537
kami-l-efe-uregen,2026-02-09 17:00:00+00:00,0.0,0.0,2.798237810575311
kami-l-efe-uregen,2026-02-14 17:00:00+00:00,0.0,0.0,3.029625392274657
kami-l-efe-uregen,2026-02-19 17:45:00+00:00,0.0,0.0,5.250553642635407
kami-l-efe-uregen,2026-02-23 17:00:00+00:00,0.0,0.0,4.765069142863711
kami-l-efe-uregen,2026-02-26 20:00:00+00:00,0.0,0.0,4.647425095244663
kami-l-efe-uregen,2026-03-01 17:00:00+00:00,0.0,0.0,5.481129125936194
kami-l-efe-uregen,2026-03-08 17:00:00+00:00,0.0,0.0,5.481129125936194
kami-l-efe-uregen,2026-03-13 17:00:00+00:00,0.0,0.0,5.481129125936194
kami-l-efe-uregen,2026-03-17 17:00:00+00:00,0.0,0.0,8.613003620531005
kami-l-efe-uregen,2026-04-05 17:00:00+00:00,0.0,0.0,8.613003620531005
kami-l-efe-uregen,2026-04-11 17:00:00+00:00,0.0,0.0,8.613003620531005
kami-l-efe-uregen,2026-04-17 17:00:00+00:00,0.0,0.0,8.613003620531005
kami-l-efe-uregen,2026-04-26 17:00:00+00:00,0.0,0.0,8.613003620531005
kami-l-efe-uregen,2026-05-02 17:00:00+00:00,0.0,0.0,8.613003620531005
kami-l-efe-uregen,2026-05-09 17:00:00+00:00,0.0,44.4,8.613003620531005
karim-konate,2026-02-15 13:30:00+00:00,60.0,81.9,34.884615897990905
karim-konate,2026-02-22 16:00:00+00:00,81.9,37.6,28.317833791208805
karim-konate,2026-03-01 16:00:00+00:00,37.6,27.9,36.632599007936506
karim-konate,2026-03-08 16:00:00+00:00,27.9,34.2,35.360077678571436
karim-konate,2026-03-15 13:30:00+00:00,34.2,36.5,35.19037671356421
karim-konate,2026-03-20 18:30:00+00:00,36.5,63.9,34.47713703102453
karim-konate,2026-04-05 12:30:00+00:00,63.9,62.0,26.864158968808947
karim-konate,2026-04-10 17:30:00+00:00,62.0,60.0,20.94376807359306
karim-konate,2026-04-19 12:30:00+00:00,60.0,33.0,26.353383225108214
karim-konate,2026-04-22 16:30:00+00:00,33.0,21.7,27.666212049062064
karim-konate,2026-04-26 12:30:00+00:00,21.7,29.5,25.762971771284274
karim-konate,2026-05-03 15:00:00+00:00,29.5,62.5,25.071026821789328
karim-konate,2026-05-10 15:00:00+00:00,62.5,41.7,25.90525299422798
karim-onisiwo,2026-02-15 13:30:00+00:00,27.0,60.7,28.668931132756146
karim-onisiwo,2026-02-22 16:00:00+00:00,60.7,35.1,17.756302002164485
karim-onisiwo,2026-03-01 16:00:00+00:00,35.1,0.0,15.889586832611831
karim-onisiwo,2026-03-08 16:00:00+00:00,0.0,39.8,18.110106457431456
karim-onisiwo,2026-03-15 13:30:00+00:00,39.8,41.4,19.347601533189028
karim-onisiwo,2026-03-20 18:30:00+00:00,41.4,34.9,18.091868578643577
karim-onisiwo,2026-04-05 12:30:00+00:00,34.9,33.7,30.797443777056277
karim-onisiwo,2026-04-10 17:30:00+00:00,33.7,64.9,22.229599224386718
karim-onisiwo,2026-04-19 12:30:00+00:00,64.9,33.8,23.267972637085137
karim-onisiwo,2026-04-22 16:30:00+00:00,33.8,31.9,32.82462010905761
karim-onisiwo,2026-04-26 12:30:00+00:00,31.9,27.4,36.309171299533794
karim-onisiwo,2026-05-03 15:00:00+00:00,27.4,34.9,26.993529924242424
karim-onisiwo,2026-05-10 15:00:00+00:00,34.9,41.6,23.029870436507935
kartal-kayra-yilmaz,2026-02-08 17:00:00+00:00,0.0,0.0,35.19039289321788
kartal-kayra-yilmaz,2026-02-15 17:00:00+00:00,0.0,0.0,37.445820779220774
kartal-kayra-yilmaz,2026-02-22 17:00:00+00:00,0.0,0.0,39.90729426823178
kartal-kayra-yilmaz,2026-02-28 13:00:00+00:00,0.0,0.0,38.2642304834055
kartal-kayra-yilmaz,2026-03-07 17:00:00+00:00,0.0,0.0,25.878064908702413
kartal-kayra-yilmaz,2026-03-15 17:00:00+00:00,0.0,0.0,12.690128006715502
kartal-kayra-yilmaz,2026-03-19 17:00:00+00:00,0.0,0.0,12.690128006715502
kartal-kayra-yilmaz,2026-04-05 17:00:00+00:00,0.0,55.7,30.964263757076278
kartal-kayra-yilmaz,2026-04-10 17:00:00+00:00,55.7,0.0,33.62514543095794
kartal-kayra-yilmaz,2026-04-19 14:00:00+00:00,0.0,0.0,39.26644498279499
kartal-kayra-yilmaz,2026-04-27 17:00:00+00:00,0.0,0.0,39.26644498279499
kartal-kayra-yilmaz,2026-05-01 17:00:00+00:00,0.0,0.0,39.26644498279499
kartal-kayra-yilmaz,2026-05-09 17:00:00+00:00,0.0,0.0,45.44477818292818
kasper-schmeichel,2026-02-11 19:45:00+00:00,39.6,43.4,54.138243795093814
kasper-schmeichel,2026-02-15 14:00:00+00:00,43.4,0.0,43.99744431818181
kasper-schmeichel,2026-02-19 20:00:00+00:00,0.0,34.8,40.97492146742147
kasper-schmeichel,2026-02-22 15:00:00+00:00,34.8,0.0,44.12036432178932
kasper-schmeichel,2026-02-26 17:45:00+00:00,0.0,0.0,45.0795313852814
kasper-schmeichel,2026-03-01 12:00:00+00:00,0.0,0.0,48.119509108946595
kasper-schmeichel,2026-03-04 20:00:00+00:00,0.0,0.0,27.829555695693205
kasper-schmeichel,2026-03-14 15:00:00+00:00,0.0,0.0,30.056281042568568
kasper-schmeichel,2026-03-22 12:30:00+00:00,0.0,0.0,29.10416933621936
kasper-schmeichel,2026-04-05 15:30:00+00:00,0.0,0.0,21.47236273448774
kasper-schmeichel,2026-04-11 14:00:00+00:00,0.0,0.0,24.387859018759027
kasper-schmeichel,2026-04-25 16:30:00+00:00,0.0,0.0,23.97255526695526
kasper-schmeichel,2026-05-03 11:00:00+00:00,0.0,0.0,23.32014752886003
kasper-schmeichel,2026-05-10 11:00:00+00:00,0.0,0.0,26.089082738095236
kasper-schmeichel,2026-05-13 19:00:00+00:00,0.0,0.0,26.671053373015866
kelechi-promise-iheanacho,2026-02-11 19:45:00+00:00,0.0,0.0,23.224547799422794
kelechi-promise-iheanacho,2026-02-15 14:00:00+00:00,0.0,39.6,23.224547799422794
kelechi-promise-iheanacho,2026-02-19 20:00:00+00:00,39.6,0.0,23.224547799422794
kelechi-promise-iheanacho,2026-02-22 15:00:00+00:00,0.0,37.0,29.903120652958155
kelechi-promise-iheanacho,2026-02-26 17:45:00+00:00,37.0,0.0,28.19230133616382
kelechi-promise-iheanacho,2026-03-01 12:00:00+00:00,0.0,0.0,29.30581975246974
kelechi-promise-iheanacho,2026-03-04 20:00:00+00:00,0.0,0.0,29.30581975246974
kelechi-promise-iheanacho,2026-03-14 15:00:00+00:00,0.0,33.8,29.30581975246974
kelechi-promise-iheanacho,2026-03-22 12:30:00+00:00,33.8,60.0,9.678027453102452
kelechi-promise-iheanacho,2026-04-05 15:30:00+00:00,60.0,31.4,20.203614267676766
kelechi-promise-iheanacho,2026-04-11 14:00:00+00:00,31.4,36.1,32.86149626623376
kelechi-promise-iheanacho,2026-04-25 16:30:00+00:00,36.1,60.0,27.714919516594524
kelechi-promise-iheanacho,2026-05-03 11:00:00+00:00,60.0,33.4,37.02224021672771
kelechi-promise-iheanacho,2026-05-10 11:00:00+00:00,33.4,62.2,25.90818984487735
kelechi-promise-iheanacho,2026-05-13 19:00:00+00:00,62.2,40.7,26.17948151154401
kerim-sam-alajbegovic,2026-02-15 13:30:00+00:00,62.1,98.8,54.6105536435786
kerim-sam-alajbegovic,2026-02-22 16:00:00+00:00,98.8,76.4,49.43393252164499
kerim-sam-alajbegovic,2026-03-01 16:00:00+00:00,76.4,50.7,46.62304253246754
kerim-sam-alajbegovic,2026-03-08 16:00:00+00:00,50.7,50.8,43.32923088023089
kerim-sam-alajbegovic,2026-03-15 13:30:00+00:00,50.8,0.0,35.17648986291487
kerim-sam-alajbegovic,2026-03-20 18:30:00+00:00,0.0,78.7,44.690173989899
kerim-sam-alajbegovic,2026-03-26 19:45:00+00:00,78.7,57.7,45.98470918109669
kerim-sam-alajbegovic,2026-03-31 18:45:00+00:00,57.7,48.2,42.22547812049061
kerim-sam-alajbegovic,2026-04-05 12:30:00+00:00,48.2,53.2,37.64228609307358
kerim-sam-alajbegovic,2026-04-10 17:30:00+00:00,53.2,86.7,36.114720202020195
kerim-sam-alajbegovic,2026-04-19 12:30:00+00:00,86.7,39.4,27.254717227217224
kerim-sam-alajbegovic,2026-04-22 16:30:00+00:00,39.4,51.9,45.36405634920634
kerim-sam-alajbegovic,2026-04-26 12:30:00+00:00,51.9,52.7,44.91715494782994
kerim-sam-alajbegovic,2026-05-03 15:00:00+00:00,52.7,43.0,53.03162272172273
kerim-sam-alajbegovic,2026-05-10 15:00:00+00:00,43.0,92.3,51.41270983044731
kevin-philip-anjos-pinto,2026-02-08 20:30:00+00:00,0.0,0.0,0.0
kevin-philip-anjos-pinto,2026-02-13 18:30:00+00:00,0.0,0.0,0.0
kevin-philip-anjos-pinto,2026-02-17 20:00:00+00:00,0.0,0.0,0.0
kevin-philip-anjos-pinto,2026-02-21 18:00:00+00:00,0.0,0.0,0.0
kevin-philip-anjos-pinto,2026-02-25 20:00:00+00:00,0.0,0.0,0.0
kevin-philip-anjos-pinto,2026-03-02 20:15:00+00:00,0.0,0.0,0.0
kevin-philip-anjos-pinto,2026-03-08 18:00:00+00:00,0.0,0.0,0.0
kevin-philip-anjos-pinto,2026-03-14 20:30:00+00:00,0.0,0.0,0.0
kevin-philip-anjos-pinto,2026-03-21 18:00:00+00:00,0.0,0.0,0.0
kevin-philip-anjos-pinto,2026-04-06 19:45:00+00:00,0.0,0.0,0.0
kevin-philip-anjos-pinto,2026-04-12 17:00:00+00:00,0.0,0.0,0.0
kevin-philip-anjos-pinto,2026-04-19 17:15:00+00:00,0.0,0.0,0.0
kevin-philip-anjos-pinto,2026-04-25 17:00:00+00:00,0.0,0.0,0.0
kevin-philip-anjos-pinto,2026-05-02 17:00:00+00:00,0.0,0.0,0.0
kevin-philip-anjos-pinto,2026-05-11 19:15:00+00:00,0.0,0.0,0.0
kieran-tierney,2026-02-11 19:45:00+00:00,44.3,86.7,48.52514684343438
kieran-tierney,2026-02-15 14:00:00+00:00,86.7,48.3,52.21317061688312
kieran-tierney,2026-02-19 20:00:00+00:00,48.3,82.3,47.86997113997117
kieran-tierney,2026-02-22 15:00:00+00:00,82.3,0.0,48.048911038961066
kieran-tierney,2026-02-26 17:45:00+00:00,0.0,60.0,37.11492546897548
kieran-tierney,2026-03-01 12:00:00+00:00,60.0,84.7,54.5793701659452
kieran-tierney,2026-03-04 20:00:00+00:00,84.7,72.8,60.664218872793874
kieran-tierney,2026-03-14 15:00:00+00:00,72.8,34.1,63.59768457792212
kieran-tierney,2026-03-22 12:30:00+00:00,34.1,45.6,50.22492045454545
kieran-tierney,2026-03-28 17:00:00+00:00,45.6,65.2,48.94978161976909
kieran-tierney,2026-03-31 18:30:00+00:00,65.2,41.4,44.804168037518046
kieran-tierney,2026-04-05 15:30:00+00:00,41.4,89.7,47.719048250360785
kieran-tierney,2026-04-11 14:00:00+00:00,89.7,63.8,53.17842680513932
kieran-tierney,2026-04-25 16:30:00+00:00,63.8,53.9,62.45735061743816
kieran-tierney,2026-05-03 11:00:00+00:00,53.9,76.4,48.68304015151517
kieran-tierney,2026-05-10 11:00:00+00:00,76.4,51.9,53.515960858585885
kieran-tierney,2026-05-13 19:00:00+00:00,51.9,30.3,49.46984496753251
kristjan-asllani,2026-02-08 17:00:00+00:00,0.0,44.3,16.321607323232325
kristjan-asllani,2026-02-15 17:00:00+00:00,44.3,67.6,17.838285894660896
kristjan-asllani,2026-02-22 17:00:00+00:00,67.6,42.4,28.145409324009343
kristjan-asllani,2026-02-28 13:00:00+00:00,42.4,50.5,27.103750829725822
kristjan-asllani,2026-03-07 17:00:00+00:00,50.5,42.0,31.068477730602744
kristjan-asllani,2026-03-15 17:00:00+00:00,42.0,33.7,41.50085957167834
kristjan-asllani,2026-03-19 17:00:00+00:00,33.7,46.0,30.676359297646812
kristjan-asllani,2026-03-26 19:45:00+00:00,46.0,35.0,27.45910848595849
kristjan-asllani,2026-03-31 18:45:00+00:00,35.0,39.0,26.803711291486298
kristjan-asllani,2026-04-05 17:00:00+00:00,39.0,39.6,28.713641215728707
kristjan-asllani,2026-04-10 17:00:00+00:00,39.6,60.4,40.142053123265626
kristjan-asllani,2026-04-19 14:00:00+00:00,60.4,38.5,38.45073950216452
kristjan-asllani,2026-04-27 17:00:00+00:00,38.5,93.5,28.590637726856475
kristjan-asllani,2026-05-01 17:00:00+00:00,93.5,42.0,31.10565197718946
kristjan-asllani,2026-05-09 17:00:00+00:00,42.0,37.2,33.89745595238097
leandro-barreiro-martins,2026-02-08 20:30:00+00:00,53.6,42.9,41.996428517316005
leandro-barreiro-martins,2026-02-13 18:30:00+00:00,42.9,39.4,36.41040433455433
leandro-barreiro-martins,2026-02-17 20:00:00+00:00,39.4,0.0,33.26856598124098
leandro-barreiro-martins,2026-02-21 18:00:00+00:00,0.0,36.9,36.13943443917193
leandro-barreiro-martins,2026-02-25 20:00:00+00:00,36.9,42.2,40.022542886280405
leandro-barreiro-martins,2026-03-02 20:15:00+00:00,42.2,66.4,42.08851211427461
leandro-barreiro-martins,2026-03-08 18:00:00+00:00,66.4,51.4,42.37162039141413
leandro-barreiro-martins,2026-03-14 20:30:00+00:00,51.4,39.5,44.21600307054055
leandro-barreiro-martins,2026-03-21 18:00:00+00:00,39.5,41.0,40.57382093600842
leandro-barreiro-martins,2026-03-26 17:00:00+00:00,41.0,73.0,45.02144897186145
leandro-barreiro-martins,2026-03-31 16:00:00+00:00,73.0,0.0,35.38926643772894
leandro-barreiro-martins,2026-04-06 19:45:00+00:00,0.0,57.8,40.299014862914866
leandro-barreiro-martins,2026-04-12 17:00:00+00:00,57.8,63.8,33.9944087121212
leandro-barreiro-martins,2026-04-19 17:15:00+00:00,63.8,89.2,35.9194759920635
leandro-barreiro-martins,2026-04-25 17:00:00+00:00,89.2,37.4,36.801991756854235
leandro-barreiro-martins,2026-05-02 17:00:00+00:00,37.4,45.0,41.01738279359529
leandro-barreiro-martins,2026-05-11 19:15:00+00:00,45.0,29.9,35.634353282828286
leon-adrian-barisic,2026-02-08 18:00:00+00:00,71.6,39.1,48.66598506493505
leon-adrian-barisic,2026-02-14 20:30:00+00:00,39.1,17.6,33.20825817099567
leon-adrian-barisic,2026-02-21 20:30:00+00:00,17.6,34.8,49.23251872294373
leon-adrian-barisic,2026-02-28 18:00:00+00:00,34.8,0.0,33.078413918026435
leon-adrian-barisic,2026-03-07 18:00:00+00:00,0.0,0.0,43.15560831529582
leon-adrian-barisic,2026-03-12 20:00:00+00:00,0.0,0.0,39.73037225829725
leon-adrian-barisic,2026-03-18 15:30:00+00:00,0.0,0.0,38.74173344155844
leon-adrian-barisic,2026-03-22 20:30:00+00:00,0.0,0.0,43.324146212121214
leon-adrian-barisic,2026-04-04 17:00:00+00:00,0.0,0.0,28.363410119047636
leon-adrian-barisic,2026-04-08 16:45:00+00:00,0.0,0.0,18.293720773670774
leon-adrian-barisic,2026-04-12 17:00:00+00:00,0.0,0.0,18.293720773670774
leon-adrian-barisic,2026-04-16 19:00:00+00:00,0.0,0.0,18.293720773670774
leon-adrian-barisic,2026-04-19 19:30:00+00:00,0.0,0.0,18.293720773670774
leon-adrian-barisic,2026-04-23 18:00:00+00:00,0.0,0.0,19.2849722985348
leon-adrian-barisic,2026-04-26 17:00:00+00:00,0.0,0.0,19.2849722985348
leon-adrian-barisic,2026-04-30 19:00:00+00:00,0.0,0.0,14.681347496947502
leon-adrian-barisic,2026-05-03 17:00:00+00:00,0.0,0.0,17.854450641025636
leon-adrian-barisic,2026-05-07 19:00:00+00:00,0.0,0.0,31.978996077533576
leon-adrian-barisic,2026-05-11 19:15:00+00:00,0.0,0.0,41.391990338827824
leonardo-filipe-cruz-lelo,2026-02-08 18:00:00+00:00,27.8,31.9,43.27923869186367
leonardo-filipe-cruz-lelo,2026-02-14 20:30:00+00:00,31.9,35.0,42.66361528332777
leonardo-filipe-cruz-lelo,2026-02-21 20:30:00+00:00,35.0,0.0,45.59422166860916
leonardo-filipe-cruz-lelo,2026-02-28 18:00:00+00:00,0.0,0.0,38.570739413364414
leonardo-filipe-cruz-lelo,2026-03-07 18:00:00+00:00,0.0,29.9,41.82802335719835
leonardo-filipe-cruz-lelo,2026-03-12 20:00:00+00:00,29.9,0.0,45.0366807886558
leonardo-filipe-cruz-lelo,2026-03-18 15:30:00+00:00,0.0,0.0,46.38857186008437
leonardo-filipe-cruz-lelo,2026-03-22 20:30:00+00:00,0.0,0.0,45.92964496753248
leonardo-filipe-cruz-lelo,2026-04-04 17:00:00+00:00,0.0,0.0,28.11164330808082
leonardo-filipe-cruz-lelo,2026-04-08 16:45:00+00:00,0.0,37.3,30.181580447330443
leonardo-filipe-cruz-lelo,2026-04-12 17:00:00+00:00,37.3,36.2,31.330446897546896
leonardo-filipe-cruz-lelo,2026-04-16 19:00:00+00:00,36.2,35.5,43.738009722222245
leonardo-filipe-cruz-lelo,2026-04-19 19:30:00+00:00,35.5,34.5,45.3629504329004
leonardo-filipe-cruz-lelo,2026-04-23 18:00:00+00:00,34.5,30.7,38.93963814935064
leonardo-filipe-cruz-lelo,2026-04-26 17:00:00+00:00,30.7,0.0,42.91623272005774
leonardo-filipe-cruz-lelo,2026-04-30 19:00:00+00:00,0.0,51.1,46.799324945887484
leonardo-filipe-cruz-lelo,2026-05-03 17:00:00+00:00,51.1,0.0,41.991788510101
leonardo-filipe-cruz-lelo,2026-05-07 19:00:00+00:00,0.0,35.0,50.843084974747505
leonardo-filipe-cruz-lelo,2026-05-11 19:15:00+00:00,35.0,68.0,41.49694105339106
leroy-sane,2026-02-13 17:00:00+00:00,0.0,45.8,32.52543627206126
leroy-sane,2026-02-17 17:45:00+00:00,45.8,46.0,24.713331367243864
leroy-sane,2026-02-21 17:00:00+00:00,46.0,41.9,31.808784342046835
leroy-sane,2026-02-25 20:00:00+00:00,41.9,46.9,29.822827886002866
leroy-sane,2026-02-28 17:00:00+00:00,46.9,36.4,39.157150191475196
leroy-sane,2026-03-07 17:00:00+00:00,36.4,0.0,51.170867532467575
leroy-sane,2026-03-10 17:45:00+00:00,0.0,0.0,53.29420535853037
leroy-sane,2026-03-14 17:00:00+00:00,0.0,39.5,52.05992057248308
leroy-sane,2026-03-18 20:00:00+00:00,39.5,35.3,37.85443152958152
leroy-sane,2026-03-27 19:45:00+00:00,35.3,0.0,36.06241605339104
leroy-sane,2026-03-30 18:45:00+00:00,0.0,0.0,44.52913098845596
leroy-sane,2026-04-04 17:00:00+00:00,0.0,66.0,45.230499426961906
leroy-sane,2026-04-08 17:00:00+00:00,66.0,77.2,45.230499426961906
leroy-sane,2026-04-12 17:00:00+00:00,77.2,50.1,28.22170153318902
leroy-sane,2026-04-18 17:00:00+00:00,50.1,62.6,48.11734724025973
leroy-sane,2026-04-26 17:00:00+00:00,62.6,42.6,52.96426646825399
leroy-sane,2026-05-02 17:00:00+00:00,42.6,31.3,45.96460575396825
leroy-sane,2026-05-09 17:00:00+00:00,31.3,56.6,47.57138592518595
lewis-stewart,2026-02-11 20:00:00+00:00,0.0,0.0,0.0
lewis-stewart,2026-02-15 16:30:00+00:00,0.0,0.0,0.0
lewis-stewart,2026-02-22 15:00:00+00:00,0.0,0.0,0.0
lewis-stewart,2026-03-01 12:00:00+00:00,0.0,0.0,0.0
lewis-stewart,2026-03-15 12:00:00+00:00,0.0,0.0,0.0
lewis-stewart,2026-03-21 17:45:00+00:00,0.0,0.0,0.0
lewis-stewart,2026-04-04 14:00:00+00:00,0.0,0.0,0.0
lewis-stewart,2026-04-12 11:00:00+00:00,0.0,0.0,0.0
lewis-stewart,2026-04-26 14:00:00+00:00,0.0,0.0,0.0
lewis-stewart,2026-05-04 16:30:00+00:00,0.0,0.0,0.0
lewis-stewart,2026-05-10 11:00:00+00:00,0.0,0.0,0.0
lewis-stewart,2026-05-13 19:00:00+00:00,0.0,0.0,0.0
liam-kelly-1996-01-23,2026-02-11 20:00:00+00:00,0.0,0.0,1.7078342643132345
liam-kelly-1996-01-23,2026-02-15 16:30:00+00:00,0.0,0.0,1.7078342643132345
liam-kelly-1996-01-23,2026-02-22 15:00:00+00:00,0.0,0.0,1.7078342643132345
liam-kelly-1996-01-23,2026-03-01 12:00:00+00:00,0.0,0.0,1.7078342643132345
liam-kelly-1996-01-23,2026-03-15 12:00:00+00:00,0.0,0.0,1.7078342643132345
liam-kelly-1996-01-23,2026-03-21 17:45:00+00:00,0.0,0.0,1.7078342643132345
liam-kelly-1996-01-23,2026-03-28 17:00:00+00:00,0.0,34.0,1.7078342643132345
liam-kelly-1996-01-23,2026-03-31 18:30:00+00:00,34.0,0.0,1.7078342643132345
liam-kelly-1996-01-23,2026-04-04 14:00:00+00:00,0.0,0.0,6.994053801962698
liam-kelly-1996-01-23,2026-04-12 11:00:00+00:00,0.0,0.0,6.994053801962698
liam-kelly-1996-01-23,2026-04-26 14:00:00+00:00,0.0,0.0,6.994053801962698
liam-kelly-1996-01-23,2026-05-04 16:30:00+00:00,0.0,0.0,6.994053801962698
liam-kelly-1996-01-23,2026-05-10 11:00:00+00:00,0.0,0.0,6.994053801962698
liam-kelly-1996-01-23,2026-05-13 19:00:00+00:00,0.0,0.0,6.16207075557243
liam-scales,2026-02-11 19:45:00+00:00,60.6,58.1,50.66352395382397
liam-scales,2026-02-15 14:00:00+00:00,58.1,41.6,50.62836924603175
liam-scales,2026-02-19 20:00:00+00:00,41.6,50.3,50.04687420634922
liam-scales,2026-02-22 15:00:00+00:00,50.3,0.0,48.94172614191367
liam-scales,2026-02-26 17:45:00+00:00,0.0,52.4,47.093106547619044
liam-scales,2026-03-01 12:00:00+00:00,52.4,61.7,37.96362400793652
liam-scales,2026-03-04 20:00:00+00:00,61.7,59.1,47.85009733599734
liam-scales,2026-03-14 15:00:00+00:00,59.1,42.6,61.906220472582966
liam-scales,2026-03-22 12:30:00+00:00,42.6,51.7,54.30845145548894
liam-scales,2026-03-31 18:45:00+00:00,51.7,43.5,46.793677772227745
liam-scales,2026-04-05 15:30:00+00:00,43.5,56.7,52.16240566378065
liam-scales,2026-04-11 14:00:00+00:00,56.7,51.9,49.94970761183258
liam-scales,2026-04-25 16:30:00+00:00,51.9,49.3,52.20165205627703
liam-scales,2026-05-03 11:00:00+00:00,49.3,44.3,53.039878512010844
liam-scales,2026-05-10 11:00:00+00:00,44.3,38.8,53.545187097869444
liam-scales,2026-05-13 19:00:00+00:00,38.8,66.6,54.88664522005774
lucas-furtado-dos-santos,2026-02-14 18:00:00+00:00,0.0,0.0,0.0
lucas-furtado-dos-santos,2026-02-21 20:30:00+00:00,0.0,0.0,0.0
lucas-furtado-dos-santos,2026-02-28 20:30:00+00:00,0.0,0.0,0.0
lucas-furtado-dos-santos,2026-03-08 20:30:00+00:00,0.0,0.0,0.0
lucas-furtado-dos-santos,2026-03-14 15:30:00+00:00,0.0,0.0,0.0
lucas-furtado-dos-santos,2026-03-21 18:00:00+00:00,0.0,0.0,0.0
lucas-furtado-dos-santos,2026-04-03 17:00:00+00:00,0.0,0.0,0.0
lucas-furtado-dos-santos,2026-04-11 14:30:00+00:00,0.0,0.0,0.0
lucas-furtado-dos-santos,2026-04-18 19:30:00+00:00,0.0,0.0,0.0
lucas-furtado-dos-santos,2026-04-25 19:30:00+00:00,0.0,0.0,0.0
lucas-furtado-dos-santos,2026-05-04 19:15:00+00:00,0.0,0.0,0.0
lucas-furtado-dos-santos,2026-05-11 19:15:00+00:00,0.0,0.0,0.0
lucas-rodrigues-carvalho-anjos,2026-02-09 20:45:00+00:00,0.0,0.0,1.9829318227557007
lucas-rodrigues-carvalho-anjos,2026-02-15 20:30:00+00:00,0.0,0.0,1.9829318227557007
lucas-rodrigues-carvalho-anjos,2026-02-21 18:00:00+00:00,0.0,0.0,1.9829318227557007
lucas-rodrigues-carvalho-anjos,2026-02-27 20:45:00+00:00,0.0,0.0,1.9829318227557007
lucas-rodrigues-carvalho-anjos,2026-03-07 18:00:00+00:00,0.0,0.0,1.9829318227557007
lucas-rodrigues-carvalho-anjos,2026-03-11 20:00:00+00:00,0.0,0.0,1.9829318227557007
lucas-rodrigues-carvalho-anjos,2026-03-17 17:45:00+00:00,0.0,0.0,1.9829318227557007
lucas-rodrigues-carvalho-anjos,2026-03-22 18:00:00+00:00,0.0,0.0,1.9829318227557007
lucas-rodrigues-carvalho-anjos,2026-04-03 19:30:00+00:00,0.0,0.0,1.9829318227557007
lucas-rodrigues-carvalho-anjos,2026-04-07 19:00:00+00:00,0.0,0.0,1.9829318227557007
lucas-rodrigues-carvalho-anjos,2026-04-11 19:30:00+00:00,0.0,0.0,1.9829318227557007
lucas-rodrigues-carvalho-anjos,2026-04-15 19:00:00+00:00,0.0,0.0,1.9829318227557007
lucas-rodrigues-carvalho-anjos,2026-04-19 17:15:00+00:00,0.0,0.0,1.9829318227557007
lucas-rodrigues-carvalho-anjos,2026-04-26 19:30:00+00:00,0.0,0.0,1.9829318227557007
lucas-rodrigues-carvalho-anjos,2026-04-29 19:15:00+00:00,0.0,0.0,1.9829318227557007
lucas-rodrigues-carvalho-anjos,2026-05-04 19:15:00+00:00,0.0,0.0,1.9829318227557007
lucas-rodrigues-carvalho-anjos,2026-05-11 19:15:00+00:00,0.0,0.0,1.9829318227557007
lucas-torreira-di-pascua,2026-02-13 17:00:00+00:00,0.0,55.4,47.32545735930736
lucas-torreira-di-pascua,2026-02-17 17:45:00+00:00,55.4,39.0,49.540341738816736
lucas-torreira-di-pascua,2026-02-21 17:00:00+00:00,39.0,22.1,50.544987554112566
lucas-torreira-di-pascua,2026-02-25 20:00:00+00:00,22.1,94.4,47.35834503968253
lucas-torreira-di-pascua,2026-02-28 17:00:00+00:00,94.4,40.1,52.11023890415142
lucas-torreira-di-pascua,2026-03-07 17:00:00+00:00,40.1,50.8,46.79222244144743
lucas-torreira-di-pascua,2026-03-10 17:45:00+00:00,50.8,47.7,61.40413520923523
lucas-torreira-di-pascua,2026-03-14 17:00:00+00:00,47.7,41.7,57.00328514818515
lucas-torreira-di-pascua,2026-03-18 20:00:00+00:00,41.7,27.2,50.63620929348431
lucas-torreira-di-pascua,2026-04-04 17:00:00+00:00,27.2,40.5,57.21673706154962
lucas-torreira-di-pascua,2026-04-08 17:00:00+00:00,40.5,59.7,52.3597355769231
lucas-torreira-di-pascua,2026-04-12 17:00:00+00:00,59.7,42.8,51.40033398268402
lucas-torreira-di-pascua,2026-04-18 17:00:00+00:00,42.8,92.8,47.7285184163059
lucas-torreira-di-pascua,2026-04-26 17:00:00+00:00,92.8,30.0,50.762442453379954
lucas-torreira-di-pascua,2026-05-02 17:00:00+00:00,30.0,50.1,58.354197395659874
lucas-torreira-di-pascua,2026-05-09 17:00:00+00:00,50.1,0.0,57.09750382395382
luis-guilherme-lira-dos-santos,2026-02-09 20:45:00+00:00,37.6,66.2,20.1777345959596
luis-guilherme-lira-dos-santos,2026-02-15 20:30:00+00:00,66.2,42.2,10.508682431457435
luis-guilherme-lira-dos-santos,2026-02-21 18:00:00+00:00,42.2,41.5,28.81568472222224
luis-guilherme-lira-dos-santos,2026-02-27 20:45:00+00:00,41.5,37.9,29.284342246642254
luis-guilherme-lira-dos-santos,2026-03-07 18:00:00+00:00,37.9,38.6,33.90172584637586
luis-guilherme-lira-dos-santos,2026-03-11 20:00:00+00:00,38.6,0.0,29.92678048340549
luis-guilherme-lira-dos-santos,2026-03-17 17:45:00+00:00,0.0,0.0,27.7725794011544
luis-guilherme-lira-dos-santos,2026-03-22 18:00:00+00:00,0.0,0.0,26.176463891663893
luis-guilherme-lira-dos-santos,2026-04-03 19:30:00+00:00,0.0,0.0,21.39830391414141
luis-guilherme-lira-dos-santos,2026-04-07 19:00:00+00:00,0.0,0.0,23.55551655844156
luis-guilherme-lira-dos-santos,2026-04-11 19:30:00+00:00,0.0,0.0,20.28695800865801
luis-guilherme-lira-dos-santos,2026-04-15 19:00:00+00:00,0.0,0.0,14.892081066156065
luis-guilherme-lira-dos-santos,2026-04-19 17:15:00+00:00,0.0,42.3,14.892081066156065
luis-guilherme-lira-dos-santos,2026-04-26 19:30:00+00:00,42.3,36.1,10.50839793123543
luis-guilherme-lira-dos-santos,2026-04-29 19:15:00+00:00,36.1,68.0,18.91760108225109
luis-guilherme-lira-dos-santos,2026-05-04 19:15:00+00:00,68.0,25.2,25.18077290764789
luis-guilherme-lira-dos-santos,2026-05-11 19:15:00+00:00,25.2,39.6,28.208519831557346
luis-javier-suarez-charris,2026-02-09 20:45:00+00:00,60.0,0.0,58.35428816738815
luis-javier-suarez-charris,2026-02-15 20:30:00+00:00,0.0,73.3,54.54647994227992
luis-javier-suarez-charris,2026-02-21 18:00:00+00:00,73.3,84.0,49.102602651515184
luis-javier-suarez-charris,2026-02-27 20:45:00+00:00,84.0,79.0,50.79722844516596
luis-javier-suarez-charris,2026-03-07 18:00:00+00:00,79.0,41.4,47.224682359307366
luis-javier-suarez-charris,2026-03-11 20:00:00+00:00,41.4,87.0,44.088187319624794
luis-javier-suarez-charris,2026-03-17 17:45:00+00:00,87.0,60.0,52.54811056998558
luis-javier-suarez-charris,2026-03-22 18:00:00+00:00,60.0,36.0,61.118261408036425
luis-javier-suarez-charris,2026-03-26 23:30:00+00:00,36.0,36.7,47.602126551226554
luis-javier-suarez-charris,2026-03-29 19:00:00+00:00,36.7,0.0,47.73896313131312
luis-javier-suarez-charris,2026-04-03 19:30:00+00:00,0.0,40.3,50.35120045093795
luis-javier-suarez-charris,2026-04-07 19:00:00+00:00,40.3,32.4,44.77505777417027
luis-javier-suarez-charris,2026-04-11 19:30:00+00:00,32.4,38.2,44.16868554501052
luis-javier-suarez-charris,2026-04-15 19:00:00+00:00,38.2,27.6,52.717642658730135
luis-javier-suarez-charris,2026-04-19 17:15:00+00:00,27.6,41.1,52.47211150793649
luis-javier-suarez-charris,2026-04-26 19:30:00+00:00,41.1,72.2,58.35982837301586
luis-javier-suarez-charris,2026-04-29 19:15:00+00:00,72.2,86.3,42.581193777056285
luis-javier-suarez-charris,2026-05-04 19:15:00+00:00,86.3,67.7,52.05328246475747
luis-javier-suarez-charris,2026-05-11 19:15:00+00:00,67.7,78.5,56.15046746170498
luis-teixeira-pinto,2026-04-12 17:00:00+00:00,0.0,0.0,5.559491432486884
luis-teixeira-pinto,2026-04-16 19:00:00+00:00,0.0,0.0,5.559491432486884
luis-teixeira-pinto,2026-04-19 19:30:00+00:00,0.0,0.0,5.559491432486884
luis-teixeira-pinto,2026-04-23 18:00:00+00:00,0.0,63.5,5.559491432486884
luis-teixeira-pinto,2026-04-26 17:00:00+00:00,63.5,0.0,5.559491432486884
luis-teixeira-pinto,2026-04-30 19:00:00+00:00,0.0,27.5,22.202559505772015
luis-teixeira-pinto,2026-05-03 17:00:00+00:00,27.5,0.0,20.733523809523813
luis-teixeira-pinto,2026-05-07 19:00:00+00:00,0.0,0.0,17.59207175324675
luis-teixeira-pinto,2026-05-11 19:15:00+00:00,0.0,52.0,19.826555284992782
lukas-hornicek,2026-02-08 18:00:00+00:00,71.3,31.0,48.49344022505273
lukas-hornicek,2026-02-14 20:30:00+00:00,31.0,48.7,46.25271751443004
lukas-hornicek,2026-02-21 20:30:00+00:00,48.7,45.8,41.5584701298701
lukas-hornicek,2026-02-28 18:00:00+00:00,45.8,44.5,39.49637754329002
lukas-hornicek,2026-03-07 18:00:00+00:00,44.5,27.4,43.536290838328334
lukas-hornicek,2026-03-12 20:00:00+00:00,27.4,80.7,38.56424455405706
lukas-hornicek,2026-03-18 15:30:00+00:00,80.7,43.4,50.13823062770562
lukas-hornicek,2026-03-22 20:30:00+00:00,43.4,0.0,45.15535822510824
lukas-hornicek,2026-03-26 19:45:00+00:00,0.0,0.0,44.03898071789321
lukas-hornicek,2026-03-31 18:45:00+00:00,0.0,65.3,43.65497000360753
lukas-hornicek,2026-04-04 17:00:00+00:00,65.3,51.2,47.012653264790785
lukas-hornicek,2026-04-08 16:45:00+00:00,51.2,78.6,50.04639123376625
lukas-hornicek,2026-04-12 17:00:00+00:00,78.6,42.2,59.2485341810967
lukas-hornicek,2026-04-16 19:00:00+00:00,42.2,29.9,56.29324781746036
lukas-hornicek,2026-04-19 19:30:00+00:00,29.9,66.6,61.282301695526684
lukas-hornicek,2026-04-23 18:00:00+00:00,66.6,0.0,65.97701691919194
lukas-hornicek,2026-04-26 17:00:00+00:00,0.0,42.4,63.41997209595961
lukas-hornicek,2026-04-30 19:00:00+00:00,42.4,51.6,53.17682515678769
lukas-hornicek,2026-05-03 17:00:00+00:00,51.6,38.7,50.26014650072152
lukas-hornicek,2026-05-07 19:00:00+00:00,38.7,48.4,52.251017334054865
lukas-hornicek,2026-05-11 19:15:00+00:00,48.4,35.6,52.86179352453106
luke-mccowan,2026-02-11 19:45:00+00:00,0.0,0.0,28.093538798701307
luke-mccowan,2026-02-15 14:00:00+00:00,0.0,34.4,20.98958268398268
luke-mccowan,2026-02-19 20:00:00+00:00,34.4,0.0,24.56724496753247
luke-mccowan,2026-02-22 15:00:00+00:00,0.0,79.5,36.287888311688306
luke-mccowan,2026-02-26 17:45:00+00:00,79.5,31.2,27.493647853535354
luke-mccowan,2026-03-01 12:00:00+00:00,31.2,41.3,29.206506277056288
luke-mccowan,2026-03-04 20:00:00+00:00,41.3,38.9,33.5827253038628
luke-mccowan,2026-03-14 15:00:00+00:00,38.9,32.5,30.75337534271283
luke-mccowan,2026-03-22 12:30:00+00:00,32.5,38.4,29.15638585858585
luke-mccowan,2026-04-05 15:30:00+00:00,38.4,36.1,33.71515685425683
luke-mccowan,2026-04-11 14:00:00+00:00,36.1,0.0,29.744912644300133
luke-mccowan,2026-04-25 16:30:00+00:00,0.0,35.8,31.615319191919173
luke-mccowan,2026-05-03 11:00:00+00:00,35.8,30.9,20.068112282162286
luke-mccowan,2026-05-10 11:00:00+00:00,30.9,0.0,37.18020333416584
luke-mccowan,2026-05-13 19:00:00+00:00,0.0,0.0,34.76403646908646
luuk-de-jong,2026-02-09 20:45:00+00:00,0.0,0.0,5.184182088744588
luuk-de-jong,2026-02-15 15:30:00+00:00,0.0,0.0,5.184182088744588
luuk-de-jong,2026-02-22 20:30:00+00:00,0.0,0.0,5.184182088744588
luuk-de-jong,2026-02-27 18:45:00+00:00,0.0,0.0,10.794675314920228
luuk-de-jong,2026-03-08 18:00:00+00:00,0.0,0.0,24.55242050288702
luuk-de-jong,2026-03-12 17:45:00+00:00,0.0,0.0,24.55242050288702
luuk-de-jong,2026-03-15 20:30:00+00:00,0.0,0.0,24.55242050288702
luuk-de-jong,2026-03-19 20:00:00+00:00,0.0,0.0,24.55242050288702
luuk-de-jong,2026-03-22 20:30:00+00:00,0.0,0.0,24.55242050288702
luuk-de-jong,2026-04-04 19:30:00+00:00,0.0,0.0,24.55242050288702
luuk-de-jong,2026-04-09 19:00:00+00:00,0.0,0.0,24.55242050288702
luuk-de-jong,2026-04-12 19:30:00+00:00,0.0,0.0,24.55242050288702
luuk-de-jong,2026-04-16 19:00:00+00:00,0.0,0.0,24.55242050288702
luuk-de-jong,2026-04-19 19:30:00+00:00,0.0,0.0,24.55242050288702
luuk-de-jong,2026-04-26 17:00:00+00:00,0.0,0.0,24.55242050288702
luuk-de-jong,2026-05-02 19:30:00+00:00,0.0,0.0,24.55242050288702
luuk-de-jong,2026-05-10 17:00:00+00:00,0.0,0.0,24.55242050288702
mads-bidstrup,2026-02-15 13:30:00+00:00,42.9,52.3,41.862393370518355
mads-bidstrup,2026-02-22 16:00:00+00:00,52.3,56.0,47.03854705988455
mads-bidstrup,2026-03-01 16:00:00+00:00,56.0,43.8,44.79835817099566
mads-bidstrup,2026-03-08 16:00:00+00:00,43.8,62.9,49.153602922077944
mads-bidstrup,2026-03-15 13:30:00+00:00,62.9,81.3,45.97484886363636
mads-bidstrup,2026-03-20 18:30:00+00:00,81.3,44.1,39.942990097402586
mads-bidstrup,2026-04-05 12:30:00+00:00,44.1,54.3,42.99629814074815
mads-bidstrup,2026-04-10 17:30:00+00:00,54.3,38.9,42.66392634587634
mads-bidstrup,2026-04-19 12:30:00+00:00,38.9,60.1,41.131042902930396
mads-bidstrup,2026-04-22 16:30:00+00:00,60.1,43.8,42.855356222943726
mads-bidstrup,2026-04-26 12:30:00+00:00,43.8,0.0,36.886565728715716
mads-bidstrup,2026-05-03 15:00:00+00:00,0.0,0.0,53.5821816197691
mads-bidstrup,2026-05-10 15:00:00+00:00,0.0,0.0,40.36896646825395
mamady-diambou,2026-02-15 13:30:00+00:00,0.0,0.0,11.45876201298701
mamady-diambou,2026-02-22 16:00:00+00:00,0.0,0.0,11.632425234487732
mamady-diambou,2026-03-01 16:00:00+00:00,0.0,38.0,11.632425234487732
mamady-diambou,2026-03-08 16:00:00+00:00,38.0,0.0,23.39373108419359
mamady-diambou,2026-03-15 13:30:00+00:00,0.0,0.0,22.222207683982678
mamady-diambou,2026-03-20 18:30:00+00:00,0.0,0.0,22.81197917221668
mamady-diambou,2026-04-05 12:30:00+00:00,0.0,0.0,22.81197917221668
mamady-diambou,2026-04-10 17:30:00+00:00,0.0,0.0,22.81197917221668
mamady-diambou,2026-04-19 12:30:00+00:00,0.0,0.0,22.81197917221668
mamady-diambou,2026-04-22 16:30:00+00:00,0.0,0.0,21.309705945443447
mamady-diambou,2026-04-26 12:30:00+00:00,0.0,0.0,21.309705945443447
mamady-diambou,2026-05-03 15:00:00+00:00,0.0,0.0,21.309705945443447
mamady-diambou,2026-05-10 15:00:00+00:00,0.0,0.0,21.309705945443447
manuel-jorge-silva,2026-02-08 20:30:00+00:00,0.0,35.3,16.70385802669552
manuel-jorge-silva,2026-02-13 18:30:00+00:00,35.3,0.0,1.072359523809524
manuel-jorge-silva,2026-02-17 20:00:00+00:00,0.0,0.0,16.86117880591631
manuel-jorge-silva,2026-02-21 18:00:00+00:00,0.0,0.0,16.88297463924964
manuel-jorge-silva,2026-02-25 20:00:00+00:00,0.0,0.0,16.88297463924964
manuel-jorge-silva,2026-03-02 20:15:00+00:00,0.0,0.0,13.568688929669358
manuel-jorge-silva,2026-03-08 18:00:00+00:00,0.0,0.0,13.568688929669358
manuel-jorge-silva,2026-03-14 20:30:00+00:00,0.0,31.7,3.0405646825396815
manuel-jorge-silva,2026-03-21 18:00:00+00:00,31.7,0.0,3.6750817460317453
manuel-jorge-silva,2026-04-06 19:45:00+00:00,0.0,0.0,12.172645348363615
manuel-jorge-silva,2026-04-12 17:00:00+00:00,0.0,0.0,13.448698553250944
manuel-jorge-silva,2026-04-19 17:15:00+00:00,0.0,35.7,11.126618823258712
manuel-jorge-silva,2026-04-25 17:00:00+00:00,35.7,0.0,11.126618823258712
manuel-jorge-silva,2026-05-02 17:00:00+00:00,0.0,0.0,28.529943668831173
manuel-jorge-silva,2026-05-11 19:15:00+00:00,0.0,36.1,18.1725550716324
marcelo-josemir-saracchi-pintos,2026-02-11 19:45:00+00:00,85.0,40.1,24.353877355977353
marcelo-josemir-saracchi-pintos,2026-02-15 14:00:00+00:00,40.1,27.2,30.88660986652236
marcelo-josemir-saracchi-pintos,2026-02-19 20:00:00+00:00,27.2,41.7,32.805569282106795
marcelo-josemir-saracchi-pintos,2026-02-22 15:00:00+00:00,41.7,87.8,40.62378401875903
marcelo-josemir-saracchi-pintos,2026-02-26 17:45:00+00:00,87.8,32.4,28.27378483460984
marcelo-josemir-saracchi-pintos,2026-03-01 12:00:00+00:00,32.4,53.4,44.01362983405485
marcelo-josemir-saracchi-pintos,2026-03-04 20:00:00+00:00,53.4,39.9,38.90115362554113
marcelo-josemir-saracchi-pintos,2026-03-14 15:00:00+00:00,39.9,0.0,39.93568661616162
marcelo-josemir-saracchi-pintos,2026-03-22 12:30:00+00:00,0.0,72.1,54.29960631313133
marcelo-josemir-saracchi-pintos,2026-04-05 15:30:00+00:00,72.1,0.0,32.70647361111112
marcelo-josemir-saracchi-pintos,2026-04-11 14:00:00+00:00,0.0,36.1,28.595849765512266
marcelo-josemir-saracchi-pintos,2026-04-25 16:30:00+00:00,36.1,0.0,25.90323677849929
marcelo-josemir-saracchi-pintos,2026-05-03 11:00:00+00:00,0.0,31.2,17.52249309163058
marcelo-josemir-saracchi-pintos,2026-05-10 11:00:00+00:00,31.2,33.2,19.946648502886003
marcelo-josemir-saracchi-pintos,2026-05-13 19:00:00+00:00,33.2,37.5,27.923517334054836
marco-asensio-willemsen,2026-02-09 17:00:00+00:00,74.9,70.0,47.09295102397599
marco-asensio-willemsen,2026-02-14 17:00:00+00:00,70.0,37.6,48.48249469280719
marco-asensio-willemsen,2026-02-19 17:45:00+00:00,37.6,89.9,43.01179963924963
marco-asensio-willemsen,2026-02-23 17:00:00+00:00,89.9,39.8,45.337671785159266
marco-asensio-willemsen,2026-02-26 20:00:00+00:00,39.8,66.5,47.32877112193364
marco-asensio-willemsen,2026-03-01 17:00:00+00:00,66.5,67.9,35.560947793179054
marco-asensio-willemsen,2026-03-08 17:00:00+00:00,67.9,49.8,50.39011430375181
marco-asensio-willemsen,2026-03-13 17:00:00+00:00,49.8,70.4,51.38432362914862
marco-asensio-willemsen,2026-03-17 17:00:00+00:00,70.4,46.6,44.237537536075024
marco-asensio-willemsen,2026-04-05 17:00:00+00:00,46.6,0.0,43.966193521756004
marco-asensio-willemsen,2026-04-11 17:00:00+00:00,0.0,0.0,43.607770689033195
marco-asensio-willemsen,2026-04-17 17:00:00+00:00,0.0,0.0,57.363992562992564
marco-asensio-willemsen,2026-04-26 17:00:00+00:00,0.0,0.0,37.30908391053393
marco-asensio-willemsen,2026-05-02 17:00:00+00:00,0.0,39.7,28.19196419552669
marco-asensio-willemsen,2026-05-09 17:00:00+00:00,39.7,0.0,23.939373672161164
mario-dorgeles,2026-02-08 18:00:00+00:00,0.0,0.0,36.63837159090908
mario-dorgeles,2026-02-14 20:30:00+00:00,0.0,0.0,31.889716260128754
mario-dorgeles,2026-02-21 20:30:00+00:00,0.0,38.6,37.06818052919304
mario-dorgeles,2026-02-28 18:00:00+00:00,38.6,40.0,37.06818052919304
mario-dorgeles,2026-03-07 18:00:00+00:00,40.0,44.2,42.15513704906204
mario-dorgeles,2026-03-12 20:00:00+00:00,44.2,36.4,34.87792056277055
mario-dorgeles,2026-03-18 15:30:00+00:00,36.4,34.3,15.568874210511716
mario-dorgeles,2026-03-22 20:30:00+00:00,34.3,36.9,33.650568727106226
mario-dorgeles,2026-04-04 17:00:00+00:00,36.9,42.3,39.41704022366525
mario-dorgeles,2026-04-08 16:45:00+00:00,42.3,40.7,39.834674347874376
mario-dorgeles,2026-04-12 17:00:00+00:00,40.7,0.0,39.87268427128431
mario-dorgeles,2026-04-16 19:00:00+00:00,0.0,40.3,41.633948139360676
mario-dorgeles,2026-04-19 19:30:00+00:00,40.3,0.0,41.821143979631515
mario-dorgeles,2026-04-23 18:00:00+00:00,0.0,62.7,40.61710242118994
mario-dorgeles,2026-04-26 17:00:00+00:00,62.7,72.8,18.563250595238102
mario-dorgeles,2026-04-30 19:00:00+00:00,72.8,78.7,31.765793253968244
mario-dorgeles,2026-05-03 17:00:00+00:00,78.7,13.3,25.603639950327448
mario-dorgeles,2026-05-07 19:00:00+00:00,13.3,69.6,37.565070625901875
mario-dorgeles,2026-05-11 19:15:00+00:00,69.6,0.0,35.88458506632257
mario-lemina,2026-02-13 17:00:00+00:00,51.3,0.0,42.50071619769116
mario-lemina,2026-02-17 17:45:00+00:00,0.0,33.4,41.92930220959595
mario-lemina,2026-02-21 17:00:00+00:00,33.4,60.3,42.97198833388834
mario-lemina,2026-02-25 20:00:00+00:00,60.3,41.1,43.090974102286616
mario-lemina,2026-02-28 17:00:00+00:00,41.1,36.4,40.113767027417026
mario-lemina,2026-03-07 17:00:00+00:00,36.4,73.0,42.78132536976912
mario-lemina,2026-03-10 17:45:00+00:00,73.0,0.0,33.82623979076476
mario-lemina,2026-03-14 17:00:00+00:00,0.0,71.7,47.67360374486625
mario-lemina,2026-03-18 20:00:00+00:00,71.7,0.0,42.336431739094245
mario-lemina,2026-03-27 14:00:00+00:00,0.0,40.5,41.87984031385284
mario-lemina,2026-04-04 17:00:00+00:00,40.5,75.1,41.22627822871572
mario-lemina,2026-04-08 17:00:00+00:00,75.1,37.4,43.646828255772
mario-lemina,2026-04-12 17:00:00+00:00,37.4,37.3,49.574749643412176
mario-lemina,2026-04-18 17:00:00+00:00,37.3,75.5,39.75354941031191
mario-lemina,2026-04-26 17:00:00+00:00,75.5,27.2,44.96748512529137
mario-lemina,2026-05-02 17:00:00+00:00,27.2,69.0,36.71109186507937
mario-lemina,2026-05-09 17:00:00+00:00,69.0,0.0,41.64343089826841
martim-costa-guedes,2026-02-14 18:00:00+00:00,0.0,0.0,2.188954903095846
martim-costa-guedes,2026-02-21 20:30:00+00:00,0.0,0.0,2.188954903095846
martim-costa-guedes,2026-02-28 20:30:00+00:00,0.0,0.0,2.188954903095846
martim-costa-guedes,2026-03-08 20:30:00+00:00,0.0,0.0,2.188954903095846
martim-costa-guedes,2026-03-14 15:30:00+00:00,0.0,0.0,2.188954903095846
martim-costa-guedes,2026-03-21 18:00:00+00:00,0.0,0.0,2.188954903095846
martim-costa-guedes,2026-04-03 17:00:00+00:00,0.0,0.0,2.188954903095846
martim-costa-guedes,2026-04-11 14:30:00+00:00,0.0,0.0,2.188954903095846
martim-costa-guedes,2026-04-18 19:30:00+00:00,0.0,0.0,2.188954903095846
martim-costa-guedes,2026-04-25 19:30:00+00:00,0.0,0.0,2.188954903095846
martim-costa-guedes,2026-05-04 19:15:00+00:00,0.0,33.5,2.188954903095846
martim-costa-guedes,2026-05-11 19:15:00+00:00,33.5,7.1,2.188954903095846
martim-moreira-moutinho-fernandes,2026-02-09 20:45:00+00:00,74.6,0.0,29.66168322510823
martim-moreira-moutinho-fernandes,2026-02-15 15:30:00+00:00,0.0,0.0,23.42635748557
martim-moreira-moutinho-fernandes,2026-02-22 20:30:00+00:00,0.0,0.0,23.01441224747475
martim-moreira-moutinho-fernandes,2026-02-27 18:45:00+00:00,0.0,52.7,17.316564844877345
martim-moreira-moutinho-fernandes,2026-03-08 18:00:00+00:00,52.7,0.0,24.18546002886004
martim-moreira-moutinho-fernandes,2026-03-12 17:45:00+00:00,0.0,73.1,20.355299801587304
martim-moreira-moutinho-fernandes,2026-03-15 20:30:00+00:00,73.1,33.2,23.03778102453102
martim-moreira-moutinho-fernandes,2026-03-19 20:00:00+00:00,33.2,63.2,21.778336056998555
martim-moreira-moutinho-fernandes,2026-03-22 20:30:00+00:00,63.2,60.0,33.42016414141417
martim-moreira-moutinho-fernandes,2026-04-04 19:30:00+00:00,60.0,10.2,41.19675775613275
martim-moreira-moutinho-fernandes,2026-04-09 19:00:00+00:00,10.2,0.0,35.63996152597403
martim-moreira-moutinho-fernandes,2026-04-12 19:30:00+00:00,0.0,0.0,34.159338931901424
martim-moreira-moutinho-fernandes,2026-04-16 19:00:00+00:00,0.0,0.0,30.813274675324703
martim-moreira-moutinho-fernandes,2026-04-19 19:30:00+00:00,0.0,33.0,26.41152487373738
martim-moreira-moutinho-fernandes,2026-04-26 17:00:00+00:00,33.0,27.9,24.118041865079363
martim-moreira-moutinho-fernandes,2026-05-02 19:30:00+00:00,27.9,0.0,23.580109848484845
martim-moreira-moutinho-fernandes,2026-05-10 17:00:00+00:00,0.0,0.0,28.577556583694072
mathias-fjortoft-lovik,2026-02-14 17:00:00+00:00,60.0,55.5,13.01777936507937
mathias-fjortoft-lovik,2026-02-22 13:00:00+00:00,55.5,36.9,25.42205589826839
mathias-fjortoft-lovik,2026-02-27 17:00:00+00:00,36.9,0.0,30.41060351731601
mathias-fjortoft-lovik,2026-03-09 17:00:00+00:00,0.0,39.2,31.298293993506487
mathias-fjortoft-lovik,2026-03-14 17:00:00+00:00,39.2,47.6,30.445473214285702
mathias-fjortoft-lovik,2026-03-18 17:00:00+00:00,47.6,38.0,25.207332005494507
mathias-fjortoft-lovik,2026-04-04 17:00:00+00:00,38.0,33.3,18.830130916305915
mathias-fjortoft-lovik,2026-04-11 14:00:00+00:00,33.3,38.5,28.044056550394053
mathias-fjortoft-lovik,2026-04-19 17:00:00+00:00,38.5,31.2,28.847673974636468
mathias-fjortoft-lovik,2026-04-27 17:00:00+00:00,31.2,68.9,32.29161286075036
mathias-fjortoft-lovik,2026-05-02 17:00:00+00:00,68.9,36.7,25.447821879509384
mathias-fjortoft-lovik,2026-05-09 17:00:00+00:00,36.7,0.0,33.98622826479076
matija-mitrovic,2026-02-14 18:00:00+00:00,0.0,38.9,22.748134126984127
matija-mitrovic,2026-02-21 20:30:00+00:00,38.9,0.0,27.479959451659433
matija-mitrovic,2026-02-28 20:30:00+00:00,0.0,0.0,27.488730862193343
matija-mitrovic,2026-03-08 20:30:00+00:00,0.0,0.0,23.936810840548333
matija-mitrovic,2026-03-14 15:30:00+00:00,0.0,0.0,12.540723214285718
matija-mitrovic,2026-03-21 18:00:00+00:00,0.0,0.0,11.955765945165945
matija-mitrovic,2026-04-03 17:00:00+00:00,0.0,0.0,14.543060561660564
matija-mitrovic,2026-04-11 14:30:00+00:00,0.0,0.0,10.087794227994223
matija-mitrovic,2026-04-18 19:30:00+00:00,0.0,0.0,8.772201641414139
matija-mitrovic,2026-04-25 19:30:00+00:00,0.0,0.0,8.790638736263736
matija-mitrovic,2026-05-04 19:15:00+00:00,0.0,0.0,11.407719154456656
matija-mitrovic,2026-05-11 19:15:00+00:00,0.0,0.0,11.407719154456656
matteo-guendouzi-olie,2026-02-09 17:00:00+00:00,58.1,50.6,44.56103793290046
matteo-guendouzi-olie,2026-02-14 17:00:00+00:00,50.6,38.4,53.31341962898215
matteo-guendouzi-olie,2026-02-19 17:45:00+00:00,38.4,64.4,61.12694787157284
matteo-guendouzi-olie,2026-02-23 17:00:00+00:00,64.4,52.7,58.83398816738815
matteo-guendouzi-olie,2026-02-26 20:00:00+00:00,52.7,58.7,45.73397053085805
matteo-guendouzi-olie,2026-03-01 17:00:00+00:00,58.7,100.0,45.45279728049731
matteo-guendouzi-olie,2026-03-08 17:00:00+00:00,100.0,60.0,48.87619134199138
matteo-guendouzi-olie,2026-03-13 17:00:00+00:00,60.0,81.4,36.16368059579308
matteo-guendouzi-olie,2026-03-17 17:00:00+00:00,81.4,69.1,36.19740245032745
matteo-guendouzi-olie,2026-04-05 17:00:00+00:00,69.1,58.1,39.79445471056721
matteo-guendouzi-olie,2026-04-11 17:00:00+00:00,58.1,43.7,41.73965507131757
matteo-guendouzi-olie,2026-04-17 17:00:00+00:00,43.7,56.1,41.652733062770565
matteo-guendouzi-olie,2026-04-26 17:00:00+00:00,56.1,0.0,48.946181295093794
matteo-guendouzi-olie,2026-05-02 17:00:00+00:00,0.0,42.6,51.41605315656565
matteo-guendouzi-olie,2026-05-09 17:00:00+00:00,42.6,0.0,50.866096316183814
maurits-kjaergaard,2026-02-15 13:30:00+00:00,40.2,0.0,30.246055158730147
maurits-kjaergaard,2026-02-22 16:00:00+00:00,0.0,0.0,18.38943630952381
maurits-kjaergaard,2026-03-01 16:00:00+00:00,0.0,0.0,22.32502043650793
maurits-kjaergaard,2026-03-08 16:00:00+00:00,0.0,0.0,22.32502043650793
maurits-kjaergaard,2026-03-15 13:30:00+00:00,0.0,0.0,32.850499242424256
maurits-kjaergaard,2026-03-20 18:30:00+00:00,0.0,38.7,19.48654208152958
maurits-kjaergaard,2026-04-05 12:30:00+00:00,38.7,60.4,1.8284791486291483
maurits-kjaergaard,2026-04-10 17:30:00+00:00,60.4,30.0,18.757237752525253
maurits-kjaergaard,2026-04-19 12:30:00+00:00,30.0,64.8,28.97639653679655
maurits-kjaergaard,2026-04-22 16:30:00+00:00,64.8,71.5,30.644846176046176
maurits-kjaergaard,2026-04-26 12:30:00+00:00,71.5,48.2,25.774396139971127
maurits-kjaergaard,2026-05-03 15:00:00+00:00,48.2,42.6,47.544603499278494
maurits-kjaergaard,2026-05-10 15:00:00+00:00,42.6,0.0,49.622411038961026
mauro-emanuel-icardi-rivero,2026-02-13 17:00:00+00:00,100.0,36.8,42.45380279581531
mauro-emanuel-icardi-rivero,2026-02-17 17:45:00+00:00,36.8,37.6,27.87149318043069
mauro-emanuel-icardi-rivero,2026-02-21 17:00:00+00:00,37.6,40.0,25.65968266455768
mauro-emanuel-icardi-rivero,2026-02-25 20:00:00+00:00,40.0,35.2,29.435407448107433
mauro-emanuel-icardi-rivero,2026-02-28 17:00:00+00:00,35.2,0.0,18.652901153013655
mauro-emanuel-icardi-rivero,2026-03-07 17:00:00+00:00,0.0,0.0,18.873447581585086
mauro-emanuel-icardi-rivero,2026-03-10 17:45:00+00:00,0.0,33.0,31.480616215728716
mauro-emanuel-icardi-rivero,2026-03-14 17:00:00+00:00,33.0,34.3,38.475120725108226
mauro-emanuel-icardi-rivero,2026-03-18 20:00:00+00:00,34.3,44.6,29.998422956210458
mauro-emanuel-icardi-rivero,2026-04-04 17:00:00+00:00,44.6,34.0,29.695335425685435
mauro-emanuel-icardi-rivero,2026-04-08 17:00:00+00:00,34.0,35.0,30.826528481240974
mauro-emanuel-icardi-rivero,2026-04-12 17:00:00+00:00,35.0,65.7,33.14885645743146
mauro-emanuel-icardi-rivero,2026-04-18 17:00:00+00:00,65.7,36.0,38.89623591269843
mauro-emanuel-icardi-rivero,2026-04-26 17:00:00+00:00,36.0,0.0,36.03421282467534
mauro-emanuel-icardi-rivero,2026-05-02 17:00:00+00:00,0.0,61.5,39.294150992063486
mauro-emanuel-icardi-rivero,2026-05-09 17:00:00+00:00,61.5,32.4,28.656548755411258
mauro-meireles-couto,2026-02-09 20:45:00+00:00,0.0,0.0,1.1438379224124489
mauro-meireles-couto,2026-02-15 20:30:00+00:00,0.0,0.0,1.1438379224124489
mauro-meireles-couto,2026-02-21 18:00:00+00:00,0.0,0.0,1.1438379224124489
mauro-meireles-couto,2026-02-27 20:45:00+00:00,0.0,0.0,1.1438379224124489
mauro-meireles-couto,2026-03-07 18:00:00+00:00,0.0,0.0,1.1438379224124489
mauro-meireles-couto,2026-03-11 20:00:00+00:00,0.0,0.0,1.1438379224124489
mauro-meireles-couto,2026-03-17 17:45:00+00:00,0.0,0.0,1.1438379224124489
mauro-meireles-couto,2026-03-22 18:00:00+00:00,0.0,0.0,1.1438379224124489
mauro-meireles-couto,2026-04-03 19:30:00+00:00,0.0,0.0,1.1438379224124489
mauro-meireles-couto,2026-04-07 19:00:00+00:00,0.0,0.0,1.1438379224124489
mauro-meireles-couto,2026-04-11 19:30:00+00:00,0.0,0.0,1.1438379224124489
mauro-meireles-couto,2026-04-15 19:00:00+00:00,0.0,0.0,1.1438379224124489
mauro-meireles-couto,2026-04-19 17:15:00+00:00,0.0,0.0,1.1438379224124489
mauro-meireles-couto,2026-04-26 19:30:00+00:00,0.0,0.0,1.1438379224124489
mauro-meireles-couto,2026-04-29 19:15:00+00:00,0.0,0.0,1.1438379224124489
mauro-meireles-couto,2026-05-04 19:15:00+00:00,0.0,0.0,1.1438379224124489
mauro-meireles-couto,2026-05-11 19:15:00+00:00,0.0,0.0,1.1438379224124489
maximiliano-javier-araujo-vilches,2026-02-09 20:45:00+00:00,46.9,72.9,40.483481154956145
maximiliano-javier-araujo-vilches,2026-02-15 20:30:00+00:00,72.9,77.4,45.117056858419375
maximiliano-javier-araujo-vilches,2026-02-21 18:00:00+00:00,77.4,56.7,53.48244047619048
maximiliano-javier-araujo-vilches,2026-02-27 20:45:00+00:00,56.7,43.6,52.641257341269835
maximiliano-javier-araujo-vilches,2026-03-07 18:00:00+00:00,43.6,0.0,39.02989345238097
maximiliano-javier-araujo-vilches,2026-03-11 20:00:00+00:00,0.0,100.0,40.24067558275058
maximiliano-javier-araujo-vilches,2026-03-17 17:45:00+00:00,100.0,0.0,44.20817865606616
maximiliano-javier-araujo-vilches,2026-03-22 18:00:00+00:00,0.0,26.2,50.626078656066156
maximiliano-javier-araujo-vilches,2026-03-27 19:45:00+00:00,26.2,44.5,51.86718855519478
maximiliano-javier-araujo-vilches,2026-03-31 18:30:00+00:00,44.5,40.0,46.34766899350649
maximiliano-javier-araujo-vilches,2026-04-03 19:30:00+00:00,40.0,33.3,48.11245927128428
maximiliano-javier-araujo-vilches,2026-04-07 19:00:00+00:00,33.3,41.5,45.02832995754245
maximiliano-javier-araujo-vilches,2026-04-11 19:30:00+00:00,41.5,42.4,45.05377732683981
maximiliano-javier-araujo-vilches,2026-04-15 19:00:00+00:00,42.4,42.0,43.921221699134215
maximiliano-javier-araujo-vilches,2026-04-19 17:15:00+00:00,42.0,40.9,50.719764114357844
maximiliano-javier-araujo-vilches,2026-04-26 19:30:00+00:00,40.9,51.9,42.67477208000334
maximiliano-javier-araujo-vilches,2026-04-29 19:15:00+00:00,51.9,79.3,41.593964053307815
maximiliano-javier-araujo-vilches,2026-05-04 19:15:00+00:00,79.3,64.4,39.72372126345876
maximiliano-javier-araujo-vilches,2026-05-11 19:15:00+00:00,64.4,48.0,42.83775574286826
maximillian-james-aarons,2026-02-11 20:00:00+00:00,0.0,0.0,20.62935577200577
maximillian-james-aarons,2026-02-15 16:30:00+00:00,0.0,0.0,17.282870238095242
maximillian-james-aarons,2026-02-22 15:00:00+00:00,0.0,0.0,22.895137950937954
maximillian-james-aarons,2026-03-01 12:00:00+00:00,0.0,0.0,22.38106130952381
maximillian-james-aarons,2026-03-15 12:00:00+00:00,0.0,0.0,13.924128336940845
maximillian-james-aarons,2026-03-21 17:45:00+00:00,0.0,0.0,10.24860778804529
maximillian-james-aarons,2026-04-04 14:00:00+00:00,0.0,28.8,10.24860778804529
maximillian-james-aarons,2026-04-12 11:00:00+00:00,28.8,30.2,12.34951523754024
maximillian-james-aarons,2026-04-26 14:00:00+00:00,30.2,0.0,10.473126533189031
maximillian-james-aarons,2026-05-04 16:30:00+00:00,0.0,0.0,12.244891583416576
maximillian-james-aarons,2026-05-10 11:00:00+00:00,0.0,32.3,6.798318506493507
maximillian-james-aarons,2026-05-13 19:00:00+00:00,32.3,34.1,5.784084776334777
mehmet-umut-nayir,2026-02-14 17:00:00+00:00,38.7,37.7,46.23736071428572
mehmet-umut-nayir,2026-02-22 13:00:00+00:00,37.7,0.0,44.43767759740256
mehmet-umut-nayir,2026-02-27 17:00:00+00:00,0.0,35.0,43.21784539488287
mehmet-umut-nayir,2026-03-09 17:00:00+00:00,35.0,32.7,38.99236819985569
mehmet-umut-nayir,2026-03-14 17:00:00+00:00,32.7,37.8,38.4250983252858
mehmet-umut-nayir,2026-03-18 17:00:00+00:00,37.8,36.8,38.181694678932196
mehmet-umut-nayir,2026-04-04 17:00:00+00:00,36.8,38.6,38.24724805194807
mehmet-umut-nayir,2026-04-11 14:00:00+00:00,38.6,0.0,37.865024440836955
mehmet-umut-nayir,2026-04-19 17:00:00+00:00,0.0,32.4,36.02300339105338
mehmet-umut-nayir,2026-04-27 17:00:00+00:00,32.4,64.5,37.69545344516593
mehmet-umut-nayir,2026-05-02 17:00:00+00:00,64.5,66.5,38.30393253968255
mehmet-umut-nayir,2026-05-09 17:00:00+00:00,66.5,39.2,44.958713125763154
mert-hakan-yandas,2026-02-09 17:00:00+00:00,0.0,0.0,2.0278148186210667
mert-hakan-yandas,2026-02-14 17:00:00+00:00,0.0,0.0,2.0278148186210667
mert-hakan-yandas,2026-02-19 17:45:00+00:00,0.0,0.0,2.0278148186210667
mert-hakan-yandas,2026-02-23 17:00:00+00:00,0.0,0.0,2.0278148186210667
mert-hakan-yandas,2026-02-26 20:00:00+00:00,0.0,0.0,2.0278148186210667
mert-hakan-yandas,2026-03-01 17:00:00+00:00,0.0,0.0,2.0278148186210667
mert-hakan-yandas,2026-03-08 17:00:00+00:00,0.0,0.0,2.0278148186210667
mert-hakan-yandas,2026-03-13 17:00:00+00:00,0.0,0.0,2.0278148186210667
mert-hakan-yandas,2026-03-17 17:00:00+00:00,0.0,0.0,2.0278148186210667
mert-hakan-yandas,2026-04-05 17:00:00+00:00,0.0,0.0,2.0278148186210667
mert-hakan-yandas,2026-04-11 17:00:00+00:00,0.0,0.0,2.0278148186210667
mert-hakan-yandas,2026-04-17 17:00:00+00:00,0.0,0.0,2.0278148186210667
mert-hakan-yandas,2026-04-26 17:00:00+00:00,0.0,0.0,2.0278148186210667
mert-hakan-yandas,2026-05-02 17:00:00+00:00,0.0,0.0,2.0278148186210667
mert-hakan-yandas,2026-05-09 17:00:00+00:00,0.0,0.0,2.0278148186210667
mert-muldur,2026-02-09 17:00:00+00:00,67.6,27.0,29.063907720057717
mert-muldur,2026-02-14 17:00:00+00:00,27.0,35.3,49.34208656204905
mert-muldur,2026-02-19 17:45:00+00:00,35.3,30.9,39.7802483044733
mert-muldur,2026-02-23 17:00:00+00:00,30.9,38.6,30.269805321067814
mert-muldur,2026-02-26 20:00:00+00:00,38.6,33.3,42.3085417748918
mert-muldur,2026-03-01 17:00:00+00:00,33.3,33.7,28.658219101731593
mert-muldur,2026-03-08 17:00:00+00:00,33.7,39.5,39.553304870129885
mert-muldur,2026-03-13 17:00:00+00:00,39.5,47.9,36.8415392857143
mert-muldur,2026-03-17 17:00:00+00:00,47.9,71.0,41.29306859945611
mert-muldur,2026-03-26 17:00:00+00:00,71.0,32.9,35.14029011544009
mert-muldur,2026-03-31 18:45:00+00:00,32.9,0.0,35.784693113830606
mert-muldur,2026-04-05 17:00:00+00:00,0.0,42.3,35.852585574148065
mert-muldur,2026-04-11 17:00:00+00:00,42.3,30.0,32.09613733766233
mert-muldur,2026-04-17 17:00:00+00:00,30.0,38.3,29.406976911976916
mert-muldur,2026-04-26 17:00:00+00:00,38.3,0.0,35.01693796897547
mert-muldur,2026-05-02 17:00:00+00:00,0.0,72.1,39.34655934343433
mert-muldur,2026-05-09 17:00:00+00:00,72.1,58.2,37.005263618326126
metehan-baltaci,2026-02-13 17:00:00+00:00,0.0,0.0,6.455900783916807
metehan-baltaci,2026-02-17 17:45:00+00:00,0.0,0.0,6.455900783916807
metehan-baltaci,2026-02-21 17:00:00+00:00,0.0,0.0,6.455900783916807
metehan-baltaci,2026-02-25 20:00:00+00:00,0.0,0.0,6.455900783916807
metehan-baltaci,2026-02-28 17:00:00+00:00,0.0,0.0,6.455900783916807
metehan-baltaci,2026-03-07 17:00:00+00:00,0.0,0.0,6.455900783916807
metehan-baltaci,2026-03-10 17:45:00+00:00,0.0,0.0,6.455900783916807
metehan-baltaci,2026-03-14 17:00:00+00:00,0.0,0.0,6.455900783916807
metehan-baltaci,2026-03-18 20:00:00+00:00,0.0,0.0,6.455900783916807
metehan-baltaci,2026-04-04 17:00:00+00:00,0.0,0.0,6.455900783916807
metehan-baltaci,2026-04-08 17:00:00+00:00,0.0,0.0,6.455900783916807
metehan-baltaci,2026-04-12 17:00:00+00:00,0.0,0.0,6.455900783916807
metehan-baltaci,2026-04-18 17:00:00+00:00,0.0,0.0,6.455900783916807
metehan-baltaci,2026-04-26 17:00:00+00:00,0.0,0.0,6.455900783916807
metehan-baltaci,2026-05-02 17:00:00+00:00,0.0,0.0,6.455900783916807
metehan-baltaci,2026-05-09 17:00:00+00:00,0.0,0.0,6.455900783916807
michael-amir-murillo-bermudez,2026-02-08 17:00:00+00:00,41.3,30.5,34.864117658730166
michael-amir-murillo-bermudez,2026-02-15 17:00:00+00:00,30.5,84.7,35.049878904428894
michael-amir-murillo-bermudez,2026-02-22 17:00:00+00:00,84.7,49.0,30.349007699245213
michael-amir-murillo-bermudez,2026-02-28 13:00:00+00:00,49.0,28.2,40.863248935786416
michael-amir-murillo-bermudez,2026-03-07 17:00:00+00:00,28.2,50.3,45.58723616522368
michael-amir-murillo-bermudez,2026-03-15 17:00:00+00:00,50.3,27.8,44.06815845959596
michael-amir-murillo-bermudez,2026-03-19 17:00:00+00:00,27.8,0.0,44.99888614718615
michael-amir-murillo-bermudez,2026-03-27 17:00:00+00:00,0.0,19.9,45.091441666666654
michael-amir-murillo-bermudez,2026-03-31 17:30:00+00:00,19.9,32.8,27.453504689754677
michael-amir-murillo-bermudez,2026-04-05 17:00:00+00:00,32.8,28.4,29.81646980519479
michael-amir-murillo-bermudez,2026-04-10 17:00:00+00:00,28.4,23.7,28.180462734487733
michael-amir-murillo-bermudez,2026-04-19 14:00:00+00:00,23.7,0.0,31.365327849927866
michael-amir-murillo-bermudez,2026-04-27 17:00:00+00:00,0.0,0.0,28.3165734029859
michael-amir-murillo-bermudez,2026-05-01 17:00:00+00:00,0.0,45.8,28.3165734029859
michael-amir-murillo-bermudez,2026-05-09 17:00:00+00:00,45.8,35.5,22.13579075646576
michel-ange-balikwisha,2026-02-11 19:45:00+00:00,0.0,0.0,11.176757936507938
michel-ange-balikwisha,2026-02-15 14:00:00+00:00,0.0,0.0,12.529206848706844
michel-ange-balikwisha,2026-02-19 20:00:00+00:00,0.0,0.0,12.529206848706844
michel-ange-balikwisha,2026-02-22 15:00:00+00:00,0.0,0.0,12.529206848706844
michel-ange-balikwisha,2026-02-26 17:45:00+00:00,0.0,0.0,12.529206848706844
michel-ange-balikwisha,2026-03-01 12:00:00+00:00,0.0,0.0,12.529206848706844
michel-ange-balikwisha,2026-03-04 20:00:00+00:00,0.0,0.0,15.22951413239538
michel-ange-balikwisha,2026-03-14 15:00:00+00:00,0.0,0.0,15.22951413239538
michel-ange-balikwisha,2026-03-22 12:30:00+00:00,0.0,0.0,15.22951413239538
michel-ange-balikwisha,2026-04-05 15:30:00+00:00,0.0,0.0,2.487713012523943
michel-ange-balikwisha,2026-04-11 14:00:00+00:00,0.0,0.0,2.487713012523943
michel-ange-balikwisha,2026-04-25 16:30:00+00:00,0.0,0.0,2.487713012523943
michel-ange-balikwisha,2026-05-03 11:00:00+00:00,0.0,0.0,2.487713012523943
michel-ange-balikwisha,2026-05-10 11:00:00+00:00,0.0,0.0,2.487713012523943
michel-ange-balikwisha,2026-05-13 19:00:00+00:00,0.0,0.0,2.487713012523943
miguel-angelo-gomes-ferreira-magalhaes,2026-02-14 18:00:00+00:00,44.6,0.0,13.398433333333337
miguel-angelo-gomes-ferreira-magalhaes,2026-02-21 20:30:00+00:00,0.0,0.0,13.30721666666667
miguel-angelo-gomes-ferreira-magalhaes,2026-02-28 20:30:00+00:00,0.0,0.0,12.539484523809527
miguel-angelo-gomes-ferreira-magalhaes,2026-03-08 20:30:00+00:00,0.0,0.0,12.99854523809524
miguel-angelo-gomes-ferreira-magalhaes,2026-03-14 15:30:00+00:00,0.0,0.0,14.476592704517707
miguel-angelo-gomes-ferreira-magalhaes,2026-03-21 18:00:00+00:00,0.0,32.6,12.924076154401153
miguel-angelo-gomes-ferreira-magalhaes,2026-04-03 17:00:00+00:00,32.6,0.0,14.356798322510821
miguel-angelo-gomes-ferreira-magalhaes,2026-04-11 14:30:00+00:00,0.0,54.8,21.101682936507938
miguel-angelo-gomes-ferreira-magalhaes,2026-04-18 19:30:00+00:00,54.8,66.5,25.723482160894658
miguel-angelo-gomes-ferreira-magalhaes,2026-04-25 19:30:00+00:00,66.5,0.0,27.167007738095236
miguel-angelo-gomes-ferreira-magalhaes,2026-05-04 19:15:00+00:00,0.0,0.0,30.86078010461761
miguel-angelo-gomes-ferreira-magalhaes,2026-05-11 19:15:00+00:00,0.0,30.9,35.87484343018093
miguel-lebre-monteiro-figueiredo,2026-03-14 20:30:00+00:00,0.0,0.0,0.0
miguel-lebre-monteiro-figueiredo,2026-03-21 18:00:00+00:00,0.0,0.0,0.0
miguel-lebre-monteiro-figueiredo,2026-04-06 19:45:00+00:00,0.0,0.0,0.0
miguel-lebre-monteiro-figueiredo,2026-04-12 17:00:00+00:00,0.0,0.0,0.0
miguel-lebre-monteiro-figueiredo,2026-04-19 17:15:00+00:00,0.0,0.0,0.0
miguel-lebre-monteiro-figueiredo,2026-04-25 17:00:00+00:00,0.0,0.0,0.0
miguel-lebre-monteiro-figueiredo,2026-05-02 17:00:00+00:00,0.0,0.0,0.0
miguel-lebre-monteiro-figueiredo,2026-05-11 19:15:00+00:00,0.0,0.0,0.0
miguel-raimundo-nobrega,2026-02-14 18:00:00+00:00,53.2,19.0,29.94306212676212
miguel-raimundo-nobrega,2026-02-21 20:30:00+00:00,19.0,0.0,31.458683134920634
miguel-raimundo-nobrega,2026-02-28 20:30:00+00:00,0.0,0.0,29.45282550505052
miguel-raimundo-nobrega,2026-03-08 20:30:00+00:00,0.0,0.0,17.38632898629148
miguel-raimundo-nobrega,2026-03-14 15:30:00+00:00,0.0,0.0,13.829392640692639
miguel-raimundo-nobrega,2026-03-21 18:00:00+00:00,0.0,0.0,15.079266847041847
miguel-raimundo-nobrega,2026-04-03 17:00:00+00:00,0.0,0.0,12.817747647527911
miguel-raimundo-nobrega,2026-04-11 14:30:00+00:00,0.0,0.0,11.109168094478619
miguel-raimundo-nobrega,2026-04-18 19:30:00+00:00,0.0,0.0,11.109168094478619
miguel-raimundo-nobrega,2026-04-25 19:30:00+00:00,0.0,0.0,11.109168094478619
miguel-raimundo-nobrega,2026-05-04 19:15:00+00:00,0.0,0.0,12.812967499240521
miguel-raimundo-nobrega,2026-05-11 19:15:00+00:00,0.0,0.0,20.027310951621473
mikey-moore,2026-02-11 20:00:00+00:00,41.9,37.5,22.92083526334777
mikey-moore,2026-02-15 16:30:00+00:00,37.5,80.4,38.19289810606061
mikey-moore,2026-02-22 15:00:00+00:00,80.4,56.2,33.391053120490625
mikey-moore,2026-03-01 12:00:00+00:00,56.2,41.4,40.452477543290016
mikey-moore,2026-03-15 12:00:00+00:00,41.4,68.1,42.590059830447316
mikey-moore,2026-03-21 17:45:00+00:00,68.1,55.0,39.16745415417915
mikey-moore,2026-04-04 14:00:00+00:00,55.0,39.6,39.80543746531245
mikey-moore,2026-04-12 11:00:00+00:00,39.6,42.8,44.83331381535128
mikey-moore,2026-04-26 14:00:00+00:00,42.8,35.3,37.11505575396824
mikey-moore,2026-05-04 16:30:00+00:00,35.3,70.8,34.44725337301588
mikey-moore,2026-05-10 11:00:00+00:00,70.8,48.0,38.298492322954836
mikey-moore,2026-05-13 19:00:00+00:00,48.0,66.9,34.19769476911976
milan-skriniar,2026-02-09 17:00:00+00:00,0.0,30.4,34.95810537795536
milan-skriniar,2026-02-14 17:00:00+00:00,30.4,32.2,41.750184325396816
milan-skriniar,2026-02-19 17:45:00+00:00,32.2,0.0,33.92828852813852
milan-skriniar,2026-02-23 17:00:00+00:00,0.0,0.0,40.49213658979907
milan-skriniar,2026-02-26 20:00:00+00:00,0.0,0.0,41.24024988344987
milan-skriniar,2026-03-01 17:00:00+00:00,0.0,0.0,40.417090595515596
milan-skriniar,2026-03-08 17:00:00+00:00,0.0,0.0,34.618680476467965
milan-skriniar,2026-03-13 17:00:00+00:00,0.0,0.0,32.50829069264071
milan-skriniar,2026-03-17 17:00:00+00:00,0.0,0.0,22.025249087024086
milan-skriniar,2026-03-26 19:45:00+00:00,0.0,0.0,19.505901359751366
milan-skriniar,2026-03-31 18:45:00+00:00,0.0,52.9,12.80953393444791
milan-skriniar,2026-04-05 17:00:00+00:00,52.9,47.1,12.321353974130453
milan-skriniar,2026-04-11 17:00:00+00:00,47.1,40.4,32.76489926046173
milan-skriniar,2026-04-17 17:00:00+00:00,40.4,24.2,33.35333299062049
milan-skriniar,2026-04-26 17:00:00+00:00,24.2,0.0,31.53289087856588
milan-skriniar,2026-05-02 17:00:00+00:00,0.0,0.0,26.474832702020215
milan-skriniar,2026-05-09 17:00:00+00:00,0.0,0.0,26.474832702020215
milot-rashica,2026-02-08 17:00:00+00:00,34.7,62.4,43.688835353535325
milot-rashica,2026-02-15 17:00:00+00:00,62.4,0.0,46.37499209124206
milot-rashica,2026-02-22 17:00:00+00:00,0.0,52.8,41.52352252886003
milot-rashica,2026-02-28 13:00:00+00:00,52.8,0.0,33.33535204795204
milot-rashica,2026-03-07 17:00:00+00:00,0.0,42.6,33.21425488400489
milot-rashica,2026-03-15 17:00:00+00:00,42.6,37.3,30.438890358946587
milot-rashica,2026-03-19 17:00:00+00:00,37.3,0.0,33.2879141504329
milot-rashica,2026-03-26 19:45:00+00:00,0.0,30.9,21.45164841269842
milot-rashica,2026-03-31 18:45:00+00:00,30.9,31.0,30.664199007936514
milot-rashica,2026-04-05 17:00:00+00:00,31.0,0.0,25.46970039682539
milot-rashica,2026-04-10 17:00:00+00:00,0.0,37.7,34.40996673881676
milot-rashica,2026-04-19 14:00:00+00:00,37.7,34.7,33.72554227439227
milot-rashica,2026-04-27 17:00:00+00:00,34.7,0.0,31.301532985070494
milot-rashica,2026-05-01 17:00:00+00:00,0.0,0.0,36.13626894633146
milot-rashica,2026-05-09 17:00:00+00:00,0.0,0.0,27.652750391275376
mohammed-diomande,2026-02-11 20:00:00+00:00,75.8,36.0,47.486974839049836
mohammed-diomande,2026-02-15 16:30:00+00:00,36.0,0.0,45.92246589799092
mohammed-diomande,2026-02-22 15:00:00+00:00,0.0,37.0,55.703926053113555
mohammed-diomande,2026-03-01 12:00:00+00:00,37.0,0.0,39.70517213064713
mohammed-diomande,2026-03-15 12:00:00+00:00,0.0,0.0,43.023446212121186
mohammed-diomande,2026-03-21 17:45:00+00:00,0.0,0.0,46.201960497835515
mohammed-diomande,2026-04-04 14:00:00+00:00,0.0,36.1,20.26821536657786
mohammed-diomande,2026-04-12 11:00:00+00:00,36.1,75.0,27.235824837662307
mohammed-diomande,2026-04-26 14:00:00+00:00,75.0,36.0,28.040550378787863
mohammed-diomande,2026-05-04 16:30:00+00:00,36.0,24.3,39.08495183982683
mohammed-diomande,2026-05-10 11:00:00+00:00,24.3,51.0,39.295844588744586
mohammed-diomande,2026-05-13 19:00:00+00:00,51.0,53.5,49.205341251803766
morten-hjulmand,2026-02-09 20:45:00+00:00,65.0,44.7,41.93490672105671
morten-hjulmand,2026-02-15 20:30:00+00:00,44.7,46.4,51.94593103840602
morten-hjulmand,2026-02-21 18:00:00+00:00,46.4,100.0,63.25305111832612
morten-hjulmand,2026-02-27 20:45:00+00:00,100.0,43.5,48.46551167721167
morten-hjulmand,2026-03-07 18:00:00+00:00,43.5,74.2,52.73796574675328
morten-hjulmand,2026-03-11 20:00:00+00:00,74.2,74.8,41.853326948051965
morten-hjulmand,2026-03-17 17:45:00+00:00,74.8,96.9,43.305594408369416
morten-hjulmand,2026-03-22 18:00:00+00:00,96.9,47.9,45.4085357128982
morten-hjulmand,2026-03-26 19:45:00+00:00,47.9,67.8,51.35330055916308
morten-hjulmand,2026-03-31 18:45:00+00:00,67.8,33.2,45.01467692862693
morten-hjulmand,2026-04-03 19:30:00+00:00,33.2,0.0,49.69474149322901
morten-hjulmand,2026-04-07 19:00:00+00:00,0.0,58.1,54.504157733932736
morten-hjulmand,2026-04-11 19:30:00+00:00,58.1,63.2,55.149958838383846
morten-hjulmand,2026-04-15 19:00:00+00:00,63.2,46.4,53.60260058691308
morten-hjulmand,2026-04-19 17:15:00+00:00,46.4,0.0,49.98774944222441
morten-hjulmand,2026-04-26 19:30:00+00:00,0.0,0.0,52.26140406260407
morten-hjulmand,2026-04-29 19:15:00+00:00,0.0,0.0,27.69469034992785
morten-hjulmand,2026-05-04 19:15:00+00:00,0.0,0.0,31.9738898989899
morten-hjulmand,2026-05-11 19:15:00+00:00,0.0,84.0,46.066134163059196
moussa-kounfolo-yeo,2026-02-15 13:30:00+00:00,0.0,42.3,34.63729805194804
moussa-kounfolo-yeo,2026-02-22 16:00:00+00:00,42.3,45.1,26.715058820346318
moussa-kounfolo-yeo,2026-03-01 16:00:00+00:00,45.1,44.2,28.961726663614172
moussa-kounfolo-yeo,2026-03-08 16:00:00+00:00,44.2,0.0,27.103761872849372
moussa-kounfolo-yeo,2026-03-15 13:30:00+00:00,0.0,36.0,30.360166396103907
moussa-kounfolo-yeo,2026-03-20 18:30:00+00:00,36.0,0.0,22.654732900432897
moussa-kounfolo-yeo,2026-04-05 12:30:00+00:00,0.0,0.0,30.27090220057721
moussa-kounfolo-yeo,2026-04-10 17:30:00+00:00,0.0,33.0,27.356734704184714
moussa-kounfolo-yeo,2026-04-19 12:30:00+00:00,33.0,34.7,32.80691309662559
moussa-kounfolo-yeo,2026-04-22 16:30:00+00:00,34.7,37.5,18.780627146464653
moussa-kounfolo-yeo,2026-04-26 12:30:00+00:00,37.5,32.0,20.293181385281386
moussa-kounfolo-yeo,2026-05-03 15:00:00+00:00,32.0,0.0,21.063763924963922
moussa-kounfolo-yeo,2026-05-10 15:00:00+00:00,0.0,0.0,23.48156726190476
muhammed-kerem-akturkoglu,2026-02-09 17:00:00+00:00,90.0,76.2,42.93491835664337
muhammed-kerem-akturkoglu,2026-02-14 17:00:00+00:00,76.2,35.5,44.83732031024534
muhammed-kerem-akturkoglu,2026-02-19 17:45:00+00:00,35.5,0.0,50.35730290404039
muhammed-kerem-akturkoglu,2026-02-23 17:00:00+00:00,0.0,86.2,45.921937644300144
muhammed-kerem-akturkoglu,2026-02-26 20:00:00+00:00,86.2,49.0,49.2094574342324
muhammed-kerem-akturkoglu,2026-03-01 17:00:00+00:00,49.0,48.1,47.92782286047291
muhammed-kerem-akturkoglu,2026-03-08 17:00:00+00:00,48.1,39.8,57.6057866161616
muhammed-kerem-akturkoglu,2026-03-13 17:00:00+00:00,39.8,35.6,47.371391916416925
muhammed-kerem-akturkoglu,2026-03-17 17:00:00+00:00,35.6,33.4,36.81384573759575
muhammed-kerem-akturkoglu,2026-03-26 17:00:00+00:00,33.4,60.0,55.79039756216005
muhammed-kerem-akturkoglu,2026-03-31 18:45:00+00:00,60.0,70.2,51.66925223665223
muhammed-kerem-akturkoglu,2026-04-05 17:00:00+00:00,70.2,72.1,45.75384238261739
muhammed-kerem-akturkoglu,2026-04-11 17:00:00+00:00,72.1,82.6,49.81671683732934
muhammed-kerem-akturkoglu,2026-04-17 17:00:00+00:00,82.6,32.3,48.052010680985674
muhammed-kerem-akturkoglu,2026-04-26 17:00:00+00:00,32.3,49.6,48.58090921717171
muhammed-kerem-akturkoglu,2026-05-02 17:00:00+00:00,49.6,85.9,48.32655782828282
muhammed-kerem-akturkoglu,2026-05-09 17:00:00+00:00,85.9,91.6,49.00005621184372
munir-mercan,2026-02-09 17:00:00+00:00,0.0,0.0,7.093485984848484
munir-mercan,2026-02-14 17:00:00+00:00,0.0,29.9,5.062221500721501
munir-mercan,2026-02-19 17:45:00+00:00,29.9,84.1,5.062221500721501
munir-mercan,2026-02-23 17:00:00+00:00,84.1,32.3,3.0431729256854254
munir-mercan,2026-02-26 20:00:00+00:00,32.3,34.4,19.64670203823954
munir-mercan,2026-03-01 17:00:00+00:00,34.4,28.8,17.244743849206348
munir-mercan,2026-03-08 17:00:00+00:00,28.8,38.5,29.429734379509373
munir-mercan,2026-03-13 17:00:00+00:00,38.5,64.4,39.36674199134202
munir-mercan,2026-03-17 17:00:00+00:00,64.4,38.5,34.471751875901894
munir-mercan,2026-04-05 17:00:00+00:00,38.5,0.0,34.1656773809524
munir-mercan,2026-04-11 17:00:00+00:00,0.0,41.2,32.02261037157285
munir-mercan,2026-04-17 17:00:00+00:00,41.2,36.5,27.75300979853478
munir-mercan,2026-04-26 17:00:00+00:00,36.5,32.2,33.360429292929275
munir-mercan,2026-05-02 17:00:00+00:00,32.2,34.6,25.297197474747477
munir-mercan,2026-05-09 17:00:00+00:00,34.6,45.6,15.416010335497836
mustafa-erhan-hekimoglu,2026-02-08 17:00:00+00:00,38.2,61.7,24.43929563214563
mustafa-erhan-hekimoglu,2026-02-15 17:00:00+00:00,61.7,30.8,9.775508369408366
mustafa-erhan-hekimoglu,2026-02-22 17:00:00+00:00,30.8,38.9,30.557689865689863
mustafa-erhan-hekimoglu,2026-02-28 13:00:00+00:00,38.9,35.1,22.255711056998557
mustafa-erhan-hekimoglu,2026-03-07 17:00:00+00:00,35.1,35.1,26.388989538239535
mustafa-erhan-hekimoglu,2026-03-15 17:00:00+00:00,35.1,0.0,22.699152994227994
mustafa-erhan-hekimoglu,2026-03-19 17:00:00+00:00,0.0,35.5,26.372828787878788
mustafa-erhan-hekimoglu,2026-04-05 17:00:00+00:00,35.5,0.0,19.41194983766232
mustafa-erhan-hekimoglu,2026-04-10 17:00:00+00:00,0.0,36.1,23.392611087523576
mustafa-erhan-hekimoglu,2026-04-19 14:00:00+00:00,36.1,31.2,21.599606971500716
mustafa-erhan-hekimoglu,2026-04-27 17:00:00+00:00,31.2,30.8,18.906038501082243
mustafa-erhan-hekimoglu,2026-05-01 17:00:00+00:00,30.8,0.0,8.270227669552673
mustafa-erhan-hekimoglu,2026-05-09 17:00:00+00:00,0.0,35.1,11.957679166666667
mustafa-eskihellac,2026-02-14 17:00:00+00:00,43.2,39.8,47.762934018759054
mustafa-eskihellac,2026-02-22 13:00:00+00:00,39.8,40.9,44.819233748196275
mustafa-eskihellac,2026-02-27 17:00:00+00:00,40.9,49.7,46.868318560606056
mustafa-eskihellac,2026-03-09 17:00:00+00:00,49.7,42.8,36.80327691197692
mustafa-eskihellac,2026-03-14 17:00:00+00:00,42.8,36.0,48.527663603063594
mustafa-eskihellac,2026-03-18 17:00:00+00:00,36.0,0.0,39.32396931818184
mustafa-eskihellac,2026-03-26 17:00:00+00:00,0.0,0.0,46.40808768037519
mustafa-eskihellac,2026-03-31 18:45:00+00:00,0.0,39.8,41.07060483405484
mustafa-eskihellac,2026-04-04 17:00:00+00:00,39.8,53.8,37.43992316017317
mustafa-eskihellac,2026-04-11 14:00:00+00:00,53.8,77.8,37.66344413225663
mustafa-eskihellac,2026-04-19 17:00:00+00:00,77.8,49.6,37.840399801587324
mustafa-eskihellac,2026-04-27 17:00:00+00:00,49.6,21.3,41.46112047258299
mustafa-eskihellac,2026-05-02 17:00:00+00:00,21.3,0.0,47.621572853535355
mustafa-eskihellac,2026-05-09 17:00:00+00:00,0.0,0.0,42.1040569083694
mustafa-serhan-kok,2026-02-09 17:00:00+00:00,0.0,0.0,0.0
mustafa-serhan-kok,2026-02-14 17:00:00+00:00,0.0,0.0,0.0
mustafa-serhan-kok,2026-02-19 17:45:00+00:00,0.0,0.0,0.0
mustafa-serhan-kok,2026-02-23 17:00:00+00:00,0.0,0.0,0.0
mustafa-serhan-kok,2026-02-26 20:00:00+00:00,0.0,0.0,0.0
mustafa-serhan-kok,2026-03-01 17:00:00+00:00,0.0,0.0,0.0
mustafa-serhan-kok,2026-03-08 17:00:00+00:00,0.0,0.0,0.0
mustafa-serhan-kok,2026-03-13 17:00:00+00:00,0.0,0.0,0.0
mustafa-serhan-kok,2026-03-17 17:00:00+00:00,0.0,0.0,0.0
mustafa-serhan-kok,2026-04-05 17:00:00+00:00,0.0,0.0,0.0
mustafa-serhan-kok,2026-04-11 17:00:00+00:00,0.0,0.0,0.0
mustafa-serhan-kok,2026-04-17 17:00:00+00:00,0.0,0.0,0.0
mustafa-serhan-kok,2026-04-26 17:00:00+00:00,0.0,0.0,0.0
mustafa-serhan-kok,2026-05-02 17:00:00+00:00,0.0,0.0,0.0
mustafa-serhan-kok,2026-05-09 17:00:00+00:00,0.0,0.0,0.0
n-golo-kante,2026-02-09 17:00:00+00:00,37.2,37.7,47.116338494838494
n-golo-kante,2026-02-14 17:00:00+00:00,37.7,53.6,56.186299327061796
n-golo-kante,2026-02-19 17:45:00+00:00,53.6,33.5,53.498241992729476
n-golo-kante,2026-02-23 17:00:00+00:00,33.5,73.5,53.21462185175935
n-golo-kante,2026-02-26 20:00:00+00:00,73.5,55.5,53.59713872516375
n-golo-kante,2026-03-01 17:00:00+00:00,55.5,64.1,64.97330118076371
n-golo-kante,2026-03-08 17:00:00+00:00,64.1,60.9,56.05128073593071
n-golo-kante,2026-03-13 17:00:00+00:00,60.9,88.3,44.36767628343877
n-golo-kante,2026-03-17 17:00:00+00:00,88.3,32.4,54.047513013538776
n-golo-kante,2026-03-26 20:00:00+00:00,32.4,57.2,59.03924062465317
n-golo-kante,2026-03-29 19:00:00+00:00,57.2,81.4,53.199295075757576
n-golo-kante,2026-04-05 17:00:00+00:00,81.4,78.2,54.77718133116882
n-golo-kante,2026-04-11 17:00:00+00:00,78.2,53.1,51.245182269119766
n-golo-kante,2026-04-17 17:00:00+00:00,53.1,43.4,48.168520930458456
n-golo-kante,2026-04-26 17:00:00+00:00,43.4,46.7,52.945367550505054
n-golo-kante,2026-05-02 17:00:00+00:00,46.7,69.0,52.542397799422844
n-golo-kante,2026-05-09 17:00:00+00:00,69.0,46.6,60.56386973304477
nasser-yacouba-djiga,2026-02-11 20:00:00+00:00,67.1,0.0,40.91195810717062
nasser-yacouba-djiga,2026-02-15 16:30:00+00:00,0.0,0.0,40.31433161283162
nasser-yacouba-djiga,2026-02-22 15:00:00+00:00,0.0,0.0,27.001375937950932
nasser-yacouba-djiga,2026-03-01 12:00:00+00:00,0.0,56.4,40.65779466089468
nasser-yacouba-djiga,2026-03-15 12:00:00+00:00,56.4,48.8,40.65779466089468
nasser-yacouba-djiga,2026-03-21 17:45:00+00:00,48.8,0.0,36.8443169025419
nasser-yacouba-djiga,2026-03-28 18:00:00+00:00,0.0,0.0,10.311973863636362
nasser-yacouba-djiga,2026-03-31 19:00:00+00:00,0.0,78.3,10.311973863636362
nasser-yacouba-djiga,2026-04-04 14:00:00+00:00,78.3,34.1,10.311973863636362
nasser-yacouba-djiga,2026-04-12 11:00:00+00:00,34.1,57.7,36.51728493867244
nasser-yacouba-djiga,2026-04-26 14:00:00+00:00,57.7,51.5,28.02074870268621
nasser-yacouba-djiga,2026-05-04 16:30:00+00:00,51.5,39.1,31.013646989122016
nasser-yacouba-djiga,2026-05-10 11:00:00+00:00,39.1,28.6,36.735652128427134
nasser-yacouba-djiga,2026-05-13 19:00:00+00:00,28.6,34.3,48.02874825036074
necati-ogulcan-yancel,2026-02-13 17:00:00+00:00,0.0,0.0,0.0
necati-ogulcan-yancel,2026-02-17 17:45:00+00:00,0.0,0.0,0.0
necati-ogulcan-yancel,2026-02-21 17:00:00+00:00,0.0,0.0,0.0
necati-ogulcan-yancel,2026-02-25 20:00:00+00:00,0.0,0.0,0.0
necati-ogulcan-yancel,2026-02-28 17:00:00+00:00,0.0,0.0,0.0
necati-ogulcan-yancel,2026-03-07 17:00:00+00:00,0.0,0.0,0.0
necati-ogulcan-yancel,2026-03-10 17:45:00+00:00,0.0,0.0,0.0
necati-ogulcan-yancel,2026-03-14 17:00:00+00:00,0.0,0.0,0.0
necati-ogulcan-yancel,2026-03-18 20:00:00+00:00,0.0,0.0,0.0
necati-ogulcan-yancel,2026-04-04 17:00:00+00:00,0.0,0.0,0.0
necati-ogulcan-yancel,2026-04-08 17:00:00+00:00,0.0,0.0,0.0
necati-ogulcan-yancel,2026-04-12 17:00:00+00:00,0.0,0.0,0.0
necati-ogulcan-yancel,2026-04-18 17:00:00+00:00,0.0,0.0,0.0
necati-ogulcan-yancel,2026-04-26 17:00:00+00:00,0.0,0.0,0.0
necati-ogulcan-yancel,2026-05-02 17:00:00+00:00,0.0,0.0,0.0
necati-ogulcan-yancel,2026-05-09 17:00:00+00:00,0.0,0.0,0.0
necip-uysal,2026-02-08 17:00:00+00:00,0.0,0.0,1.2249618987481288
necip-uysal,2026-02-15 17:00:00+00:00,0.0,0.0,1.2249618987481288
necip-uysal,2026-02-22 17:00:00+00:00,0.0,0.0,1.2249618987481288
necip-uysal,2026-02-28 13:00:00+00:00,0.0,0.0,1.2249618987481288
necip-uysal,2026-03-07 17:00:00+00:00,0.0,0.0,1.2249618987481288
necip-uysal,2026-03-15 17:00:00+00:00,0.0,0.0,1.2249618987481288
necip-uysal,2026-03-19 17:00:00+00:00,0.0,0.0,1.2249618987481288
necip-uysal,2026-04-05 17:00:00+00:00,0.0,0.0,1.2249618987481288
necip-uysal,2026-04-10 17:00:00+00:00,0.0,0.0,1.2249618987481288
necip-uysal,2026-04-19 14:00:00+00:00,0.0,0.0,1.2249618987481288
necip-uysal,2026-04-27 17:00:00+00:00,0.0,0.0,1.2249618987481288
necip-uysal,2026-05-01 17:00:00+00:00,0.0,0.0,1.2249618987481288
necip-uysal,2026-05-09 17:00:00+00:00,0.0,0.0,1.2249618987481288
nedim-bajrami,2026-02-11 20:00:00+00:00,0.0,0.0,13.785784920634924
nedim-bajrami,2026-02-15 16:30:00+00:00,0.0,69.2,22.679480429292934
nedim-bajrami,2026-02-22 15:00:00+00:00,69.2,0.0,22.643429599567103
nedim-bajrami,2026-03-01 12:00:00+00:00,0.0,0.0,40.96587940115438
nedim-bajrami,2026-03-15 12:00:00+00:00,0.0,0.0,14.3183878968254
nedim-bajrami,2026-03-21 17:45:00+00:00,0.0,28.3,14.3183878968254
nedim-bajrami,2026-03-26 19:45:00+00:00,28.3,35.0,14.3183878968254
nedim-bajrami,2026-03-31 18:45:00+00:00,35.0,0.0,36.87092427849927
nedim-bajrami,2026-04-04 14:00:00+00:00,0.0,0.0,22.074942225829737
nedim-bajrami,2026-04-12 11:00:00+00:00,0.0,0.0,22.074942225829737
nedim-bajrami,2026-04-26 14:00:00+00:00,0.0,0.0,22.074942225829737
nedim-bajrami,2026-05-04 16:30:00+00:00,0.0,0.0,22.074942225829737
nedim-bajrami,2026-05-10 11:00:00+00:00,0.0,0.0,17.747574227161724
nedim-bajrami,2026-05-13 19:00:00+00:00,0.0,0.0,22.896148647186138
nehuen-perez,2026-02-09 20:45:00+00:00,0.0,0.0,4.371450626925105
nehuen-perez,2026-02-15 15:30:00+00:00,0.0,0.0,4.371450626925105
nehuen-perez,2026-02-22 20:30:00+00:00,0.0,0.0,4.371450626925105
nehuen-perez,2026-02-27 18:45:00+00:00,0.0,0.0,4.371450626925105
nehuen-perez,2026-03-08 18:00:00+00:00,0.0,0.0,4.371450626925105
nehuen-perez,2026-03-12 17:45:00+00:00,0.0,0.0,4.371450626925105
nehuen-perez,2026-03-15 20:30:00+00:00,0.0,0.0,4.371450626925105
nehuen-perez,2026-03-19 20:00:00+00:00,0.0,0.0,4.371450626925105
nehuen-perez,2026-03-22 20:30:00+00:00,0.0,0.0,4.371450626925105
nehuen-perez,2026-04-04 19:30:00+00:00,0.0,0.0,4.371450626925105
nehuen-perez,2026-04-09 19:00:00+00:00,0.0,0.0,4.371450626925105
nehuen-perez,2026-04-12 19:30:00+00:00,0.0,0.0,4.371450626925105
nehuen-perez,2026-04-16 19:00:00+00:00,0.0,0.0,4.371450626925105
nehuen-perez,2026-04-19 19:30:00+00:00,0.0,0.0,4.371450626925105
nehuen-perez,2026-04-26 17:00:00+00:00,0.0,0.0,4.371450626925105
nehuen-perez,2026-05-02 19:30:00+00:00,0.0,0.0,4.371450626925105
nehuen-perez,2026-05-10 17:00:00+00:00,0.0,37.5,4.371450626925105
nelson-cabral-semedo,2026-02-09 17:00:00+00:00,36.2,49.9,49.646843776362566
nelson-cabral-semedo,2026-02-14 17:00:00+00:00,49.9,27.2,48.98702472874349
nelson-cabral-semedo,2026-02-19 17:45:00+00:00,27.2,39.5,48.53757482794983
nelson-cabral-semedo,2026-02-23 17:00:00+00:00,39.5,24.3,36.79959995421246
nelson-cabral-semedo,2026-02-26 20:00:00+00:00,24.3,44.7,38.40987793040293
nelson-cabral-semedo,2026-03-01 17:00:00+00:00,44.7,0.0,38.17276939033188
nelson-cabral-semedo,2026-03-08 17:00:00+00:00,0.0,0.0,38.89634331918083
nelson-cabral-semedo,2026-03-13 17:00:00+00:00,0.0,0.0,41.268796922521915
nelson-cabral-semedo,2026-03-17 17:00:00+00:00,0.0,82.4,45.74199799783547
nelson-cabral-semedo,2026-04-05 17:00:00+00:00,82.4,47.5,20.421767944555437
nelson-cabral-semedo,2026-04-11 17:00:00+00:00,47.5,69.2,40.65786942640693
nelson-cabral-semedo,2026-04-17 17:00:00+00:00,69.2,29.0,38.2679527000777
nelson-cabral-semedo,2026-04-26 17:00:00+00:00,29.0,51.2,35.365025901875896
nelson-cabral-semedo,2026-05-02 17:00:00+00:00,51.2,49.8,39.54424822261072
nelson-cabral-semedo,2026-05-09 17:00:00+00:00,49.8,76.1,49.84664109779109
nelson-miguel-castro-oliveira,2026-02-14 18:00:00+00:00,36.9,39.9,31.657572738372718
nelson-miguel-castro-oliveira,2026-02-21 20:30:00+00:00,39.9,0.0,32.175837053224534
nelson-miguel-castro-oliveira,2026-02-28 20:30:00+00:00,0.0,36.5,44.27593481240981
nelson-miguel-castro-oliveira,2026-03-08 20:30:00+00:00,36.5,41.3,42.592719462481966
nelson-miguel-castro-oliveira,2026-03-14 15:30:00+00:00,41.3,36.0,42.16557373737374
nelson-miguel-castro-oliveira,2026-03-21 18:00:00+00:00,36.0,0.0,42.26905954184703
nelson-miguel-castro-oliveira,2026-04-03 17:00:00+00:00,0.0,36.7,38.36317904040404
nelson-miguel-castro-oliveira,2026-04-11 14:30:00+00:00,36.7,33.7,32.89846803751805
nelson-miguel-castro-oliveira,2026-04-18 19:30:00+00:00,33.7,28.6,37.35822510822513
nelson-miguel-castro-oliveira,2026-04-25 19:30:00+00:00,28.6,0.0,33.163663654401155
nelson-miguel-castro-oliveira,2026-05-04 19:15:00+00:00,0.0,0.0,25.397485353535362
nelson-miguel-castro-oliveira,2026-05-11 19:15:00+00:00,0.0,0.0,28.008881349206334
nene-dorgeles,2026-02-09 17:00:00+00:00,41.2,34.5,59.11387956349203
nene-dorgeles,2026-02-14 17:00:00+00:00,34.5,36.4,61.124078457653404
nene-dorgeles,2026-02-19 17:45:00+00:00,36.4,71.0,55.694063816738826
nene-dorgeles,2026-02-23 17:00:00+00:00,71.0,37.1,52.33581248473749
nene-dorgeles,2026-02-26 20:00:00+00:00,37.1,32.9,54.61038830613831
nene-dorgeles,2026-03-01 17:00:00+00:00,32.9,62.5,43.50708883061383
nene-dorgeles,2026-03-08 17:00:00+00:00,62.5,31.5,44.120189556277026
nene-dorgeles,2026-03-13 17:00:00+00:00,31.5,90.0,45.52963908730162
nene-dorgeles,2026-03-17 17:00:00+00:00,90.0,61.1,48.85150696248199
nene-dorgeles,2026-04-05 17:00:00+00:00,61.1,80.5,48.38799404761901
nene-dorgeles,2026-04-11 17:00:00+00:00,80.5,50.7,44.27681136363637
nene-dorgeles,2026-04-17 17:00:00+00:00,50.7,36.1,50.253261399711384
nene-dorgeles,2026-04-26 17:00:00+00:00,36.1,0.0,49.592639942002464
nene-dorgeles,2026-05-02 17:00:00+00:00,0.0,0.0,49.92292768759019
nene-dorgeles,2026-05-09 17:00:00+00:00,0.0,0.0,51.411523011710514
nicolas-hernan-otamendi,2026-02-08 20:30:00+00:00,68.1,64.0,67.0183807803308
nicolas-hernan-otamendi,2026-02-13 18:30:00+00:00,64.0,50.6,54.846590008602526
nicolas-hernan-otamendi,2026-02-17 20:00:00+00:00,50.6,57.4,54.806338132700695
nicolas-hernan-otamendi,2026-02-21 18:00:00+00:00,57.4,33.3,55.26510038017542
nicolas-hernan-otamendi,2026-02-25 20:00:00+00:00,33.3,34.4,53.69448912476414
nicolas-hernan-otamendi,2026-03-02 20:15:00+00:00,34.4,43.2,79.20921922799424
nicolas-hernan-otamendi,2026-03-08 18:00:00+00:00,43.2,0.0,72.76005268759025
nicolas-hernan-otamendi,2026-03-14 20:30:00+00:00,0.0,0.0,69.71025010822517
nicolas-hernan-otamendi,2026-03-21 18:00:00+00:00,0.0,0.0,64.07137671356416
nicolas-hernan-otamendi,2026-03-27 23:15:00+00:00,0.0,0.0,58.580614953102476
nicolas-hernan-otamendi,2026-03-31 00:00:00+00:00,0.0,0.0,63.24889112554111
nicolas-hernan-otamendi,2026-03-31 23:15:00+00:00,0.0,93.4,45.483122958985476
nicolas-hernan-otamendi,2026-03-31 23:30:00+00:00,93.4,62.6,40.71070984570988
nicolas-hernan-otamendi,2026-04-06 19:45:00+00:00,62.6,90.5,63.96853513708515
nicolas-hernan-otamendi,2026-04-12 17:00:00+00:00,90.5,58.4,65.75616383061383
nicolas-hernan-otamendi,2026-04-19 17:15:00+00:00,58.4,57.2,67.25235774225771
nicolas-hernan-otamendi,2026-04-25 17:00:00+00:00,57.2,17.9,63.76797162698412
nicolas-hernan-otamendi,2026-05-02 17:00:00+00:00,17.9,0.0,65.54086204628706
nicolas-hernan-otamendi,2026-05-11 19:15:00+00:00,0.0,57.0,65.34080925324675
nicolas-raskin,2026-02-11 20:00:00+00:00,77.9,27.5,65.93313493867245
nicolas-raskin,2026-02-15 16:30:00+00:00,27.5,34.9,47.3503019660895
nicolas-raskin,2026-02-22 15:00:00+00:00,34.9,35.8,49.057377038239494
nicolas-raskin,2026-03-01 12:00:00+00:00,35.8,83.2,61.89592245393491
nicolas-raskin,2026-03-15 12:00:00+00:00,83.2,76.0,63.269608150183146
nicolas-raskin,2026-03-21 17:45:00+00:00,76.0,36.2,51.426425306637796
nicolas-raskin,2026-03-28 19:30:00+00:00,36.2,45.6,50.92618650793647
nicolas-raskin,2026-04-01 01:00:00+00:00,45.6,46.9,50.188085317460285
nicolas-raskin,2026-04-04 14:00:00+00:00,46.9,88.6,57.37895604256852
nicolas-raskin,2026-04-12 11:00:00+00:00,88.6,76.1,45.92935957792211
nicolas-raskin,2026-04-26 14:00:00+00:00,76.1,45.6,46.41087790404039
nicolas-raskin,2026-05-04 16:30:00+00:00,45.6,0.0,44.33688598484846
nicolas-raskin,2026-05-10 11:00:00+00:00,0.0,0.0,52.80856051587303
nicolas-raskin,2026-05-13 19:00:00+00:00,0.0,0.0,52.52341851551223
nikola-sarcevic,2026-02-15 13:30:00+00:00,0.0,0.0,0.0
nikola-sarcevic,2026-02-22 16:00:00+00:00,0.0,0.0,0.0
nikola-sarcevic,2026-03-01 16:00:00+00:00,0.0,0.0,0.0
nikola-sarcevic,2026-03-08 16:00:00+00:00,0.0,0.0,0.0
nikola-sarcevic,2026-03-15 13:30:00+00:00,0.0,0.0,0.0
nikola-sarcevic,2026-03-20 18:30:00+00:00,0.0,0.0,0.0
nikola-sarcevic,2026-04-05 12:30:00+00:00,0.0,0.0,0.0
nikola-sarcevic,2026-04-10 17:30:00+00:00,0.0,0.0,0.0
nikola-sarcevic,2026-04-19 12:30:00+00:00,0.0,0.0,0.0
nikola-sarcevic,2026-04-22 16:30:00+00:00,0.0,0.0,0.0
nikola-sarcevic,2026-04-26 12:30:00+00:00,0.0,0.0,0.0
nikola-sarcevic,2026-05-03 15:00:00+00:00,0.0,0.0,0.0
nikola-sarcevic,2026-05-10 15:00:00+00:00,0.0,0.0,0.0
noa-lang,2026-02-13 17:00:00+00:00,57.6,83.1,48.29163176406926
noa-lang,2026-02-17 17:45:00+00:00,83.1,44.6,47.670832142857144
noa-lang,2026-02-21 17:00:00+00:00,44.6,33.2,42.42254813242314
noa-lang,2026-02-25 20:00:00+00:00,33.2,37.4,44.203237247474746
noa-lang,2026-02-28 17:00:00+00:00,37.4,0.0,34.429223801933354
noa-lang,2026-03-07 17:00:00+00:00,0.0,52.3,43.16909390331891
noa-lang,2026-03-10 17:45:00+00:00,52.3,81.0,48.197729527417
noa-lang,2026-03-14 17:00:00+00:00,81.0,39.1,58.205646717171696
noa-lang,2026-03-18 20:00:00+00:00,39.1,0.0,46.502343235930745
noa-lang,2026-03-27 19:45:00+00:00,0.0,0.0,51.98119466089468
noa-lang,2026-03-31 18:45:00+00:00,0.0,38.2,55.524446976634465
noa-lang,2026-04-04 17:00:00+00:00,38.2,0.0,48.594697150072165
noa-lang,2026-04-08 17:00:00+00:00,0.0,41.9,50.91710711510716
noa-lang,2026-04-12 17:00:00+00:00,41.9,33.5,25.88471924603175
noa-lang,2026-04-18 17:00:00+00:00,33.5,40.9,28.077540476190475
noa-lang,2026-04-26 17:00:00+00:00,40.9,40.9,40.323888979076486
noa-lang,2026-05-02 17:00:00+00:00,40.9,71.1,46.5459456349206
noa-lang,2026-05-09 17:00:00+00:00,71.1,50.5,44.511507720057686
noah-jose-saviolo,2026-02-14 18:00:00+00:00,47.4,63.4,52.576064670052226
noah-jose-saviolo,2026-02-21 20:30:00+00:00,63.4,42.9,52.218871790709294
noah-jose-saviolo,2026-02-28 20:30:00+00:00,42.9,46.8,46.4018354090354
noah-jose-saviolo,2026-03-08 20:30:00+00:00,46.8,72.2,48.23010140831392
noah-jose-saviolo,2026-03-14 15:30:00+00:00,72.2,35.9,44.86767016733268
noah-jose-saviolo,2026-03-21 18:00:00+00:00,35.9,32.9,43.568609684759664
noah-jose-saviolo,2026-04-03 17:00:00+00:00,32.9,36.1,43.86346663059164
noah-jose-saviolo,2026-04-11 14:30:00+00:00,36.1,40.2,49.63420092823844
noah-jose-saviolo,2026-04-18 19:30:00+00:00,40.2,37.6,49.61453018509268
noah-jose-saviolo,2026-04-25 19:30:00+00:00,37.6,30.8,48.96326681929184
noah-jose-saviolo,2026-05-04 19:15:00+00:00,30.8,48.1,52.08273805916304
noah-jose-saviolo,2026-05-11 19:15:00+00:00,48.1,45.7,46.38736340187588
nuno-miguel-ferreira-matos,2026-02-08 18:00:00+00:00,0.0,0.0,3.7267225308875855
nuno-miguel-ferreira-matos,2026-02-14 20:30:00+00:00,0.0,0.0,3.7267225308875855
nuno-miguel-ferreira-matos,2026-02-21 20:30:00+00:00,0.0,0.0,3.7267225308875855
nuno-miguel-ferreira-matos,2026-02-28 18:00:00+00:00,0.0,0.0,3.7267225308875855
nuno-miguel-ferreira-matos,2026-03-07 18:00:00+00:00,0.0,0.0,3.7267225308875855
nuno-miguel-ferreira-matos,2026-03-12 20:00:00+00:00,0.0,0.0,3.7267225308875855
nuno-miguel-ferreira-matos,2026-03-18 15:30:00+00:00,0.0,0.0,3.7267225308875855
nuno-miguel-ferreira-matos,2026-03-22 20:30:00+00:00,0.0,0.0,3.7267225308875855
nuno-miguel-ferreira-matos,2026-04-04 17:00:00+00:00,0.0,0.0,3.7267225308875855
nuno-miguel-ferreira-matos,2026-04-08 16:45:00+00:00,0.0,0.0,3.7267225308875855
nuno-miguel-ferreira-matos,2026-04-12 17:00:00+00:00,0.0,0.0,3.7267225308875855
nuno-miguel-ferreira-matos,2026-04-16 19:00:00+00:00,0.0,0.0,3.7267225308875855
nuno-miguel-ferreira-matos,2026-04-19 19:30:00+00:00,0.0,0.0,3.7267225308875855
nuno-miguel-ferreira-matos,2026-04-23 18:00:00+00:00,0.0,0.0,3.7267225308875855
nuno-miguel-ferreira-matos,2026-04-26 17:00:00+00:00,0.0,0.0,3.7267225308875855
nuno-miguel-ferreira-matos,2026-04-30 19:00:00+00:00,0.0,0.0,3.7267225308875855
nuno-miguel-ferreira-matos,2026-05-03 17:00:00+00:00,0.0,0.0,3.7267225308875855
nuno-miguel-ferreira-matos,2026-05-07 19:00:00+00:00,0.0,0.0,3.7267225308875855
nuno-miguel-ferreira-matos,2026-05-11 19:15:00+00:00,0.0,0.0,3.7267225308875855
nuno-miguel-gomes-dos-santos,2026-02-09 20:45:00+00:00,0.0,0.0,1.7665399396041068
nuno-miguel-gomes-dos-santos,2026-02-15 20:30:00+00:00,0.0,0.0,1.7665399396041068
nuno-miguel-gomes-dos-santos,2026-02-21 18:00:00+00:00,0.0,67.5,1.7665399396041068
nuno-miguel-gomes-dos-santos,2026-02-27 20:45:00+00:00,67.5,0.0,1.7665399396041068
nuno-miguel-gomes-dos-santos,2026-03-07 18:00:00+00:00,0.0,52.3,33.642574476911975
nuno-miguel-gomes-dos-santos,2026-03-11 20:00:00+00:00,52.3,54.9,33.642574476911975
nuno-miguel-gomes-dos-santos,2026-03-17 17:45:00+00:00,54.9,36.6,33.39367485569986
nuno-miguel-gomes-dos-santos,2026-03-22 18:00:00+00:00,36.6,0.0,32.686852272727265
nuno-miguel-gomes-dos-santos,2026-04-03 19:30:00+00:00,0.0,0.0,29.305620634920633
nuno-miguel-gomes-dos-santos,2026-04-07 19:00:00+00:00,0.0,0.0,35.682927386502385
nuno-miguel-gomes-dos-santos,2026-04-11 19:30:00+00:00,0.0,0.0,35.682927386502385
nuno-miguel-gomes-dos-santos,2026-04-15 19:00:00+00:00,0.0,0.0,22.719472552447545
nuno-miguel-gomes-dos-santos,2026-04-19 17:15:00+00:00,0.0,0.0,9.576274981962484
nuno-miguel-gomes-dos-santos,2026-04-26 19:30:00+00:00,0.0,35.1,0.4878833333333333
nuno-miguel-gomes-dos-santos,2026-04-29 19:15:00+00:00,35.1,45.3,0.4878833333333333
nuno-miguel-gomes-dos-santos,2026-05-04 19:15:00+00:00,45.3,0.0,9.304731673881676
nuno-miguel-gomes-dos-santos,2026-05-11 19:15:00+00:00,0.0,0.0,13.829293116605617
nuno-miguel-madeira-fernandes-felix,2026-02-08 20:30:00+00:00,0.0,0.0,0.8268178144719576
nuno-miguel-madeira-fernandes-felix,2026-02-13 18:30:00+00:00,0.0,0.0,0.8268178144719576
nuno-miguel-madeira-fernandes-felix,2026-02-17 20:00:00+00:00,0.0,0.0,0.8268178144719576
nuno-miguel-madeira-fernandes-felix,2026-02-21 18:00:00+00:00,0.0,0.0,0.8268178144719576
nuno-miguel-madeira-fernandes-felix,2026-02-25 20:00:00+00:00,0.0,0.0,0.8268178144719576
nuno-miguel-madeira-fernandes-felix,2026-03-02 20:15:00+00:00,0.0,0.0,0.8268178144719576
nuno-miguel-madeira-fernandes-felix,2026-03-08 18:00:00+00:00,0.0,0.0,0.8268178144719576
nuno-miguel-madeira-fernandes-felix,2026-03-14 20:30:00+00:00,0.0,0.0,0.8268178144719576
nuno-miguel-madeira-fernandes-felix,2026-03-21 18:00:00+00:00,0.0,0.0,0.8268178144719576
nuno-miguel-madeira-fernandes-felix,2026-04-06 19:45:00+00:00,0.0,0.0,0.8268178144719576
nuno-miguel-madeira-fernandes-felix,2026-04-12 17:00:00+00:00,0.0,0.0,0.8268178144719576
nuno-miguel-madeira-fernandes-felix,2026-04-19 17:15:00+00:00,0.0,0.0,0.8268178144719576
nuno-miguel-madeira-fernandes-felix,2026-04-25 17:00:00+00:00,0.0,0.0,0.8268178144719576
nuno-miguel-madeira-fernandes-felix,2026-05-02 17:00:00+00:00,0.0,0.0,0.8268178144719576
nuno-miguel-madeira-fernandes-felix,2026-05-11 19:15:00+00:00,0.0,0.0,0.8268178144719576
oguz-aydin,2026-02-09 17:00:00+00:00,0.0,0.0,28.403964953102456
oguz-aydin,2026-02-14 17:00:00+00:00,0.0,0.0,28.403964953102456
oguz-aydin,2026-02-19 17:45:00+00:00,0.0,0.0,26.447214636752147
oguz-aydin,2026-02-23 17:00:00+00:00,0.0,41.8,26.447214636752147
oguz-aydin,2026-02-26 20:00:00+00:00,41.8,0.0,6.727097474747475
oguz-aydin,2026-03-01 17:00:00+00:00,0.0,35.0,32.90129117965368
oguz-aydin,2026-03-08 17:00:00+00:00,35.0,38.6,28.271813744588734
oguz-aydin,2026-03-13 17:00:00+00:00,38.6,0.0,40.65415351454102
oguz-aydin,2026-03-17 17:00:00+00:00,0.0,0.0,40.84093986291486
oguz-aydin,2026-03-26 17:00:00+00:00,0.0,0.0,37.74554374098124
oguz-aydin,2026-03-31 18:45:00+00:00,0.0,0.0,23.590875188700196
oguz-aydin,2026-04-05 17:00:00+00:00,0.0,39.1,23.590875188700196
oguz-aydin,2026-04-11 17:00:00+00:00,39.1,33.5,19.85022593101344
oguz-aydin,2026-04-17 17:00:00+00:00,33.5,0.0,24.48353540764792
oguz-aydin,2026-04-26 17:00:00+00:00,0.0,37.2,23.271232158119656
oguz-aydin,2026-05-02 17:00:00+00:00,37.2,34.4,23.271232158119656
oguz-aydin,2026-05-09 17:00:00+00:00,34.4,73.7,35.53023593073593
oguzhan-ertem,2026-02-14 17:00:00+00:00,0.0,0.0,0.16969844399022416
oguzhan-ertem,2026-02-22 13:00:00+00:00,0.0,0.0,0.16969844399022416
oguzhan-ertem,2026-02-27 17:00:00+00:00,0.0,0.0,0.16969844399022416
oguzhan-ertem,2026-03-09 17:00:00+00:00,0.0,0.0,0.16969844399022416
oguzhan-ertem,2026-03-14 17:00:00+00:00,0.0,0.0,0.16969844399022416
oguzhan-ertem,2026-03-18 17:00:00+00:00,0.0,0.0,0.16969844399022416
oguzhan-ertem,2026-04-04 17:00:00+00:00,0.0,0.0,0.16969844399022416
oguzhan-ertem,2026-04-11 14:00:00+00:00,0.0,0.0,0.16969844399022416
oguzhan-ertem,2026-04-19 17:00:00+00:00,0.0,0.0,0.16969844399022416
oguzhan-ertem,2026-04-27 17:00:00+00:00,0.0,0.0,0.16969844399022416
oguzhan-ertem,2026-05-02 17:00:00+00:00,0.0,0.0,0.16969844399022416
oguzhan-ertem,2026-05-09 17:00:00+00:00,0.0,36.8,0.16969844399022416
okay-yokuslu,2026-02-14 17:00:00+00:00,37.2,36.7,21.173459126984117
okay-yokuslu,2026-02-22 13:00:00+00:00,36.7,50.1,36.68717649711399
okay-yokuslu,2026-02-27 17:00:00+00:00,50.1,35.8,30.194084289321783
okay-yokuslu,2026-03-09 17:00:00+00:00,35.8,35.0,37.629550667388166
okay-yokuslu,2026-03-14 17:00:00+00:00,35.0,0.0,35.514859866522364
okay-yokuslu,2026-03-18 17:00:00+00:00,0.0,35.0,35.230521771284266
okay-yokuslu,2026-04-04 17:00:00+00:00,35.0,0.0,30.650294065656556
okay-yokuslu,2026-04-11 14:00:00+00:00,0.0,37.3,31.845342586580088
okay-yokuslu,2026-04-19 17:00:00+00:00,37.3,0.0,27.974233351370835
okay-yokuslu,2026-04-27 17:00:00+00:00,0.0,0.0,30.07471213924965
okay-yokuslu,2026-05-02 17:00:00+00:00,0.0,0.0,17.915098809523805
okay-yokuslu,2026-05-09 17:00:00+00:00,0.0,0.0,17.915098809523805
oleksandr-zubkov,2026-02-14 17:00:00+00:00,0.0,0.0,52.55593845737596
oleksandr-zubkov,2026-02-22 13:00:00+00:00,0.0,31.8,49.5058307803308
oleksandr-zubkov,2026-02-27 17:00:00+00:00,31.8,55.7,46.55994281968031
oleksandr-zubkov,2026-03-09 17:00:00+00:00,55.7,66.1,42.732429471916966
oleksandr-zubkov,2026-03-14 17:00:00+00:00,66.1,77.2,41.634081311743806
oleksandr-zubkov,2026-03-18 17:00:00+00:00,77.2,35.3,48.5704481240981
oleksandr-zubkov,2026-03-26 19:45:00+00:00,35.3,35.0,54.10357765984018
oleksandr-zubkov,2026-03-31 18:45:00+00:00,35.0,42.2,64.11260061327563
oleksandr-zubkov,2026-04-04 17:00:00+00:00,42.2,45.9,61.652953968253975
oleksandr-zubkov,2026-04-11 14:00:00+00:00,45.9,54.5,52.51103816183815
oleksandr-zubkov,2026-04-19 17:00:00+00:00,54.5,34.5,48.228504545454534
oleksandr-zubkov,2026-04-27 17:00:00+00:00,34.5,39.9,48.28644563492062
oleksandr-zubkov,2026-05-02 17:00:00+00:00,39.9,86.3,53.539356042568535
oleksandr-zubkov,2026-05-09 17:00:00+00:00,86.3,0.0,51.33080025252521
oliver-antman,2026-02-11 20:00:00+00:00,0.0,32.3,35.047023701298706
oliver-antman,2026-02-15 16:30:00+00:00,32.3,0.0,35.047023701298706
oliver-antman,2026-02-22 15:00:00+00:00,0.0,0.0,30.195442352092353
oliver-antman,2026-03-01 12:00:00+00:00,0.0,0.0,31.392926577589087
oliver-antman,2026-03-15 12:00:00+00:00,0.0,39.1,31.392926577589087
oliver-antman,2026-03-21 17:45:00+00:00,39.1,39.8,24.44280262912181
oliver-antman,2026-03-27 06:15:00+00:00,39.8,40.1,38.36626942640692
oliver-antman,2026-03-30 03:00:00+00:00,40.1,0.0,34.17440598845597
oliver-antman,2026-04-04 14:00:00+00:00,0.0,63.4,31.208043380230865
oliver-antman,2026-04-12 11:00:00+00:00,63.4,0.0,31.208043380230865
oliver-antman,2026-04-26 14:00:00+00:00,0.0,0.0,48.08378896103896
oliver-antman,2026-05-04 16:30:00+00:00,0.0,39.4,39.50955878427131
oliver-antman,2026-05-10 11:00:00+00:00,39.4,43.2,31.916481746031742
oliver-antman,2026-05-13 19:00:00+00:00,43.2,0.0,33.341286706349216
oliver-lukic,2026-02-15 13:30:00+00:00,0.0,0.0,12.556895292207793
oliver-lukic,2026-02-22 16:00:00+00:00,0.0,40.4,12.556895292207793
oliver-lukic,2026-03-01 16:00:00+00:00,40.4,41.7,12.556895292207793
oliver-lukic,2026-03-08 16:00:00+00:00,41.7,49.2,10.514975180375181
oliver-lukic,2026-03-15 13:30:00+00:00,49.2,0.0,6.167189808802308
oliver-lukic,2026-03-20 18:30:00+00:00,0.0,0.0,3.3416817460317465
oliver-lukic,2026-04-05 12:30:00+00:00,0.0,0.0,3.3416817460317465
oliver-lukic,2026-04-10 17:30:00+00:00,0.0,0.0,3.3416817460317465
oliver-lukic,2026-04-19 12:30:00+00:00,0.0,0.0,6.632361634199133
oliver-lukic,2026-04-22 16:30:00+00:00,0.0,0.0,2.0528726190476188
oliver-lukic,2026-04-26 12:30:00+00:00,0.0,0.0,0.9754269841269843
oliver-lukic,2026-05-03 15:00:00+00:00,0.0,0.0,0.9754269841269843
oliver-lukic,2026-05-10 15:00:00+00:00,0.0,0.0,0.9754269841269843
onuralp-cakiroglu,2026-02-14 17:00:00+00:00,0.0,0.0,0.0
onuralp-cakiroglu,2026-02-22 13:00:00+00:00,0.0,0.0,0.0
onuralp-cakiroglu,2026-02-27 17:00:00+00:00,0.0,0.0,0.0
onuralp-cakiroglu,2026-03-09 17:00:00+00:00,0.0,0.0,0.0
onuralp-cakiroglu,2026-03-14 17:00:00+00:00,0.0,0.0,0.0
onuralp-cakiroglu,2026-03-18 17:00:00+00:00,0.0,0.0,0.0
onuralp-cakiroglu,2026-04-04 17:00:00+00:00,0.0,0.0,0.0
onuralp-cakiroglu,2026-04-11 14:00:00+00:00,0.0,0.0,0.0
onuralp-cakiroglu,2026-04-19 17:00:00+00:00,0.0,0.0,0.0
onuralp-cakiroglu,2026-04-27 17:00:00+00:00,0.0,0.0,0.0
onuralp-cakiroglu,2026-05-02 17:00:00+00:00,0.0,34.1,0.0
onuralp-cakiroglu,2026-05-09 17:00:00+00:00,34.1,38.0,0.0
onuralp-cevikkan,2026-02-14 17:00:00+00:00,0.0,0.0,0.0
onuralp-cevikkan,2026-02-22 13:00:00+00:00,0.0,0.0,0.0
onuralp-cevikkan,2026-02-27 17:00:00+00:00,0.0,0.0,0.0
onuralp-cevikkan,2026-03-09 17:00:00+00:00,0.0,0.0,0.0
onuralp-cevikkan,2026-03-14 17:00:00+00:00,0.0,0.0,0.0
onuralp-cevikkan,2026-03-18 17:00:00+00:00,0.0,0.0,0.0
onuralp-cevikkan,2026-04-04 17:00:00+00:00,0.0,0.0,0.0
onuralp-cevikkan,2026-04-11 14:00:00+00:00,0.0,0.0,0.0
onuralp-cevikkan,2026-04-19 17:00:00+00:00,0.0,0.0,0.0
onuralp-cevikkan,2026-04-27 17:00:00+00:00,0.0,0.0,0.0
onuralp-cevikkan,2026-05-02 17:00:00+00:00,0.0,0.0,0.0
onuralp-cevikkan,2026-05-09 17:00:00+00:00,0.0,36.6,0.0
onyinye-wilfred-ndidi,2026-02-08 17:00:00+00:00,61.8,0.0,32.99519758991009
onyinye-wilfred-ndidi,2026-02-15 17:00:00+00:00,0.0,86.4,29.4184463924964
onyinye-wilfred-ndidi,2026-02-22 17:00:00+00:00,86.4,60.4,20.890688221500717
onyinye-wilfred-ndidi,2026-02-28 13:00:00+00:00,60.4,41.6,41.48759691558441
onyinye-wilfred-ndidi,2026-03-07 17:00:00+00:00,41.6,63.6,41.22067451298701
onyinye-wilfred-ndidi,2026-03-15 17:00:00+00:00,63.6,28.5,48.4587354076479
onyinye-wilfred-ndidi,2026-03-19 17:00:00+00:00,28.5,35.0,42.682937122599625
onyinye-wilfred-ndidi,2026-03-27 12:30:00+00:00,35.0,35.0,41.58141526945276
onyinye-wilfred-ndidi,2026-03-31 17:30:00+00:00,35.0,65.4,49.65872379426127
onyinye-wilfred-ndidi,2026-04-05 17:00:00+00:00,65.4,0.0,43.09458878066377
onyinye-wilfred-ndidi,2026-04-10 17:00:00+00:00,0.0,0.0,51.03028968253966
onyinye-wilfred-ndidi,2026-04-19 14:00:00+00:00,0.0,62.2,36.33095124458875
onyinye-wilfred-ndidi,2026-04-27 17:00:00+00:00,62.2,39.8,37.714950577200554
onyinye-wilfred-ndidi,2026-05-01 17:00:00+00:00,39.8,0.0,46.8179538690476
onyinye-wilfred-ndidi,2026-05-09 17:00:00+00:00,0.0,23.1,41.25236151626149
orest-lebedenko,2026-02-14 18:00:00+00:00,30.0,0.0,16.802022781385276
orest-lebedenko,2026-02-21 20:30:00+00:00,0.0,36.5,12.728014015151519
orest-lebedenko,2026-02-28 20:30:00+00:00,36.5,28.5,20.086352976190494
orest-lebedenko,2026-03-08 20:30:00+00:00,28.5,0.0,23.05484216269841
orest-lebedenko,2026-03-14 15:30:00+00:00,0.0,0.0,14.930668162393172
orest-lebedenko,2026-03-21 18:00:00+00:00,0.0,35.2,19.248799981962488
orest-lebedenko,2026-04-03 17:00:00+00:00,35.2,0.0,14.972273015873016
orest-lebedenko,2026-04-11 14:30:00+00:00,0.0,0.0,23.257634924797422
orest-lebedenko,2026-04-18 19:30:00+00:00,0.0,0.0,15.403079960317454
orest-lebedenko,2026-04-25 19:30:00+00:00,0.0,0.0,19.274415263902767
orest-lebedenko,2026-05-04 19:15:00+00:00,0.0,0.0,23.199077312964825
orest-lebedenko,2026-05-11 19:15:00+00:00,0.0,0.0,23.199077312964825
orkun-kokcu,2026-02-08 17:00:00+00:00,79.1,81.7,58.283389213564206
orkun-kokcu,2026-02-15 17:00:00+00:00,81.7,77.9,59.16192234848482
orkun-kokcu,2026-02-22 17:00:00+00:00,77.9,0.0,58.93158737373734
orkun-kokcu,2026-02-28 13:00:00+00:00,0.0,68.0,53.578167893217866
orkun-kokcu,2026-03-07 17:00:00+00:00,68.0,92.2,54.121745121545146
orkun-kokcu,2026-03-15 17:00:00+00:00,92.2,81.3,50.599315621878134
orkun-kokcu,2026-03-19 17:00:00+00:00,81.3,35.7,46.53423170995676
orkun-kokcu,2026-03-26 17:00:00+00:00,35.7,95.8,47.75237478354982
orkun-kokcu,2026-03-31 18:45:00+00:00,95.8,48.5,52.36278820346322
orkun-kokcu,2026-04-05 17:00:00+00:00,48.5,92.7,52.08809945887451
orkun-kokcu,2026-04-10 17:00:00+00:00,92.7,51.0,58.050300288600354
orkun-kokcu,2026-04-19 14:00:00+00:00,51.0,60.1,47.845896663059165
orkun-kokcu,2026-04-27 17:00:00+00:00,60.1,34.8,49.60325670995674
orkun-kokcu,2026-05-01 17:00:00+00:00,34.8,79.9,52.70565639776894
orkun-kokcu,2026-05-09 17:00:00+00:00,79.9,94.9,58.189617875180375
oscar-rivas-viondi,2026-02-14 18:00:00+00:00,0.0,0.0,2.7647977189477193
oscar-rivas-viondi,2026-02-21 20:30:00+00:00,0.0,0.0,1.4767643856143855
oscar-rivas-viondi,2026-02-28 20:30:00+00:00,0.0,0.0,1.4701691475191476
oscar-rivas-viondi,2026-03-08 20:30:00+00:00,0.0,0.0,5.3262595779220785
oscar-rivas-viondi,2026-03-14 15:30:00+00:00,0.0,31.7,1.6484912698412697
oscar-rivas-viondi,2026-03-21 18:00:00+00:00,31.7,51.0,0.2911904761904762
oscar-rivas-viondi,2026-04-03 17:00:00+00:00,51.0,42.5,8.468579166666668
oscar-rivas-viondi,2026-04-11 14:30:00+00:00,42.5,64.4,18.611678932178933
oscar-rivas-viondi,2026-04-18 19:30:00+00:00,64.4,79.6,34.163028823953816
oscar-rivas-viondi,2026-04-25 19:30:00+00:00,79.6,27.0,43.977925076312566
oscar-rivas-viondi,2026-05-04 19:15:00+00:00,27.0,57.2,49.636478246753256
oscar-rivas-viondi,2026-05-11 19:15:00+00:00,57.2,0.0,51.4359386183261
oskar-pietuszewski,2026-02-09 20:45:00+00:00,0.0,45.1,24.041896031746028
oskar-pietuszewski,2026-02-15 15:30:00+00:00,45.1,61.6,32.30683372322122
oskar-pietuszewski,2026-02-22 20:30:00+00:00,61.6,73.0,27.55469067460318
oskar-pietuszewski,2026-02-27 18:45:00+00:00,73.0,63.5,23.473986093073595
oskar-pietuszewski,2026-03-08 18:00:00+00:00,63.5,0.0,34.75619264069263
oskar-pietuszewski,2026-03-12 17:45:00+00:00,0.0,63.6,34.288767467254964
oskar-pietuszewski,2026-03-15 20:30:00+00:00,63.6,0.0,36.529519588744584
oskar-pietuszewski,2026-03-19 20:00:00+00:00,0.0,60.0,38.13079459568208
oskar-pietuszewski,2026-03-22 20:30:00+00:00,60.0,46.8,36.005139321789315
oskar-pietuszewski,2026-03-26 19:45:00+00:00,46.8,35.8,29.05531847041846
oskar-pietuszewski,2026-03-31 18:45:00+00:00,35.8,33.3,34.48199155844156
oskar-pietuszewski,2026-04-04 19:30:00+00:00,33.3,0.0,35.418390891053406
oskar-pietuszewski,2026-04-09 19:00:00+00:00,0.0,42.0,30.069436111111116
oskar-pietuszewski,2026-04-12 19:30:00+00:00,42.0,0.0,28.17098514541015
oskar-pietuszewski,2026-04-16 19:00:00+00:00,0.0,36.1,23.081084235209232
oskar-pietuszewski,2026-04-19 19:30:00+00:00,36.1,90.8,24.53599586940837
oskar-pietuszewski,2026-04-26 17:00:00+00:00,90.8,42.4,24.45651192279943
oskar-pietuszewski,2026-05-02 19:30:00+00:00,42.4,37.2,29.830337257187256
oskar-pietuszewski,2026-05-10 17:00:00+00:00,37.2,39.7,42.969340133477644
oumar-camara-2007-05-11,2026-02-14 18:00:00+00:00,37.9,35.9,43.69661502525255
oumar-camara-2007-05-11,2026-02-21 20:30:00+00:00,35.9,33.8,42.858747041847074
oumar-camara-2007-05-11,2026-02-28 20:30:00+00:00,33.8,35.2,32.94186783910535
oumar-camara-2007-05-11,2026-03-08 20:30:00+00:00,35.2,36.1,32.29317647907647
oumar-camara-2007-05-11,2026-03-14 15:30:00+00:00,36.1,36.9,30.41069020562772
oumar-camara-2007-05-11,2026-03-21 18:00:00+00:00,36.9,82.7,32.94369164862915
oumar-camara-2007-05-11,2026-04-03 17:00:00+00:00,82.7,43.7,28.62100110028861
oumar-camara-2007-05-11,2026-04-11 14:30:00+00:00,43.7,40.1,38.67436204906206
oumar-camara-2007-05-11,2026-04-18 19:30:00+00:00,40.1,34.8,39.472496645021664
oumar-camara-2007-05-11,2026-04-25 19:30:00+00:00,34.8,33.9,36.03207236652238
oumar-camara-2007-05-11,2026-05-04 19:15:00+00:00,33.9,36.8,36.95826726190479
oumar-camara-2007-05-11,2026-05-11 19:15:00+00:00,36.8,37.3,39.60954424603176
ousmane-diomande,2026-02-09 20:45:00+00:00,33.2,72.6,45.90335476190475
ousmane-diomande,2026-02-15 20:30:00+00:00,72.6,55.3,37.6249696067821
ousmane-diomande,2026-02-21 18:00:00+00:00,55.3,76.6,30.44316231962482
ousmane-diomande,2026-02-27 20:45:00+00:00,76.6,34.5,39.99465732461982
ousmane-diomande,2026-03-07 18:00:00+00:00,34.5,42.3,38.71841616855368
ousmane-diomande,2026-03-11 20:00:00+00:00,42.3,38.7,40.71778627344879
ousmane-diomande,2026-03-17 17:45:00+00:00,38.7,0.0,34.50963210678213
ousmane-diomande,2026-03-22 18:00:00+00:00,0.0,36.4,38.59071495310246
ousmane-diomande,2026-03-28 14:00:00+00:00,36.4,0.0,30.176885429847935
ousmane-diomande,2026-03-30 18:45:00+00:00,0.0,57.3,30.248818596681073
ousmane-diomande,2026-03-31 18:30:00+00:00,57.3,0.0,27.42288477633477
ousmane-diomande,2026-04-03 19:30:00+00:00,0.0,47.9,34.16154897186148
ousmane-diomande,2026-04-07 19:00:00+00:00,47.9,35.0,32.047142815517816
ousmane-diomande,2026-04-11 19:30:00+00:00,35.0,48.7,39.352855280830255
ousmane-diomande,2026-04-15 19:00:00+00:00,48.7,45.8,37.26952023809523
ousmane-diomande,2026-04-19 17:15:00+00:00,45.8,73.9,40.1081171051171
ousmane-diomande,2026-04-26 19:30:00+00:00,73.9,0.0,27.626229915917428
ousmane-diomande,2026-04-29 19:15:00+00:00,0.0,33.5,33.388372950660425
ousmane-diomande,2026-05-04 19:15:00+00:00,33.5,64.6,29.8198632145632
ousmane-diomande,2026-05-11 19:15:00+00:00,64.6,0.0,28.095311489898975
ozan-tufan,2026-02-14 17:00:00+00:00,0.0,50.6,26.345912896825407
ozan-tufan,2026-02-22 13:00:00+00:00,50.6,97.1,50.24387290626039
ozan-tufan,2026-02-27 17:00:00+00:00,97.1,41.1,31.260965273615255
ozan-tufan,2026-03-09 17:00:00+00:00,41.1,49.2,35.17214395604397
ozan-tufan,2026-03-14 17:00:00+00:00,49.2,52.7,35.70128820346319
ozan-tufan,2026-03-18 17:00:00+00:00,52.7,42.4,34.83300606060605
ozan-tufan,2026-04-04 17:00:00+00:00,42.4,65.6,37.71312478354978
ozan-tufan,2026-04-11 14:00:00+00:00,65.6,36.5,38.626379166666645
ozan-tufan,2026-04-19 17:00:00+00:00,36.5,46.5,40.203554473304486
ozan-tufan,2026-04-27 17:00:00+00:00,46.5,51.2,34.48477673576424
ozan-tufan,2026-05-02 17:00:00+00:00,51.2,76.0,27.86634774531024
ozan-tufan,2026-05-09 17:00:00+00:00,76.0,39.3,36.65066215867467
pablo-paulino-rosario,2026-02-09 20:45:00+00:00,0.0,0.0,32.345151948745674
pablo-paulino-rosario,2026-02-15 15:30:00+00:00,0.0,45.5,32.86833100649349
pablo-paulino-rosario,2026-02-22 20:30:00+00:00,45.5,34.5,40.26263917055165
pablo-paulino-rosario,2026-02-27 18:45:00+00:00,34.5,0.0,34.47103501082252
pablo-paulino-rosario,2026-03-08 18:00:00+00:00,0.0,51.8,47.63932976051722
pablo-paulino-rosario,2026-03-12 17:45:00+00:00,51.8,40.3,37.3131795010545
pablo-paulino-rosario,2026-03-15 20:30:00+00:00,40.3,38.6,43.23572963147963
pablo-paulino-rosario,2026-03-19 20:00:00+00:00,38.6,30.4,51.745161790986806
pablo-paulino-rosario,2026-03-22 20:30:00+00:00,30.4,0.0,50.15954010572762
pablo-paulino-rosario,2026-03-27 00:00:00+00:00,0.0,0.0,45.07478683261187
pablo-paulino-rosario,2026-03-29 22:00:00+00:00,0.0,0.0,44.662204040404056
pablo-paulino-rosario,2026-04-04 19:30:00+00:00,0.0,50.2,26.74786661255412
pablo-paulino-rosario,2026-04-09 19:00:00+00:00,50.2,0.0,44.55037671356425
pablo-paulino-rosario,2026-04-12 19:30:00+00:00,0.0,33.0,29.171008649683664
pablo-paulino-rosario,2026-04-16 19:00:00+00:00,33.0,41.6,49.55445227688979
pablo-paulino-rosario,2026-04-19 19:30:00+00:00,41.6,37.1,36.53367373737374
pablo-paulino-rosario,2026-04-26 17:00:00+00:00,37.1,52.4,34.937449603174635
pablo-paulino-rosario,2026-05-02 19:30:00+00:00,52.4,0.0,36.919970689033164
pablo-paulino-rosario,2026-05-10 17:00:00+00:00,0.0,0.0,38.815453373015856
pau-victor-delgado,2026-02-08 18:00:00+00:00,74.1,40.0,42.80511085858587
pau-victor-delgado,2026-02-14 20:30:00+00:00,40.0,41.8,43.68934343434342
pau-victor-delgado,2026-02-21 20:30:00+00:00,41.8,70.2,46.01192292568541
pau-victor-delgado,2026-02-28 18:00:00+00:00,70.2,43.5,41.041233462370975
pau-victor-delgado,2026-03-07 18:00:00+00:00,43.5,31.6,44.300831911144414
pau-victor-delgado,2026-03-12 20:00:00+00:00,31.6,60.7,33.97435865384618
pau-victor-delgado,2026-03-18 15:30:00+00:00,60.7,33.0,32.4326998973249
pau-victor-delgado,2026-03-22 20:30:00+00:00,33.0,47.0,41.87608104256852
pau-victor-delgado,2026-04-04 17:00:00+00:00,47.0,51.4,40.421825865800834
pau-victor-delgado,2026-04-08 16:45:00+00:00,51.4,64.9,37.03254078282826
pau-victor-delgado,2026-04-12 17:00:00+00:00,64.9,71.4,36.011857738095216
pau-victor-delgado,2026-04-16 19:00:00+00:00,71.4,39.1,29.859850320512816
pau-victor-delgado,2026-04-19 19:30:00+00:00,39.1,60.0,32.27991922383172
pau-victor-delgado,2026-04-23 18:00:00+00:00,60.0,0.0,41.92884616078366
pau-victor-delgado,2026-04-26 17:00:00+00:00,0.0,47.4,43.153005305805316
pau-victor-delgado,2026-04-30 19:00:00+00:00,47.4,47.2,34.00753068181817
pau-victor-delgado,2026-05-03 17:00:00+00:00,47.2,76.1,32.05706652236652
pau-victor-delgado,2026-05-07 19:00:00+00:00,76.1,78.2,36.30043434898434
pau-victor-delgado,2026-05-11 19:15:00+00:00,78.2,69.3,32.500104292929294
paulo-andre-rodrigues-de-oliveira,2026-02-08 18:00:00+00:00,0.0,35.4,32.27729402264401
paulo-andre-rodrigues-de-oliveira,2026-02-14 20:30:00+00:00,35.4,0.0,32.27729402264401
paulo-andre-rodrigues-de-oliveira,2026-02-21 20:30:00+00:00,0.0,44.0,26.26658793290043
paulo-andre-rodrigues-de-oliveira,2026-02-28 18:00:00+00:00,44.0,16.7,28.501570779220785
paulo-andre-rodrigues-de-oliveira,2026-03-07 18:00:00+00:00,16.7,0.0,32.97107871572871
paulo-andre-rodrigues-de-oliveira,2026-03-12 20:00:00+00:00,0.0,0.0,23.028227344877372
paulo-andre-rodrigues-de-oliveira,2026-03-18 15:30:00+00:00,0.0,0.0,23.028227344877372
paulo-andre-rodrigues-de-oliveira,2026-03-22 20:30:00+00:00,0.0,0.0,24.816447564935057
paulo-andre-rodrigues-de-oliveira,2026-04-04 17:00:00+00:00,0.0,0.0,24.816447564935057
paulo-andre-rodrigues-de-oliveira,2026-04-08 16:45:00+00:00,0.0,49.3,22.802784018759006
paulo-andre-rodrigues-de-oliveira,2026-04-12 17:00:00+00:00,49.3,39.9,9.748505284992788
paulo-andre-rodrigues-de-oliveira,2026-04-16 19:00:00+00:00,39.9,0.0,34.49842738095237
paulo-andre-rodrigues-de-oliveira,2026-04-19 19:30:00+00:00,0.0,50.6,25.88437437146188
paulo-andre-rodrigues-de-oliveira,2026-04-23 18:00:00+00:00,50.6,18.8,25.445461093073607
paulo-andre-rodrigues-de-oliveira,2026-04-26 17:00:00+00:00,18.8,40.7,33.1762318778444
paulo-andre-rodrigues-de-oliveira,2026-04-30 19:00:00+00:00,40.7,32.7,21.92561066017316
paulo-andre-rodrigues-de-oliveira,2026-05-03 17:00:00+00:00,32.7,30.8,29.318973147685647
paulo-andre-rodrigues-de-oliveira,2026-05-07 19:00:00+00:00,30.8,0.0,33.28664219530469
paulo-andre-rodrigues-de-oliveira,2026-05-11 19:15:00+00:00,0.0,34.8,22.56000772005772
paulo-guilherme-goncalves-bernardo,2026-02-11 19:45:00+00:00,0.0,0.0,18.402570761183256
paulo-guilherme-goncalves-bernardo,2026-02-15 14:00:00+00:00,0.0,30.9,23.49975674603174
paulo-guilherme-goncalves-bernardo,2026-02-19 20:00:00+00:00,30.9,0.0,24.79226224053723
paulo-guilherme-goncalves-bernardo,2026-02-22 15:00:00+00:00,0.0,0.0,25.529496626984127
paulo-guilherme-goncalves-bernardo,2026-02-26 17:45:00+00:00,0.0,0.0,21.637344141969148
paulo-guilherme-goncalves-bernardo,2026-03-01 12:00:00+00:00,0.0,0.0,23.35080013320013
paulo-guilherme-goncalves-bernardo,2026-03-04 20:00:00+00:00,0.0,37.7,23.35080013320013
paulo-guilherme-goncalves-bernardo,2026-03-14 15:00:00+00:00,37.7,0.0,23.308330436230435
paulo-guilherme-goncalves-bernardo,2026-03-22 12:30:00+00:00,0.0,0.0,21.24603988095237
paulo-guilherme-goncalves-bernardo,2026-04-05 15:30:00+00:00,0.0,0.0,21.24603988095237
paulo-guilherme-goncalves-bernardo,2026-04-11 14:00:00+00:00,0.0,0.0,21.24603988095237
paulo-guilherme-goncalves-bernardo,2026-04-25 16:30:00+00:00,0.0,0.0,21.24603988095237
paulo-guilherme-goncalves-bernardo,2026-05-03 11:00:00+00:00,0.0,0.0,26.156976533189034
paulo-guilherme-goncalves-bernardo,2026-05-10 11:00:00+00:00,0.0,0.0,12.247912391774895
paulo-guilherme-goncalves-bernardo,2026-05-13 19:00:00+00:00,0.0,0.0,24.179425202575203
pedro-antonio-pereira-goncalves,2026-02-09 20:45:00+00:00,38.4,37.8,38.84246412892665
pedro-antonio-pereira-goncalves,2026-02-15 20:30:00+00:00,37.8,0.0,34.71153990315241
pedro-antonio-pereira-goncalves,2026-02-21 18:00:00+00:00,0.0,0.0,40.84015735514486
pedro-antonio-pereira-goncalves,2026-02-27 20:45:00+00:00,0.0,72.3,48.76329838217338
pedro-antonio-pereira-goncalves,2026-03-07 18:00:00+00:00,72.3,0.0,43.870275149850166
pedro-antonio-pereira-goncalves,2026-03-11 20:00:00+00:00,0.0,64.1,40.66640408202908
pedro-antonio-pereira-goncalves,2026-03-17 17:45:00+00:00,64.1,90.0,37.90419550865804
pedro-antonio-pereira-goncalves,2026-03-22 18:00:00+00:00,90.0,0.0,39.84299466228217
pedro-antonio-pereira-goncalves,2026-03-29 01:00:00+00:00,0.0,0.0,23.213111489898985
pedro-antonio-pereira-goncalves,2026-03-31 23:00:00+00:00,0.0,68.1,23.213111489898985
pedro-antonio-pereira-goncalves,2026-04-03 19:30:00+00:00,68.1,43.7,35.63503732517482
pedro-antonio-pereira-goncalves,2026-04-07 19:00:00+00:00,43.7,37.6,24.67549538239536
pedro-antonio-pereira-goncalves,2026-04-11 19:30:00+00:00,37.6,46.5,38.12042382201131
pedro-antonio-pereira-goncalves,2026-04-15 19:00:00+00:00,46.5,35.1,24.861100312187816
pedro-antonio-pereira-goncalves,2026-04-19 17:15:00+00:00,35.1,39.0,30.38496755466756
pedro-antonio-pereira-goncalves,2026-04-26 19:30:00+00:00,39.0,54.3,22.978597402597384
pedro-antonio-pereira-goncalves,2026-04-29 19:15:00+00:00,54.3,73.5,36.00685596486846
pedro-antonio-pereira-goncalves,2026-05-04 19:15:00+00:00,73.5,45.2,43.26556247641247
pedro-antonio-pereira-goncalves,2026-05-11 19:15:00+00:00,45.2,74.4,38.950285135697634
rafael-alexandre-fernandes-ferreira-da-silva,2026-02-08 20:30:00+00:00,47.6,38.3,44.161418722943715
rafael-alexandre-fernandes-ferreira-da-silva,2026-02-13 18:30:00+00:00,38.3,35.1,44.6272790764791
rafael-alexandre-fernandes-ferreira-da-silva,2026-02-17 20:00:00+00:00,35.1,75.9,47.65938667027416
rafael-alexandre-fernandes-ferreira-da-silva,2026-02-21 18:00:00+00:00,75.9,65.5,50.83347263708517
rafael-alexandre-fernandes-ferreira-da-silva,2026-02-25 20:00:00+00:00,65.5,43.1,49.745665195915215
rafael-alexandre-fernandes-ferreira-da-silva,2026-03-02 20:15:00+00:00,43.1,36.5,45.64512165612167
rafael-alexandre-fernandes-ferreira-da-silva,2026-03-08 18:00:00+00:00,36.5,44.9,44.09489607892108
rafael-alexandre-fernandes-ferreira-da-silva,2026-03-14 20:30:00+00:00,44.9,36.4,47.6500070998446
rafael-alexandre-fernandes-ferreira-da-silva,2026-03-21 18:00:00+00:00,36.4,43.7,48.319517309079814
rafael-alexandre-fernandes-ferreira-da-silva,2026-04-06 19:45:00+00:00,43.7,73.8,56.9285192404817
rafael-alexandre-fernandes-ferreira-da-silva,2026-04-12 17:00:00+00:00,73.8,62.5,51.11076055194806
rafael-alexandre-fernandes-ferreira-da-silva,2026-04-19 17:15:00+00:00,62.5,36.3,55.49314915223665
rafael-alexandre-fernandes-ferreira-da-silva,2026-04-25 17:00:00+00:00,36.3,34.1,49.49165975690977
rafael-alexandre-fernandes-ferreira-da-silva,2026-05-02 17:00:00+00:00,34.1,79.1,48.222035329947815
rafael-alexandre-fernandes-ferreira-da-silva,2026-05-11 19:15:00+00:00,79.1,60.0,48.052079347041854
rafael-ferreira-nel,2026-02-09 20:45:00+00:00,0.0,36.1,0.0
rafael-ferreira-nel,2026-02-15 20:30:00+00:00,36.1,0.0,0.0
rafael-ferreira-nel,2026-02-21 18:00:00+00:00,0.0,0.0,20.74361504271872
rafael-ferreira-nel,2026-02-27 20:45:00+00:00,0.0,0.0,20.74361504271872
rafael-ferreira-nel,2026-03-07 18:00:00+00:00,0.0,0.0,20.74361504271872
rafael-ferreira-nel,2026-03-11 20:00:00+00:00,0.0,65.0,20.74361504271872
rafael-ferreira-nel,2026-03-17 17:45:00+00:00,65.0,31.4,20.74361504271872
rafael-ferreira-nel,2026-03-22 18:00:00+00:00,31.4,77.8,15.493746482683981
rafael-ferreira-nel,2026-04-03 19:30:00+00:00,77.8,35.5,11.339952380952385
rafael-ferreira-nel,2026-04-07 19:00:00+00:00,35.5,35.0,25.92121248751248
rafael-ferreira-nel,2026-04-11 19:30:00+00:00,35.0,35.0,13.390895039682531
rafael-ferreira-nel,2026-04-15 19:00:00+00:00,35.0,36.2,7.344744047619046
rafael-ferreira-nel,2026-04-19 17:15:00+00:00,36.2,63.3,9.995388528138529
rafael-ferreira-nel,2026-04-26 19:30:00+00:00,63.3,0.0,11.468635804473301
rafael-ferreira-nel,2026-04-29 19:15:00+00:00,0.0,0.0,13.775591468253962
rafael-ferreira-nel,2026-05-04 19:15:00+00:00,0.0,35.0,6.697881565656563
rafael-ferreira-nel,2026-05-11 19:15:00+00:00,35.0,0.0,10.324293757631258
rayan-lucas-marques-de-souza,2026-02-09 20:45:00+00:00,0.0,0.0,0.0
rayan-lucas-marques-de-souza,2026-02-15 20:30:00+00:00,0.0,0.0,0.0
rayan-lucas-marques-de-souza,2026-02-21 18:00:00+00:00,0.0,0.0,0.0
rayan-lucas-marques-de-souza,2026-02-27 20:45:00+00:00,0.0,0.0,0.0
rayan-lucas-marques-de-souza,2026-03-07 18:00:00+00:00,0.0,0.0,0.0
rayan-lucas-marques-de-souza,2026-03-11 20:00:00+00:00,0.0,0.0,0.0
rayan-lucas-marques-de-souza,2026-03-17 17:45:00+00:00,0.0,0.0,0.0
rayan-lucas-marques-de-souza,2026-03-22 18:00:00+00:00,0.0,0.0,0.0
rayan-lucas-marques-de-souza,2026-04-03 19:30:00+00:00,0.0,0.0,0.0
rayan-lucas-marques-de-souza,2026-04-07 19:00:00+00:00,0.0,0.0,0.0
rayan-lucas-marques-de-souza,2026-04-11 19:30:00+00:00,0.0,0.0,0.0
rayan-lucas-marques-de-souza,2026-04-15 19:00:00+00:00,0.0,0.0,0.0
rayan-lucas-marques-de-souza,2026-04-19 17:15:00+00:00,0.0,0.0,0.0
rayan-lucas-marques-de-souza,2026-04-26 19:30:00+00:00,0.0,0.0,0.0
rayan-lucas-marques-de-souza,2026-04-29 19:15:00+00:00,0.0,0.0,0.0
rayan-lucas-marques-de-souza,2026-05-04 19:15:00+00:00,0.0,0.0,0.0
rayan-lucas-marques-de-souza,2026-05-11 19:15:00+00:00,0.0,0.0,0.0
renato-nhaga,2026-02-13 17:00:00+00:00,41.8,0.0,22.32540456210455
renato-nhaga,2026-02-17 17:45:00+00:00,0.0,0.0,21.56365133477634
renato-nhaga,2026-02-21 17:00:00+00:00,0.0,0.0,18.097665440115442
renato-nhaga,2026-02-25 20:00:00+00:00,0.0,0.0,10.184805086580088
renato-nhaga,2026-02-28 17:00:00+00:00,0.0,0.0,11.568984126984128
renato-nhaga,2026-03-07 17:00:00+00:00,0.0,0.0,15.874666305916305
renato-nhaga,2026-03-10 17:45:00+00:00,0.0,65.2,8.737812272449771
renato-nhaga,2026-03-14 17:00:00+00:00,65.2,0.0,8.51561257215007
renato-nhaga,2026-03-18 20:00:00+00:00,0.0,0.0,18.097509668109662
renato-nhaga,2026-03-28 18:00:00+00:00,0.0,0.0,18.25520555555556
renato-nhaga,2026-03-31 19:00:00+00:00,0.0,0.0,24.00842500000001
renato-nhaga,2026-04-04 17:00:00+00:00,0.0,0.0,25.23187936507938
renato-nhaga,2026-04-08 17:00:00+00:00,0.0,0.0,24.211383748196262
renato-nhaga,2026-04-12 17:00:00+00:00,0.0,0.0,10.311542261904762
renato-nhaga,2026-04-18 17:00:00+00:00,0.0,0.0,10.311542261904762
renato-nhaga,2026-04-26 17:00:00+00:00,0.0,0.0,10.311542261904762
renato-nhaga,2026-05-02 17:00:00+00:00,0.0,0.0,14.324301501276498
renato-nhaga,2026-05-09 17:00:00+00:00,0.0,42.6,14.324301501276498
reo-hatate,2026-02-11 19:45:00+00:00,28.8,37.7,42.82172643606395
reo-hatate,2026-02-15 14:00:00+00:00,37.7,40.7,42.06386187007436
reo-hatate,2026-02-19 20:00:00+00:00,40.7,35.5,42.338476264013764
reo-hatate,2026-02-22 15:00:00+00:00,35.5,37.4,44.402705519480506
reo-hatate,2026-02-26 17:45:00+00:00,37.4,65.6,46.60074747474744
reo-hatate,2026-03-01 12:00:00+00:00,65.6,40.5,47.050405411255376
reo-hatate,2026-03-04 20:00:00+00:00,40.5,27.9,51.14722683150182
reo-hatate,2026-03-14 15:00:00+00:00,27.9,52.0,59.57557692446444
reo-hatate,2026-03-22 12:30:00+00:00,52.0,0.0,48.036845091020076
reo-hatate,2026-04-05 15:30:00+00:00,0.0,33.8,52.615781060606075
reo-hatate,2026-04-11 14:00:00+00:00,33.8,0.0,48.905942334054835
reo-hatate,2026-04-25 16:30:00+00:00,0.0,0.0,42.445961544011546
reo-hatate,2026-05-03 11:00:00+00:00,0.0,35.1,43.849520117382625
reo-hatate,2026-05-10 11:00:00+00:00,35.1,40.6,44.44717298118551
reo-hatate,2026-05-13 19:00:00+00:00,40.6,0.0,31.27638405205905
ricardo-joaquim-ferreira-rocha,2026-02-14 18:00:00+00:00,0.0,0.0,2.6348597883712426
ricardo-joaquim-ferreira-rocha,2026-02-21 20:30:00+00:00,0.0,0.0,2.6348597883712426
ricardo-joaquim-ferreira-rocha,2026-02-28 20:30:00+00:00,0.0,0.0,2.6348597883712426
ricardo-joaquim-ferreira-rocha,2026-03-08 20:30:00+00:00,0.0,0.0,2.6348597883712426
ricardo-joaquim-ferreira-rocha,2026-03-14 15:30:00+00:00,0.0,0.0,2.6348597883712426
ricardo-joaquim-ferreira-rocha,2026-03-21 18:00:00+00:00,0.0,0.0,2.6348597883712426
ricardo-joaquim-ferreira-rocha,2026-04-03 17:00:00+00:00,0.0,0.0,2.6348597883712426
ricardo-joaquim-ferreira-rocha,2026-04-11 14:30:00+00:00,0.0,0.0,2.6348597883712426
ricardo-joaquim-ferreira-rocha,2026-04-18 19:30:00+00:00,0.0,0.0,2.6348597883712426
ricardo-joaquim-ferreira-rocha,2026-04-25 19:30:00+00:00,0.0,0.0,3.5579418748949703
ricardo-joaquim-ferreira-rocha,2026-05-04 19:15:00+00:00,0.0,0.0,3.5579418748949703
ricardo-joaquim-ferreira-rocha,2026-05-11 19:15:00+00:00,0.0,47.3,3.5579418748949703
ricardo-jorge-luz-horta,2026-02-08 18:00:00+00:00,99.7,80.9,46.90534181374181
ricardo-jorge-luz-horta,2026-02-14 20:30:00+00:00,80.9,78.6,58.58991643217893
ricardo-jorge-luz-horta,2026-02-21 20:30:00+00:00,78.6,46.8,59.255167748917756
ricardo-jorge-luz-horta,2026-02-28 18:00:00+00:00,46.8,69.7,55.95310382395383
ricardo-jorge-luz-horta,2026-03-07 18:00:00+00:00,69.7,48.1,55.566850919913435
ricardo-jorge-luz-horta,2026-03-12 20:00:00+00:00,48.1,95.3,57.71418394660895
ricardo-jorge-luz-horta,2026-03-18 15:30:00+00:00,95.3,43.7,45.38835907564658
ricardo-jorge-luz-horta,2026-03-22 20:30:00+00:00,43.7,0.0,55.057658549783554
ricardo-jorge-luz-horta,2026-03-29 01:00:00+00:00,0.0,40.5,42.93607305194807
ricardo-jorge-luz-horta,2026-03-31 23:00:00+00:00,40.5,67.4,33.62842287434787
ricardo-jorge-luz-horta,2026-04-04 17:00:00+00:00,67.4,45.1,53.79667581168833
ricardo-jorge-luz-horta,2026-04-08 16:45:00+00:00,45.1,40.2,47.15597215007217
ricardo-jorge-luz-horta,2026-04-12 17:00:00+00:00,40.2,72.0,56.3276067099567
ricardo-jorge-luz-horta,2026-04-16 19:00:00+00:00,72.0,73.4,61.501900992063476
ricardo-jorge-luz-horta,2026-04-19 19:30:00+00:00,73.4,50.1,41.585237878787865
ricardo-jorge-luz-horta,2026-04-23 18:00:00+00:00,50.1,0.0,44.447335299422804
ricardo-jorge-luz-horta,2026-04-26 17:00:00+00:00,0.0,37.6,47.47179302364302
ricardo-jorge-luz-horta,2026-04-30 19:00:00+00:00,37.6,0.0,53.425012229437215
ricardo-jorge-luz-horta,2026-05-03 17:00:00+00:00,0.0,0.0,52.34244873737372
ricardo-jorge-luz-horta,2026-05-07 19:00:00+00:00,0.0,0.0,54.12684414335665
ricardo-jorge-luz-horta,2026-05-11 19:15:00+00:00,0.0,46.8,55.552386186036195
ricardo-luis-chaby-mangas,2026-02-09 20:45:00+00:00,0.0,50.5,10.343518055555556
ricardo-luis-chaby-mangas,2026-02-15 20:30:00+00:00,50.5,0.0,14.399837698412698
ricardo-luis-chaby-mangas,2026-02-21 18:00:00+00:00,0.0,0.0,20.401043055555554
ricardo-luis-chaby-mangas,2026-02-27 20:45:00+00:00,0.0,0.0,20.401043055555554
ricardo-luis-chaby-mangas,2026-03-07 18:00:00+00:00,0.0,0.0,20.401043055555554
ricardo-luis-chaby-mangas,2026-03-11 20:00:00+00:00,0.0,0.0,20.401043055555554
ricardo-luis-chaby-mangas,2026-03-17 17:45:00+00:00,0.0,34.9,21.720774801587297
ricardo-luis-chaby-mangas,2026-03-22 18:00:00+00:00,34.9,39.1,13.442691865079372
ricardo-luis-chaby-mangas,2026-04-03 19:30:00+00:00,39.1,0.0,10.59697341269841
ricardo-luis-chaby-mangas,2026-04-07 19:00:00+00:00,0.0,0.0,12.01380705128205
ricardo-luis-chaby-mangas,2026-04-11 19:30:00+00:00,0.0,0.0,12.01380705128205
ricardo-luis-chaby-mangas,2026-04-15 19:00:00+00:00,0.0,0.0,17.1424731046731
ricardo-luis-chaby-mangas,2026-04-19 17:15:00+00:00,0.0,39.0,29.00732092352092
ricardo-luis-chaby-mangas,2026-04-26 19:30:00+00:00,39.0,0.0,29.22937559523809
ricardo-luis-chaby-mangas,2026-04-29 19:15:00+00:00,0.0,0.0,15.525397113997109
ricardo-luis-chaby-mangas,2026-05-04 19:15:00+00:00,0.0,0.0,15.525397113997109
ricardo-luis-chaby-mangas,2026-05-11 19:15:00+00:00,0.0,35.1,15.525397113997109
richard-rios-montoya,2026-02-08 20:30:00+00:00,0.0,0.0,31.56923809523811
richard-rios-montoya,2026-02-13 18:30:00+00:00,0.0,44.3,31.56923809523811
richard-rios-montoya,2026-02-17 20:00:00+00:00,44.3,60.0,28.017239108114122
richard-rios-montoya,2026-02-21 18:00:00+00:00,60.0,48.2,37.33914304861807
richard-rios-montoya,2026-02-25 20:00:00+00:00,48.2,34.2,48.72621771284273
richard-rios-montoya,2026-03-02 20:15:00+00:00,34.2,37.7,48.75972736291483
richard-rios-montoya,2026-03-08 18:00:00+00:00,37.7,68.9,40.38865104617606
richard-rios-montoya,2026-03-14 20:30:00+00:00,68.9,98.5,42.409209512709474
richard-rios-montoya,2026-03-21 18:00:00+00:00,98.5,40.5,39.34003068181819
richard-rios-montoya,2026-03-26 23:30:00+00:00,40.5,30.1,33.85813630952383
richard-rios-montoya,2026-03-29 19:00:00+00:00,30.1,80.9,35.28388028499281
richard-rios-montoya,2026-04-06 19:45:00+00:00,80.9,42.7,37.16050910894662
richard-rios-montoya,2026-04-12 17:00:00+00:00,42.7,33.6,23.80789462620713
richard-rios-montoya,2026-04-19 17:15:00+00:00,33.6,92.4,39.16531798340547
richard-rios-montoya,2026-04-25 17:00:00+00:00,92.4,69.1,40.371938170163155
richard-rios-montoya,2026-05-02 17:00:00+00:00,69.1,0.0,34.15125443722943
richard-rios-montoya,2026-05-11 19:15:00+00:00,0.0,74.5,48.614474282661746
ridvan-yilmaz,2026-02-08 17:00:00+00:00,55.0,27.8,36.54556825396824
ridvan-yilmaz,2026-02-15 17:00:00+00:00,27.8,66.6,36.418736509324006
ridvan-yilmaz,2026-02-22 17:00:00+00:00,66.6,64.0,26.21531765873015
ridvan-yilmaz,2026-02-28 13:00:00+00:00,64.0,97.5,23.833812698412686
ridvan-yilmaz,2026-03-07 17:00:00+00:00,97.5,66.9,28.179133170995673
ridvan-yilmaz,2026-03-15 17:00:00+00:00,66.9,39.1,42.58276031746033
ridvan-yilmaz,2026-03-19 17:00:00+00:00,39.1,36.8,37.91595555555556
ridvan-yilmaz,2026-04-05 17:00:00+00:00,36.8,34.1,39.805609920634915
ridvan-yilmaz,2026-04-10 17:00:00+00:00,34.1,33.9,40.79797007575758
ridvan-yilmaz,2026-04-19 14:00:00+00:00,33.9,73.6,33.76538329032078
ridvan-yilmaz,2026-04-27 17:00:00+00:00,73.6,0.0,27.589420761183263
ridvan-yilmaz,2026-05-01 17:00:00+00:00,0.0,30.0,20.96082103174604
ridvan-yilmaz,2026-05-09 17:00:00+00:00,30.0,39.1,18.61732988816739
rodrigo-abascal-barros,2026-02-14 18:00:00+00:00,31.3,0.0,51.605062673437686
rodrigo-abascal-barros,2026-02-21 20:30:00+00:00,0.0,63.7,44.582177651515174
rodrigo-abascal-barros,2026-02-28 20:30:00+00:00,63.7,72.2,46.059179273504284
rodrigo-abascal-barros,2026-03-08 20:30:00+00:00,72.2,23.8,45.880023500110994
rodrigo-abascal-barros,2026-03-14 15:30:00+00:00,23.8,0.0,39.789461915861914
rodrigo-abascal-barros,2026-03-21 18:00:00+00:00,0.0,0.0,45.40796850649352
rodrigo-abascal-barros,2026-04-03 17:00:00+00:00,0.0,0.0,54.00923124375628
rodrigo-abascal-barros,2026-04-11 14:30:00+00:00,0.0,36.7,48.51126343795094
rodrigo-abascal-barros,2026-04-18 19:30:00+00:00,36.7,0.0,37.09369366883115
rodrigo-abascal-barros,2026-04-25 19:30:00+00:00,0.0,0.0,44.73748954101457
rodrigo-abascal-barros,2026-05-04 19:15:00+00:00,0.0,55.9,36.38673176406925
rodrigo-abascal-barros,2026-05-11 19:15:00+00:00,55.9,30.3,40.35074558080807
rodrigo-miguel-amores-dias,2026-02-09 20:45:00+00:00,0.0,0.0,0.0
rodrigo-miguel-amores-dias,2026-02-15 20:30:00+00:00,0.0,0.0,0.0
rodrigo-miguel-amores-dias,2026-02-21 18:00:00+00:00,0.0,0.0,0.0
rodrigo-miguel-amores-dias,2026-02-27 20:45:00+00:00,0.0,0.0,0.0
rodrigo-miguel-amores-dias,2026-03-07 18:00:00+00:00,0.0,0.0,0.0
rodrigo-miguel-amores-dias,2026-03-11 20:00:00+00:00,0.0,0.0,0.0
rodrigo-miguel-amores-dias,2026-03-17 17:45:00+00:00,0.0,0.0,0.0
rodrigo-miguel-amores-dias,2026-03-22 18:00:00+00:00,0.0,0.0,0.0
rodrigo-miguel-amores-dias,2026-04-03 19:30:00+00:00,0.0,0.0,0.0
rodrigo-miguel-amores-dias,2026-04-07 19:00:00+00:00,0.0,0.0,0.0
rodrigo-miguel-amores-dias,2026-04-11 19:30:00+00:00,0.0,0.0,0.0
rodrigo-miguel-amores-dias,2026-04-15 19:00:00+00:00,0.0,0.0,0.0
rodrigo-miguel-amores-dias,2026-04-19 17:15:00+00:00,0.0,0.0,0.0
rodrigo-miguel-amores-dias,2026-04-26 19:30:00+00:00,0.0,0.0,0.0
rodrigo-miguel-amores-dias,2026-04-29 19:15:00+00:00,0.0,0.0,0.0
rodrigo-miguel-amores-dias,2026-05-04 19:15:00+00:00,0.0,0.0,0.0
rodrigo-miguel-amores-dias,2026-05-11 19:15:00+00:00,0.0,0.0,0.0
rodrigo-miguel-ferreira-rego,2026-02-08 20:30:00+00:00,0.0,0.0,2.2293818181818184
rodrigo-miguel-ferreira-rego,2026-02-13 18:30:00+00:00,0.0,0.0,2.601997095959596
rodrigo-miguel-ferreira-rego,2026-02-17 20:00:00+00:00,0.0,0.0,2.314076262626263
rodrigo-miguel-ferreira-rego,2026-02-21 18:00:00+00:00,0.0,0.0,4.387539953102452
rodrigo-miguel-ferreira-rego,2026-02-25 20:00:00+00:00,0.0,0.0,14.102360467250149
rodrigo-miguel-ferreira-rego,2026-03-02 20:15:00+00:00,0.0,0.0,14.102360467250149
rodrigo-miguel-ferreira-rego,2026-03-08 18:00:00+00:00,0.0,0.0,14.102360467250149
rodrigo-miguel-ferreira-rego,2026-03-14 20:30:00+00:00,0.0,0.0,13.48900914357382
rodrigo-miguel-ferreira-rego,2026-03-21 18:00:00+00:00,0.0,0.0,18.199113595769656
rodrigo-miguel-ferreira-rego,2026-04-06 19:45:00+00:00,0.0,0.0,18.199113595769656
rodrigo-miguel-ferreira-rego,2026-04-12 17:00:00+00:00,0.0,0.0,18.199113595769656
rodrigo-miguel-ferreira-rego,2026-04-19 17:15:00+00:00,0.0,0.0,18.199113595769656
rodrigo-miguel-ferreira-rego,2026-04-25 17:00:00+00:00,0.0,0.0,18.199113595769656
rodrigo-miguel-ferreira-rego,2026-05-02 17:00:00+00:00,0.0,0.0,18.199113595769656
rodrigo-miguel-ferreira-rego,2026-05-11 19:15:00+00:00,0.0,0.0,18.199113595769656
rodrigo-mora-de-carvalho,2026-02-09 20:45:00+00:00,38.5,42.7,32.4868664141414
rodrigo-mora-de-carvalho,2026-02-15 15:30:00+00:00,42.7,42.0,29.800983603896103
rodrigo-mora-de-carvalho,2026-02-22 20:30:00+00:00,42.0,41.5,31.314711381673877
rodrigo-mora-de-carvalho,2026-02-27 18:45:00+00:00,41.5,0.0,29.919291378066383
rodrigo-mora-de-carvalho,2026-03-08 18:00:00+00:00,0.0,72.3,32.289651999389505
rodrigo-mora-de-carvalho,2026-03-12 17:45:00+00:00,72.3,47.9,37.659915873015876
rodrigo-mora-de-carvalho,2026-03-15 20:30:00+00:00,47.9,35.4,25.685558874458884
rodrigo-mora-de-carvalho,2026-03-19 20:00:00+00:00,35.4,0.0,43.07848813131312
rodrigo-mora-de-carvalho,2026-03-22 20:30:00+00:00,0.0,36.5,37.778384969197475
rodrigo-mora-de-carvalho,2026-04-04 19:30:00+00:00,36.5,0.0,36.54954148629149
rodrigo-mora-de-carvalho,2026-04-09 19:00:00+00:00,0.0,41.6,34.15311645021647
rodrigo-mora-de-carvalho,2026-04-12 19:30:00+00:00,41.6,0.0,40.6634084776335
rodrigo-mora-de-carvalho,2026-04-16 19:00:00+00:00,0.0,43.7,46.06416556637807
rodrigo-mora-de-carvalho,2026-04-19 19:30:00+00:00,43.7,34.9,27.590506150793644
rodrigo-mora-de-carvalho,2026-04-26 17:00:00+00:00,34.9,35.1,38.56318168359421
rodrigo-mora-de-carvalho,2026-05-02 19:30:00+00:00,35.1,47.2,35.02029935064937
rodrigo-mora-de-carvalho,2026-05-10 17:00:00+00:00,47.2,41.5,43.849721446608946
rodrigo-osorio-mordomo-silva,2026-04-26 17:00:00+00:00,35.2,0.0,8.064050250944447
rodrigo-osorio-mordomo-silva,2026-04-30 19:00:00+00:00,0.0,0.0,11.173560750360746
rodrigo-osorio-mordomo-silva,2026-05-03 17:00:00+00:00,0.0,0.0,7.979917261904761
rodrigo-osorio-mordomo-silva,2026-05-07 19:00:00+00:00,0.0,0.0,3.955917478354979
rodrigo-osorio-mordomo-silva,2026-05-11 19:15:00+00:00,0.0,0.0,4.575824639249641
rodrigo-zalazar-martinez,2026-02-08 18:00:00+00:00,37.3,46.6,47.35651153291151
rodrigo-zalazar-martinez,2026-02-14 20:30:00+00:00,46.6,90.0,39.663246176046194
rodrigo-zalazar-martinez,2026-02-21 20:30:00+00:00,90.0,89.5,52.33854899128651
rodrigo-zalazar-martinez,2026-02-28 18:00:00+00:00,89.5,90.3,54.02179153207906
rodrigo-zalazar-martinez,2026-03-07 18:00:00+00:00,90.3,39.9,24.653051010101002
rodrigo-zalazar-martinez,2026-03-12 20:00:00+00:00,39.9,69.7,25.522867730880215
rodrigo-zalazar-martinez,2026-03-18 15:30:00+00:00,69.7,60.0,28.867615656565654
rodrigo-zalazar-martinez,2026-03-22 20:30:00+00:00,60.0,0.0,18.510946536796535
rodrigo-zalazar-martinez,2026-04-04 17:00:00+00:00,0.0,0.0,29.237133531746032
rodrigo-zalazar-martinez,2026-04-08 16:45:00+00:00,0.0,0.0,46.03912442418691
rodrigo-zalazar-martinez,2026-04-12 17:00:00+00:00,0.0,0.0,36.16952490981241
rodrigo-zalazar-martinez,2026-04-16 19:00:00+00:00,0.0,0.0,42.04606136363637
rodrigo-zalazar-martinez,2026-04-19 19:30:00+00:00,0.0,38.6,25.025733971583968
rodrigo-zalazar-martinez,2026-04-23 18:00:00+00:00,38.6,60.0,27.765637716450236
rodrigo-zalazar-martinez,2026-04-26 17:00:00+00:00,60.0,24.6,24.386176089188584
rodrigo-zalazar-martinez,2026-04-30 19:00:00+00:00,24.6,60.8,42.24176917388169
rodrigo-zalazar-martinez,2026-05-03 17:00:00+00:00,60.8,35.2,41.43686130952383
rodrigo-zalazar-martinez,2026-05-07 19:00:00+00:00,35.2,28.4,37.05451026196025
rodrigo-zalazar-martinez,2026-05-11 19:15:00+00:00,28.4,0.0,41.01569092712843
roger-fernandes,2026-02-10 18:15:00+00:00,85.6,57.1,45.443372294372296
roger-fernandes,2026-02-17 16:00:00+00:00,57.1,0.0,52.39900100455101
roger-fernandes,2026-03-03 16:00:00+00:00,0.0,50.8,36.60183317932069
roger-fernandes,2026-04-14 18:00:00+00:00,50.8,46.8,44.16404002525252
roland-sallai,2026-02-13 17:00:00+00:00,0.0,41.3,31.320139539627043
roland-sallai,2026-02-17 17:45:00+00:00,41.3,42.3,45.48943203463204
roland-sallai,2026-02-21 17:00:00+00:00,42.3,40.1,26.395807516094987
roland-sallai,2026-02-25 20:00:00+00:00,40.1,0.0,39.187133603896115
roland-sallai,2026-02-28 17:00:00+00:00,0.0,35.5,44.75039888167392
roland-sallai,2026-03-07 17:00:00+00:00,35.5,35.4,42.345686195748684
roland-sallai,2026-03-10 17:45:00+00:00,35.4,35.1,48.00946130952384
roland-sallai,2026-03-14 17:00:00+00:00,35.1,40.8,44.578151479076475
roland-sallai,2026-03-18 20:00:00+00:00,40.8,39.6,41.59275974997222
roland-sallai,2026-03-28 17:00:00+00:00,39.6,28.9,42.06228119658118
roland-sallai,2026-03-31 17:00:00+00:00,28.9,42.6,34.21774882756134
roland-sallai,2026-04-04 17:00:00+00:00,42.6,38.3,35.157717171717174
roland-sallai,2026-04-08 17:00:00+00:00,38.3,41.4,29.15328109390608
roland-sallai,2026-04-12 17:00:00+00:00,41.4,43.6,27.41892930819181
roland-sallai,2026-04-18 17:00:00+00:00,43.6,59.3,31.064088633588643
roland-sallai,2026-04-26 17:00:00+00:00,59.3,23.0,33.970795959595975
roland-sallai,2026-05-02 17:00:00+00:00,23.0,58.3,39.55207303391055
roland-sallai,2026-05-09 17:00:00+00:00,58.3,35.3,27.50343872655123
romario-fernandes-cunha,2026-04-26 17:00:00+00:00,0.0,0.0,0.0
romario-fernandes-cunha,2026-04-30 19:00:00+00:00,0.0,0.0,0.0
romario-fernandes-cunha,2026-05-03 17:00:00+00:00,0.0,0.0,0.0
romario-fernandes-cunha,2026-05-07 19:00:00+00:00,0.0,0.0,0.0
romario-fernandes-cunha,2026-05-11 19:15:00+00:00,0.0,0.0,0.0
romulo-helberth-pereira-junior,2026-02-09 20:45:00+00:00,0.0,0.0,3.388928509828068
romulo-helberth-pereira-junior,2026-02-15 20:30:00+00:00,0.0,0.0,3.388928509828068
romulo-helberth-pereira-junior,2026-02-21 18:00:00+00:00,0.0,0.0,3.388928509828068
romulo-helberth-pereira-junior,2026-02-27 20:45:00+00:00,0.0,0.0,3.0538602964282626
romulo-helberth-pereira-junior,2026-03-07 18:00:00+00:00,0.0,0.0,3.0538602964282626
romulo-helberth-pereira-junior,2026-03-11 20:00:00+00:00,0.0,0.0,3.0538602964282626
romulo-helberth-pereira-junior,2026-03-17 17:45:00+00:00,0.0,0.0,3.0538602964282626
romulo-helberth-pereira-junior,2026-03-22 18:00:00+00:00,0.0,0.0,3.0538602964282626
romulo-helberth-pereira-junior,2026-04-03 19:30:00+00:00,0.0,0.0,3.0538602964282626
romulo-helberth-pereira-junior,2026-04-07 19:00:00+00:00,0.0,0.0,3.0538602964282626
romulo-helberth-pereira-junior,2026-04-11 19:30:00+00:00,0.0,0.0,3.3736214648615777
romulo-helberth-pereira-junior,2026-04-15 19:00:00+00:00,0.0,0.0,3.3736214648615777
romulo-helberth-pereira-junior,2026-04-19 17:15:00+00:00,0.0,0.0,3.3736214648615777
romulo-helberth-pereira-junior,2026-04-26 19:30:00+00:00,0.0,0.0,3.3736214648615777
romulo-helberth-pereira-junior,2026-04-29 19:15:00+00:00,0.0,0.0,3.3736214648615777
romulo-helberth-pereira-junior,2026-05-04 19:15:00+00:00,0.0,0.0,3.3736214648615777
romulo-helberth-pereira-junior,2026-05-11 19:15:00+00:00,0.0,0.0,3.3736214648615777
ross-doohan,2026-02-11 19:45:00+00:00,0.0,0.0,2.883610179783026
ross-doohan,2026-02-15 14:00:00+00:00,0.0,0.0,2.883610179783026
ross-doohan,2026-02-19 20:00:00+00:00,0.0,0.0,2.883610179783026
ross-doohan,2026-02-22 15:00:00+00:00,0.0,0.0,2.883610179783026
ross-doohan,2026-02-26 17:45:00+00:00,0.0,0.0,2.883610179783026
ross-doohan,2026-03-01 12:00:00+00:00,0.0,0.0,2.883610179783026
ross-doohan,2026-03-04 20:00:00+00:00,0.0,0.0,2.883610179783026
ross-doohan,2026-03-14 15:00:00+00:00,0.0,0.0,2.883610179783026
ross-doohan,2026-03-22 12:30:00+00:00,0.0,0.0,2.883610179783026
ross-doohan,2026-04-05 15:30:00+00:00,0.0,0.0,2.883610179783026
ross-doohan,2026-04-11 14:00:00+00:00,0.0,0.0,2.883610179783026
ross-doohan,2026-04-25 16:30:00+00:00,0.0,0.0,2.883610179783026
ross-doohan,2026-05-03 11:00:00+00:00,0.0,0.0,2.883610179783026
ross-doohan,2026-05-10 11:00:00+00:00,0.0,0.0,2.883610179783026
ross-doohan,2026-05-13 19:00:00+00:00,0.0,0.0,2.883610179783026
rui-tiago-dantas-da-silva,2026-02-09 20:45:00+00:00,31.1,62.4,45.59446711899213
rui-tiago-dantas-da-silva,2026-02-15 20:30:00+00:00,62.4,69.6,35.284791774891744
rui-tiago-dantas-da-silva,2026-02-21 18:00:00+00:00,69.6,77.1,33.0345058982684
rui-tiago-dantas-da-silva,2026-02-27 20:45:00+00:00,77.1,27.5,42.546412031024566
rui-tiago-dantas-da-silva,2026-03-07 18:00:00+00:00,27.5,29.5,32.85457411616161
rui-tiago-dantas-da-silva,2026-03-11 20:00:00+00:00,29.5,77.5,28.634986832611844
rui-tiago-dantas-da-silva,2026-03-17 17:45:00+00:00,77.5,47.3,37.65289927156178
rui-tiago-dantas-da-silva,2026-03-22 18:00:00+00:00,47.3,69.9,36.51853017676768
rui-tiago-dantas-da-silva,2026-03-29 01:00:00+00:00,69.9,0.0,28.375513924963933
rui-tiago-dantas-da-silva,2026-03-31 23:00:00+00:00,0.0,44.0,33.06148470418472
rui-tiago-dantas-da-silva,2026-04-03 19:30:00+00:00,44.0,43.2,38.482475955988455
rui-tiago-dantas-da-silva,2026-04-07 19:00:00+00:00,43.2,75.1,45.161472359584856
rui-tiago-dantas-da-silva,2026-04-11 19:30:00+00:00,75.1,67.8,38.536254888167385
rui-tiago-dantas-da-silva,2026-04-15 19:00:00+00:00,67.8,44.5,43.03820874819624
rui-tiago-dantas-da-silva,2026-04-19 17:15:00+00:00,44.5,48.1,37.6813125721501
rui-tiago-dantas-da-silva,2026-04-26 19:30:00+00:00,48.1,62.1,35.936150396825404
rui-tiago-dantas-da-silva,2026-04-29 19:15:00+00:00,62.1,50.7,31.366817460317467
rui-tiago-dantas-da-silva,2026-05-04 19:15:00+00:00,50.7,43.3,46.83600295399047
rui-tiago-dantas-da-silva,2026-05-11 19:15:00+00:00,43.3,69.3,35.557545039682545
ryan-don-naderi,2026-02-11 20:00:00+00:00,36.7,26.9,27.860977236652243
ryan-don-naderi,2026-02-15 16:30:00+00:00,26.9,31.3,31.662328625541118
ryan-don-naderi,2026-02-22 15:00:00+00:00,31.3,30.7,31.222368055555563
ryan-don-naderi,2026-03-01 12:00:00+00:00,30.7,41.4,27.067507088744595
ryan-don-naderi,2026-03-15 12:00:00+00:00,41.4,62.8,26.35745506854257
ryan-don-naderi,2026-03-21 17:45:00+00:00,62.8,60.0,32.542040223665225
ryan-don-naderi,2026-04-04 14:00:00+00:00,60.0,0.0,22.951742514430016
ryan-don-naderi,2026-04-12 11:00:00+00:00,0.0,0.0,29.178213600288586
ryan-don-naderi,2026-04-26 14:00:00+00:00,0.0,33.0,31.97043454184705
ryan-don-naderi,2026-05-04 16:30:00+00:00,33.0,0.0,24.321273358585863
ryan-don-naderi,2026-05-10 11:00:00+00:00,0.0,0.0,28.635309956709953
ryan-don-naderi,2026-05-13 19:00:00+00:00,0.0,0.0,31.869519769119755
rydnn-mcguire,2026-05-13 19:00:00+00:00,0.0,0.0,0.0
sacha-boey,2026-02-13 17:00:00+00:00,25.8,73.7,27.290846500721504
sacha-boey,2026-02-17 17:45:00+00:00,73.7,52.9,32.86013354978356
sacha-boey,2026-02-21 17:00:00+00:00,52.9,61.3,24.83977370546121
sacha-boey,2026-02-25 20:00:00+00:00,61.3,71.6,31.916226742701753
sacha-boey,2026-02-28 17:00:00+00:00,71.6,39.1,26.779637490287488
sacha-boey,2026-03-07 17:00:00+00:00,39.1,35.5,25.384322763347758
sacha-boey,2026-03-10 17:45:00+00:00,35.5,38.5,23.048627723665216
sacha-boey,2026-03-14 17:00:00+00:00,38.5,81.0,32.02886502941504
sacha-boey,2026-03-18 20:00:00+00:00,81.0,0.0,35.976582205294704
sacha-boey,2026-04-04 17:00:00+00:00,0.0,68.9,37.48925384060385
sacha-boey,2026-04-08 17:00:00+00:00,68.9,69.1,34.6010271062271
sacha-boey,2026-04-12 17:00:00+00:00,69.1,21.1,30.113348871961353
sacha-boey,2026-04-18 17:00:00+00:00,21.1,0.0,36.990191125541116
sacha-boey,2026-04-26 17:00:00+00:00,0.0,36.7,31.47276352813854
sacha-boey,2026-05-02 17:00:00+00:00,36.7,0.0,24.181611426073925
sacha-boey,2026-05-09 17:00:00+00:00,0.0,36.9,31.84818531746031
salih-malkocoglu,2026-02-14 17:00:00+00:00,0.0,0.0,3.014373792361021
salih-malkocoglu,2026-02-22 13:00:00+00:00,0.0,0.0,7.035316174340995
salih-malkocoglu,2026-02-27 17:00:00+00:00,0.0,35.7,7.035316174340995
salih-malkocoglu,2026-03-09 17:00:00+00:00,35.7,34.2,7.035316174340995
salih-malkocoglu,2026-03-14 17:00:00+00:00,34.2,0.0,20.964980543884217
salih-malkocoglu,2026-03-18 17:00:00+00:00,0.0,35.0,14.568609613997118
salih-malkocoglu,2026-04-04 17:00:00+00:00,35.0,0.0,14.568609613997118
salih-malkocoglu,2026-04-11 14:00:00+00:00,0.0,0.0,17.05773035714286
salih-malkocoglu,2026-04-19 17:00:00+00:00,0.0,0.0,17.05773035714286
salih-malkocoglu,2026-04-27 17:00:00+00:00,0.0,47.3,15.798355952380957
salih-malkocoglu,2026-05-02 17:00:00+00:00,47.3,51.2,4.509128911366412
salih-malkocoglu,2026-05-09 17:00:00+00:00,51.2,46.4,10.58767108585859
salih-ucan,2026-02-08 17:00:00+00:00,36.4,33.5,16.331147384559888
salih-ucan,2026-02-15 17:00:00+00:00,33.5,33.2,19.932378354978365
salih-ucan,2026-02-22 17:00:00+00:00,33.2,35.9,25.69463241758242
salih-ucan,2026-02-28 13:00:00+00:00,35.9,0.0,21.90769836274835
salih-ucan,2026-03-07 17:00:00+00:00,0.0,44.0,28.546779563492063
salih-ucan,2026-03-15 17:00:00+00:00,44.0,34.2,31.71067415223664
salih-ucan,2026-03-19 17:00:00+00:00,34.2,35.4,27.973499498418256
salih-ucan,2026-04-05 17:00:00+00:00,35.4,34.0,28.746402732683983
salih-ucan,2026-04-10 17:00:00+00:00,34.0,0.0,28.51742316017317
salih-ucan,2026-04-19 14:00:00+00:00,0.0,0.0,29.99586727092352
salih-ucan,2026-04-27 17:00:00+00:00,0.0,49.6,29.99586727092352
salih-ucan,2026-05-01 17:00:00+00:00,49.6,0.0,17.54201646547896
salih-ucan,2026-05-09 17:00:00+00:00,0.0,36.6,21.088417081529585
salko-hamzic,2026-02-15 13:30:00+00:00,0.0,0.0,0.0
salko-hamzic,2026-02-22 16:00:00+00:00,0.0,0.0,0.0
salko-hamzic,2026-03-01 16:00:00+00:00,0.0,0.0,0.0
salko-hamzic,2026-03-08 16:00:00+00:00,0.0,0.0,0.0
salko-hamzic,2026-03-15 13:30:00+00:00,0.0,0.0,0.0
salko-hamzic,2026-03-20 18:30:00+00:00,0.0,0.0,0.0
salko-hamzic,2026-04-05 12:30:00+00:00,0.0,0.0,0.0
salko-hamzic,2026-04-10 17:30:00+00:00,0.0,0.0,0.0
salko-hamzic,2026-04-19 12:30:00+00:00,0.0,0.0,0.0
salko-hamzic,2026-04-22 16:30:00+00:00,0.0,0.0,0.0
salko-hamzic,2026-04-26 12:30:00+00:00,0.0,0.0,0.0
salko-hamzic,2026-05-03 15:00:00+00:00,0.0,0.0,0.0
salko-hamzic,2026-05-10 15:00:00+00:00,0.0,0.0,0.0
salvador-blopa,2026-02-09 20:45:00+00:00,0.0,0.0,0.49245972222222223
salvador-blopa,2026-02-15 20:30:00+00:00,0.0,0.0,0.49245972222222223
salvador-blopa,2026-02-21 18:00:00+00:00,0.0,0.0,0.49245972222222223
salvador-blopa,2026-02-27 20:45:00+00:00,0.0,0.0,3.3307055916305925
salvador-blopa,2026-03-07 18:00:00+00:00,0.0,0.0,3.3307055916305925
salvador-blopa,2026-03-11 20:00:00+00:00,0.0,0.0,3.3307055916305925
salvador-blopa,2026-03-17 17:45:00+00:00,0.0,0.0,6.464997023809524
salvador-blopa,2026-03-22 18:00:00+00:00,0.0,0.0,6.464997023809524
salvador-blopa,2026-04-03 19:30:00+00:00,0.0,0.0,9.380804263628525
salvador-blopa,2026-04-07 19:00:00+00:00,0.0,0.0,9.380804263628525
salvador-blopa,2026-04-11 19:30:00+00:00,0.0,0.0,9.380804263628525
salvador-blopa,2026-04-15 19:00:00+00:00,0.0,0.0,9.380804263628525
salvador-blopa,2026-04-19 17:15:00+00:00,0.0,0.0,9.380804263628525
salvador-blopa,2026-04-26 19:30:00+00:00,0.0,30.1,9.380804263628525
salvador-blopa,2026-04-29 19:15:00+00:00,30.1,0.0,9.380804263628525
salvador-blopa,2026-05-04 19:15:00+00:00,0.0,0.0,12.150353733766238
salvador-blopa,2026-05-11 19:15:00+00:00,0.0,35.0,12.150353733766238
samuel-elias-dahl,2026-02-08 20:30:00+00:00,77.2,44.2,42.793451984126996
samuel-elias-dahl,2026-02-13 18:30:00+00:00,44.2,63.6,65.63470122655126
samuel-elias-dahl,2026-02-17 20:00:00+00:00,63.6,0.0,48.490064069264044
samuel-elias-dahl,2026-02-21 18:00:00+00:00,0.0,38.8,49.1218878968254
samuel-elias-dahl,2026-02-25 20:00:00+00:00,38.8,37.4,44.766450288600254
samuel-elias-dahl,2026-03-02 20:15:00+00:00,37.4,48.3,35.109723010323
samuel-elias-dahl,2026-03-08 18:00:00+00:00,48.3,72.5,37.55631865634365
samuel-elias-dahl,2026-03-14 20:30:00+00:00,72.5,59.1,39.537726982739485
samuel-elias-dahl,2026-03-21 18:00:00+00:00,59.1,50.1,34.564344823232325
samuel-elias-dahl,2026-04-06 19:45:00+00:00,50.1,52.3,42.934829061216554
samuel-elias-dahl,2026-04-12 17:00:00+00:00,52.3,40.1,48.59922077922075
samuel-elias-dahl,2026-04-19 17:15:00+00:00,40.1,2.9,58.75529205516702
samuel-elias-dahl,2026-04-25 17:00:00+00:00,2.9,52.7,60.98458280330774
samuel-elias-dahl,2026-05-02 17:00:00+00:00,52.7,58.1,26.057356944444447
samuel-elias-dahl,2026-05-11 19:15:00+00:00,58.1,54.7,31.911574783549785
samuel-isiguzo,2026-02-11 19:45:00+00:00,0.0,0.0,0.0
samuel-isiguzo,2026-02-15 14:00:00+00:00,0.0,0.0,0.0
samuel-isiguzo,2026-02-19 20:00:00+00:00,0.0,0.0,0.0
samuel-isiguzo,2026-02-22 15:00:00+00:00,0.0,0.0,0.0
samuel-isiguzo,2026-02-26 17:45:00+00:00,0.0,0.0,0.0
samuel-isiguzo,2026-03-01 12:00:00+00:00,0.0,0.0,0.0
samuel-isiguzo,2026-03-04 20:00:00+00:00,0.0,0.0,0.0
samuel-isiguzo,2026-03-14 15:00:00+00:00,0.0,0.0,0.0
samuel-isiguzo,2026-03-22 12:30:00+00:00,0.0,0.0,0.0
samuel-isiguzo,2026-04-05 15:30:00+00:00,0.0,0.0,0.0
samuel-isiguzo,2026-04-11 14:00:00+00:00,0.0,0.0,0.0
samuel-isiguzo,2026-04-25 16:30:00+00:00,0.0,0.0,0.0
samuel-isiguzo,2026-05-03 11:00:00+00:00,0.0,0.0,0.0
samuel-isiguzo,2026-05-10 11:00:00+00:00,0.0,0.0,0.0
samuel-isiguzo,2026-05-13 19:00:00+00:00,0.0,0.0,0.0
samuel-jumpe-soares,2026-02-08 20:30:00+00:00,0.0,0.0,1.674227624722317
samuel-jumpe-soares,2026-02-13 18:30:00+00:00,0.0,0.0,1.674227624722317
samuel-jumpe-soares,2026-02-17 20:00:00+00:00,0.0,0.0,1.674227624722317
samuel-jumpe-soares,2026-02-21 18:00:00+00:00,0.0,0.0,1.674227624722317
samuel-jumpe-soares,2026-02-25 20:00:00+00:00,0.0,0.0,1.674227624722317
samuel-jumpe-soares,2026-03-02 20:15:00+00:00,0.0,0.0,1.674227624722317
samuel-jumpe-soares,2026-03-08 18:00:00+00:00,0.0,0.0,1.674227624722317
samuel-jumpe-soares,2026-03-14 20:30:00+00:00,0.0,0.0,1.674227624722317
samuel-jumpe-soares,2026-03-21 18:00:00+00:00,0.0,0.0,1.674227624722317
samuel-jumpe-soares,2026-04-06 19:45:00+00:00,0.0,0.0,1.674227624722317
samuel-jumpe-soares,2026-04-12 17:00:00+00:00,0.0,0.0,1.674227624722317
samuel-jumpe-soares,2026-04-19 17:15:00+00:00,0.0,0.0,1.674227624722317
samuel-jumpe-soares,2026-04-25 17:00:00+00:00,0.0,0.0,1.674227624722317
samuel-jumpe-soares,2026-05-02 17:00:00+00:00,0.0,0.0,1.674227624722317
samuel-jumpe-soares,2026-05-11 19:15:00+00:00,0.0,0.0,1.674227624722317
samuel-loureiro-carvalho-justo,2026-02-09 20:45:00+00:00,0.0,0.0,8.268895309060856
samuel-loureiro-carvalho-justo,2026-02-15 20:30:00+00:00,0.0,0.0,8.268895309060856
samuel-loureiro-carvalho-justo,2026-02-21 18:00:00+00:00,0.0,0.0,8.268895309060856
samuel-loureiro-carvalho-justo,2026-02-27 20:45:00+00:00,0.0,0.0,8.268895309060856
samuel-loureiro-carvalho-justo,2026-03-07 18:00:00+00:00,0.0,0.0,8.268895309060856
samuel-loureiro-carvalho-justo,2026-03-11 20:00:00+00:00,0.0,0.0,8.268895309060856
samuel-loureiro-carvalho-justo,2026-03-17 17:45:00+00:00,0.0,0.0,8.268895309060856
samuel-loureiro-carvalho-justo,2026-03-22 18:00:00+00:00,0.0,0.0,8.268895309060856
samuel-loureiro-carvalho-justo,2026-04-03 19:30:00+00:00,0.0,0.0,8.268895309060856
samuel-loureiro-carvalho-justo,2026-04-07 19:00:00+00:00,0.0,0.0,8.268895309060856
samuel-loureiro-carvalho-justo,2026-04-11 19:30:00+00:00,0.0,0.0,8.268895309060856
samuel-loureiro-carvalho-justo,2026-04-15 19:00:00+00:00,0.0,0.0,8.268895309060856
samuel-loureiro-carvalho-justo,2026-04-19 17:15:00+00:00,0.0,0.0,8.268895309060856
samuel-loureiro-carvalho-justo,2026-04-26 19:30:00+00:00,0.0,0.0,8.268895309060856
samuel-loureiro-carvalho-justo,2026-04-29 19:15:00+00:00,0.0,0.0,8.268895309060856
samuel-loureiro-carvalho-justo,2026-05-04 19:15:00+00:00,0.0,0.0,8.268895309060856
samuel-loureiro-carvalho-justo,2026-05-11 19:15:00+00:00,0.0,0.0,8.268895309060856
samuel-omorodion-aghehowa,2026-02-09 20:45:00+00:00,37.9,0.0,40.311737229437256
samuel-omorodion-aghehowa,2026-02-15 15:30:00+00:00,0.0,0.0,38.054503643578656
samuel-omorodion-aghehowa,2026-02-22 20:30:00+00:00,0.0,0.0,38.903649801587314
samuel-omorodion-aghehowa,2026-02-27 18:45:00+00:00,0.0,0.0,51.67398486652239
samuel-omorodion-aghehowa,2026-03-08 18:00:00+00:00,0.0,0.0,46.999511435786445
samuel-omorodion-aghehowa,2026-03-12 17:45:00+00:00,0.0,0.0,22.80399006132757
samuel-omorodion-aghehowa,2026-03-15 20:30:00+00:00,0.0,0.0,18.855316774891783
samuel-omorodion-aghehowa,2026-03-19 20:00:00+00:00,0.0,0.0,20.184203084415586
samuel-omorodion-aghehowa,2026-03-22 20:30:00+00:00,0.0,0.0,21.61698040431791
samuel-omorodion-aghehowa,2026-04-04 19:30:00+00:00,0.0,0.0,33.12740558191807
samuel-omorodion-aghehowa,2026-04-09 19:00:00+00:00,0.0,0.0,36.30059821428571
samuel-omorodion-aghehowa,2026-04-12 19:30:00+00:00,0.0,0.0,34.321822312409815
samuel-omorodion-aghehowa,2026-04-16 19:00:00+00:00,0.0,0.0,31.771021915584402
samuel-omorodion-aghehowa,2026-04-19 19:30:00+00:00,0.0,0.0,33.23622784576534
samuel-omorodion-aghehowa,2026-04-26 17:00:00+00:00,0.0,0.0,30.578351823176817
samuel-omorodion-aghehowa,2026-05-02 19:30:00+00:00,0.0,0.0,36.228700800588314
samuel-omorodion-aghehowa,2026-05-10 17:00:00+00:00,0.0,0.0,37.45686675407928
samy-jr-merheg-enciso,2026-02-08 18:00:00+00:00,0.0,0.0,8.905885912698416
samy-jr-merheg-enciso,2026-02-14 20:30:00+00:00,0.0,0.0,12.436953156565654
samy-jr-merheg-enciso,2026-02-21 20:30:00+00:00,0.0,0.0,18.34687957736708
samy-jr-merheg-enciso,2026-02-28 18:00:00+00:00,0.0,0.0,11.045612038171406
samy-jr-merheg-enciso,2026-03-07 18:00:00+00:00,0.0,0.0,11.045612038171406
samy-jr-merheg-enciso,2026-03-12 20:00:00+00:00,0.0,0.0,3.6579575414813035
samy-jr-merheg-enciso,2026-03-18 15:30:00+00:00,0.0,0.0,3.6579575414813035
samy-jr-merheg-enciso,2026-03-22 20:30:00+00:00,0.0,0.0,3.6579575414813035
samy-jr-merheg-enciso,2026-04-04 17:00:00+00:00,0.0,0.0,3.6579575414813035
samy-jr-merheg-enciso,2026-04-08 16:45:00+00:00,0.0,0.0,3.6579575414813035
samy-jr-merheg-enciso,2026-04-12 17:00:00+00:00,0.0,0.0,3.6579575414813035
samy-jr-merheg-enciso,2026-04-16 19:00:00+00:00,0.0,0.0,3.6579575414813035
samy-jr-merheg-enciso,2026-04-19 19:30:00+00:00,0.0,0.0,3.6579575414813035
samy-jr-merheg-enciso,2026-04-23 18:00:00+00:00,0.0,0.0,3.6579575414813035
samy-jr-merheg-enciso,2026-04-26 17:00:00+00:00,0.0,0.0,3.6579575414813035
samy-jr-merheg-enciso,2026-04-30 19:00:00+00:00,0.0,0.0,3.6579575414813035
samy-jr-merheg-enciso,2026-05-03 17:00:00+00:00,0.0,0.0,3.6579575414813035
samy-jr-merheg-enciso,2026-05-07 19:00:00+00:00,0.0,0.0,3.6579575414813035
samy-jr-merheg-enciso,2026-05-11 19:15:00+00:00,0.0,0.0,3.6579575414813035
sandro-miguel-rodrigues-vidigal,2026-02-08 18:00:00+00:00,0.0,0.0,5.1852775002044735
sandro-miguel-rodrigues-vidigal,2026-02-14 20:30:00+00:00,0.0,0.0,5.1852775002044735
sandro-miguel-rodrigues-vidigal,2026-02-21 20:30:00+00:00,0.0,0.0,5.1852775002044735
sandro-miguel-rodrigues-vidigal,2026-02-28 18:00:00+00:00,0.0,0.0,3.7680894452039184
sandro-miguel-rodrigues-vidigal,2026-03-07 18:00:00+00:00,0.0,0.0,3.7680894452039184
sandro-miguel-rodrigues-vidigal,2026-03-12 20:00:00+00:00,0.0,0.0,3.7680894452039184
sandro-miguel-rodrigues-vidigal,2026-03-18 15:30:00+00:00,0.0,0.0,3.7680894452039184
sandro-miguel-rodrigues-vidigal,2026-03-22 20:30:00+00:00,0.0,0.0,3.7680894452039184
sandro-miguel-rodrigues-vidigal,2026-04-04 17:00:00+00:00,0.0,0.0,3.7680894452039184
sandro-miguel-rodrigues-vidigal,2026-04-08 16:45:00+00:00,0.0,0.0,3.7680894452039184
sandro-miguel-rodrigues-vidigal,2026-04-12 17:00:00+00:00,0.0,0.0,3.7680894452039184
sandro-miguel-rodrigues-vidigal,2026-04-16 19:00:00+00:00,0.0,0.0,3.7680894452039184
sandro-miguel-rodrigues-vidigal,2026-04-19 19:30:00+00:00,0.0,0.0,3.7680894452039184
sandro-miguel-rodrigues-vidigal,2026-04-23 18:00:00+00:00,0.0,0.0,4.216888349296281
sandro-miguel-rodrigues-vidigal,2026-04-26 17:00:00+00:00,0.0,0.0,4.216888349296281
sandro-miguel-rodrigues-vidigal,2026-04-30 19:00:00+00:00,0.0,0.0,4.216888349296281
sandro-miguel-rodrigues-vidigal,2026-05-03 17:00:00+00:00,0.0,0.0,4.216888349296281
sandro-miguel-rodrigues-vidigal,2026-05-07 19:00:00+00:00,0.0,0.0,4.216888349296281
sandro-miguel-rodrigues-vidigal,2026-05-11 19:15:00+00:00,0.0,0.0,4.216888349296281
sean-mcardle,2026-02-11 19:45:00+00:00,0.0,0.0,5.705978128815631
sean-mcardle,2026-02-15 14:00:00+00:00,0.0,0.0,5.324208684371184
sean-mcardle,2026-02-19 20:00:00+00:00,0.0,0.0,7.089858404259137
sean-mcardle,2026-02-22 15:00:00+00:00,0.0,0.0,9.546526531964766
sean-mcardle,2026-02-26 17:45:00+00:00,0.0,0.0,6.840974998775732
sean-mcardle,2026-03-01 12:00:00+00:00,0.0,0.0,7.5680160702043064
sean-mcardle,2026-03-04 20:00:00+00:00,0.0,0.0,11.277517125909608
sean-mcardle,2026-03-14 15:00:00+00:00,0.0,0.0,15.783759577738829
sean-mcardle,2026-03-22 12:30:00+00:00,0.0,0.0,15.783759577738829
sean-mcardle,2026-04-05 15:30:00+00:00,0.0,0.0,13.010747659180367
sean-mcardle,2026-04-11 14:00:00+00:00,0.0,0.0,19.342115077862623
sean-mcardle,2026-04-25 16:30:00+00:00,0.0,0.0,19.342115077862623
sean-mcardle,2026-05-03 11:00:00+00:00,0.0,0.0,19.342115077862623
sean-mcardle,2026-05-10 11:00:00+00:00,0.0,0.0,19.342115077862623
sean-mcardle,2026-05-13 19:00:00+00:00,0.0,0.0,19.342115077862623
sebastian-tounekti,2026-02-11 19:45:00+00:00,76.5,80.7,47.29711975108225
sebastian-tounekti,2026-02-15 14:00:00+00:00,80.7,42.7,45.86448147408148
sebastian-tounekti,2026-02-19 20:00:00+00:00,42.7,51.0,37.13048216921967
sebastian-tounekti,2026-02-22 15:00:00+00:00,51.0,38.6,37.76652435897435
sebastian-tounekti,2026-02-26 17:45:00+00:00,38.6,43.1,43.11876442030192
sebastian-tounekti,2026-03-01 12:00:00+00:00,43.1,49.7,43.61638379259631
sebastian-tounekti,2026-03-04 20:00:00+00:00,49.7,35.8,37.24582234848487
sebastian-tounekti,2026-03-14 15:00:00+00:00,35.8,33.0,34.46499280303032
sebastian-tounekti,2026-03-22 12:30:00+00:00,33.0,60.0,42.364380411255404
sebastian-tounekti,2026-03-29 00:00:00+00:00,60.0,39.0,38.698033215395725
sebastian-tounekti,2026-04-01 01:00:00+00:00,39.0,0.0,40.458632882395385
sebastian-tounekti,2026-04-05 15:30:00+00:00,0.0,0.0,43.173808140470626
sebastian-tounekti,2026-04-11 14:00:00+00:00,0.0,64.9,39.59414231601728
sebastian-tounekti,2026-04-25 16:30:00+00:00,64.9,44.6,37.182375414862925
sebastian-tounekti,2026-05-03 11:00:00+00:00,44.6,33.5,35.161849783549776
sebastian-tounekti,2026-05-10 11:00:00+00:00,33.5,44.2,35.339155790043314
sebastian-tounekti,2026-05-13 19:00:00+00:00,44.2,41.2,36.137835732323246
seko-fofana,2026-02-09 20:45:00+00:00,60.2,33.6,27.024464015151512
seko-fofana,2026-02-15 15:30:00+00:00,33.6,40.2,32.45611954295705
seko-fofana,2026-02-22 20:30:00+00:00,40.2,68.1,30.84679527417028
seko-fofana,2026-02-27 18:45:00+00:00,68.1,36.0,32.450756727994225
seko-fofana,2026-03-08 18:00:00+00:00,36.0,47.4,41.76054694749694
seko-fofana,2026-03-12 17:45:00+00:00,47.4,0.0,38.54632483766234
seko-fofana,2026-03-15 20:30:00+00:00,0.0,43.4,43.7152398989899
seko-fofana,2026-03-19 20:00:00+00:00,43.4,69.3,43.71239121434123
seko-fofana,2026-03-22 20:30:00+00:00,69.3,44.8,44.25422048923299
seko-fofana,2026-03-28 14:00:00+00:00,44.8,0.0,37.62448340409593
seko-fofana,2026-03-30 18:45:00+00:00,0.0,0.0,44.39005585525585
seko-fofana,2026-03-31 18:30:00+00:00,0.0,68.8,34.97306256105007
seko-fofana,2026-04-04 19:30:00+00:00,68.8,54.6,41.17373733349984
seko-fofana,2026-04-09 19:00:00+00:00,54.6,39.1,34.55857198634699
seko-fofana,2026-04-12 19:30:00+00:00,39.1,57.1,33.771880627705634
seko-fofana,2026-04-16 19:00:00+00:00,57.1,36.8,29.670111634199152
seko-fofana,2026-04-19 19:30:00+00:00,36.8,34.9,51.07945888555888
seko-fofana,2026-04-26 17:00:00+00:00,34.9,35.0,31.861957323232318
seko-fofana,2026-05-02 19:30:00+00:00,35.0,34.0,46.13609423909422
seko-fofana,2026-05-10 17:00:00+00:00,34.0,0.0,40.737462117049645
selahattin-sevim,2026-02-09 17:00:00+00:00,0.0,0.0,0.0
selahattin-sevim,2026-02-14 17:00:00+00:00,0.0,0.0,0.0
selahattin-sevim,2026-02-19 17:45:00+00:00,0.0,0.0,0.0
selahattin-sevim,2026-02-23 17:00:00+00:00,0.0,0.0,0.0
selahattin-sevim,2026-02-26 20:00:00+00:00,0.0,0.0,0.0
selahattin-sevim,2026-03-01 17:00:00+00:00,0.0,0.0,0.0
selahattin-sevim,2026-03-08 17:00:00+00:00,0.0,0.0,0.0
selahattin-sevim,2026-03-13 17:00:00+00:00,0.0,0.0,0.0
selahattin-sevim,2026-03-17 17:00:00+00:00,0.0,0.0,0.0
selahattin-sevim,2026-04-05 17:00:00+00:00,0.0,0.0,0.0
selahattin-sevim,2026-04-11 17:00:00+00:00,0.0,0.0,0.0
selahattin-sevim,2026-04-17 17:00:00+00:00,0.0,0.0,0.0
selahattin-sevim,2026-04-26 17:00:00+00:00,0.0,0.0,0.0
selahattin-sevim,2026-05-02 17:00:00+00:00,0.0,0.0,0.0
selahattin-sevim,2026-05-09 17:00:00+00:00,0.0,0.0,0.0
sidiki-cherif,2026-02-09 17:00:00+00:00,35.1,34.9,27.927250595238114
sidiki-cherif,2026-02-14 17:00:00+00:00,34.9,36.7,26.718402525252532
sidiki-cherif,2026-02-19 17:45:00+00:00,36.7,36.4,27.982561598124093
sidiki-cherif,2026-02-23 17:00:00+00:00,36.4,60.0,24.967414430014436
sidiki-cherif,2026-02-26 20:00:00+00:00,60.0,66.6,23.856119336219344
sidiki-cherif,2026-03-01 17:00:00+00:00,66.6,60.0,33.603313095238086
sidiki-cherif,2026-03-08 17:00:00+00:00,60.0,41.0,33.477074206349215
sidiki-cherif,2026-03-13 17:00:00+00:00,41.0,35.9,35.81770968614716
sidiki-cherif,2026-03-17 17:00:00+00:00,35.9,29.6,34.48887198773448
sidiki-cherif,2026-04-05 17:00:00+00:00,29.6,33.5,34.79905869408369
sidiki-cherif,2026-04-11 17:00:00+00:00,33.5,34.3,32.58782366522365
sidiki-cherif,2026-04-17 17:00:00+00:00,34.3,29.6,32.85821134004883
sidiki-cherif,2026-04-26 17:00:00+00:00,29.6,34.9,24.173988077200576
sidiki-cherif,2026-05-02 17:00:00+00:00,34.9,0.0,22.78434821428571
sidiki-cherif,2026-05-09 17:00:00+00:00,0.0,0.0,24.88171585497836
sidny-lopes-cabral,2026-02-08 20:30:00+00:00,38.6,34.5,47.773510966810974
sidny-lopes-cabral,2026-02-13 18:30:00+00:00,34.5,36.6,44.61656203102453
sidny-lopes-cabral,2026-02-17 20:00:00+00:00,36.6,67.4,44.42373115079366
sidny-lopes-cabral,2026-02-21 18:00:00+00:00,67.4,37.7,32.083443849206326
sidny-lopes-cabral,2026-02-25 20:00:00+00:00,37.7,0.0,52.9271086038961
sidny-lopes-cabral,2026-03-02 20:15:00+00:00,0.0,0.0,51.399829238816736
sidny-lopes-cabral,2026-03-08 18:00:00+00:00,0.0,0.0,41.47706017316019
sidny-lopes-cabral,2026-03-14 20:30:00+00:00,0.0,27.7,33.25852703823954
sidny-lopes-cabral,2026-03-21 18:00:00+00:00,27.7,81.4,31.078186788211795
sidny-lopes-cabral,2026-03-27 03:00:00+00:00,81.4,70.2,20.88010879398379
sidny-lopes-cabral,2026-03-30 03:00:00+00:00,70.2,0.0,24.28312907647908
sidny-lopes-cabral,2026-04-06 19:45:00+00:00,0.0,0.0,46.62878944805195
sidny-lopes-cabral,2026-04-12 17:00:00+00:00,0.0,0.0,46.62878944805195
sidny-lopes-cabral,2026-04-19 17:15:00+00:00,0.0,0.0,49.294075847763324
sidny-lopes-cabral,2026-04-25 17:00:00+00:00,0.0,0.0,41.59383825757577
sidny-lopes-cabral,2026-05-02 17:00:00+00:00,0.0,0.0,25.9649999195249
sidny-lopes-cabral,2026-05-11 19:15:00+00:00,0.0,0.0,25.75536525974026
sikou-niakate,2026-02-08 18:00:00+00:00,0.0,0.0,21.438037157287173
sikou-niakate,2026-02-14 20:30:00+00:00,0.0,0.0,21.412431807081806
sikou-niakate,2026-02-21 20:30:00+00:00,0.0,0.0,22.871313077200572
sikou-niakate,2026-02-28 18:00:00+00:00,0.0,0.0,22.871313077200572
sikou-niakate,2026-03-07 18:00:00+00:00,0.0,46.0,22.871313077200572
sikou-niakate,2026-03-12 20:00:00+00:00,46.0,70.7,22.871313077200572
sikou-niakate,2026-03-18 15:30:00+00:00,70.7,77.9,18.16450457042958
sikou-niakate,2026-03-22 20:30:00+00:00,77.9,69.9,35.06726432178933
sikou-niakate,2026-04-04 17:00:00+00:00,69.9,36.0,33.02689491619493
sikou-niakate,2026-04-08 16:45:00+00:00,36.0,0.0,30.812419975857473
sikou-niakate,2026-04-12 17:00:00+00:00,0.0,0.0,25.720991540404032
sikou-niakate,2026-04-16 19:00:00+00:00,0.0,0.0,29.21054604007104
sikou-niakate,2026-04-19 19:30:00+00:00,0.0,0.0,37.53927337662337
sikou-niakate,2026-04-23 18:00:00+00:00,0.0,0.0,27.757519390331904
sikou-niakate,2026-04-26 17:00:00+00:00,0.0,0.0,23.23600945859696
sikou-niakate,2026-04-30 19:00:00+00:00,0.0,0.0,30.089917035742047
sikou-niakate,2026-05-03 17:00:00+00:00,0.0,0.0,30.089917035742047
sikou-niakate,2026-05-07 19:00:00+00:00,0.0,0.0,30.089917035742047
sikou-niakate,2026-05-11 19:15:00+00:00,0.0,0.0,30.089917035742047
sota-kitano,2026-02-15 13:30:00+00:00,45.8,66.5,41.57415719141968
sota-kitano,2026-02-22 16:00:00+00:00,66.5,0.0,42.519744444444434
sota-kitano,2026-03-01 16:00:00+00:00,0.0,0.0,48.45511775030527
sota-kitano,2026-03-08 16:00:00+00:00,0.0,0.0,42.0233025058275
sota-kitano,2026-03-15 13:30:00+00:00,0.0,40.2,48.38877016178265
sota-kitano,2026-03-20 18:30:00+00:00,40.2,85.5,38.07386155788656
sota-kitano,2026-04-05 12:30:00+00:00,85.5,38.5,38.79760533910533
sota-kitano,2026-04-10 17:30:00+00:00,38.5,74.9,34.610884361471854
sota-kitano,2026-04-19 12:30:00+00:00,74.9,35.0,39.716681709956696
sota-kitano,2026-04-22 16:30:00+00:00,35.0,48.1,55.324965494227996
sota-kitano,2026-04-26 12:30:00+00:00,48.1,43.4,47.93525165945169
sota-kitano,2026-05-03 15:00:00+00:00,43.4,45.5,41.069898529942286
sota-kitano,2026-05-10 15:00:00+00:00,45.5,52.1,51.23222822455321
souleymane-faye,2026-02-09 20:45:00+00:00,36.7,0.0,26.26438730158732
souleymane-faye,2026-02-15 20:30:00+00:00,0.0,38.8,17.46074954212455
souleymane-faye,2026-02-21 18:00:00+00:00,38.8,40.5,18.882868355255866
souleymane-faye,2026-02-27 20:45:00+00:00,40.5,0.0,28.045301677489203
souleymane-faye,2026-03-07 18:00:00+00:00,0.0,34.1,36.42303237734487
souleymane-faye,2026-03-11 20:00:00+00:00,34.1,34.2,26.5187036075036
souleymane-faye,2026-03-17 17:45:00+00:00,34.2,0.0,24.9129888167388
souleymane-faye,2026-03-22 18:00:00+00:00,0.0,31.9,32.46425353535351
souleymane-faye,2026-04-03 19:30:00+00:00,31.9,0.0,33.99251708152959
souleymane-faye,2026-04-07 19:00:00+00:00,0.0,0.0,31.526622781385278
souleymane-faye,2026-04-11 19:30:00+00:00,0.0,0.0,27.91413142135642
souleymane-faye,2026-04-15 19:00:00+00:00,0.0,0.0,16.384150919913424
souleymane-faye,2026-04-19 17:15:00+00:00,0.0,0.0,21.702197420634924
souleymane-faye,2026-04-26 19:30:00+00:00,0.0,0.0,21.702197420634924
souleymane-faye,2026-04-29 19:15:00+00:00,0.0,0.0,21.168416523754022
souleymane-faye,2026-05-04 19:15:00+00:00,0.0,0.0,21.12984828782328
souleymane-faye,2026-05-11 19:15:00+00:00,0.0,0.0,19.00579367021866
soumaila-diabate,2026-02-15 13:30:00+00:00,56.8,40.3,50.82700173160175
soumaila-diabate,2026-02-22 16:00:00+00:00,40.3,51.9,48.44845445526698
soumaila-diabate,2026-03-01 16:00:00+00:00,51.9,0.0,48.59790208402709
soumaila-diabate,2026-03-08 16:00:00+00:00,0.0,61.6,45.3348194055944
soumaila-diabate,2026-03-15 13:30:00+00:00,61.6,52.0,49.220662734487725
soumaila-diabate,2026-03-20 18:30:00+00:00,52.0,35.0,45.48366567460318
soumaila-diabate,2026-03-31 17:00:00+00:00,35.0,35.5,45.447394075369075
soumaila-diabate,2026-04-05 12:30:00+00:00,35.5,0.0,41.97511194361196
soumaila-diabate,2026-04-10 17:30:00+00:00,0.0,34.9,35.61769277250527
soumaila-diabate,2026-04-19 12:30:00+00:00,34.9,33.2,47.57941466172718
soumaila-diabate,2026-04-22 16:30:00+00:00,33.2,0.0,62.97113276445781
soumaila-diabate,2026-04-26 12:30:00+00:00,0.0,71.2,51.75331077672327
soumaila-diabate,2026-05-03 15:00:00+00:00,71.2,44.2,40.984181068931036
soumaila-diabate,2026-05-10 15:00:00+00:00,44.2,79.7,48.244443857531365
stefan-lainer,2026-02-15 13:30:00+00:00,60.0,75.8,26.45943564213565
stefan-lainer,2026-02-22 16:00:00+00:00,75.8,0.0,30.788459508546993
stefan-lainer,2026-03-01 16:00:00+00:00,0.0,0.0,28.783960515873012
stefan-lainer,2026-03-08 16:00:00+00:00,0.0,0.0,32.338139249639234
stefan-lainer,2026-03-15 13:30:00+00:00,0.0,0.0,29.038463762626264
stefan-lainer,2026-03-20 18:30:00+00:00,0.0,20.4,32.732051280663775
stefan-lainer,2026-04-05 12:30:00+00:00,20.4,52.0,22.152139808802307
stefan-lainer,2026-04-10 17:30:00+00:00,52.0,48.0,23.552131150793656
stefan-lainer,2026-04-19 12:30:00+00:00,48.0,0.0,23.923676713564227
stefan-lainer,2026-04-22 16:30:00+00:00,0.0,37.2,32.64068427128427
stefan-lainer,2026-04-26 12:30:00+00:00,37.2,39.4,22.181813564213552
stefan-lainer,2026-05-03 15:00:00+00:00,39.4,37.4,27.14196046176047
stefan-lainer,2026-05-10 15:00:00+00:00,37.4,67.3,34.99662180735931
stefan-savic-1991-01-08,2026-02-14 17:00:00+00:00,37.6,49.3,25.09549704600954
stefan-savic-1991-01-08,2026-02-22 13:00:00+00:00,49.3,36.6,16.053132359307355
stefan-savic-1991-01-08,2026-02-27 17:00:00+00:00,36.6,64.8,33.44453324592075
stefan-savic-1991-01-08,2026-03-09 17:00:00+00:00,64.8,80.3,39.903345543345566
stefan-savic-1991-01-08,2026-03-14 17:00:00+00:00,80.3,58.9,35.015981537906534
stefan-savic-1991-01-08,2026-03-18 17:00:00+00:00,58.9,0.0,31.358295238095224
stefan-savic-1991-01-08,2026-03-27 17:00:00+00:00,0.0,35.0,25.147892460317458
stefan-savic-1991-01-08,2026-03-31 16:00:00+00:00,35.0,34.2,33.7913904761905
stefan-savic-1991-01-08,2026-04-04 17:00:00+00:00,34.2,56.1,32.346043659118656
stefan-savic-1991-01-08,2026-04-11 14:00:00+00:00,56.1,60.0,34.70922139249638
stefan-savic-1991-01-08,2026-04-19 17:00:00+00:00,60.0,0.0,26.228501469363973
stefan-savic-1991-01-08,2026-04-27 17:00:00+00:00,0.0,0.0,26.655266702741695
stefan-savic-1991-01-08,2026-05-02 17:00:00+00:00,0.0,0.0,26.655266702741695
stefan-savic-1991-01-08,2026-05-09 17:00:00+00:00,0.0,0.0,17.254741432178932
taha-emre-ince,2026-02-14 17:00:00+00:00,0.0,0.0,0.3687523681828544
taha-emre-ince,2026-02-22 13:00:00+00:00,0.0,0.0,0.3687523681828544
taha-emre-ince,2026-02-27 17:00:00+00:00,0.0,0.0,0.3687523681828544
taha-emre-ince,2026-03-09 17:00:00+00:00,0.0,0.0,0.3687523681828544
taha-emre-ince,2026-03-14 17:00:00+00:00,0.0,0.0,0.3687523681828544
taha-emre-ince,2026-03-18 17:00:00+00:00,0.0,0.0,0.3687523681828544
taha-emre-ince,2026-04-04 17:00:00+00:00,0.0,0.0,0.3687523681828544
taha-emre-ince,2026-04-11 14:00:00+00:00,0.0,0.0,0.3687523681828544
taha-emre-ince,2026-04-19 17:00:00+00:00,0.0,0.0,0.3687523681828544
taha-emre-ince,2026-04-27 17:00:00+00:00,0.0,0.0,0.3687523681828544
taha-emre-ince,2026-05-02 17:00:00+00:00,0.0,0.0,0.3687523681828544
taha-emre-ince,2026-05-09 17:00:00+00:00,0.0,23.4,0.3687523681828544
takumu-kawamura,2026-02-15 13:30:00+00:00,0.0,0.0,1.09261588927414
takumu-kawamura,2026-02-22 16:00:00+00:00,0.0,0.0,1.09261588927414
takumu-kawamura,2026-03-01 16:00:00+00:00,0.0,0.0,1.09261588927414
takumu-kawamura,2026-03-08 16:00:00+00:00,0.0,0.0,1.09261588927414
takumu-kawamura,2026-03-15 13:30:00+00:00,0.0,0.0,1.09261588927414
takumu-kawamura,2026-03-20 18:30:00+00:00,0.0,0.0,1.09261588927414
takumu-kawamura,2026-04-05 12:30:00+00:00,0.0,0.0,1.09261588927414
takumu-kawamura,2026-04-10 17:30:00+00:00,0.0,0.0,1.09261588927414
takumu-kawamura,2026-04-19 12:30:00+00:00,0.0,0.0,1.09261588927414
takumu-kawamura,2026-04-22 16:30:00+00:00,0.0,0.0,1.09261588927414
takumu-kawamura,2026-04-26 12:30:00+00:00,0.0,0.0,1.09261588927414
takumu-kawamura,2026-05-03 15:00:00+00:00,0.0,0.0,1.09261588927414
takumu-kawamura,2026-05-10 15:00:00+00:00,0.0,0.0,1.09261588927414
tarik-cetin,2026-02-09 17:00:00+00:00,0.0,0.0,8.057774256160293
tarik-cetin,2026-02-14 17:00:00+00:00,0.0,0.0,8.057774256160293
tarik-cetin,2026-02-19 17:45:00+00:00,0.0,0.0,8.057774256160293
tarik-cetin,2026-02-23 17:00:00+00:00,0.0,50.0,8.057774256160293
tarik-cetin,2026-02-26 20:00:00+00:00,50.0,0.0,8.057774256160293
tarik-cetin,2026-03-01 17:00:00+00:00,0.0,0.0,28.029622709235205
tarik-cetin,2026-03-08 17:00:00+00:00,0.0,0.0,28.029622709235205
tarik-cetin,2026-03-13 17:00:00+00:00,0.0,0.0,28.029622709235205
tarik-cetin,2026-03-17 17:00:00+00:00,0.0,0.0,28.029622709235205
tarik-cetin,2026-04-05 17:00:00+00:00,0.0,0.0,28.029622709235205
tarik-cetin,2026-04-11 17:00:00+00:00,0.0,0.0,1.6783074586991051
tarik-cetin,2026-04-17 17:00:00+00:00,0.0,0.0,1.6783074586991051
tarik-cetin,2026-04-26 17:00:00+00:00,0.0,0.0,1.6783074586991051
tarik-cetin,2026-05-02 17:00:00+00:00,0.0,0.0,1.6783074586991051
tarik-cetin,2026-05-09 17:00:00+00:00,0.0,0.0,1.6783074586991051
taylan-bulut,2026-02-08 17:00:00+00:00,0.0,0.0,7.742860149572649
taylan-bulut,2026-02-15 17:00:00+00:00,0.0,0.0,20.15748157120657
taylan-bulut,2026-02-22 17:00:00+00:00,0.0,0.0,19.304386002886005
taylan-bulut,2026-02-28 13:00:00+00:00,0.0,0.0,19.304386002886005
taylan-bulut,2026-03-07 17:00:00+00:00,0.0,0.0,22.276455916305913
taylan-bulut,2026-03-15 17:00:00+00:00,0.0,0.0,22.276455916305913
taylan-bulut,2026-03-19 17:00:00+00:00,0.0,0.0,22.276455916305913
taylan-bulut,2026-04-05 17:00:00+00:00,0.0,0.0,22.276455916305913
taylan-bulut,2026-04-10 17:00:00+00:00,0.0,0.0,22.276455916305913
taylan-bulut,2026-04-19 14:00:00+00:00,0.0,66.3,22.276455916305913
taylan-bulut,2026-04-27 17:00:00+00:00,66.3,54.5,22.276455916305913
taylan-bulut,2026-05-01 17:00:00+00:00,54.5,0.0,23.513606661394157
taylan-bulut,2026-05-09 17:00:00+00:00,0.0,0.0,30.60086033688533
telmo-emanuel-gomes-arcanjo,2026-02-14 18:00:00+00:00,42.6,41.1,31.543469155844168
telmo-emanuel-gomes-arcanjo,2026-02-21 20:30:00+00:00,41.1,36.6,29.489762012987022
telmo-emanuel-gomes-arcanjo,2026-02-28 20:30:00+00:00,36.6,46.1,31.183230613830617
telmo-emanuel-gomes-arcanjo,2026-03-08 20:30:00+00:00,46.1,43.0,47.54646363636364
telmo-emanuel-gomes-arcanjo,2026-03-14 15:30:00+00:00,43.0,38.7,39.24687638888889
telmo-emanuel-gomes-arcanjo,2026-03-21 18:00:00+00:00,38.7,48.1,36.24339536019537
telmo-emanuel-gomes-arcanjo,2026-03-27 03:00:00+00:00,48.1,0.0,38.587350162337664
telmo-emanuel-gomes-arcanjo,2026-03-30 03:00:00+00:00,0.0,43.2,43.62925436507936
telmo-emanuel-gomes-arcanjo,2026-04-03 17:00:00+00:00,43.2,40.6,42.538725144300145
telmo-emanuel-gomes-arcanjo,2026-04-11 14:30:00+00:00,40.6,0.0,40.443220779220795
telmo-emanuel-gomes-arcanjo,2026-04-18 19:30:00+00:00,0.0,37.0,44.069799386724384
telmo-emanuel-gomes-arcanjo,2026-04-25 19:30:00+00:00,37.0,38.4,45.77153313492067
telmo-emanuel-gomes-arcanjo,2026-05-04 19:15:00+00:00,38.4,40.2,29.98543853230103
telmo-emanuel-gomes-arcanjo,2026-05-11 19:15:00+00:00,40.2,47.8,50.36726426767675
terem-igobor-moffi,2026-02-09 20:45:00+00:00,0.0,30.2,2.1689787504746714
terem-igobor-moffi,2026-02-15 15:30:00+00:00,30.2,37.9,2.1689787504746714
terem-igobor-moffi,2026-02-22 20:30:00+00:00,37.9,65.9,17.462729406513233
terem-igobor-moffi,2026-02-27 18:45:00+00:00,65.9,34.2,12.945269642857143
terem-igobor-moffi,2026-03-08 18:00:00+00:00,34.2,64.3,30.626110009435003
terem-igobor-moffi,2026-03-12 17:45:00+00:00,64.3,33.0,34.86419678932179
terem-igobor-moffi,2026-03-15 20:30:00+00:00,33.0,32.4,39.770204670329676
terem-igobor-moffi,2026-03-19 20:00:00+00:00,32.4,33.5,38.16071558302808
terem-igobor-moffi,2026-03-22 20:30:00+00:00,33.5,65.1,42.17680209096457
terem-igobor-moffi,2026-04-04 19:30:00+00:00,65.1,30.9,39.610288160450665
terem-igobor-moffi,2026-04-09 19:00:00+00:00,30.9,33.1,34.68570923520922
terem-igobor-moffi,2026-04-12 19:30:00+00:00,33.1,23.1,39.57719906898656
terem-igobor-moffi,2026-04-16 19:00:00+00:00,23.1,0.0,35.97807610028859
terem-igobor-moffi,2026-04-19 19:30:00+00:00,0.0,28.9,31.320439711677196
terem-igobor-moffi,2026-04-26 17:00:00+00:00,28.9,0.0,19.08509903707404
terem-igobor-moffi,2026-05-02 19:30:00+00:00,0.0,0.0,7.482921085858585
terem-igobor-moffi,2026-05-10 17:00:00+00:00,0.0,0.0,10.08888134920635
thelo-aasgaard,2026-02-11 20:00:00+00:00,38.8,0.0,34.2250317057942
thelo-aasgaard,2026-02-15 16:30:00+00:00,0.0,38.7,35.842854618992114
thelo-aasgaard,2026-02-22 15:00:00+00:00,38.7,0.0,41.250943940781454
thelo-aasgaard,2026-03-01 12:00:00+00:00,0.0,36.5,38.74294229936731
thelo-aasgaard,2026-03-15 12:00:00+00:00,36.5,71.3,30.496510479797973
thelo-aasgaard,2026-03-21 17:45:00+00:00,71.3,67.5,28.55537287157287
thelo-aasgaard,2026-04-04 14:00:00+00:00,67.5,64.7,36.17985807109558
thelo-aasgaard,2026-04-12 11:00:00+00:00,64.7,55.9,36.1244203116328
thelo-aasgaard,2026-04-26 14:00:00+00:00,55.9,32.4,37.21514965728715
thelo-aasgaard,2026-05-04 16:30:00+00:00,32.4,42.1,37.039758244533225
thelo-aasgaard,2026-05-10 11:00:00+00:00,42.1,69.0,42.990785894660895
thelo-aasgaard,2026-05-13 19:00:00+00:00,69.0,61.4,41.273112770562776
thiago-balieiro-lourenco-de-carvalho,2026-02-14 18:00:00+00:00,86.3,25.0,35.790094211743714
thiago-balieiro-lourenco-de-carvalho,2026-02-21 20:30:00+00:00,25.0,23.2,14.775176262626257
thiago-balieiro-lourenco-de-carvalho,2026-02-28 20:30:00+00:00,23.2,53.2,23.1231025974026
thiago-balieiro-lourenco-de-carvalho,2026-03-08 20:30:00+00:00,53.2,26.9,33.741276533189016
thiago-balieiro-lourenco-de-carvalho,2026-03-14 15:30:00+00:00,26.9,40.0,38.43320515873016
thiago-balieiro-lourenco-de-carvalho,2026-03-21 18:00:00+00:00,40.0,55.0,43.00531387085138
thiago-balieiro-lourenco-de-carvalho,2026-04-03 17:00:00+00:00,55.0,40.4,34.6775842032967
thiago-balieiro-lourenco-de-carvalho,2026-04-11 14:30:00+00:00,40.4,50.3,33.84212104978356
thiago-balieiro-lourenco-de-carvalho,2026-04-18 19:30:00+00:00,50.3,63.2,39.58750431096681
thiago-balieiro-lourenco-de-carvalho,2026-04-25 19:30:00+00:00,63.2,11.6,38.45151185064935
thiago-balieiro-lourenco-de-carvalho,2026-05-04 19:15:00+00:00,11.6,0.0,41.576774747474744
thiago-balieiro-lourenco-de-carvalho,2026-05-11 19:15:00+00:00,0.0,39.0,37.21702045870795
thiago-emanuel-helguera-merello,2026-02-09 19:30:00+00:00,38.5,0.0,29.016019841269852
thiago-emanuel-helguera-merello,2026-02-15 13:00:00+00:00,0.0,32.9,31.861854906204922
thiago-emanuel-helguera-merello,2026-02-21 15:15:00+00:00,32.9,0.0,20.00304978354978
thiago-emanuel-helguera-merello,2026-03-01 15:15:00+00:00,0.0,0.0,23.272376767676775
thiago-emanuel-helguera-merello,2026-03-07 17:30:00+00:00,0.0,0.0,13.069944209956704
thiago-emanuel-helguera-merello,2026-03-13 19:30:00+00:00,0.0,0.0,11.47956646825397
thiago-emanuel-helguera-merello,2026-03-22 15:15:00+00:00,0.0,47.8,6.095912319624818
thiago-emanuel-helguera-merello,2026-03-27 18:00:00+00:00,47.8,42.2,13.4957650974026
thiago-emanuel-helguera-merello,2026-03-31 17:00:00+00:00,42.2,50.2,16.549548701298693
thiago-emanuel-helguera-merello,2026-04-05 19:00:00+00:00,50.2,51.9,18.467847453934958
thiago-emanuel-helguera-merello,2026-04-12 16:30:00+00:00,51.9,30.2,33.55173477633479
thiago-emanuel-helguera-merello,2026-04-20 18:30:00+00:00,30.2,30.2,34.632100288600284
thiago-emanuel-helguera-merello,2026-04-26 14:15:00+00:00,30.2,43.1,27.74300414862915
thiago-emanuel-helguera-merello,2026-05-04 18:30:00+00:00,43.1,48.1,36.46588440170938
thiago-emanuel-helguera-merello,2026-05-10 16:30:00+00:00,48.1,54.8,37.05132884615382
thiago-emiliano-da-silva,2026-02-09 20:45:00+00:00,34.9,68.0,48.34132265373516
thiago-emiliano-da-silva,2026-02-15 15:30:00+00:00,68.0,0.0,38.876975360750365
thiago-emiliano-da-silva,2026-02-22 20:30:00+00:00,0.0,0.0,46.79986457153957
thiago-emiliano-da-silva,2026-02-27 18:45:00+00:00,0.0,0.0,44.88595781024529
thiago-emiliano-da-silva,2026-03-08 18:00:00+00:00,0.0,36.9,39.81527110389611
thiago-emiliano-da-silva,2026-03-12 17:45:00+00:00,36.9,0.0,35.810144751082255
thiago-emiliano-da-silva,2026-03-15 20:30:00+00:00,0.0,57.3,41.30865912698411
thiago-emiliano-da-silva,2026-03-19 20:00:00+00:00,57.3,0.0,36.423960173160175
thiago-emiliano-da-silva,2026-03-22 20:30:00+00:00,0.0,0.0,43.13865494227992
thiago-emiliano-da-silva,2026-04-04 19:30:00+00:00,0.0,57.4,43.13865494227992
thiago-emiliano-da-silva,2026-04-09 19:00:00+00:00,57.4,0.0,43.13865494227992
thiago-emiliano-da-silva,2026-04-12 19:30:00+00:00,0.0,41.7,38.13614769119769
thiago-emiliano-da-silva,2026-04-16 19:00:00+00:00,41.7,39.4,38.13614769119769
thiago-emiliano-da-silva,2026-04-19 19:30:00+00:00,39.4,74.1,44.9634553210678
thiago-emiliano-da-silva,2026-04-26 17:00:00+00:00,74.1,0.0,45.088533207070704
thiago-emiliano-da-silva,2026-05-02 19:30:00+00:00,0.0,51.6,48.337371825396815
thiago-emiliano-da-silva,2026-05-10 17:00:00+00:00,51.6,0.0,51.95753653984903
thomas-hatton,2026-02-26 17:45:00+00:00,0.0,0.0,0.0
thomas-hatton,2026-03-01 12:00:00+00:00,0.0,0.0,0.0
thomas-hatton,2026-03-04 20:00:00+00:00,0.0,0.0,0.0
thomas-hatton,2026-03-14 15:00:00+00:00,0.0,0.0,0.0
thomas-hatton,2026-03-22 12:30:00+00:00,0.0,0.0,0.0
thomas-hatton,2026-04-05 15:30:00+00:00,0.0,0.0,0.0
thomas-hatton,2026-04-11 14:00:00+00:00,0.0,0.0,0.0
thomas-hatton,2026-04-25 16:30:00+00:00,0.0,0.0,0.0
thomas-hatton,2026-05-03 11:00:00+00:00,0.0,0.0,0.0
thomas-hatton,2026-05-10 11:00:00+00:00,0.0,0.0,0.0
thomas-hatton,2026-05-13 19:00:00+00:00,0.0,0.0,0.0
tiago-alves-pinto-andrade,2026-03-12 17:45:00+00:00,0.0,0.0,0.0
tiago-alves-pinto-andrade,2026-03-15 20:30:00+00:00,0.0,0.0,0.0
tiago-alves-pinto-andrade,2026-03-19 20:00:00+00:00,0.0,0.0,0.0
tiago-alves-pinto-andrade,2026-03-22 20:30:00+00:00,0.0,0.0,0.0
tiago-alves-pinto-andrade,2026-04-04 19:30:00+00:00,0.0,0.0,0.0
tiago-alves-pinto-andrade,2026-04-09 19:00:00+00:00,0.0,0.0,0.0
tiago-alves-pinto-andrade,2026-04-12 19:30:00+00:00,0.0,0.0,0.0
tiago-alves-pinto-andrade,2026-04-16 19:00:00+00:00,0.0,0.0,0.0
tiago-alves-pinto-andrade,2026-04-19 19:30:00+00:00,0.0,0.0,0.0
tiago-alves-pinto-andrade,2026-04-26 17:00:00+00:00,0.0,0.0,0.0
tiago-alves-pinto-andrade,2026-05-02 19:30:00+00:00,0.0,0.0,0.0
tiago-alves-pinto-andrade,2026-05-10 17:00:00+00:00,0.0,0.0,0.0
tiago-dias-freitas,2026-02-08 20:30:00+00:00,0.0,0.0,0.3526357205596336
tiago-dias-freitas,2026-02-13 18:30:00+00:00,0.0,0.0,0.3526357205596336
tiago-dias-freitas,2026-02-17 20:00:00+00:00,0.0,0.0,0.3526357205596336
tiago-dias-freitas,2026-02-21 18:00:00+00:00,0.0,0.0,0.3526357205596336
tiago-dias-freitas,2026-02-25 20:00:00+00:00,0.0,0.0,0.3526357205596336
tiago-dias-freitas,2026-03-02 20:15:00+00:00,0.0,0.0,0.3526357205596336
tiago-dias-freitas,2026-03-08 18:00:00+00:00,0.0,0.0,2.0716138038346976
tiago-dias-freitas,2026-03-14 20:30:00+00:00,0.0,0.0,2.0716138038346976
tiago-dias-freitas,2026-03-21 18:00:00+00:00,0.0,0.0,2.0716138038346976
tiago-dias-freitas,2026-04-06 19:45:00+00:00,0.0,0.0,2.0716138038346976
tiago-dias-freitas,2026-04-12 17:00:00+00:00,0.0,0.0,2.0716138038346976
tiago-dias-freitas,2026-04-19 17:15:00+00:00,0.0,0.0,2.0716138038346976
tiago-dias-freitas,2026-04-25 17:00:00+00:00,0.0,0.0,2.0716138038346976
tiago-dias-freitas,2026-05-02 17:00:00+00:00,0.0,0.0,2.0716138038346976
tiago-dias-freitas,2026-05-11 19:15:00+00:00,0.0,0.0,2.0716138038346976
tiago-emanuel-embalo-djalo,2026-02-08 17:00:00+00:00,0.0,20.8,28.114109379509376
tiago-emanuel-embalo-djalo,2026-02-15 17:00:00+00:00,20.8,0.0,26.681960317460312
tiago-emanuel-embalo-djalo,2026-02-22 17:00:00+00:00,0.0,0.0,22.500483867521368
tiago-emanuel-embalo-djalo,2026-02-28 13:00:00+00:00,0.0,0.0,28.18265905483406
tiago-emanuel-embalo-djalo,2026-03-07 17:00:00+00:00,0.0,81.6,12.15578966450216
tiago-emanuel-embalo-djalo,2026-03-15 17:00:00+00:00,81.6,0.0,10.46142896825397
tiago-emanuel-embalo-djalo,2026-03-19 17:00:00+00:00,0.0,0.0,24.144770177045185
tiago-emanuel-embalo-djalo,2026-04-05 17:00:00+00:00,0.0,38.0,28.517350955988455
tiago-emanuel-embalo-djalo,2026-04-10 17:00:00+00:00,38.0,0.0,28.517350955988455
tiago-emanuel-embalo-djalo,2026-04-19 14:00:00+00:00,0.0,0.0,18.964772817460336
tiago-emanuel-embalo-djalo,2026-04-27 17:00:00+00:00,0.0,100.0,21.8177615079365
tiago-emanuel-embalo-djalo,2026-05-01 17:00:00+00:00,100.0,60.4,13.098169011544005
tiago-emanuel-embalo-djalo,2026-05-09 17:00:00+00:00,60.4,0.0,27.999924013486503
tiago-goncalves-da-silva,2026-04-09 19:00:00+00:00,0.0,0.0,5.104856050373077
tiago-goncalves-da-silva,2026-04-12 19:30:00+00:00,0.0,0.0,5.104856050373077
tiago-goncalves-da-silva,2026-04-16 19:00:00+00:00,0.0,0.0,5.104856050373077
tiago-goncalves-da-silva,2026-04-19 19:30:00+00:00,0.0,0.0,5.104856050373077
tiago-goncalves-da-silva,2026-04-26 17:00:00+00:00,0.0,0.0,5.104856050373077
tiago-goncalves-da-silva,2026-05-02 19:30:00+00:00,0.0,47.0,5.104856050373077
tiago-goncalves-da-silva,2026-05-10 17:00:00+00:00,47.0,0.0,5.104856050373077
tiago-magalhaes-sa,2026-02-08 18:00:00+00:00,0.0,0.0,0.0
tiago-magalhaes-sa,2026-02-14 20:30:00+00:00,0.0,0.0,0.0
tiago-magalhaes-sa,2026-02-21 20:30:00+00:00,0.0,0.0,0.0
tiago-magalhaes-sa,2026-02-28 18:00:00+00:00,0.0,0.0,0.0
tiago-magalhaes-sa,2026-03-07 18:00:00+00:00,0.0,0.0,0.0
tiago-magalhaes-sa,2026-03-12 20:00:00+00:00,0.0,0.0,0.0
tiago-magalhaes-sa,2026-03-18 15:30:00+00:00,0.0,0.0,0.0
tiago-magalhaes-sa,2026-03-22 20:30:00+00:00,0.0,0.0,0.0
tiago-magalhaes-sa,2026-04-04 17:00:00+00:00,0.0,0.0,0.0
tiago-magalhaes-sa,2026-04-08 16:45:00+00:00,0.0,0.0,0.0
tiago-magalhaes-sa,2026-04-12 17:00:00+00:00,0.0,0.0,0.0
tiago-magalhaes-sa,2026-04-16 19:00:00+00:00,0.0,0.0,0.0
tiago-magalhaes-sa,2026-04-19 19:30:00+00:00,0.0,0.0,0.0
tiago-magalhaes-sa,2026-04-23 18:00:00+00:00,0.0,39.9,0.0
tiago-magalhaes-sa,2026-04-26 17:00:00+00:00,39.9,0.0,0.0
tiago-magalhaes-sa,2026-04-30 19:00:00+00:00,0.0,0.0,3.8805783730158727
tiago-magalhaes-sa,2026-05-03 17:00:00+00:00,0.0,0.0,3.8805783730158727
tiago-magalhaes-sa,2026-05-07 19:00:00+00:00,0.0,0.0,3.8805783730158727
tiago-magalhaes-sa,2026-05-11 19:15:00+00:00,0.0,0.0,3.8805783730158727
tim-drexler,2026-02-15 13:30:00+00:00,50.2,39.6,21.33396421217671
tim-drexler,2026-02-22 16:00:00+00:00,39.6,47.6,21.7497799062049
tim-drexler,2026-03-01 16:00:00+00:00,47.6,40.7,29.66030458152958
tim-drexler,2026-03-08 16:00:00+00:00,40.7,38.7,25.127495905483407
tim-drexler,2026-03-15 13:30:00+00:00,38.7,22.0,30.96141390692641
tim-drexler,2026-03-20 18:30:00+00:00,22.0,33.0,19.85996277056277
tim-drexler,2026-04-05 12:30:00+00:00,33.0,0.0,28.112918112116642
tim-drexler,2026-04-10 17:30:00+00:00,0.0,66.8,28.23414276801628
tim-drexler,2026-04-19 12:30:00+00:00,66.8,60.9,28.81417586580088
tim-drexler,2026-04-22 16:30:00+00:00,60.9,53.5,26.2337091991342
tim-drexler,2026-04-26 12:30:00+00:00,53.5,38.2,34.28629238816738
tim-drexler,2026-05-03 15:00:00+00:00,38.2,57.6,22.789970310245316
tim-drexler,2026-05-10 15:00:00+00:00,57.6,21.8,23.428117784992786
tim-jabol-folcarelli,2026-02-14 17:00:00+00:00,59.9,41.0,41.22092231240981
tim-jabol-folcarelli,2026-02-22 13:00:00+00:00,41.0,0.0,50.59919123099122
tim-jabol-folcarelli,2026-02-27 17:00:00+00:00,0.0,0.0,49.60269088827838
tim-jabol-folcarelli,2026-03-09 17:00:00+00:00,0.0,43.8,20.82158174603174
tim-jabol-folcarelli,2026-03-14 17:00:00+00:00,43.8,49.1,34.55724485514484
tim-jabol-folcarelli,2026-03-18 17:00:00+00:00,49.1,57.5,40.37477435064936
tim-jabol-folcarelli,2026-04-04 17:00:00+00:00,57.5,41.7,37.735424790487265
tim-jabol-folcarelli,2026-04-11 14:00:00+00:00,41.7,0.0,41.66981569264071
tim-jabol-folcarelli,2026-04-19 17:00:00+00:00,0.0,58.8,29.33061139971141
tim-jabol-folcarelli,2026-04-27 17:00:00+00:00,58.8,52.1,21.94574087301588
tim-jabol-folcarelli,2026-05-02 17:00:00+00:00,52.1,0.0,18.539992388167388
tim-jabol-folcarelli,2026-05-09 17:00:00+00:00,0.0,0.0,21.248927200577192
tim-trummer,2026-02-15 13:30:00+00:00,0.0,0.0,29.289471158008652
tim-trummer,2026-02-22 16:00:00+00:00,0.0,70.4,21.95184356060606
tim-trummer,2026-03-01 16:00:00+00:00,70.4,0.0,10.7330117063492
tim-trummer,2026-03-08 16:00:00+00:00,0.0,47.1,16.09888134920635
tim-trummer,2026-03-15 13:30:00+00:00,47.1,0.0,21.352928354978364
tim-trummer,2026-03-20 18:30:00+00:00,0.0,0.0,19.764041847041852
tim-trummer,2026-04-05 12:30:00+00:00,0.0,0.0,24.609964267676776
tim-trummer,2026-04-10 17:30:00+00:00,0.0,0.0,24.609964267676776
tim-trummer,2026-04-19 12:30:00+00:00,0.0,20.7,18.290865900765905
tim-trummer,2026-04-22 16:30:00+00:00,20.7,0.0,15.923466089466096
tim-trummer,2026-04-26 12:30:00+00:00,0.0,0.0,22.16565714285714
tim-trummer,2026-05-03 15:00:00+00:00,0.0,0.0,21.93521190476191
tim-trummer,2026-05-10 15:00:00+00:00,0.0,0.0,21.93521190476191
tochi-phil-chukwuani,2026-02-11 20:00:00+00:00,55.9,69.8,31.51530333694084
tochi-phil-chukwuani,2026-02-15 16:30:00+00:00,69.8,37.4,44.76090476190473
tochi-phil-chukwuani,2026-02-22 15:00:00+00:00,37.4,31.5,48.83450750360751
tochi-phil-chukwuani,2026-03-01 12:00:00+00:00,31.5,41.4,46.0895450036075
tochi-phil-chukwuani,2026-03-15 12:00:00+00:00,41.4,56.2,48.22895972222225
tochi-phil-chukwuani,2026-03-21 17:45:00+00:00,56.2,35.7,41.21227084165835
tochi-phil-chukwuani,2026-04-04 14:00:00+00:00,35.7,67.6,43.912880996781
tochi-phil-chukwuani,2026-04-12 11:00:00+00:00,67.6,39.3,44.31996265331891
tochi-phil-chukwuani,2026-04-26 14:00:00+00:00,39.3,35.6,46.185568117993114
tochi-phil-chukwuani,2026-05-04 16:30:00+00:00,35.6,33.0,42.7846666749917
tochi-phil-chukwuani,2026-05-10 11:00:00+00:00,33.0,36.5,43.24070100038848
tochi-phil-chukwuani,2026-05-13 19:00:00+00:00,36.5,37.5,44.105702741702736
tomas-cvancara,2026-02-11 19:45:00+00:00,37.8,29.6,25.49014424603174
tomas-cvancara,2026-02-15 14:00:00+00:00,29.6,38.4,26.408833585858574
tomas-cvancara,2026-02-19 20:00:00+00:00,38.4,42.9,28.951610500610492
tomas-cvancara,2026-02-22 15:00:00+00:00,42.9,36.6,26.51424716810967
tomas-cvancara,2026-02-26 17:45:00+00:00,36.6,0.0,30.056279827117315
tomas-cvancara,2026-03-01 12:00:00+00:00,0.0,41.7,28.25803061244311
tomas-cvancara,2026-03-04 20:00:00+00:00,41.7,67.9,32.44997932900434
tomas-cvancara,2026-03-14 15:00:00+00:00,67.9,0.0,29.952370941558442
tomas-cvancara,2026-03-22 12:30:00+00:00,0.0,30.0,29.04704839327337
tomas-cvancara,2026-04-05 15:30:00+00:00,30.0,38.6,32.37061282467533
tomas-cvancara,2026-04-11 14:00:00+00:00,38.6,0.0,25.647371374458874
tomas-cvancara,2026-04-25 16:30:00+00:00,0.0,0.0,30.322495734820738
tomas-cvancara,2026-05-03 11:00:00+00:00,0.0,0.0,20.583363997114
tomas-cvancara,2026-05-10 11:00:00+00:00,0.0,0.0,18.979338048063056
tomas-cvancara,2026-05-13 19:00:00+00:00,0.0,0.0,18.979338048063056
tomas-lemos-araujo,2026-02-08 20:30:00+00:00,37.2,63.9,38.51258562132313
tomas-lemos-araujo,2026-02-13 18:30:00+00:00,63.9,70.9,47.60312791097788
tomas-lemos-araujo,2026-02-17 20:00:00+00:00,70.9,43.2,47.11544780636031
tomas-lemos-araujo,2026-02-21 18:00:00+00:00,43.2,42.4,43.14024871656122
tomas-lemos-araujo,2026-02-25 20:00:00+00:00,42.4,0.0,43.945246825396836
tomas-lemos-araujo,2026-03-02 20:15:00+00:00,0.0,43.9,36.33151951798202
tomas-lemos-araujo,2026-03-08 18:00:00+00:00,43.9,70.3,42.01102531912531
tomas-lemos-araujo,2026-03-14 20:30:00+00:00,70.3,57.6,46.64590650599403
tomas-lemos-araujo,2026-03-21 18:00:00+00:00,57.6,35.9,46.855797191697185
tomas-lemos-araujo,2026-03-29 01:00:00+00:00,35.9,73.4,41.9231724025974
tomas-lemos-araujo,2026-03-31 23:00:00+00:00,73.4,0.0,40.732307049894544
tomas-lemos-araujo,2026-04-06 19:45:00+00:00,0.0,0.0,39.96509356893107
tomas-lemos-araujo,2026-04-12 17:00:00+00:00,0.0,39.8,38.1549250943501
tomas-lemos-araujo,2026-04-19 17:15:00+00:00,39.8,0.0,48.6564722014097
tomas-lemos-araujo,2026-04-25 17:00:00+00:00,0.0,0.0,56.364143686868665
tomas-lemos-araujo,2026-05-02 17:00:00+00:00,0.0,56.2,38.21995717893216
tomas-lemos-araujo,2026-05-11 19:15:00+00:00,56.2,78.3,30.391296517371515
tony-strata,2026-02-14 18:00:00+00:00,53.2,45.2,39.06947470723718
tony-strata,2026-02-21 20:30:00+00:00,45.2,46.7,34.839211165223645
tony-strata,2026-02-28 20:30:00+00:00,46.7,20.9,23.415999747474736
tony-strata,2026-03-08 20:30:00+00:00,20.9,51.2,35.0556343073593
tony-strata,2026-03-14 15:30:00+00:00,51.2,37.9,27.238757485569977
tony-strata,2026-03-21 18:00:00+00:00,37.9,44.1,28.512486940836943
tony-strata,2026-04-03 17:00:00+00:00,44.1,29.0,23.437970593295578
tony-strata,2026-04-11 14:30:00+00:00,29.0,30.9,25.25216216977466
tony-strata,2026-04-18 19:30:00+00:00,30.9,68.5,26.52520445526696
tony-strata,2026-04-25 19:30:00+00:00,68.5,43.3,22.51589657287158
tony-strata,2026-05-04 19:15:00+00:00,43.3,43.9,29.582324675324656
tony-strata,2026-05-11 19:15:00+00:00,43.9,0.0,27.23935826118327
tuna-baran-demir,2026-02-08 17:00:00+00:00,0.0,0.0,0.0
tuna-baran-demir,2026-02-15 17:00:00+00:00,0.0,0.0,0.0
tuna-baran-demir,2026-02-22 17:00:00+00:00,0.0,0.0,0.0
tuna-baran-demir,2026-02-28 13:00:00+00:00,0.0,0.0,0.0
tuna-baran-demir,2026-03-07 17:00:00+00:00,0.0,0.0,0.0
tuna-baran-demir,2026-03-15 17:00:00+00:00,0.0,0.0,0.0
tuna-baran-demir,2026-03-19 17:00:00+00:00,0.0,0.0,0.0
tuna-baran-demir,2026-04-05 17:00:00+00:00,0.0,0.0,0.0
tuna-baran-demir,2026-04-10 17:00:00+00:00,0.0,0.0,0.0
tuna-baran-demir,2026-04-19 14:00:00+00:00,0.0,0.0,0.0
tuna-baran-demir,2026-04-27 17:00:00+00:00,0.0,0.0,0.0
tuna-baran-demir,2026-05-01 17:00:00+00:00,0.0,0.0,0.0
tuna-baran-demir,2026-05-09 17:00:00+00:00,0.0,0.0,0.0
tuur-rommens,2026-02-11 20:00:00+00:00,0.0,51.8,32.693427380952386
tuur-rommens,2026-02-15 16:30:00+00:00,51.8,89.3,33.78007344877346
tuur-rommens,2026-02-22 15:00:00+00:00,89.3,33.5,39.84856295093796
tuur-rommens,2026-03-01 12:00:00+00:00,33.5,98.6,36.86730542929293
tuur-rommens,2026-03-15 12:00:00+00:00,98.6,44.1,39.69046401515151
tuur-rommens,2026-03-21 17:45:00+00:00,44.1,0.0,44.39250798090799
tuur-rommens,2026-04-04 14:00:00+00:00,0.0,0.0,35.463491483516485
tuur-rommens,2026-04-12 11:00:00+00:00,0.0,0.0,45.37488580447329
tuur-rommens,2026-04-26 14:00:00+00:00,0.0,47.7,34.802467669830165
tuur-rommens,2026-05-04 16:30:00+00:00,47.7,55.0,35.9776689213564
tuur-rommens,2026-05-10 11:00:00+00:00,55.0,40.1,41.241231295093804
tuur-rommens,2026-05-13 19:00:00+00:00,40.1,74.7,39.39533786075038
ugurcan-cakir,2026-02-13 17:00:00+00:00,43.0,33.2,63.037355772005796
ugurcan-cakir,2026-02-17 17:45:00+00:00,33.2,28.7,53.42847121212123
ugurcan-cakir,2026-02-21 17:00:00+00:00,28.7,50.3,54.19627099567105
ugurcan-cakir,2026-02-25 20:00:00+00:00,50.3,45.5,54.18744253246749
ugurcan-cakir,2026-02-28 17:00:00+00:00,45.5,84.2,52.24683879870128
ugurcan-cakir,2026-03-07 17:00:00+00:00,84.2,86.8,26.181256619075366
ugurcan-cakir,2026-03-10 17:45:00+00:00,86.8,78.2,42.44630889249639
ugurcan-cakir,2026-03-14 17:00:00+00:00,78.2,81.9,55.55734494949492
ugurcan-cakir,2026-03-18 20:00:00+00:00,81.9,60.0,44.26560038017537
ugurcan-cakir,2026-03-26 17:00:00+00:00,60.0,65.2,48.31379924103673
ugurcan-cakir,2026-03-31 18:45:00+00:00,65.2,36.2,39.28650274031522
ugurcan-cakir,2026-04-04 17:00:00+00:00,36.2,56.6,47.28494976412478
ugurcan-cakir,2026-04-08 17:00:00+00:00,56.6,43.5,49.415006680819154
ugurcan-cakir,2026-04-12 17:00:00+00:00,43.5,29.8,58.99650492424245
ugurcan-cakir,2026-04-18 17:00:00+00:00,29.8,63.8,55.383393174880695
ugurcan-cakir,2026-04-26 17:00:00+00:00,63.8,0.0,47.115541341991346
ugurcan-cakir,2026-05-02 17:00:00+00:00,0.0,30.6,51.6344012085137
ugurcan-cakir,2026-05-09 17:00:00+00:00,30.6,0.0,50.01984215367965
vaclav-cerny,2026-02-08 17:00:00+00:00,40.6,44.0,46.88415252664003
vaclav-cerny,2026-02-15 17:00:00+00:00,44.0,68.8,51.40555912698414
vaclav-cerny,2026-02-22 17:00:00+00:00,68.8,60.0,43.83520617160616
vaclav-cerny,2026-02-28 13:00:00+00:00,60.0,45.7,53.25376789183038
vaclav-cerny,2026-03-07 17:00:00+00:00,45.7,48.1,64.47136943889444
vaclav-cerny,2026-03-15 17:00:00+00:00,48.1,42.1,51.15093616522365
vaclav-cerny,2026-03-19 17:00:00+00:00,42.1,31.5,37.400344810744784
vaclav-cerny,2026-04-05 17:00:00+00:00,31.5,36.1,53.884516268453744
vaclav-cerny,2026-04-10 17:00:00+00:00,36.1,40.8,59.3706753968254
vaclav-cerny,2026-04-19 14:00:00+00:00,40.8,42.2,48.68871960678209
vaclav-cerny,2026-04-27 17:00:00+00:00,42.2,32.4,45.45464071067825
vaclav-cerny,2026-05-01 17:00:00+00:00,32.4,55.7,45.750302579365126
vaclav-cerny,2026-05-09 17:00:00+00:00,55.7,74.7,53.539194233544265
valentin-sulzbacher,2026-02-15 13:30:00+00:00,0.0,0.0,3.9429649228631773
valentin-sulzbacher,2026-02-22 16:00:00+00:00,0.0,0.0,3.9429649228631773
valentin-sulzbacher,2026-03-01 16:00:00+00:00,0.0,0.0,2.1120442607226004
valentin-sulzbacher,2026-03-08 16:00:00+00:00,0.0,0.0,2.1120442607226004
valentin-sulzbacher,2026-03-15 13:30:00+00:00,0.0,0.0,2.1120442607226004
valentin-sulzbacher,2026-03-20 18:30:00+00:00,0.0,0.0,2.1120442607226004
valentin-sulzbacher,2026-04-05 12:30:00+00:00,0.0,0.0,2.1120442607226004
valentin-sulzbacher,2026-04-10 17:30:00+00:00,0.0,0.0,2.1120442607226004
valentin-sulzbacher,2026-04-19 12:30:00+00:00,0.0,0.0,2.1120442607226004
valentin-sulzbacher,2026-04-22 16:30:00+00:00,0.0,0.0,2.1120442607226004
valentin-sulzbacher,2026-04-26 12:30:00+00:00,0.0,0.0,2.1120442607226004
valentin-sulzbacher,2026-05-03 15:00:00+00:00,0.0,0.0,2.1120442607226004
valentin-sulzbacher,2026-05-10 15:00:00+00:00,0.0,0.0,1.8233376707957794
valentin-zabransky,2026-02-15 13:30:00+00:00,0.0,0.0,0.0
valentin-zabransky,2026-02-22 16:00:00+00:00,0.0,0.0,0.0
valentin-zabransky,2026-03-01 16:00:00+00:00,0.0,0.0,0.0
valentin-zabransky,2026-03-08 16:00:00+00:00,0.0,0.0,0.0
valentin-zabransky,2026-03-15 13:30:00+00:00,0.0,0.0,0.0
valentin-zabransky,2026-03-20 18:30:00+00:00,0.0,0.0,0.0
valentin-zabransky,2026-04-05 12:30:00+00:00,0.0,0.0,0.0
valentin-zabransky,2026-04-10 17:30:00+00:00,0.0,0.0,0.0
valentin-zabransky,2026-04-19 12:30:00+00:00,0.0,0.0,0.0
valentin-zabransky,2026-04-22 16:30:00+00:00,0.0,0.0,0.0
valentin-zabransky,2026-04-26 12:30:00+00:00,0.0,0.0,0.0
valentin-zabransky,2026-05-03 15:00:00+00:00,0.0,0.0,0.0
valentin-zabransky,2026-05-10 15:00:00+00:00,0.0,0.0,0.0
victor-gomez-perea,2026-02-08 18:00:00+00:00,67.3,60.0,39.36985241702743
victor-gomez-perea,2026-02-14 20:30:00+00:00,60.0,26.7,40.056902103452096
victor-gomez-perea,2026-02-21 20:30:00+00:00,26.7,68.6,41.92823085664337
victor-gomez-perea,2026-02-28 18:00:00+00:00,68.6,39.4,47.20075097402598
victor-gomez-perea,2026-03-07 18:00:00+00:00,39.4,0.0,43.735328354978336
victor-gomez-perea,2026-03-12 20:00:00+00:00,0.0,42.9,49.83448775252525
victor-gomez-perea,2026-03-18 15:30:00+00:00,42.9,37.0,37.02248437950937
victor-gomez-perea,2026-03-22 20:30:00+00:00,37.0,64.1,33.964973572261094
victor-gomez-perea,2026-04-04 17:00:00+00:00,64.1,49.7,38.11353212481964
victor-gomez-perea,2026-04-08 16:45:00+00:00,49.7,57.1,38.18345506576758
victor-gomez-perea,2026-04-12 17:00:00+00:00,57.1,60.0,44.126185173160145
victor-gomez-perea,2026-04-16 19:00:00+00:00,60.0,64.4,42.966999585137074
victor-gomez-perea,2026-04-19 19:30:00+00:00,64.4,52.5,58.49976636002888
victor-gomez-perea,2026-04-23 18:00:00+00:00,52.5,0.0,52.271749007936485
victor-gomez-perea,2026-04-26 17:00:00+00:00,0.0,84.2,51.4350482087357
victor-gomez-perea,2026-04-30 19:00:00+00:00,84.2,0.0,48.37348739177486
victor-gomez-perea,2026-05-03 17:00:00+00:00,0.0,63.0,53.75699097014094
victor-gomez-perea,2026-05-07 19:00:00+00:00,63.0,60.0,39.17471274420023
victor-gomez-perea,2026-05-11 19:15:00+00:00,60.0,28.0,35.21706154401154
victor-james-osimhen,2026-02-13 17:00:00+00:00,76.5,42.3,41.631283548396034
victor-james-osimhen,2026-02-17 17:45:00+00:00,42.3,0.0,29.041273156010657
victor-james-osimhen,2026-02-21 17:00:00+00:00,0.0,72.4,42.399246769896756
victor-james-osimhen,2026-02-25 20:00:00+00:00,72.4,80.6,52.37564093267845
victor-james-osimhen,2026-02-28 17:00:00+00:00,80.6,60.0,52.95611547619047
victor-james-osimhen,2026-03-07 17:00:00+00:00,60.0,64.3,63.673774206349215
victor-james-osimhen,2026-03-10 17:45:00+00:00,64.3,67.8,52.46284442779444
victor-james-osimhen,2026-03-14 17:00:00+00:00,67.8,35.7,47.546081851481865
victor-james-osimhen,2026-03-18 20:00:00+00:00,35.7,0.0,42.39447432844931
victor-james-osimhen,2026-04-04 17:00:00+00:00,0.0,0.0,46.29251962898212
victor-james-osimhen,2026-04-08 17:00:00+00:00,0.0,0.0,47.66742552308802
victor-james-osimhen,2026-04-12 17:00:00+00:00,0.0,0.0,54.8659411061161
victor-james-osimhen,2026-04-18 17:00:00+00:00,0.0,60.0,51.621955934343404
victor-james-osimhen,2026-04-26 17:00:00+00:00,60.0,60.0,36.35254544760795
victor-james-osimhen,2026-05-02 17:00:00+00:00,60.0,70.0,45.27414418498168
victor-james-osimhen,2026-05-09 17:00:00+00:00,70.0,0.0,59.36734453463201
victor-mow-froholdt,2026-02-09 20:45:00+00:00,35.0,43.5,56.541766991341994
victor-mow-froholdt,2026-02-15 15:30:00+00:00,43.5,67.9,44.34303647186148
victor-mow-froholdt,2026-02-22 20:30:00+00:00,67.9,62.6,39.59047064393939
victor-mow-froholdt,2026-02-27 18:45:00+00:00,62.6,68.1,44.65090422771672
victor-mow-froholdt,2026-03-08 18:00:00+00:00,68.1,37.8,44.701109645909646
victor-mow-froholdt,2026-03-12 17:45:00+00:00,37.8,90.5,51.14890685425687
victor-mow-froholdt,2026-03-15 20:30:00+00:00,90.5,67.5,55.612644538794555
victor-mow-froholdt,2026-03-19 20:00:00+00:00,67.5,41.9,50.947358344433326
victor-mow-froholdt,2026-03-22 20:30:00+00:00,41.9,70.2,46.52085219363968
victor-mow-froholdt,2026-03-26 19:45:00+00:00,70.2,38.6,54.543919491619505
victor-mow-froholdt,2026-03-31 18:45:00+00:00,38.6,30.6,58.48179954212456
victor-mow-froholdt,2026-04-04 19:30:00+00:00,30.6,38.2,51.45760013736267
victor-mow-froholdt,2026-04-09 19:00:00+00:00,38.2,88.6,48.7862974206349
victor-mow-froholdt,2026-04-12 19:30:00+00:00,88.6,39.7,46.579236291486325
victor-mow-froholdt,2026-04-16 19:00:00+00:00,39.7,68.9,38.469263861832616
victor-mow-froholdt,2026-04-19 19:30:00+00:00,68.9,39.1,47.82256096819846
victor-mow-froholdt,2026-04-26 17:00:00+00:00,39.1,42.3,48.24756066017316
victor-mow-froholdt,2026-05-02 19:30:00+00:00,42.3,32.5,47.54534970168721
victor-mow-froholdt,2026-05-10 17:00:00+00:00,32.5,41.8,40.52196674297926
viljani-sinisalo,2026-02-11 19:45:00+00:00,0.0,0.0,6.163490764790762
viljani-sinisalo,2026-02-15 14:00:00+00:00,0.0,0.0,6.163490764790762
viljani-sinisalo,2026-02-19 20:00:00+00:00,0.0,0.0,6.163490764790762
viljani-sinisalo,2026-02-22 15:00:00+00:00,0.0,100.0,6.163490764790762
viljani-sinisalo,2026-02-26 17:45:00+00:00,100.0,36.3,6.163490764790762
viljani-sinisalo,2026-03-01 12:00:00+00:00,36.3,32.5,14.100263308913311
viljani-sinisalo,2026-03-04 20:00:00+00:00,32.5,40.1,28.607367063492077
viljani-sinisalo,2026-03-14 15:00:00+00:00,40.1,44.4,30.552598701298702
viljani-sinisalo,2026-03-22 12:30:00+00:00,44.4,69.0,22.42105773809523
viljani-sinisalo,2026-03-27 06:15:00+00:00,69.0,0.0,20.03177182539683
viljani-sinisalo,2026-03-30 03:00:00+00:00,0.0,37.6,12.97064543650793
viljani-sinisalo,2026-04-05 15:30:00+00:00,37.6,69.5,21.54221554834055
viljani-sinisalo,2026-04-11 14:00:00+00:00,69.5,34.9,15.434331259018752
viljani-sinisalo,2026-04-25 16:30:00+00:00,34.9,38.0,16.4003751984127
viljani-sinisalo,2026-05-03 11:00:00+00:00,38.0,38.2,23.735295428182923
viljani-sinisalo,2026-05-10 11:00:00+00:00,38.2,18.0,13.012139087301586
viljani-sinisalo,2026-05-13 19:00:00+00:00,18.0,41.7,22.312944354256857
vitor-carvalho-vieira,2026-02-08 18:00:00+00:00,0.0,0.0,38.141935804473285
vitor-carvalho-vieira,2026-02-14 20:30:00+00:00,0.0,0.0,25.612655555555566
vitor-carvalho-vieira,2026-02-21 20:30:00+00:00,0.0,0.0,20.062620185370182
vitor-carvalho-vieira,2026-02-28 18:00:00+00:00,0.0,0.0,15.487456547619047
vitor-carvalho-vieira,2026-03-07 18:00:00+00:00,0.0,0.0,14.400448033910529
vitor-carvalho-vieira,2026-03-12 20:00:00+00:00,0.0,0.0,14.400448033910529
vitor-carvalho-vieira,2026-03-18 15:30:00+00:00,0.0,0.0,11.10973414502164
vitor-carvalho-vieira,2026-03-22 20:30:00+00:00,0.0,0.0,12.788377200577196
vitor-carvalho-vieira,2026-04-04 17:00:00+00:00,0.0,0.0,9.962990494227997
vitor-carvalho-vieira,2026-04-08 16:45:00+00:00,0.0,47.6,22.210677020202006
vitor-carvalho-vieira,2026-04-12 17:00:00+00:00,47.6,64.6,19.913634613997107
vitor-carvalho-vieira,2026-04-16 19:00:00+00:00,64.6,67.9,28.617272005771998
vitor-carvalho-vieira,2026-04-19 19:30:00+00:00,67.9,0.0,30.685206006493512
vitor-carvalho-vieira,2026-04-23 18:00:00+00:00,0.0,59.1,26.920756601731604
vitor-carvalho-vieira,2026-04-26 17:00:00+00:00,59.1,45.1,29.33112072510822
vitor-carvalho-vieira,2026-04-30 19:00:00+00:00,45.1,23.8,39.78218205266956
vitor-carvalho-vieira,2026-05-03 17:00:00+00:00,23.8,45.6,41.113939639527146
vitor-carvalho-vieira,2026-05-07 19:00:00+00:00,45.6,8.7,26.299073502886
vitor-carvalho-vieira,2026-05-11 19:15:00+00:00,8.7,0.0,34.317331204906196
wagner-fabricio-cardoso-pina,2026-02-14 17:00:00+00:00,28.5,30.6,34.400804571817076
wagner-fabricio-cardoso-pina,2026-02-22 13:00:00+00:00,30.6,36.5,33.17273603896104
wagner-fabricio-cardoso-pina,2026-02-27 17:00:00+00:00,36.5,79.2,38.62157456709957
wagner-fabricio-cardoso-pina,2026-03-09 17:00:00+00:00,79.2,40.1,59.57235910200913
wagner-fabricio-cardoso-pina,2026-03-14 17:00:00+00:00,40.1,21.2,32.94408434065937
wagner-fabricio-cardoso-pina,2026-03-18 17:00:00+00:00,21.2,32.1,39.70235257936509
wagner-fabricio-cardoso-pina,2026-03-27 03:00:00+00:00,32.1,26.3,37.70603221500722
wagner-fabricio-cardoso-pina,2026-03-30 03:00:00+00:00,26.3,80.5,40.70892741702743
wagner-fabricio-cardoso-pina,2026-04-04 17:00:00+00:00,80.5,69.8,39.670953553391065
wagner-fabricio-cardoso-pina,2026-04-11 14:00:00+00:00,69.8,32.2,30.591831547619066
wagner-fabricio-cardoso-pina,2026-04-19 17:00:00+00:00,32.2,74.1,30.366985982073494
wagner-fabricio-cardoso-pina,2026-04-27 17:00:00+00:00,74.1,28.6,41.80273416305915
wagner-fabricio-cardoso-pina,2026-05-02 17:00:00+00:00,28.6,0.0,36.16493698662447
wagner-fabricio-cardoso-pina,2026-05-09 17:00:00+00:00,0.0,72.6,34.26154645632144
wilfried-stephane-singo,2026-02-13 17:00:00+00:00,42.0,38.4,21.713086976911967
wilfried-stephane-singo,2026-02-17 17:45:00+00:00,38.4,43.3,40.43390896464646
wilfried-stephane-singo,2026-02-21 17:00:00+00:00,43.3,61.9,31.061670580808087
wilfried-stephane-singo,2026-02-25 20:00:00+00:00,61.9,39.5,34.40636408730159
wilfried-stephane-singo,2026-02-28 17:00:00+00:00,39.5,28.8,51.99786909340663
wilfried-stephane-singo,2026-03-07 17:00:00+00:00,28.8,56.7,53.15996366411368
wilfried-stephane-singo,2026-03-10 17:45:00+00:00,56.7,100.0,48.4242415861916
wilfried-stephane-singo,2026-03-14 17:00:00+00:00,100.0,33.8,46.34867880452882
wilfried-stephane-singo,2026-03-18 20:00:00+00:00,33.8,67.7,30.31928022671772
wilfried-stephane-singo,2026-03-28 14:00:00+00:00,67.7,0.0,40.46823575036074
wilfried-stephane-singo,2026-03-30 18:45:00+00:00,0.0,66.0,29.44568321678321
wilfried-stephane-singo,2026-03-31 18:30:00+00:00,66.0,73.7,35.3464886100011
wilfried-stephane-singo,2026-04-04 17:00:00+00:00,73.7,44.4,42.825019570707056
wilfried-stephane-singo,2026-04-08 17:00:00+00:00,44.4,35.2,40.00753449328451
wilfried-stephane-singo,2026-04-12 17:00:00+00:00,35.2,0.0,51.425070652958176
wilfried-stephane-singo,2026-04-18 17:00:00+00:00,0.0,40.1,40.87804546703296
wilfried-stephane-singo,2026-04-26 17:00:00+00:00,40.1,28.8,38.51635146103897
wilfried-stephane-singo,2026-05-02 17:00:00+00:00,28.8,0.0,39.352655483405485
wilfried-stephane-singo,2026-05-09 17:00:00+00:00,0.0,52.3,27.194533008658016
william-gomes-carvalho-santos,2026-02-09 20:45:00+00:00,0.0,37.0,33.76228415612166
william-gomes-carvalho-santos,2026-02-15 15:30:00+00:00,37.0,45.6,33.42602383172383
william-gomes-carvalho-santos,2026-02-22 20:30:00+00:00,45.6,78.7,32.68830476606727
william-gomes-carvalho-santos,2026-02-27 18:45:00+00:00,78.7,30.4,30.47125084776336
william-gomes-carvalho-santos,2026-03-08 18:00:00+00:00,30.4,39.3,29.806131583694096
william-gomes-carvalho-santos,2026-03-12 17:45:00+00:00,39.3,62.4,34.74482211399711
william-gomes-carvalho-santos,2026-03-15 20:30:00+00:00,62.4,68.2,37.51310564574315
william-gomes-carvalho-santos,2026-03-19 20:00:00+00:00,68.2,65.2,35.2586567918193
william-gomes-carvalho-santos,2026-03-22 20:30:00+00:00,65.2,36.0,30.367717568542574
william-gomes-carvalho-santos,2026-04-04 19:30:00+00:00,36.0,73.1,30.475877849927855
william-gomes-carvalho-santos,2026-04-09 19:00:00+00:00,73.1,0.0,29.100892207792228
william-gomes-carvalho-santos,2026-04-12 19:30:00+00:00,0.0,19.7,33.16411542207793
william-gomes-carvalho-santos,2026-04-16 19:00:00+00:00,19.7,42.1,23.901612987012996
william-gomes-carvalho-santos,2026-04-19 19:30:00+00:00,42.1,34.0,30.14022555222553
william-gomes-carvalho-santos,2026-04-26 17:00:00+00:00,34.0,0.0,28.80230263347763
william-gomes-carvalho-santos,2026-05-02 19:30:00+00:00,0.0,38.8,30.844357251082258
william-gomes-carvalho-santos,2026-05-10 17:00:00+00:00,38.8,55.2,28.966272238872225
yakuphan-sarialioglu,2026-02-14 17:00:00+00:00,0.0,0.0,0.0
yakuphan-sarialioglu,2026-02-22 13:00:00+00:00,0.0,0.0,0.0
yakuphan-sarialioglu,2026-02-27 17:00:00+00:00,0.0,0.0,0.0
yakuphan-sarialioglu,2026-03-09 17:00:00+00:00,0.0,0.0,0.0
yakuphan-sarialioglu,2026-03-14 17:00:00+00:00,0.0,0.0,0.0
yakuphan-sarialioglu,2026-03-18 17:00:00+00:00,0.0,0.0,0.0
yakuphan-sarialioglu,2026-04-04 17:00:00+00:00,0.0,0.0,0.0
yakuphan-sarialioglu,2026-04-11 14:00:00+00:00,0.0,0.0,0.0
yakuphan-sarialioglu,2026-04-19 17:00:00+00:00,0.0,0.0,0.0
yakuphan-sarialioglu,2026-04-27 17:00:00+00:00,0.0,0.0,0.0
yakuphan-sarialioglu,2026-05-02 17:00:00+00:00,0.0,0.0,0.0
yakuphan-sarialioglu,2026-05-09 17:00:00+00:00,0.0,0.0,0.0
yanis-franklin-da-rocha,2026-02-08 18:00:00+00:00,35.1,0.0,19.276603655426097
yanis-franklin-da-rocha,2026-02-14 20:30:00+00:00,0.0,0.0,12.747596272599953
yanis-franklin-da-rocha,2026-02-21 20:30:00+00:00,0.0,0.0,12.747596272599953
yanis-franklin-da-rocha,2026-02-28 18:00:00+00:00,0.0,0.0,12.747596272599953
yanis-franklin-da-rocha,2026-03-07 18:00:00+00:00,0.0,0.0,12.747596272599953
yanis-franklin-da-rocha,2026-03-12 20:00:00+00:00,0.0,0.0,12.747596272599953
yanis-franklin-da-rocha,2026-03-18 15:30:00+00:00,0.0,0.0,10.814282298841508
yanis-franklin-da-rocha,2026-03-22 20:30:00+00:00,0.0,0.0,10.814282298841508
yanis-franklin-da-rocha,2026-04-04 17:00:00+00:00,0.0,0.0,10.814282298841508
yanis-franklin-da-rocha,2026-04-08 16:45:00+00:00,0.0,35.0,10.814282298841508
yanis-franklin-da-rocha,2026-04-12 17:00:00+00:00,35.0,0.0,10.814282298841508
yanis-franklin-da-rocha,2026-04-16 19:00:00+00:00,0.0,0.0,10.190662842712841
yanis-franklin-da-rocha,2026-04-19 19:30:00+00:00,0.0,0.0,10.190662842712841
yanis-franklin-da-rocha,2026-04-23 18:00:00+00:00,0.0,27.3,10.190662842712841
yanis-franklin-da-rocha,2026-04-26 17:00:00+00:00,27.3,0.0,10.190662842712841
yanis-franklin-da-rocha,2026-04-30 19:00:00+00:00,0.0,0.0,1.4457656746031744
yanis-franklin-da-rocha,2026-05-03 17:00:00+00:00,0.0,0.0,14.195544985569986
yanis-franklin-da-rocha,2026-05-07 19:00:00+00:00,0.0,0.0,14.195544985569986
yanis-franklin-da-rocha,2026-05-11 19:15:00+00:00,0.0,0.0,14.195544985569986
yann-karamoh,2026-02-09 20:45:00+00:00,0.0,0.0,8.487536669599756
yann-karamoh,2026-02-15 15:30:00+00:00,0.0,0.0,8.487536669599756
yann-karamoh,2026-02-22 20:30:00+00:00,0.0,0.0,8.487536669599756
yann-karamoh,2026-02-27 18:45:00+00:00,0.0,0.0,8.487536669599756
yann-karamoh,2026-03-08 18:00:00+00:00,0.0,0.0,8.487536669599756
yann-karamoh,2026-03-12 17:45:00+00:00,0.0,0.0,8.487536669599756
yann-karamoh,2026-03-15 20:30:00+00:00,0.0,0.0,8.487536669599756
yann-karamoh,2026-03-19 20:00:00+00:00,0.0,0.0,8.487536669599756
yann-karamoh,2026-03-22 20:30:00+00:00,0.0,0.0,8.487536669599756
yann-karamoh,2026-04-04 19:30:00+00:00,0.0,0.0,8.487536669599756
yann-karamoh,2026-04-09 19:00:00+00:00,0.0,0.0,8.487536669599756
yann-karamoh,2026-04-12 19:30:00+00:00,0.0,0.0,8.487536669599756
yann-karamoh,2026-04-16 19:00:00+00:00,0.0,0.0,8.487536669599756
yann-karamoh,2026-04-19 19:30:00+00:00,0.0,0.0,8.487536669599756
yann-karamoh,2026-04-26 17:00:00+00:00,0.0,0.0,8.487536669599756
yann-karamoh,2026-05-02 19:30:00+00:00,0.0,0.0,8.487536669599756
yann-karamoh,2026-05-10 17:00:00+00:00,0.0,0.0,8.487536669599756
yaser-esneider-asprilla-martinez,2026-02-13 17:00:00+00:00,25.2,0.0,16.84691888528139
yaser-esneider-asprilla-martinez,2026-02-17 17:45:00+00:00,0.0,32.3,27.24603115079366
yaser-esneider-asprilla-martinez,2026-02-21 17:00:00+00:00,32.3,0.0,38.14334520202021
yaser-esneider-asprilla-martinez,2026-02-25 20:00:00+00:00,0.0,39.1,21.684297566322567
yaser-esneider-asprilla-martinez,2026-02-28 17:00:00+00:00,39.1,0.0,34.11519532828284
yaser-esneider-asprilla-martinez,2026-03-07 17:00:00+00:00,0.0,0.0,34.65239265873017
yaser-esneider-asprilla-martinez,2026-03-10 17:45:00+00:00,0.0,0.0,24.78217716450215
yaser-esneider-asprilla-martinez,2026-03-14 17:00:00+00:00,0.0,0.0,24.66005494227993
yaser-esneider-asprilla-martinez,2026-03-18 20:00:00+00:00,0.0,37.5,24.80600898268397
yaser-esneider-asprilla-martinez,2026-04-04 17:00:00+00:00,37.5,38.8,25.018423748473737
yaser-esneider-asprilla-martinez,2026-04-08 17:00:00+00:00,38.8,0.0,23.05702519841269
yaser-esneider-asprilla-martinez,2026-04-12 17:00:00+00:00,0.0,0.0,31.15435454545452
yaser-esneider-asprilla-martinez,2026-04-18 17:00:00+00:00,0.0,0.0,26.361760064935055
yaser-esneider-asprilla-martinez,2026-04-26 17:00:00+00:00,0.0,0.0,26.361760064935055
yaser-esneider-asprilla-martinez,2026-05-02 17:00:00+00:00,0.0,0.0,32.547758387445874
yaser-esneider-asprilla-martinez,2026-05-09 17:00:00+00:00,0.0,0.0,23.07980515873015
yasin-ozcan,2026-02-08 17:00:00+00:00,0.0,0.0,25.13932153679653
yasin-ozcan,2026-02-15 17:00:00+00:00,0.0,0.0,29.592349819624815
yasin-ozcan,2026-02-22 17:00:00+00:00,0.0,0.0,29.592349819624815
yasin-ozcan,2026-02-28 13:00:00+00:00,0.0,0.0,12.922456854256858
yasin-ozcan,2026-03-07 17:00:00+00:00,0.0,0.0,1.5272950396825395
yasin-ozcan,2026-03-15 17:00:00+00:00,0.0,0.0,1.5272950396825395
yasin-ozcan,2026-03-19 17:00:00+00:00,0.0,0.0,1.5272950396825395
yasin-ozcan,2026-04-05 17:00:00+00:00,0.0,0.0,1.5272950396825395
yasin-ozcan,2026-04-10 17:00:00+00:00,0.0,0.0,1.5272950396825395
yasin-ozcan,2026-04-19 14:00:00+00:00,0.0,0.0,1.5272950396825395
yasin-ozcan,2026-04-27 17:00:00+00:00,0.0,45.4,1.6298452380952375
yasin-ozcan,2026-05-01 17:00:00+00:00,45.4,0.0,1.6402398809523808
yasin-ozcan,2026-05-09 17:00:00+00:00,0.0,46.9,10.481267370129874
yigit-efe-demir,2026-02-09 17:00:00+00:00,28.7,34.7,33.006748157398164
yigit-efe-demir,2026-02-14 17:00:00+00:00,34.7,0.0,30.48973199855699
yigit-efe-demir,2026-02-19 17:45:00+00:00,0.0,58.1,33.988131259018765
yigit-efe-demir,2026-02-23 17:00:00+00:00,58.1,41.4,25.72187931929182
yigit-efe-demir,2026-02-26 20:00:00+00:00,41.4,36.0,21.485268326118334
yigit-efe-demir,2026-03-01 17:00:00+00:00,36.0,47.2,17.463078495115997
yigit-efe-demir,2026-03-08 17:00:00+00:00,47.2,87.6,22.533316937229436
yigit-efe-demir,2026-03-13 17:00:00+00:00,87.6,68.2,28.30763095238095
yigit-efe-demir,2026-03-17 17:00:00+00:00,68.2,0.0,36.53951498362749
yigit-efe-demir,2026-04-05 17:00:00+00:00,0.0,0.0,32.700547545510034
yigit-efe-demir,2026-04-11 17:00:00+00:00,0.0,0.0,17.30165124458874
yigit-efe-demir,2026-04-17 17:00:00+00:00,0.0,0.0,37.73225697219448
yigit-efe-demir,2026-04-26 17:00:00+00:00,0.0,0.0,23.281416341991335
yigit-efe-demir,2026-05-02 17:00:00+00:00,0.0,82.9,18.476775366300362
yigit-efe-demir,2026-05-09 17:00:00+00:00,82.9,47.9,1.0834182539682538
yigithan-cubukcu,2026-05-09 17:00:00+00:00,0.0,32.6,0.1592828282828283
yorbe-vertessen,2026-02-15 13:30:00+00:00,0.0,0.0,31.209901857864367
yorbe-vertessen,2026-02-22 16:00:00+00:00,0.0,0.0,43.274377908202915
yorbe-vertessen,2026-03-01 16:00:00+00:00,0.0,37.9,41.23804098540349
yorbe-vertessen,2026-03-08 16:00:00+00:00,37.9,34.7,39.25770729131978
yorbe-vertessen,2026-03-15 13:30:00+00:00,34.7,71.3,44.76506141774892
yorbe-vertessen,2026-03-20 18:30:00+00:00,71.3,49.3,47.001825811688335
yorbe-vertessen,2026-04-05 12:30:00+00:00,49.3,33.5,42.95201317848818
yorbe-vertessen,2026-04-10 17:30:00+00:00,33.5,45.0,44.39134377705629
yorbe-vertessen,2026-04-19 12:30:00+00:00,45.0,73.8,42.88720317182819
yorbe-vertessen,2026-04-22 16:30:00+00:00,73.8,39.6,46.0584097763348
yorbe-vertessen,2026-04-26 12:30:00+00:00,39.6,64.9,41.671210830835804
yorbe-vertessen,2026-05-03 15:00:00+00:00,64.9,26.9,47.68938538822291
yorbe-vertessen,2026-05-10 15:00:00+00:00,26.9,35.7,43.022016747141734
youssef-ramalho-chermiti,2026-02-11 20:00:00+00:00,33.5,100.0,22.45811037157287
youssef-ramalho-chermiti,2026-02-15 16:30:00+00:00,100.0,27.8,27.04247909451659
youssef-ramalho-chermiti,2026-02-22 15:00:00+00:00,27.8,70.0,33.23141394300145
youssef-ramalho-chermiti,2026-03-01 12:00:00+00:00,70.0,30.7,25.96352970779221
youssef-ramalho-chermiti,2026-03-15 12:00:00+00:00,30.7,36.1,35.62925604950604
youssef-ramalho-chermiti,2026-03-21 17:45:00+00:00,36.1,61.2,31.221070328282813
youssef-ramalho-chermiti,2026-04-04 14:00:00+00:00,61.2,79.6,32.932217352092344
youssef-ramalho-chermiti,2026-04-12 11:00:00+00:00,79.6,73.8,30.452565295815294
youssef-ramalho-chermiti,2026-04-26 14:00:00+00:00,73.8,31.3,27.606552435064938
youssef-ramalho-chermiti,2026-05-04 16:30:00+00:00,31.3,31.7,27.143005695693194
youssef-ramalho-chermiti,2026-05-10 11:00:00+00:00,31.7,46.4,33.93160717893218
youssef-ramalho-chermiti,2026-05-13 19:00:00+00:00,46.4,100.0,32.37764408369408
yunus-akgun,2026-02-13 17:00:00+00:00,65.1,46.6,52.81276502525251
yunus-akgun,2026-02-17 17:45:00+00:00,46.6,41.1,54.20177135642135
yunus-akgun,2026-02-21 17:00:00+00:00,41.1,0.0,42.694910588023085
yunus-akgun,2026-02-25 20:00:00+00:00,0.0,0.0,38.39823060966811
yunus-akgun,2026-02-28 17:00:00+00:00,0.0,40.5,30.30009157786661
yunus-akgun,2026-03-07 17:00:00+00:00,40.5,37.5,49.11109308608061
yunus-akgun,2026-03-10 17:45:00+00:00,37.5,81.5,37.71480737734488
yunus-akgun,2026-03-14 17:00:00+00:00,81.5,30.1,38.253915422077924
yunus-akgun,2026-03-18 20:00:00+00:00,30.1,0.0,55.09084773698524
yunus-akgun,2026-03-26 17:00:00+00:00,0.0,0.0,39.51465974025973
yunus-akgun,2026-03-31 18:45:00+00:00,0.0,59.1,39.290713834776334
yunus-akgun,2026-04-04 17:00:00+00:00,59.1,0.0,52.74675891053392
yunus-akgun,2026-04-08 17:00:00+00:00,0.0,37.6,34.948406475469
yunus-akgun,2026-04-12 17:00:00+00:00,37.6,86.9,37.68966599511601
yunus-akgun,2026-04-18 17:00:00+00:00,86.9,65.7,49.80042876567876
yunus-akgun,2026-04-26 17:00:00+00:00,65.7,78.0,37.06650988455988
yunus-akgun,2026-05-02 17:00:00+00:00,78.0,52.6,56.689053120490655
yunus-akgun,2026-05-09 17:00:00+00:00,52.6,0.0,60.455617701742746
yusuf-daghan-kahraman,2026-02-13 17:00:00+00:00,0.0,0.0,0.0
yusuf-daghan-kahraman,2026-02-17 17:45:00+00:00,0.0,0.0,0.0
yusuf-daghan-kahraman,2026-02-21 17:00:00+00:00,0.0,0.0,0.0
yusuf-daghan-kahraman,2026-02-25 20:00:00+00:00,0.0,0.0,0.0
yusuf-daghan-kahraman,2026-02-28 17:00:00+00:00,0.0,0.0,0.0
yusuf-daghan-kahraman,2026-03-07 17:00:00+00:00,0.0,0.0,0.0
yusuf-daghan-kahraman,2026-03-10 17:45:00+00:00,0.0,0.0,0.0
yusuf-daghan-kahraman,2026-03-14 17:00:00+00:00,0.0,0.0,0.0
yusuf-daghan-kahraman,2026-03-18 20:00:00+00:00,0.0,0.0,0.0
yusuf-daghan-kahraman,2026-04-04 17:00:00+00:00,0.0,0.0,0.0
yusuf-daghan-kahraman,2026-04-08 17:00:00+00:00,0.0,0.0,0.0
yusuf-daghan-kahraman,2026-04-12 17:00:00+00:00,0.0,0.0,0.0
yusuf-daghan-kahraman,2026-04-18 17:00:00+00:00,0.0,0.0,0.0
yusuf-daghan-kahraman,2026-04-26 17:00:00+00:00,0.0,0.0,0.0
yusuf-daghan-kahraman,2026-05-02 17:00:00+00:00,0.0,0.0,0.0
yusuf-daghan-kahraman,2026-05-09 17:00:00+00:00,0.0,0.0,0.0
zaidu-sanusi,2026-02-09 20:45:00+00:00,0.0,56.0,23.48286527753404
zaidu-sanusi,2026-02-15 15:30:00+00:00,56.0,52.9,23.48286527753404
zaidu-sanusi,2026-02-22 20:30:00+00:00,52.9,60.5,12.785238149350642
zaidu-sanusi,2026-02-27 18:45:00+00:00,60.5,0.0,18.957152651515155
zaidu-sanusi,2026-03-08 18:00:00+00:00,0.0,66.0,28.119838174325665
zaidu-sanusi,2026-03-12 17:45:00+00:00,66.0,44.3,24.126262055999554
zaidu-sanusi,2026-03-15 20:30:00+00:00,44.3,22.1,45.62467196969698
zaidu-sanusi,2026-03-19 20:00:00+00:00,22.1,53.2,40.13004505772005
zaidu-sanusi,2026-03-22 20:30:00+00:00,53.2,0.0,23.678225598013103
zaidu-sanusi,2026-03-27 12:30:00+00:00,0.0,35.0,36.297476497114005
zaidu-sanusi,2026-03-31 17:30:00+00:00,35.0,31.9,36.297476497114005
zaidu-sanusi,2026-04-04 19:30:00+00:00,31.9,58.3,22.888305982905987
zaidu-sanusi,2026-04-09 19:00:00+00:00,58.3,78.1,17.189301388888893
zaidu-sanusi,2026-04-12 19:30:00+00:00,78.1,35.3,33.38983587246086
zaidu-sanusi,2026-04-16 19:00:00+00:00,35.3,51.0,24.851914281551757
zaidu-sanusi,2026-04-19 19:30:00+00:00,51.0,0.0,28.51981567460318
zaidu-sanusi,2026-04-26 17:00:00+00:00,0.0,42.7,28.60160721500722
zaidu-sanusi,2026-05-02 19:30:00+00:00,42.7,0.0,21.530490151515142
zaidu-sanusi,2026-05-10 17:00:00+00:00,0.0,0.0,25.140050627150618
zebedee-lawson,2026-02-11 20:00:00+00:00,0.0,0.0,0.3377330282812426
zebedee-lawson,2026-02-15 16:30:00+00:00,0.0,0.0,0.3377330282812426
zebedee-lawson,2026-02-22 15:00:00+00:00,0.0,0.0,0.3377330282812426
zebedee-lawson,2026-03-01 12:00:00+00:00,0.0,0.0,0.3377330282812426
zebedee-lawson,2026-03-15 12:00:00+00:00,0.0,0.0,0.3377330282812426
zebedee-lawson,2026-03-21 17:45:00+00:00,0.0,0.0,0.3377330282812426
zebedee-lawson,2026-04-04 14:00:00+00:00,0.0,0.0,0.3377330282812426
zebedee-lawson,2026-04-12 11:00:00+00:00,0.0,0.0,0.3377330282812426
zebedee-lawson,2026-04-26 14:00:00+00:00,0.0,0.0,0.3377330282812426
zebedee-lawson,2026-05-04 16:30:00+00:00,0.0,0.0,0.3377330282812426
zebedee-lawson,2026-05-10 11:00:00+00:00,0.0,0.0,0.3377330282812426
zebedee-lawson,2026-05-13 19:00:00+00:00,0.0,32.9,0.3377330282812426
zeno-debast,2026-02-09 20:45:00+00:00,0.0,0.0,13.120566991341992
zeno-debast,2026-02-15 20:30:00+00:00,0.0,0.0,15.262328262015753
zeno-debast,2026-02-21 18:00:00+00:00,0.0,0.0,15.262328262015753
zeno-debast,2026-02-27 20:45:00+00:00,0.0,0.0,26.56626204489955
zeno-debast,2026-03-07 18:00:00+00:00,0.0,0.0,26.56626204489955
zeno-debast,2026-03-11 20:00:00+00:00,0.0,40.5,26.56626204489955
zeno-debast,2026-03-17 17:45:00+00:00,40.5,27.4,26.56626204489955
zeno-debast,2026-03-22 18:00:00+00:00,27.4,77.6,39.155193452380956
zeno-debast,2026-03-28 19:30:00+00:00,77.6,36.8,25.943197294372304
zeno-debast,2026-04-01 01:00:00+00:00,36.8,37.9,39.719362680375184
zeno-debast,2026-04-03 19:30:00+00:00,37.9,0.0,24.40361253607503
zeno-debast,2026-04-07 19:00:00+00:00,0.0,51.4,29.958049084249087
zeno-debast,2026-04-11 19:30:00+00:00,51.4,0.0,29.75853166416916
zeno-debast,2026-04-15 19:00:00+00:00,0.0,68.6,30.44589727633478
zeno-debast,2026-04-19 17:15:00+00:00,68.6,85.0,32.60531957070705
zeno-debast,2026-04-26 19:30:00+00:00,85.0,42.7,46.73094590548342
zeno-debast,2026-04-29 19:15:00+00:00,42.7,38.4,37.79445003607504
zeno-debast,2026-05-04 19:15:00+00:00,38.4,0.0,49.921419444444425
zeno-debast,2026-05-11 19:15:00+00:00,0.0,0.0,50.60937961760462
